; Tektronix 2230 main system ROM - reconstructed NASM source
; Source file: 160-2998-14.bin, physical base 0x80000
; Assembling this file (nasm -f bin) MUST reproduce the
; original .bin byte-for-byte - see disasm/NOTES.md for how
; this was validated (disasm/validate_nasm.py).
;
; Instructions proven byte-exact by validate_nasm.py are
; written as real NASM source; everything else (alternate-
; encoding-only matches, unconverted instructions, and
; unreached bytes/data) is emitted as raw `db` so the
; rebuild is guaranteed to be byte-identical regardless of
; any x86 encoding-choice ambiguity.

BITS 16
ORG 0

    db 0x2b, 0xa3, 0x29, 0x98, 0x14, 0xeb, 0x02, 0x00, 0x21, 0x80  ; 0000
    db 0x43, 0x6f, 0x70, 0x79, 0x72, 0x69, 0x67, 0x68, 0x74, 0x20, 0x28, 0x43, 0x29, 0x20, 0x54, 0x65, 0x6b, 0x74, 0x72, 0x6f, 0x6e, 0x69, 0x78, 0x2c, 0x20, 0x49, 0x6e, 0x63, 0x2e, 0x2c, 0x20, 0x31, 0x39, 0x38, 0x35, 0x2c, 0x20, 0x38, 0x36, 0x2c, 0x20, 0x38, 0x37, 0x2c, 0x20, 0x78, 0x78, 0x2e, 0x20, 0x41, 0x6c, 0x6c, 0x20, 0x72, 0x69, 0x67, 0x68, 0x74, 0x73, 0x20, 0x72, 0x65, 0x73, 0x65, 0x72, 0x76, 0x65, 0x64  ; 000A: "Copyright (C) Tektronix, Inc., 1985, 86, 87, xx. All rights reserved"
    db 0x00, 0xff, 0xff, 0xff, 0xff, 0xff, 0xff, 0xff, 0xff, 0xff, 0xff, 0xff, 0xff, 0xff, 0xff, 0xff  ; 004E
    db 0xff, 0xff  ; 005E
set_comm_flow_hold:
    push bp                                  ; 0060: push bp
    db 0x8b, 0xec  ; 0061: mov bp, sp (not byte-exact via NASM - see NOTES.md)
    sub sp, 6                                ; 0063: sub sp, 6
    pushf                                    ; 0066: pushf 
    cli                                      ; 0067: cli 
    mov ax, word [bp + 6]                    ; 0068: mov ax, word ptr [bp + 6]
    cmp al, 0                                ; 006B: cmp al, 0
    jne short 0x007b                         ; 006D: jne 0x1b
    cmp byte [0x5a1], 0                      ; 006F: cmp byte ptr [0x5a1], 0
    je short 0x0095                          ; 0074: je 0x35
    mov bl, 0x13                             ; 0076: mov bl, 0x13
    jmp short 0x0086                         ; 0078: jmp 0x26
    db 0x90  ; 007A
L_8007B:
    cmp byte [0x5a1], 0                      ; 007B: cmp byte ptr [0x5a1], 0
    jne short 0x0095                         ; 0080: jne 0x35
    mov al, 0xff                             ; 0082: mov al, 0xff
    mov bl, 0x93                             ; 0084: mov bl, 0x93
L_80086:
    les di, [0x6d6]                          ; 0086: les di, ptr [0x6d6]
    mov byte [es:di + 3], bl                 ; 008A: mov byte ptr es:[di + 3], bl
    mov byte [0x5a2], al                     ; 008E: mov byte ptr [0x5a2], al
    mov byte [0x5a1], al                     ; 0091: mov byte ptr [0x5a1], al
    popf                                     ; 0094: popf 
L_80095:
    db 0x8b, 0xe5  ; 0095: mov sp, bp (not byte-exact via NASM - see NOTES.md)
    pop bp                                   ; 0097: pop bp
    retf 2                                   ; 0098: retf 2
set_comm_queue_busy:
    push bp                                  ; 009B: push bp
    db 0x8b, 0xec  ; 009C: mov bp, sp (not byte-exact via NASM - see NOTES.md)
    sub sp, 6                                ; 009E: sub sp, 6
    pushf                                    ; 00A1: pushf 
    cli                                      ; 00A2: cli 
    les di, [0x6e2]                          ; 00A3: les di, ptr [0x6e2]
    cmp word [bp + 6], 0                     ; 00A7: cmp word ptr [bp + 6], 0
    je short 0x00cf                          ; 00AB: je 0x6f
    mov byte [0x68e], 0xff                   ; 00AD: mov byte ptr [0x68e], 0xff
    mov word [es:di], 0                      ; 00B2: mov word ptr es:[di], 0
    mov byte [0x597], 0xff                   ; 00B7: mov byte ptr [0x597], 0xff
    mov byte [0x596], 0xff                   ; 00BC: mov byte ptr [0x596], 0xff
    mov al, byte [0x5a1]                     ; 00C1: mov al, byte ptr [0x5a1]
    shl ax, 1                                ; 00C4: shl ax, 1
    or ax, strict word 1                     ; 00C6: or ax, 1
    mov byte [0x5a1], al                     ; 00C9: mov byte ptr [0x5a1], al
    jmp short 0x00f5                         ; 00CC: jmp 0x95
    db 0x90  ; 00CE
L_800CF:
    mov al, byte [0x5a1]                     ; 00CF: mov al, byte ptr [0x5a1]
    shr al, 1                                ; 00D2: shr al, 1
    mov byte [0x5a1], al                     ; 00D4: mov byte ptr [0x5a1], al
    cmp al, 0                                ; 00D7: cmp al, 0
    jne short 0x00f5                         ; 00D9: jne 0x95
    mov byte [0x597], 0                      ; 00DB: mov byte ptr [0x597], 0
    mov byte [es:di], 1                      ; 00E0: mov byte ptr es:[di], 1
    cmp byte [0x45a], 0                      ; 00E4: cmp byte ptr [0x45a], 0
    jne short 0x00f5                         ; 00E9: jne 0x95
    mov byte [0x596], 0                      ; 00EB: mov byte ptr [0x596], 0
    mov byte [es:di + 1], 1                  ; 00F0: mov byte ptr es:[di + 1], 1
L_800F5:
    popf                                     ; 00F5: popf 
    db 0x8b, 0xe5  ; 00F6: mov sp, bp (not byte-exact via NASM - see NOTES.md)
    pop bp                                   ; 00F8: pop bp
    retf 2                                   ; 00F9: retf 2
update_comm_tx_ready_flag:
    push bp                                  ; 00FC: push bp
    db 0x8b, 0xec  ; 00FD: mov bp, sp (not byte-exact via NASM - see NOTES.md)
    sub sp, 6                                ; 00FF: sub sp, 6
    pushf                                    ; 0102: pushf 
    cli                                      ; 0103: cli 
    les di, [0x6e2]                          ; 0104: les di, ptr [0x6e2]
    cmp word [bp + 6], 0                     ; 0108: cmp word ptr [bp + 6], 0
    je short 0x011b                          ; 010C: je 0xbb
    mov byte [es:di + 1], 0                  ; 010E: mov byte ptr es:[di + 1], 0
    mov byte [0x596], 0xff                   ; 0113: mov byte ptr [0x596], 0xff
    jmp short 0x012c                         ; 0118: jmp 0xcc
    db 0x90  ; 011A
L_8011B:
    cmp byte [0x45a], 0                      ; 011B: cmp byte ptr [0x45a], 0
    jne short 0x012c                         ; 0120: jne 0xcc
    mov byte [0x596], 0                      ; 0122: mov byte ptr [0x596], 0
    mov byte [es:di + 1], 1                  ; 0127: mov byte ptr es:[di + 1], 1
L_8012C:
    popf                                     ; 012C: popf 
    db 0x8b, 0xe5  ; 012D: mov sp, bp (not byte-exact via NASM - see NOTES.md)
    pop bp                                   ; 012F: pop bp
    retf 2                                   ; 0130: retf 2
init_far_pointer_table:
    cld                                      ; 0133: cld 
    mov ax, 0x8013                           ; 0134: mov ax, 0x8013
    mov ds, ax                               ; 0137: mov ds, ax
    mov si, 0x22                             ; 0139: mov si, 0x22
    mov ax, word [si]                        ; 013C: mov ax, word ptr [si]
    mov es, ax                               ; 013E: mov es, ax
    add si, 2                                ; 0140: add si, 2
L_80143:
    mov di, word [si]                        ; 0143: mov di, word ptr [si]
    cmp di, -1                               ; 0145: cmp di, -1
    je short 0x0151                          ; 0148: je 0x21
    add si, 2                                ; 014A: add si, 2
    movsw                                    ; 014D: movsw word ptr es:[di], word ptr [si]
    movsw                                    ; 014E: movsw word ptr es:[di], word ptr [si]
    jmp short 0x0143                         ; 014F: jmp 0x13
L_80151:
    retf                                     ; 0151: retf 
    db 0xed, 0x8f, 0x06, 0x00, 0x00, 0x00, 0x6f, 0x40, 0x12, 0x00, 0x08, 0x00, 0x6f, 0x40, 0x0e, 0x00  ; 0152
    db 0x0c, 0x00, 0x6b, 0x40, 0x52, 0x00, 0x0c, 0x00, 0x0c, 0x90, 0x0a, 0x00, 0x0c, 0x00, 0x67, 0x40  ; 0162
    db 0x26, 0x00, 0x0c, 0x00, 0x9b, 0x90, 0x22, 0x00, 0x08, 0x00, 0xa5, 0x90, 0x46, 0x00, 0x04, 0x00  ; 0172
    db 0x0e, 0x90, 0x3e, 0x00, 0x00, 0x00, 0x20, 0x90, 0x42, 0x00, 0x04, 0x00, 0x0f, 0x90, 0x1a, 0x00  ; 0182
    db 0x0a, 0x00, 0xd4, 0x90, 0x32, 0x00, 0x0c, 0x00, 0xe0, 0x85, 0x1e, 0x00, 0x0c, 0x00, 0xd1, 0x90  ; 0192
    db 0x16, 0x00, 0x06, 0x00, 0xde, 0x90, 0x4e, 0x00, 0x00, 0x00, 0x0d, 0x90, 0x3a, 0x00, 0x02, 0x00  ; 01A2
    db 0x23, 0x90, 0x5a, 0x00, 0x00, 0x00, 0x06, 0x90, 0x36, 0x00, 0x0c, 0x00, 0x24, 0x90, 0x4a, 0x00  ; 01B2
    db 0x0e, 0x00, 0x0d, 0x90, 0x56, 0x00, 0x00, 0x00, 0x0c, 0x90, 0x2e, 0x00, 0x04, 0x00, 0x25, 0x90  ; 01C2
    db 0x2a, 0x00, 0x04, 0x00, 0x7c, 0x90, 0x5e, 0x00, 0x06, 0x00, 0x00, 0x90, 0x66, 0x00, 0x48, 0x05  ; 01D2
    db 0x41, 0x00, 0x62, 0x00, 0x64, 0x1b, 0x41, 0x00, 0x6a, 0x00, 0xe3, 0x03, 0x41, 0x00, 0x90, 0x00  ; 01E2
    db 0x65, 0x08, 0xd8, 0xf1, 0x72, 0x00, 0x0e, 0x00, 0x80, 0x8e, 0x6e, 0x00, 0x0a, 0x00, 0xff, 0x8e  ; 01F2
    db 0x7a, 0x00, 0x00, 0x00, 0x00, 0x88, 0x76, 0x00, 0x00, 0x00, 0x80, 0x8e, 0xff, 0xff, 0xcb, 0xff  ; 0202
    db 0x63, 0x6f, 0x6d, 0x6d, 0x5f, 0x72, 0x6f, 0x6d, 0x5f, 0x30, 0x20, 0x41, 0x32, 0x33, 0x20, 0x55, 0x31, 0x32, 0x34, 0x33, 0x20, 0x2f, 0x20, 0x41, 0x32, 0x34, 0x20, 0x55, 0x31, 0x33, 0x34, 0x33  ; 0212: "comm_rom_0 A23 U1243 / A24 U1343"
    db 0x00, 0x55, 0x8b, 0xec, 0x83, 0xec, 0x08, 0xbf, 0x41, 0x00, 0x57, 0x9a, 0x0e, 0x00, 0x70, 0x94  ; 0232
    db 0x89, 0x46, 0xf8, 0xc7, 0x06, 0x48, 0x05, 0xff, 0xff, 0xc6, 0x06, 0xf6, 0x1b, 0xff, 0x50, 0x9a  ; 0242
    db 0x0e, 0x00, 0x70, 0x94, 0x8b, 0xe5, 0x5d, 0xcb, 0x55, 0x8b, 0xec, 0x83, 0xec, 0x08, 0xbf, 0x41  ; 0252
    db 0x00, 0x57, 0x9a, 0x0e, 0x00, 0x70, 0x94, 0x89, 0x46, 0xf8, 0xc7, 0x06, 0x48, 0x05, 0xff, 0xff  ; 0262
    db 0xc6, 0x06, 0xf6, 0x1b, 0x00, 0x50, 0x9a, 0x0e, 0x00, 0x70, 0x94, 0x8b, 0xe5, 0x5d, 0xcb, 0x55  ; 0272
    db 0x8b, 0xec, 0x83, 0xec, 0x0e, 0xbf, 0x41, 0x00, 0x57, 0x9a, 0x0e, 0x00, 0x70, 0x94, 0x89, 0x46  ; 0282
    db 0xf8, 0xa0, 0xf6, 0x1b, 0x88, 0x46, 0xf7, 0xff, 0x76, 0xf8, 0x9a, 0x0e, 0x00, 0x70, 0x94, 0x80  ; 0292
    db 0x7e, 0xf7, 0x00, 0x74, 0x11, 0xc4, 0x3e, 0xf2, 0x06, 0x8d, 0x95, 0x41, 0x01, 0x89, 0x56, 0xf2  ; 02A2
    db 0x8c, 0x46, 0xf4, 0xe9, 0x0e, 0x00, 0xc4, 0x3e, 0xf2, 0x06, 0x8d, 0x95, 0x3d, 0x01, 0x89, 0x56  ; 02B2
    db 0xf2, 0x8c, 0x46, 0xf4, 0xc4, 0x5e, 0xf2, 0x8b, 0xe5, 0x5d, 0xcb, 0x55, 0x8b, 0xec, 0x83, 0xec  ; 02C2
    db 0x06, 0xa0, 0xfe, 0x05, 0xa2, 0x57, 0x05, 0x8b, 0xe5, 0x5d, 0xcb, 0x55, 0x8b, 0xec, 0x83, 0xec  ; 02D2
    db 0x06, 0xa0, 0xfe, 0x05, 0xa2, 0x58, 0x05, 0x80, 0x3e, 0x58, 0x05, 0x46, 0x75, 0x08, 0xc6, 0x06  ; 02E2
    db 0x58, 0x05, 0x42, 0xe9, 0x0c, 0x00, 0x80, 0x3e, 0x58, 0x05, 0x59, 0x75, 0x05, 0xc6, 0x06, 0x58  ; 02F2
    db 0x05, 0x55, 0x8b, 0xe5, 0x5d, 0xcb, 0x55, 0x8b, 0xec, 0x83, 0xec, 0x06, 0xa0, 0xfe, 0x05, 0xa2  ; 0302
    db 0x59, 0x05, 0x80, 0x3e, 0x59, 0x05, 0x59, 0x75, 0x05, 0xc6, 0x06, 0x59, 0x05, 0x55, 0x8b, 0xe5  ; 0312
    db 0x5d, 0xcb, 0x55, 0x8b, 0xec, 0x83, 0xec, 0x08, 0x9a, 0x1a, 0x0a, 0xc9, 0x82, 0x89, 0x46, 0xf8  ; 0322
    db 0x80, 0x3e, 0x23, 0x06, 0x00, 0x75, 0x34, 0xe9, 0x12, 0x00, 0x8b, 0x7e, 0xf8, 0x89, 0x3e, 0x5c  ; 0332
    db 0x05, 0xe9, 0x27, 0x00, 0xc6, 0x06, 0x23, 0x06, 0x15, 0xe9, 0x1f, 0x00, 0x8b, 0x46, 0xf8, 0x3d  ; 0342
    db 0x00, 0x01, 0x74, 0xe6, 0x3d, 0x00, 0x02, 0x74, 0xe1, 0x3d, 0x00, 0x04, 0x74, 0xdc, 0x3d, 0x00  ; 0352
    db 0x08, 0x74, 0xd7, 0x3d, 0x00, 0x10, 0x74, 0xd2, 0xe9, 0xd9, 0xff, 0x8b, 0xe5, 0x5d, 0xcb, 0x55  ; 0362
    db 0x8b, 0xec, 0x83, 0xec, 0x08, 0x9a, 0x1a, 0x0a, 0xc9, 0x82, 0x89, 0x46, 0xf8, 0x80, 0x3e, 0x23  ; 0372
    db 0x06, 0x00, 0x75, 0x15, 0x3d, 0x00, 0xf0, 0x7c, 0x0b, 0x3d, 0x00, 0x10, 0x7f, 0x06, 0xa3, 0x5e  ; 0382
    db 0x05, 0xe9, 0x05, 0x00, 0xc6, 0x06, 0x23, 0x06, 0x15, 0x8b, 0xe5, 0x5d, 0xcb, 0x55, 0x8b, 0xec  ; 0392
    db 0x83, 0xec, 0x06, 0x80, 0x3e, 0x7e, 0x05, 0x00, 0x75, 0x17, 0xa1, 0x78, 0x05, 0x8b, 0x16, 0x7a  ; 03A2
    db 0x05, 0xa3, 0x66, 0x05, 0x89, 0x16, 0x68, 0x05, 0xa1, 0x7c, 0x05, 0xa3, 0x72, 0x05, 0xe9, 0x17  ; 03B2
    db 0x00, 0xc7, 0x06, 0x66, 0x05, 0x00, 0x00, 0xc7, 0x06, 0x68, 0x05, 0x00, 0x00, 0xc7, 0x06, 0x72  ; 03C2
    db 0x05, 0x00, 0x00, 0xc6, 0x06, 0x23, 0x06, 0x15, 0x8b, 0xe5, 0x5d, 0xcb, 0x55, 0x8b, 0xec, 0x83  ; 03D2
    db 0xec, 0x06, 0x80, 0x3e, 0x7e, 0x05, 0x00, 0x75, 0x17, 0xa1, 0x78, 0x05, 0x8b, 0x16, 0x7a, 0x05  ; 03E2
    db 0xa3, 0x6a, 0x05, 0x89, 0x16, 0x6c, 0x05, 0xa1, 0x7c, 0x05, 0xa3, 0x74, 0x05, 0xe9, 0x17, 0x00  ; 03F2
    db 0xc7, 0x06, 0x6a, 0x05, 0x00, 0x00, 0xc7, 0x06, 0x6c, 0x05, 0x00, 0x00, 0xc7, 0x06, 0x74, 0x05  ; 0402
    db 0x00, 0x00, 0xc6, 0x06, 0x23, 0x06, 0x15, 0x8b, 0xe5, 0x5d, 0xcb, 0x55, 0x8b, 0xec, 0x83, 0xec  ; 0412
    db 0x06, 0x80, 0x3e, 0x7e, 0x05, 0x00, 0x75, 0x17, 0xa1, 0x78, 0x05, 0x8b, 0x16, 0x7a, 0x05, 0xa3  ; 0422
    db 0x6e, 0x05, 0x89, 0x16, 0x70, 0x05, 0xa1, 0x7c, 0x05, 0xa3, 0x76, 0x05, 0xe9, 0x17, 0x00, 0xc7  ; 0432
    db 0x06, 0x6e, 0x05, 0x00, 0x00, 0xc7, 0x06, 0x70, 0x05, 0x00, 0x00, 0xc7, 0x06, 0x76, 0x05, 0x00  ; 0442
    db 0x00, 0xc6, 0x06, 0x23, 0x06, 0x15, 0x8b, 0xe5, 0x5d, 0xcb, 0x55, 0x8b, 0xec, 0x83, 0xec, 0x06  ; 0452
    db 0x80, 0x3e, 0x25, 0x06, 0x00, 0x75, 0x10, 0x83, 0x3e, 0x00, 0x06, 0x00, 0x7c, 0x19, 0xa1, 0x00  ; 0462
    db 0x06, 0xa3, 0x62, 0x05, 0xe9, 0x15, 0x00, 0x80, 0x3e, 0x25, 0x06, 0x01, 0x75, 0x09, 0xa1, 0x78  ; 0472
    db 0x05, 0xa3, 0x62, 0x05, 0xe9, 0x05, 0x00, 0xc6, 0x06, 0x23, 0x06, 0x15, 0x8b, 0xe5, 0x5d, 0xcb  ; 0482
    db 0x55, 0x8b, 0xec, 0x83, 0xec, 0x08, 0x9a, 0x1a, 0x0a, 0xc9, 0x82, 0x89, 0x46, 0xf8, 0x80, 0x3e  ; 0492
    db 0x23, 0x06, 0x00, 0x75, 0x19, 0x3d, 0x08, 0x00, 0x74, 0x05, 0x3d, 0x10, 0x00, 0x75, 0x0a, 0x8a  ; 04A2
    db 0x56, 0xf8, 0x88, 0x16, 0x5a, 0x05, 0xe9, 0x05, 0x00, 0xc6, 0x06, 0x23, 0x06, 0x15, 0x8b, 0xe5  ; 04B2
    db 0x5d, 0xcb, 0x55, 0x8b, 0xec, 0x83, 0xec, 0x08, 0x9a, 0x1a, 0x0a, 0xc9, 0x82, 0x89, 0x46, 0xf8  ; 04C2
    db 0x80, 0x3e, 0x23, 0x06, 0x00, 0x75, 0x19, 0x3d, 0x01, 0x00, 0x74, 0x05, 0x3d, 0x02, 0x00, 0x75  ; 04D2
    db 0x0a, 0x8a, 0x56, 0xf8, 0x88, 0x16, 0x5b, 0x05, 0xe9, 0x05, 0x00, 0xc6, 0x06, 0x23, 0x06, 0x15  ; 04E2
    db 0x8b, 0xe5, 0x5d, 0xcb, 0x55, 0x8b, 0xec, 0x83, 0xec, 0x06, 0x51, 0x9a, 0xcc, 0x07, 0x2c, 0x80  ; 04F2
    db 0x3d, 0x00, 0x00, 0x74, 0x07, 0x2b, 0xdb, 0x8e, 0xc3, 0xe9, 0xb7, 0x01, 0x80, 0x3e, 0xf4, 0x04  ; 0502
    db 0x00, 0x75, 0x10, 0xbf, 0xf1, 0x90, 0x57, 0xba, 0x6c, 0x02, 0x52, 0x9a, 0x71, 0x00, 0xc9, 0x82  ; 0512
    db 0xe9, 0x2c, 0x00, 0xbf, 0xf1, 0x90, 0x57, 0xba, 0x71, 0x02, 0x52, 0x9a, 0x71, 0x00, 0xc9, 0x82  ; 0522
    db 0xa0, 0xf4, 0x04, 0x2a, 0xe4, 0x50, 0x80, 0x3e, 0xf4, 0x04, 0x04, 0x77, 0x06, 0xbf, 0x30, 0x00  ; 0532
    db 0xe9, 0x03, 0x00, 0xbf, 0x3c, 0x00, 0x5a, 0x03, 0xd7, 0x52, 0x9a, 0xb1, 0x05, 0xc9, 0x82, 0xbf  ; 0542
    db 0xf1, 0x90, 0x57, 0xba, 0x76, 0x02, 0x52, 0x9a, 0x71, 0x00, 0xc9, 0x82, 0xa0, 0x00, 0x05, 0x24  ; 0552
    db 0x20, 0x3c, 0x00, 0x75, 0x12, 0xc4, 0x3e, 0xf2, 0x06, 0x8d, 0x95, 0x5a, 0x02, 0x06, 0x52, 0x9a  ; 0562
    db 0x0b, 0x01, 0xc9, 0x82, 0xe9, 0x42, 0x00, 0xa0, 0x03, 0x05, 0x24, 0x0b, 0x3c, 0x00, 0x75, 0x12  ; 0572
    db 0xc4, 0x3e, 0xf2, 0x06, 0x8d, 0x95, 0x75, 0x02, 0x06, 0x52, 0x9a, 0x0b, 0x01, 0xc9, 0x82, 0xe9  ; 0582
    db 0x27, 0x00, 0xc4, 0x3e, 0x3a, 0x07, 0x26, 0x80, 0x7d, 0x34, 0x00, 0x75, 0x0c, 0xc4, 0x16, 0xf2  ; 0592
    db 0x06, 0x8b, 0xfa, 0x83, 0xc7, 0x60, 0xe9, 0x09, 0x00, 0xc4, 0x3e, 0xf2, 0x06, 0x8b, 0xd7, 0x8d  ; 05A2
    db 0x7d, 0x64, 0x06, 0x57, 0x9a, 0x0b, 0x01, 0xc9, 0x82, 0xbf, 0xf1, 0x90, 0x57, 0xba, 0x79, 0x02  ; 05B2
    db 0x52, 0x9a, 0x71, 0x00, 0xc9, 0x82, 0xa0, 0x00, 0x05, 0x24, 0x20, 0x3c, 0x00, 0x74, 0x0e, 0xc4  ; 05C2
    db 0x3e, 0x52, 0x05, 0x06, 0x57, 0x9a, 0xa0, 0x08, 0x2c, 0x80, 0xe9, 0x16, 0x00, 0xc4, 0x3e, 0x4e  ; 05D2
    db 0x05, 0x06, 0x57, 0x9a, 0xa0, 0x08, 0x2c, 0x80, 0xc4, 0x3e, 0x52, 0x05, 0x06, 0x57, 0x9a, 0xa0  ; 05E2
    db 0x08, 0x2c, 0x80, 0x80, 0x3e, 0x02, 0x05, 0x19, 0x75, 0x10, 0xbf, 0xf1, 0x90, 0x57, 0xba, 0x7c  ; 05F2
    db 0x02, 0x52, 0x9a, 0x71, 0x00, 0xc9, 0x82, 0xe9, 0x20, 0x00, 0xa0, 0x00, 0x05, 0x24, 0x40, 0x3c  ; 0602
    db 0x00, 0x74, 0x06, 0xbf, 0x10, 0x00, 0xe9, 0x02, 0x00, 0x2b, 0xff, 0x57, 0xa0, 0x02, 0x05, 0x2a  ; 0612
    db 0xe4, 0x50, 0x9a, 0xb0, 0x11, 0x2c, 0x80, 0x83, 0xc4, 0x02, 0xbf, 0xf1, 0x90, 0x57, 0xba, 0x80  ; 0622
    db 0x02, 0x52, 0x9a, 0x71, 0x00, 0xc9, 0x82, 0xa0, 0x01, 0x05, 0x24, 0x0f, 0x8a, 0xc8, 0x80, 0xf9  ; 0632
    db 0x00, 0x75, 0x10, 0xbf, 0xf1, 0x90, 0x57, 0xba, 0x83, 0x02, 0x52, 0x9a, 0x71, 0x00, 0xc9, 0x82  ; 0642
    db 0xe9, 0x37, 0x00, 0x80, 0xf9, 0x01, 0x75, 0x10, 0xbf, 0xf1, 0x90, 0x57, 0xba, 0x8a, 0x02, 0x52  ; 0652
    db 0x9a, 0x71, 0x00, 0xc9, 0x82, 0xe9, 0x22, 0x00, 0x80, 0xf9, 0x02, 0x75, 0x10, 0xbf, 0xf1, 0x90  ; 0662
    db 0x57, 0xba, 0x92, 0x02, 0x52, 0x9a, 0x71, 0x00, 0xc9, 0x82, 0xe9, 0x0d, 0x00, 0xbf, 0xf1, 0x90  ; 0672
    db 0x57, 0xba, 0x9a, 0x02, 0x52, 0x9a, 0x71, 0x00, 0xc9, 0x82, 0xa0, 0x01, 0x05, 0x24, 0xf0, 0x3c  ; 0682
    db 0x00, 0x74, 0x0d, 0xbf, 0xf1, 0x90, 0x57, 0xba, 0xa2, 0x02, 0x52, 0x9a, 0x71, 0x00, 0xc9, 0x82  ; 0692
    db 0xbf, 0xf1, 0x90, 0x57, 0xba, 0xac, 0x02, 0x52, 0x9a, 0x71, 0x00, 0xc9, 0x82, 0xff, 0x36, 0xfc  ; 06A2
    db 0x04, 0x9a, 0x6f, 0x11, 0x2c, 0x80, 0xbf, 0x22, 0x00, 0x57, 0x9a, 0xb1, 0x05, 0xc9, 0x82, 0x2b  ; 06B2
    db 0xdb, 0x8e, 0xc3, 0x59, 0x8b, 0xe5, 0x5d, 0xcb, 0x55, 0x8b, 0xec, 0x83, 0xec, 0x06, 0x56, 0x9a  ; 06C2
    db 0xcc, 0x07, 0x2c, 0x80, 0x3d, 0x00, 0x00, 0x74, 0x07, 0x2b, 0xdb, 0x8e, 0xc3, 0xe9, 0x31, 0x00  ; 06D2
    db 0xc4, 0x3e, 0x3a, 0x07, 0x26, 0x80, 0x7d, 0x34, 0x00, 0x75, 0x07, 0x8b, 0x3e, 0x3a, 0x05, 0xe9  ; 06E2
    db 0x04, 0x00, 0x8b, 0x3e, 0x40, 0x05, 0x8b, 0xf7, 0xa0, 0x56, 0x05, 0x24, 0x10, 0x3c, 0x00, 0x74  ; 06F2
    db 0x06, 0x8b, 0xd6, 0xd1, 0xfa, 0x8b, 0xf2, 0x56, 0x9a, 0x44, 0x11, 0x2c, 0x80, 0x2b, 0xdb, 0x8e  ; 0702
    db 0xc3, 0x5e, 0x8b, 0xe5, 0x5d, 0xcb, 0x55, 0x8b, 0xec, 0x83, 0xec, 0x06, 0x56, 0x9a, 0xcc, 0x07  ; 0712
    db 0x2c, 0x80, 0x3d, 0x00, 0x00, 0x75, 0x04, 0x8b, 0x36, 0x04, 0x05, 0xa0, 0x56, 0x05, 0x24, 0x10  ; 0722
    db 0x3c, 0x00, 0x74, 0x06, 0x8b, 0xfe, 0xd1, 0xff, 0x8b, 0xf7, 0x56, 0x9a, 0x44, 0x11, 0x2c, 0x80  ; 0732
    db 0x2b, 0xdb, 0x8e, 0xc3, 0x5e, 0x8b, 0xe5, 0x5d, 0xcb, 0x55, 0x8b, 0xec, 0x83, 0xec, 0x06, 0x51  ; 0742
    db 0x9a, 0xcc, 0x07, 0x2c, 0x80, 0x3d, 0x00, 0x00, 0x74, 0x07, 0x2b, 0xdb, 0x8e, 0xc3, 0xe9, 0x2f  ; 0752
    db 0x00, 0xa0, 0x56, 0x05, 0x24, 0x0f, 0x8a, 0xc8, 0x80, 0xf9, 0x00, 0x75, 0x0b, 0xc4, 0x3e, 0xf2  ; 0762
    db 0x06, 0x8d, 0x9d, 0x5e, 0x02, 0xe9, 0x18, 0x00, 0x80, 0xf9, 0x01, 0x75, 0x0b, 0xc4, 0x3e, 0xf2  ; 0772
    db 0x06, 0x8d, 0x9d, 0x5a, 0x02, 0xe9, 0x08, 0x00, 0xc4, 0x3e, 0xf2, 0x06, 0x8d, 0x9d, 0xca, 0x00  ; 0782
    db 0x59, 0x8b, 0xe5, 0x5d, 0xcb, 0x55, 0x8b, 0xec, 0x83, 0xec, 0x0a, 0x56, 0x9a, 0xcc, 0x07, 0x2c  ; 0792
    db 0x80, 0x3d, 0x00, 0x00, 0x74, 0x07, 0x2b, 0xdb, 0x8e, 0xc3, 0xe9, 0x9d, 0x00, 0xa0, 0x00, 0x05  ; 07A2
    db 0x24, 0x20, 0x3c, 0x00, 0x74, 0x22, 0x80, 0x3e, 0x06, 0x06, 0x5e, 0x75, 0x1b, 0xc4, 0x3e, 0x32  ; 07B2
    db 0x07, 0x26, 0x80, 0x7d, 0x1f, 0x1e, 0x75, 0x10, 0xba, 0xf1, 0x90, 0x52, 0xbb, 0xb4, 0x02, 0x53  ; 07C2
    db 0x9a, 0x71, 0x00, 0xc9, 0x82, 0xe9, 0x6e, 0x00, 0x80, 0x3e, 0x06, 0x06, 0x5e, 0x75, 0x0d, 0xc4  ; 07D2
    db 0x3e, 0x4e, 0x05, 0x89, 0x7e, 0xf6, 0x8c, 0x46, 0xf8, 0xe9, 0x0a, 0x00, 0xc4, 0x3e, 0x52, 0x05  ; 07E2
    db 0x89, 0x7e, 0xf6, 0x8c, 0x46, 0xf8, 0xbe, 0x0d, 0x00, 0xa0, 0x00, 0x05, 0x24, 0x10, 0x3c, 0x00  ; 07F2
    db 0x75, 0x08, 0x8b, 0xfe, 0x81, 0xcf, 0x02, 0x00, 0x8b, 0xf7, 0x8b, 0x7e, 0xf6, 0x0b, 0x7e, 0xf8  ; 0802
    db 0x75, 0x10, 0xbf, 0xf1, 0x90, 0x57, 0xba, 0xbb, 0x02, 0x52, 0x9a, 0x71, 0x00, 0xc9, 0x82, 0xe9  ; 0812
    db 0x24, 0x00, 0x56, 0xc4, 0x7e, 0xf6, 0x26, 0x8a, 0x55, 0x06, 0x80, 0xe2, 0x01, 0x80, 0xfa, 0x00  ; 0822
    db 0x74, 0x07, 0x26, 0x8a, 0x55, 0x04, 0xe9, 0x02, 0x00, 0xb2, 0x09, 0x2a, 0xf6, 0x52, 0x9a, 0xb0  ; 0832
    db 0x11, 0x2c, 0x80, 0x83, 0xc4, 0x02, 0x2b, 0xdb, 0x8e, 0xc3, 0x5e, 0x8b, 0xe5, 0x5d, 0xcb, 0x55  ; 0842
    db 0x8b, 0xec, 0x83, 0xec, 0x08, 0x51, 0x9a, 0xcc, 0x07, 0x2c, 0x80, 0x3d, 0x00, 0x00, 0x75, 0x48  ; 0852
    db 0xc4, 0x3e, 0x52, 0x05, 0x26, 0x80, 0x7d, 0x07, 0x00, 0x74, 0x35, 0x80, 0x3e, 0x06, 0x06, 0x64  ; 0862
    db 0x75, 0x2e, 0xc4, 0x1e, 0x52, 0x05, 0x26, 0x8b, 0x57, 0x08, 0x89, 0x56, 0xf8, 0xa0, 0x00, 0x05  ; 0872
    db 0x24, 0x10, 0x3c, 0x00, 0x74, 0x09, 0xb9, 0x06, 0x00, 0xd3, 0x66, 0xf8, 0xe9, 0x06, 0x00, 0xb9  ; 0882
    db 0x02, 0x00, 0xd3, 0x6e, 0xf8, 0xff, 0x76, 0xf8, 0x9a, 0x6f, 0x11, 0x2c, 0x80, 0xe9, 0x08, 0x00  ; 0892
    db 0x2b, 0xff, 0x57, 0x9a, 0x6f, 0x11, 0x2c, 0x80, 0x2b, 0xdb, 0x8e, 0xc3, 0x59, 0x8b, 0xe5, 0x5d  ; 08A2
    db 0xcb, 0x55, 0x8b, 0xec, 0x83, 0xec, 0x06, 0x9a, 0xcc, 0x07, 0x2c, 0x80, 0x3d, 0x00, 0x00, 0x74  ; 08B2
    db 0x07, 0x2b, 0xdb, 0x8e, 0xc3, 0xe9, 0x2e, 0x00, 0x80, 0x3e, 0x02, 0x05, 0x19, 0x75, 0x06, 0xbf  ; 08C2
    db 0x01, 0x00, 0xe9, 0x02, 0x00, 0x2b, 0xff, 0xba, 0x00, 0x00, 0x0b, 0xd7, 0x74, 0x0c, 0xc4, 0x16  ; 08D2
    db 0xf2, 0x06, 0x8b, 0xfa, 0x83, 0xc7, 0x77, 0xe9, 0x0a, 0x00, 0xc4, 0x3e, 0xf2, 0x06, 0x8b, 0xd7  ; 08E2
    db 0x8d, 0xbd, 0x99, 0x01, 0x8b, 0xdf, 0x8b, 0xe5, 0x5d, 0xcb, 0x55, 0x8b, 0xec, 0x83, 0xec, 0x06  ; 08F2
    db 0x56, 0x9a, 0xcc, 0x07, 0x2c, 0x80, 0x3d, 0x00, 0x00, 0x75, 0x69, 0xbe, 0x0c, 0x00, 0xa0, 0x00  ; 0902
    db 0x05, 0x24, 0x04, 0x3c, 0x00, 0x74, 0x18, 0xa0, 0x56, 0x05, 0x2a, 0xe4, 0x25, 0x0f, 0x00, 0x3d  ; 0912
    db 0x02, 0x00, 0x75, 0x29, 0x8b, 0xfe, 0x81, 0xcf, 0x20, 0x00, 0x8b, 0xf7, 0xe9, 0x1e, 0x00, 0xa0  ; 0922
    db 0x56, 0x05, 0x2a, 0xe4, 0x25, 0x0f, 0x00, 0x3d, 0x02, 0x00, 0x74, 0x11, 0xa0, 0x00, 0x05, 0x24  ; 0932
    db 0x20, 0x3c, 0x00, 0x74, 0x08, 0x8b, 0xfe, 0x81, 0xcf, 0x02, 0x00, 0x8b, 0xf7, 0xa0, 0x00, 0x05  ; 0942
    db 0x24, 0x40, 0x3c, 0x00, 0x74, 0x0f, 0x80, 0x3e, 0xf4, 0x04, 0x00, 0x74, 0x08, 0x8b, 0xfe, 0x81  ; 0952
    db 0xcf, 0x10, 0x00, 0x8b, 0xf7, 0x56, 0xa0, 0x02, 0x05, 0x2a, 0xe4, 0x50, 0x9a, 0xb0, 0x11, 0x2c  ; 0962
    db 0x80, 0x83, 0xc4, 0x02, 0x2b, 0xdb, 0x8e, 0xc3, 0x5e, 0x8b, 0xe5, 0x5d, 0xcb, 0x55, 0x8b, 0xec  ; 0972
    db 0x83, 0xec, 0x06, 0x9a, 0xcc, 0x07, 0x2c, 0x80, 0x3d, 0x00, 0x00, 0x74, 0x07, 0x2b, 0xdb, 0x8e  ; 0982
    db 0xc3, 0xe9, 0x4b, 0x00, 0xc4, 0x3e, 0x52, 0x05, 0x26, 0x8a, 0x55, 0x06, 0x80, 0xe2, 0x01, 0x80  ; 0992
    db 0xfa, 0x00, 0x74, 0x33, 0xa0, 0x00, 0x05, 0x24, 0x20, 0x3c, 0x00, 0x74, 0x0d, 0xc4, 0x16, 0xf2  ; 09A2
    db 0x06, 0x8b, 0xda, 0x81, 0xc3, 0x0f, 0x02, 0xe9, 0x25, 0x00, 0xc4, 0x3e, 0x4e, 0x05, 0x26, 0x8a  ; 09B2
    db 0x55, 0x06, 0x80, 0xe2, 0x01, 0x80, 0xfa, 0x00, 0x74, 0x0d, 0xc4, 0x16, 0xf2, 0x06, 0x8b, 0xda  ; 09C2
    db 0x81, 0xc3, 0x0f, 0x02, 0xe9, 0x08, 0x00, 0xc4, 0x3e, 0xf2, 0x06, 0x8d, 0x9d, 0xb3, 0x00, 0x8b  ; 09D2
    db 0xe5, 0x5d, 0xcb, 0x55, 0x8b, 0xec, 0x83, 0xec, 0x06, 0x9a, 0xcc, 0x07, 0x2c, 0x80, 0x3d, 0x00  ; 09E2
    db 0x00, 0x75, 0x0d, 0xbf, 0xf1, 0x90, 0x57, 0xba, 0xc2, 0x02, 0x52, 0x9a, 0x71, 0x00, 0xc9, 0x82  ; 09F2
    db 0x2b, 0xdb, 0x8e, 0xc3, 0x8b, 0xe5, 0x5d, 0xcb, 0x55, 0x8b, 0xec, 0x83, 0xec, 0x06, 0x9a, 0xcc  ; 0A02
    db 0x07, 0x2c, 0x80, 0x3d, 0x00, 0x00, 0x75, 0x18, 0xa0, 0x00, 0x05, 0x24, 0x10, 0x3c, 0x00, 0x74  ; 0A12
    db 0x06, 0xbf, 0x02, 0x00, 0xe9, 0x03, 0x00, 0xbf, 0x01, 0x00, 0x57, 0x9a, 0x44, 0x11, 0x2c, 0x80  ; 0A22
    db 0x2b, 0xdb, 0x8e, 0xc3, 0x8b, 0xe5, 0x5d, 0xcb, 0x55, 0x8b, 0xec, 0x83, 0xec, 0x06, 0x9a, 0xcc  ; 0A32
    db 0x07, 0x2c, 0x80, 0x3d, 0x00, 0x00, 0x75, 0x18, 0xa0, 0x00, 0x05, 0x24, 0x10, 0x3c, 0x00, 0x74  ; 0A42
    db 0x06, 0xbf, 0x10, 0x00, 0xe9, 0x03, 0x00, 0xbf, 0x08, 0x00, 0x57, 0x9a, 0x44, 0x11, 0x2c, 0x80  ; 0A52
    db 0x2b, 0xdb, 0x8e, 0xc3, 0x8b, 0xe5, 0x5d, 0xcb, 0x55, 0x8b, 0xec, 0x83, 0xec, 0x06, 0x9a, 0xcc  ; 0A62
    db 0x07, 0x2c, 0x80, 0x3d, 0x00, 0x00, 0x74, 0x07, 0x2b, 0xdb, 0x8e, 0xc3, 0xe9, 0x07, 0x00, 0xc4  ; 0A72
    db 0x3e, 0xf2, 0x06, 0x8d, 0x5d, 0x70, 0x8b, 0xe5, 0x5d, 0xcb, 0x55, 0x8b, 0xec, 0x83, 0xec, 0x06  ; 0A82
    db 0x83, 0x3e, 0xfc, 0x05, 0x01, 0x7f, 0x12, 0x9a, 0x84, 0x10, 0x2c, 0x80, 0x3d, 0x00, 0x00, 0x74  ; 0A92
    db 0x08, 0xa0, 0x23, 0x06, 0x2a, 0xe4, 0xe9, 0xb1, 0x00, 0xa0, 0x00, 0x05, 0x24, 0x20, 0x3c, 0x00  ; 0AA2
    db 0x74, 0x35, 0xc7, 0x06, 0x4e, 0x05, 0x00, 0x00, 0xc7, 0x06, 0x50, 0x05, 0x00, 0x00, 0xc4, 0x3e  ; 0AB2
    db 0x3a, 0x07, 0x26, 0x80, 0x7d, 0x34, 0x00, 0x75, 0x0b, 0xbf, 0x00, 0x05, 0x83, 0xc7, 0x12, 0x1e  ; 0AC2
    db 0x07, 0xe9, 0x08, 0x00, 0xbf, 0x00, 0x05, 0x83, 0xc7, 0x1c, 0x1e, 0x07, 0x89, 0x3e, 0x52, 0x05  ; 0AD2
    db 0x8c, 0x06, 0x54, 0x05, 0xe9, 0x1c, 0x00, 0xbf, 0x00, 0x05, 0x83, 0xc7, 0x12, 0x89, 0x3e, 0x4e  ; 0AE2
    db 0x05, 0x8c, 0x1e, 0x50, 0x05, 0xba, 0x00, 0x05, 0x83, 0xc2, 0x1c, 0x89, 0x16, 0x52, 0x05, 0x8c  ; 0AF2
    db 0x1e, 0x54, 0x05, 0xa0, 0x00, 0x05, 0x24, 0x10, 0x3c, 0x00, 0x74, 0x08, 0xc6, 0x06, 0x56, 0x05  ; 0B02
    db 0x10, 0xe9, 0x41, 0x00, 0xa0, 0x00, 0x05, 0x24, 0x20, 0x3c, 0x00, 0x75, 0x08, 0xc6, 0x06, 0x56  ; 0B12
    db 0x05, 0x11, 0xe9, 0x30, 0x00, 0xa0, 0x01, 0x05, 0x24, 0xf0, 0x3c, 0x00, 0x75, 0x22, 0xa0, 0x01  ; 0B22
    db 0x05, 0x2a, 0xe4, 0x25, 0x0f, 0x00, 0x3d, 0x01, 0x00, 0x74, 0x0d, 0xa0, 0x01, 0x05, 0x2a, 0xe4  ; 0B32
    db 0x25, 0x0f, 0x00, 0x3d, 0x02, 0x00, 0x75, 0x08, 0xc6, 0x06, 0x56, 0x05, 0x12, 0xe9, 0x05, 0x00  ; 0B42
    db 0xc6, 0x06, 0x56, 0x05, 0x00, 0xa0, 0x23, 0x06, 0x2a, 0xe4, 0x8b, 0xe5, 0x5d, 0xcb, 0x55, 0x8b  ; 0B52
    db 0xec, 0x83, 0xec, 0x06, 0x51, 0xc4, 0x3e, 0x32, 0x07, 0x26, 0x80, 0x7d, 0x1f, 0x14, 0x74, 0x69  ; 0B62
    db 0xc4, 0x5e, 0x06, 0x26, 0x8a, 0x4f, 0x06, 0x8a, 0xd1, 0x80, 0xe2, 0x01, 0x80, 0xfa, 0x00, 0x75  ; 0B72
    db 0x09, 0xbf, 0x3e, 0x00, 0x57, 0x9a, 0xb1, 0x05, 0xc9, 0x82, 0xbf, 0x01, 0x00, 0x57, 0xc4, 0x7e  ; 0B82
    db 0x06, 0x26, 0x8a, 0x55, 0x04, 0x2a, 0xf6, 0x52, 0x9a, 0xb0, 0x11, 0x2c, 0x80, 0x83, 0xc4, 0x02  ; 0B92
    db 0xbf, 0xf1, 0x90, 0x57, 0xba, 0xc5, 0x02, 0x52, 0x9a, 0x71, 0x00, 0xc9, 0x82, 0xa0, 0x03, 0x05  ; 0BA2
    db 0x24, 0x0b, 0x3c, 0x00, 0x75, 0x26, 0xa0, 0x22, 0x05, 0x8a, 0x16, 0x18, 0x05, 0x32, 0xd0, 0x80  ; 0BB2
    db 0xe2, 0x0f, 0x80, 0xfa, 0x00, 0x74, 0x15, 0xc4, 0x3e, 0xf2, 0x06, 0x8d, 0x95, 0xbc, 0x02, 0x06  ; 0BC2
    db 0x52, 0x9a, 0x0b, 0x01, 0xc9, 0x82, 0xe9, 0x66, 0x00, 0xe9, 0x70, 0x00, 0x8a, 0xd1, 0x80, 0xe2  ; 0BD2
    db 0x04, 0x80, 0xfa, 0x00, 0x74, 0x12, 0xc4, 0x3e, 0xf2, 0x06, 0x8d, 0x95, 0x96, 0x02, 0x06, 0x52  ; 0BE2
    db 0x9a, 0x0b, 0x01, 0xc9, 0x82, 0xe9, 0x47, 0x00, 0x8a, 0xd1, 0x80, 0xe2, 0x08, 0x80, 0xfa, 0x00  ; 0BF2
    db 0x74, 0x12, 0xc4, 0x3e, 0xf2, 0x06, 0x8d, 0x95, 0x72, 0x02, 0x06, 0x52, 0x9a, 0x0b, 0x01, 0xc9  ; 0C02
    db 0x82, 0xe9, 0x2b, 0x00, 0x8a, 0xd1, 0x80, 0xe2, 0x02, 0x80, 0xfa, 0x00, 0x74, 0x12, 0xc4, 0x3e  ; 0C12
    db 0xf2, 0x06, 0x8d, 0x95, 0x99, 0x02, 0x06, 0x52, 0x9a, 0x0b, 0x01, 0xc9, 0x82, 0xe9, 0x0f, 0x00  ; 0C22
    db 0xc4, 0x3e, 0xf2, 0x06, 0x8d, 0x95, 0xbc, 0x02, 0x06, 0x52, 0x9a, 0x0b, 0x01, 0xc9, 0x82, 0xbf  ; 0C32
    db 0xf1, 0x90, 0x57, 0xba, 0xc8, 0x02, 0x52, 0x9a, 0x71, 0x00, 0xc9, 0x82, 0x59, 0x8b, 0xe5, 0x5d  ; 0C42
    db 0xca, 0x04, 0x00, 0x55, 0x8b, 0xec, 0x83, 0xec, 0x2c, 0xc7, 0x46, 0xea, 0x09, 0x00, 0xc7, 0x46  ; 0C52
    db 0xec, 0xc9, 0x82, 0xc4, 0x3e, 0x3a, 0x07, 0x26, 0x80, 0x7d, 0x2f, 0x01, 0x75, 0x1b, 0x9a, 0x53  ; 0C62
    db 0x0c, 0xc9, 0x82, 0x3d, 0x00, 0x00, 0x75, 0x07, 0x2b, 0xdb, 0x8e, 0xc3, 0xe9, 0xb1, 0x02, 0xc7  ; 0C72
    db 0x46, 0xea, 0xb1, 0x05, 0xc7, 0x46, 0xec, 0xc9, 0x82, 0x9a, 0x84, 0x10, 0x2c, 0x80, 0x3d, 0x00  ; 0C82
    db 0x00, 0x74, 0x07, 0x2b, 0xdb, 0x8e, 0xc3, 0xe9, 0x96, 0x02, 0xc4, 0x3e, 0x32, 0x07, 0x26, 0x8a  ; 0C92
    db 0x55, 0x12, 0x80, 0xe2, 0x02, 0x88, 0x56, 0xe8, 0xc4, 0x1e, 0x32, 0x07, 0x26, 0x80, 0x4f, 0x12  ; 0CA2
    db 0x02, 0xc4, 0x3e, 0x32, 0x07, 0x26, 0x8a, 0x55, 0x0f, 0x80, 0xe2, 0x02, 0x80, 0xfa, 0x00, 0x74  ; 0CB2
    db 0x06, 0xba, 0x01, 0x00, 0xe9, 0x03, 0x00, 0xba, 0x03, 0x00, 0x08, 0x16, 0x03, 0x06, 0xc4, 0x3e  ; 0CC2
    db 0x32, 0x07, 0x26, 0x80, 0x8d, 0x97, 0x00, 0x09, 0x9a, 0x41, 0x0d, 0xc9, 0x82, 0xff, 0x06, 0xfc  ; 0CD2
    db 0x04, 0xc7, 0x46, 0xf8, 0x00, 0x00, 0xc4, 0x3e, 0x3a, 0x07, 0x26, 0x80, 0x7d, 0x34, 0x00, 0x75  ; 0CE2
    db 0x17, 0xc6, 0x46, 0xd5, 0x00, 0xa1, 0x3a, 0x05, 0x89, 0x46, 0xf6, 0xc4, 0x16, 0x36, 0x05, 0x89  ; 0CF2
    db 0x56, 0xee, 0x8c, 0x46, 0xf0, 0xe9, 0x14, 0x00, 0xc6, 0x46, 0xd5, 0x01, 0xa1, 0x40, 0x05, 0x89  ; 0D02
    db 0x46, 0xf6, 0xc4, 0x3e, 0x3c, 0x05, 0x89, 0x7e, 0xee, 0x8c, 0x46, 0xf0, 0xbf, 0x41, 0x00, 0x57  ; 0D12
    db 0x9a, 0x0e, 0x00, 0x70, 0x94, 0xc7, 0x46, 0xdc, 0x1e, 0x00, 0x8c, 0x5e, 0xde, 0x80, 0x7e, 0xd5  ; 0D22
    db 0x00, 0x75, 0x05, 0x2b, 0xff, 0xe9, 0x03, 0x00, 0xbf, 0x01, 0x00, 0x8b, 0xc7, 0xba, 0x0a, 0x00  ; 0D32
    db 0xf7, 0xea, 0xba, 0x64, 0x00, 0x03, 0xd0, 0x89, 0x56, 0xe4, 0x8c, 0x5e, 0xe6, 0x8a, 0x5e, 0xd5  ; 0D42
    db 0x2a, 0xff, 0xd1, 0xe3, 0xd1, 0xe3, 0xbf, 0x3c, 0x00, 0x03, 0xfb, 0x89, 0x7e, 0xe0, 0x8c, 0x5e  ; 0D52
    db 0xe2, 0xc4, 0x3e, 0x80, 0x1c, 0x8c, 0xc0, 0xc4, 0x5e, 0xe0, 0x8b, 0xd7, 0x26, 0x03, 0x17, 0x89  ; 0D62
    db 0x56, 0xd8, 0x89, 0x46, 0xda, 0x06, 0x53, 0x2b, 0xd2, 0x52, 0x8a, 0x46, 0xd5, 0x2a, 0xe4, 0x50  ; 0D72
    db 0x9a, 0x73, 0x06, 0x16, 0xf9, 0x83, 0xc4, 0x02, 0x89, 0x46, 0xd6, 0xbf, 0x80, 0x8f, 0x57, 0x9a  ; 0D82
    db 0x0e, 0x00, 0x70, 0x94, 0xc6, 0x46, 0xd4, 0x00, 0x83, 0xc4, 0x02, 0x83, 0xc4, 0x02, 0xa0, 0x01  ; 0D92
    db 0x05, 0x24, 0xf0, 0x3c, 0x00, 0x75, 0x1b, 0xa0, 0x01, 0x05, 0x24, 0x03, 0x3c, 0x00, 0x75, 0x09  ; 0DA2
    db 0xa0, 0x00, 0x05, 0x24, 0x20, 0x3c, 0x00, 0x75, 0x09, 0xc6, 0x46, 0xd4, 0x01, 0x81, 0x66, 0xd6  ; 0DB2
    db 0xfe, 0xff, 0x80, 0x3e, 0xf4, 0x04, 0x00, 0x75, 0x6d, 0xc4, 0x7e, 0xdc, 0x26, 0x80, 0x7d, 0x01  ; 0DC2
    db 0x03, 0x74, 0x1b, 0x26, 0x80, 0x7d, 0x01, 0x07, 0x74, 0x14, 0x26, 0x80, 0x7d, 0x01, 0x05, 0x75  ; 0DD2
    db 0x55, 0x26, 0x8b, 0x55, 0x04, 0x81, 0xe2, 0x04, 0x00, 0x83, 0xfa, 0x00, 0x75, 0x48, 0xc4, 0x7e  ; 0DE2
    db 0xd8, 0x89, 0x7e, 0xee, 0x8c, 0x46, 0xf0, 0x8b, 0xd7, 0x03, 0x56, 0xd6, 0x89, 0x56, 0xf2, 0x8c  ; 0DF2
    db 0x46, 0xf4, 0x8b, 0x5e, 0xd6, 0x03, 0x5e, 0xf6, 0x4b, 0xc4, 0x7e, 0xdc, 0x26, 0x8b, 0x45, 0x0c  ; 0E02
    db 0x3b, 0xd8, 0x7e, 0x13, 0x8b, 0x7e, 0xd6, 0xc4, 0x5e, 0xdc, 0x26, 0x8b, 0x47, 0x0c, 0x2b, 0xc7  ; 0E12
    db 0x40, 0x89, 0x46, 0xf8, 0xe9, 0x09, 0x00, 0xc4, 0x7e, 0xf2, 0x89, 0x7e, 0xee, 0x8c, 0x46, 0xf0  ; 0E22
    db 0x8b, 0x7e, 0xf8, 0x29, 0x7e, 0xf6, 0xc4, 0x3e, 0x3a, 0x07, 0x26, 0x80, 0x7d, 0x2f, 0x00, 0x75  ; 0E32
    db 0x3e, 0x83, 0x7e, 0xf8, 0x00, 0x74, 0x1f, 0x8a, 0x56, 0xd4, 0x2a, 0xf6, 0x52, 0xff, 0x76, 0xf8  ; 0E42
    db 0xc4, 0x5e, 0xf2, 0x06, 0x53, 0x9a, 0x76, 0x0c, 0x2c, 0x80, 0x83, 0xc4, 0x04, 0xbf, 0x2c, 0x00  ; 0E52
    db 0x57, 0x9a, 0xb1, 0x05, 0xc9, 0x82, 0x8a, 0x56, 0xd4, 0x2a, 0xf6, 0x52, 0xff, 0x76, 0xf6, 0xc4  ; 0E62
    db 0x7e, 0xee, 0x06, 0x57, 0x9a, 0x76, 0x0c, 0x2c, 0x80, 0x83, 0xc4, 0x04, 0xe9, 0x69, 0x00, 0x8b  ; 0E72
    db 0x7e, 0xf8, 0x03, 0x7e, 0xf6, 0x57, 0xc4, 0x56, 0xea, 0x06, 0x52, 0x9a, 0xaf, 0x0d, 0x2c, 0x80  ; 0E82
    db 0x83, 0xc4, 0x02, 0x8b, 0xd0, 0x88, 0x56, 0xe9, 0x8a, 0x5e, 0xd4, 0x2a, 0xff, 0x53, 0xff, 0x76  ; 0E92
    db 0xf8, 0xc4, 0x7e, 0xf2, 0x06, 0x57, 0xc4, 0x46, 0xea, 0x06, 0x50, 0x9a, 0x39, 0x0d, 0x2c, 0x80  ; 0EA2
    db 0x83, 0xc4, 0x08, 0x8b, 0xd0, 0x00, 0x56, 0xe9, 0x8a, 0x56, 0xd4, 0x2a, 0xf6, 0x52, 0xff, 0x76  ; 0EB2
    db 0xf6, 0xc4, 0x7e, 0xee, 0x06, 0x57, 0xc4, 0x5e, 0xea, 0x06, 0x53, 0x9a, 0x39, 0x0d, 0x2c, 0x80  ; 0EC2
    db 0x83, 0xc4, 0x08, 0x8b, 0xd0, 0x00, 0x56, 0xe9, 0x8a, 0x56, 0xe9, 0x2a, 0xf6, 0xf7, 0xd2, 0x42  ; 0ED2
    db 0x8b, 0xda, 0x2a, 0xff, 0x53, 0xff, 0x5e, 0xea, 0x8a, 0x56, 0xe8, 0xc4, 0x3e, 0x32, 0x07, 0x26  ; 0EE2
    db 0x8a, 0x5d, 0x12, 0x80, 0xe3, 0xfd, 0x0a, 0xda, 0xc4, 0x3e, 0x32, 0x07, 0x26, 0x88, 0x5d, 0x12  ; 0EF2
    db 0xc4, 0x3e, 0x32, 0x07, 0x26, 0x8a, 0x55, 0x0f, 0x80, 0xe2, 0x02, 0x80, 0xfa, 0x00, 0x74, 0x06  ; 0F02
    db 0xba, 0x01, 0x00, 0xe9, 0x03, 0x00, 0xba, 0x03, 0x00, 0x08, 0x16, 0x03, 0x06, 0xc4, 0x3e, 0x32  ; 0F12
    db 0x07, 0x26, 0x80, 0xa5, 0x97, 0x00, 0xfe, 0x9a, 0x41, 0x0d, 0xc9, 0x82, 0x2b, 0xdb, 0x8e, 0xc3  ; 0F22
    db 0x8b, 0xe5, 0x5d, 0xcb, 0x55, 0x8b, 0xec, 0x83, 0xec, 0x0a, 0xa0, 0x01, 0x05, 0x2a, 0xe4, 0x25  ; 0F32
    db 0x03, 0x00, 0x3d, 0x03, 0x00, 0x75, 0x3d, 0xd1, 0x7e, 0x0a, 0xc4, 0x7e, 0x06, 0x26, 0xff, 0x35  ; 0F42
    db 0x9a, 0x6f, 0x11, 0x2c, 0x80, 0xc7, 0x46, 0xf8, 0x01, 0x00, 0xe9, 0x1c, 0x00, 0xbf, 0x2c, 0x00  ; 0F52
    db 0x57, 0x9a, 0xb1, 0x05, 0xc9, 0x82, 0x8b, 0x7e, 0xf8, 0xd1, 0xe7, 0xc4, 0x5e, 0x06, 0x26, 0xff  ; 0F62
    db 0x31, 0x9a, 0x6f, 0x11, 0x2c, 0x80, 0xff, 0x46, 0xf8, 0x8b, 0x7e, 0x0a, 0x39, 0x7e, 0xf8, 0x7c  ; 0F72
    db 0xdc, 0xe9, 0x6d, 0x00, 0xb2, 0x01, 0x2a, 0x56, 0x0c, 0x88, 0x56, 0xf7, 0xc7, 0x46, 0xf8, 0x00  ; 0F82
    db 0x00, 0xe9, 0x55, 0x00, 0x83, 0x7e, 0xf8, 0x00, 0x74, 0x09, 0xbf, 0x2c, 0x00, 0x57, 0x9a, 0xb1  ; 0F92
    db 0x05, 0xc9, 0x82, 0x8b, 0x7e, 0xf8, 0x8a, 0x56, 0x0c, 0x2a, 0xf6, 0x03, 0xfa, 0xc4, 0x5e, 0x06  ; 0FA2
    db 0x26, 0x8a, 0x01, 0x2a, 0xe4, 0x50, 0x9a, 0x6f, 0x11, 0x2c, 0x80, 0x8b, 0x7e, 0x0a, 0x4f, 0x39  ; 0FB2
    db 0x7e, 0xf8, 0x7d, 0x2d, 0xba, 0x2c, 0x00, 0x52, 0x9a, 0xb1, 0x05, 0xc9, 0x82, 0x8b, 0x7e, 0xf8  ; 0FC2
    db 0x8a, 0x56, 0xf7, 0x2a, 0xf6, 0x03, 0xfa, 0xc4, 0x5e, 0x06, 0x26, 0x8a, 0x01, 0x2a, 0xe4, 0x50  ; 0FD2
    db 0x9a, 0x6f, 0x11, 0x2c, 0x80, 0x83, 0x46, 0xf8, 0x02, 0x8b, 0x7e, 0x0a, 0x39, 0x7e, 0xf8, 0x7c  ; 0FE2
    db 0xa3, 0x8b, 0xe5, 0x5d, 0xca, 0x04, 0x00, 0x55, 0x8b, 0xec, 0x83, 0xec, 0x0c, 0x51, 0xc6, 0x46  ; 0FF2
    db 0xf9, 0x00, 0xb2, 0x01, 0x2a, 0x56, 0x10, 0x88, 0x56, 0xf5, 0xc7, 0x46, 0xf6, 0x00, 0x00, 0xe9  ; 1002
    db 0x45, 0x00, 0x8b, 0x7e, 0xf6, 0x8a, 0x56, 0x10, 0x2a, 0xf6, 0x03, 0xfa, 0xc4, 0x5e, 0x0a, 0x26  ; 1012
    db 0x8a, 0x09, 0x8a, 0xc1, 0x2a, 0xe4, 0x50, 0xff, 0x5e, 0x06, 0x00, 0x4e, 0xf9, 0x8b, 0x7e, 0x0e  ; 1022
    db 0x4f, 0x39, 0x7e, 0xf6, 0x7d, 0x29, 0x8b, 0x56, 0xf6, 0x8a, 0x5e, 0xf5, 0x2a, 0xff, 0x03, 0xd3  ; 1032
    db 0xc4, 0x5e, 0x0a, 0x8b, 0xfa, 0x26, 0x8a, 0x09, 0x8a, 0xc1, 0x2a, 0xe4, 0x50, 0xff, 0x5e, 0x06  ; 1042
    db 0x00, 0x4e, 0xf9, 0x83, 0x46, 0xf6, 0x02, 0x8b, 0x7e, 0x0e, 0x39, 0x7e, 0xf6, 0x7c, 0xb3, 0x8a  ; 1052
    db 0x56, 0xf9, 0x2a, 0xf6, 0x8b, 0xc2, 0x59, 0x8b, 0xe5, 0x5d, 0xca, 0x04, 0x00, 0x55, 0x8b, 0xec  ; 1062
    db 0x83, 0xec, 0x08, 0xc4, 0x7e, 0x06, 0x81, 0xff, 0x09, 0x00, 0x75, 0x18, 0x8c, 0xc2, 0x81, 0xfa  ; 1072
    db 0xc9, 0x82, 0x75, 0x10, 0xbb, 0xf1, 0x90, 0x53, 0xb8, 0xcb, 0x02, 0x50, 0x9a, 0x71, 0x00, 0xc9  ; 1082
    db 0x82, 0xe9, 0x09, 0x00, 0xbf, 0x25, 0x00, 0x57, 0x9a, 0xb1, 0x05, 0xc9, 0x82, 0x8b, 0x7e, 0x0a  ; 1092
    db 0x47, 0xd1, 0xff, 0xd1, 0xff, 0xd1, 0xff, 0xd1, 0xff, 0xd1, 0xff, 0xd1, 0xff, 0xd1, 0xff, 0xd1  ; 10A2
    db 0xff, 0x8b, 0xd7, 0x2a, 0xf6, 0x52, 0xff, 0x5e, 0x06, 0x8b, 0x7e, 0x0a, 0x47, 0xd1, 0xff, 0xd1  ; 10B2
    db 0xff, 0xd1, 0xff, 0xd1, 0xff, 0xd1, 0xff, 0xd1, 0xff, 0xd1, 0xff, 0xd1, 0xff, 0x8b, 0xd7, 0x88  ; 10C2
    db 0x56, 0xf9, 0x8b, 0x7e, 0x0a, 0x47, 0x8b, 0xdf, 0x2a, 0xff, 0x53, 0xff, 0x5e, 0x06, 0x8b, 0x7e  ; 10D2
    db 0x0a, 0x47, 0x8b, 0xd7, 0x00, 0x56, 0xf9, 0x8a, 0x56, 0xf9, 0x2a, 0xf6, 0x8b, 0xc2, 0x8b, 0xe5  ; 10E2
    db 0x5d, 0xca, 0x04, 0x00, 0x55, 0x8b, 0xec, 0x83, 0xec, 0x06, 0xc6, 0x06, 0xf4, 0x04, 0x00, 0x80  ; 10F2
    db 0x0e, 0x03, 0x06, 0x01, 0x8b, 0xe5, 0x5d, 0xcb, 0x55, 0x8b, 0xec, 0x83, 0xec, 0x06, 0xc4, 0x3e  ; 1102
    db 0x32, 0x07, 0x26, 0x80, 0x7d, 0x1f, 0x1e, 0x74, 0x23, 0x83, 0x3e, 0x00, 0x06, 0x01, 0x74, 0x07  ; 1112
    db 0x83, 0x3e, 0x00, 0x06, 0x04, 0x75, 0x0d, 0xc6, 0x06, 0xf4, 0x04, 0x04, 0x80, 0x0e, 0x03, 0x06  ; 1122
    db 0x01, 0xe9, 0x22, 0x00, 0xc6, 0x06, 0x23, 0x06, 0x04, 0xe9, 0x1a, 0x00, 0x83, 0x3e, 0x00, 0x06  ; 1132
    db 0x00, 0x75, 0x08, 0xc6, 0x06, 0x23, 0x06, 0x04, 0xe9, 0x0b, 0x00, 0xa0, 0x00, 0x06, 0xa2, 0xf4  ; 1142
    db 0x04, 0x80, 0x0e, 0x03, 0x06, 0x01, 0x8b, 0xe5, 0x5d, 0xcb, 0x55, 0x8b, 0xec, 0x83, 0xec, 0x06  ; 1152
    db 0xc4, 0x3e, 0x32, 0x07, 0x26, 0x80, 0x7d, 0x1f, 0x1e, 0x74, 0x1e, 0x83, 0x3e, 0x00, 0x06, 0x01  ; 1162
    db 0x74, 0x07, 0x83, 0x3e, 0x00, 0x06, 0x04, 0x75, 0x08, 0xc6, 0x06, 0xf5, 0x04, 0x04, 0xe9, 0x1d  ; 1172
    db 0x00, 0xc6, 0x06, 0x23, 0x06, 0x04, 0xe9, 0x15, 0x00, 0x83, 0x3e, 0x00, 0x06, 0x00, 0x75, 0x08  ; 1182
    db 0xc6, 0x06, 0x23, 0x06, 0x04, 0xe9, 0x06, 0x00, 0xa0, 0x00, 0x06, 0xa2, 0xf5, 0x04, 0x8b, 0xe5  ; 1192
    db 0x5d, 0xcb, 0x55, 0x8b, 0xec, 0x83, 0xec, 0x06, 0x80, 0x3e, 0xfe, 0x05, 0x0e, 0x75, 0x05, 0x2b  ; 11A2
    db 0xff, 0xe9, 0x03, 0x00, 0xbf, 0x01, 0x00, 0x8b, 0xd7, 0xc4, 0x3e, 0x3a, 0x07, 0x26, 0x88, 0x55  ; 11B2
    db 0x34, 0x80, 0x0e, 0x03, 0x06, 0x01, 0x8b, 0xe5, 0x5d, 0xcb, 0x55, 0x8b, 0xec, 0x83, 0xec, 0x06  ; 11C2
    db 0x80, 0x3e, 0xfe, 0x05, 0x04, 0x75, 0x0c, 0xc4, 0x3e, 0x3a, 0x07, 0x26, 0xc6, 0x45, 0x2f, 0x00  ; 11D2
    db 0xe9, 0x1c, 0x00, 0x80, 0x3e, 0xfe, 0x05, 0x09, 0x75, 0x0c, 0xc4, 0x3e, 0x3a, 0x07, 0x26, 0xc6  ; 11E2
    db 0x45, 0x2f, 0x01, 0xe9, 0x09, 0x00, 0xc4, 0x3e, 0x3a, 0x07, 0x26, 0xc6, 0x45, 0x2f, 0x02, 0x80  ; 11F2
    db 0x0e, 0x03, 0x06, 0x01, 0x8b, 0xe5, 0x5d, 0xcb, 0x55, 0x8b, 0xec, 0x83, 0xec, 0x06, 0x80, 0x3e  ; 1202
    db 0xf4, 0x04, 0x00, 0x75, 0x0c, 0xc4, 0x3e, 0xf2, 0x06, 0x8b, 0xd7, 0x8d, 0x7d, 0x0e, 0xe9, 0x0a  ; 1212
    db 0x00, 0xc4, 0x3e, 0xf2, 0x06, 0x8b, 0xd7, 0x8d, 0xbd, 0x7b, 0x01, 0x06, 0x57, 0x9a, 0x0b, 0x01  ; 1222
    db 0xc9, 0x82, 0x80, 0x3e, 0xf4, 0x04, 0x01, 0x72, 0x18, 0x80, 0x3e, 0xf4, 0x04, 0x04, 0x77, 0x11  ; 1232
    db 0xa0, 0xf4, 0x04, 0x2a, 0xe4, 0x05, 0x30, 0x00, 0x50, 0x9a, 0xb1, 0x05, 0xc9, 0x82, 0xe9, 0x15  ; 1242
    db 0x00, 0x80, 0x3e, 0xf4, 0x04, 0x05, 0x72, 0x0e, 0xa0, 0xf4, 0x04, 0x2a, 0xe4, 0x05, 0x3c, 0x00  ; 1252
    db 0x50, 0x9a, 0xb1, 0x05, 0xc9, 0x82, 0x2b, 0xdb, 0x8e, 0xc3, 0x8b, 0xe5, 0x5d, 0xcb, 0x55, 0x8b  ; 1262
    db 0xec, 0x83, 0xec, 0x06, 0x51, 0xc4, 0x3e, 0xf2, 0x06, 0x8d, 0x95, 0x7b, 0x01, 0x06, 0x52, 0x9a  ; 1272
    db 0x0b, 0x01, 0xc9, 0x82, 0x80, 0x3e, 0xf5, 0x04, 0x01, 0x72, 0x11, 0x80, 0x3e, 0xf5, 0x04, 0x04  ; 1282
    db 0x77, 0x0a, 0xa0, 0xf5, 0x04, 0x04, 0x30, 0x8a, 0xc8, 0xe9, 0x18, 0x00, 0x80, 0x3e, 0xf5, 0x04  ; 1292
    db 0x05, 0x72, 0x0a, 0xa0, 0xf5, 0x04, 0x04, 0x3c, 0x8a, 0xc8, 0xe9, 0x07, 0x00, 0xb1, 0x31, 0xc6  ; 12A2
    db 0x06, 0xf5, 0x04, 0x01, 0x8a, 0xd1, 0x2a, 0xf6, 0x52, 0x9a, 0xb1, 0x05, 0xc9, 0x82, 0x2b, 0xdb  ; 12B2
    db 0x8e, 0xc3, 0x59, 0x8b, 0xe5, 0x5d, 0xcb, 0x55, 0x8b, 0xec, 0x83, 0xec, 0x06, 0xc4, 0x3e, 0x3a  ; 12C2
    db 0x07, 0x26, 0x80, 0x7d, 0x34, 0x00, 0x75, 0x06, 0xbf, 0x01, 0x00, 0xe9, 0x02, 0x00, 0x2b, 0xff  ; 12D2
    db 0xba, 0x00, 0x00, 0x0b, 0xd7, 0x74, 0x0c, 0xc4, 0x16, 0xf2, 0x06, 0x8b, 0xfa, 0x83, 0xc7, 0x60  ; 12E2
    db 0xe9, 0x09, 0x00, 0xc4, 0x3e, 0xf2, 0x06, 0x8b, 0xd7, 0x8d, 0x7d, 0x64, 0x8b, 0xdf, 0x8b, 0xe5  ; 12F2
    db 0x5d, 0xcb, 0x55, 0x8b, 0xec, 0x83, 0xec, 0x06, 0xc4, 0x3e, 0x3a, 0x07, 0x26, 0x80, 0x7d, 0x2f  ; 1302
    db 0x00, 0x75, 0x0c, 0xc4, 0x16, 0xf2, 0x06, 0x8b, 0xda, 0x83, 0xc3, 0x16, 0xe9, 0x1f, 0x00, 0xc4  ; 1312
    db 0x3e, 0x3a, 0x07, 0x26, 0x80, 0x7d, 0x2f, 0x01, 0x75, 0x0c, 0xc4, 0x16, 0xf2, 0x06, 0x8b, 0xda  ; 1322
    db 0x83, 0xc3, 0x3b, 0xe9, 0x08, 0x00, 0xc4, 0x3e, 0xf2, 0x06, 0x8d, 0x9d, 0xfb, 0x00, 0x8b, 0xe5  ; 1332
    db 0x5d, 0xcb, 0x55, 0x8b, 0xec, 0x83, 0xec, 0x0e, 0x80, 0x3e, 0xf4, 0x04, 0x04, 0x77, 0x53, 0xa0  ; 1342
    db 0xf4, 0x04, 0x2a, 0xe4, 0x89, 0x46, 0xf8, 0xc7, 0x46, 0xf2, 0x00, 0x05, 0x8c, 0x5e, 0xf4, 0xbf  ; 1352
    db 0x41, 0x00, 0x57, 0x9a, 0x0e, 0x00, 0x70, 0x94, 0xc4, 0x7e, 0xf2, 0x06, 0x57, 0x83, 0x7e, 0xf8  ; 1362
    db 0x04, 0x74, 0x06, 0x8b, 0x56, 0xf8, 0xe9, 0x03, 0x00, 0xba, 0x01, 0x00, 0x52, 0x9a, 0x9b, 0x0c  ; 1372
    db 0xeb, 0x85, 0x83, 0xc4, 0x04, 0x89, 0x46, 0xf6, 0xbf, 0x80, 0x8f, 0x57, 0x9a, 0x0e, 0x00, 0x70  ; 1382
    db 0x94, 0x83, 0x7e, 0xf6, 0x00, 0x74, 0x16, 0xc6, 0x06, 0x23, 0x06, 0x22, 0xb8, 0x22, 0x00, 0xe9  ; 1392
    db 0x5c, 0x00, 0xc6, 0x06, 0x23, 0x06, 0x15, 0xb8, 0x15, 0x00, 0xe9, 0x51, 0x00, 0xc4, 0x3e, 0x3a  ; 13A2
    db 0x07, 0x26, 0x80, 0x7d, 0x34, 0x00, 0x75, 0x11, 0xa0, 0x26, 0x05, 0x24, 0x02, 0x3c, 0x00, 0x75  ; 13B2
    db 0x16, 0xc6, 0x06, 0x23, 0x06, 0x15, 0xe9, 0x0e, 0x00, 0xa0, 0x27, 0x05, 0x24, 0x02, 0x3c, 0x00  ; 13C2
    db 0x75, 0x05, 0xc6, 0x06, 0x23, 0x06, 0x15, 0xa0, 0x00, 0x05, 0x24, 0x01, 0x3c, 0x00, 0x74, 0x0e  ; 13D2
    db 0x83, 0x7e, 0xf8, 0x01, 0x75, 0x13, 0xc6, 0x06, 0x23, 0x06, 0x22, 0xe9, 0x0b, 0x00, 0x83, 0x7e  ; 13E2
    db 0xf8, 0x04, 0x75, 0x05, 0xc6, 0x06, 0x23, 0x06, 0x22, 0xa0, 0x23, 0x06, 0x2a, 0xe4, 0x8b, 0xe5  ; 13F2
    db 0x5d, 0xcb  ; 1402
print_signed_decimal_serial:
    push bp                                  ; 1404: push bp
    db 0x8b, 0xec  ; 1405: mov bp, sp (not byte-exact via NASM - see NOTES.md)
    sub sp, 6                                ; 1407: sub sp, 6
    cmp word [bp + 6], 0                     ; 140A: cmp word ptr [bp + 6], 0
    jge short 0x1421                         ; 140E: jge 0x1161
    mov di, 0x2d                             ; 1410: mov di, 0x2d
    push di                                  ; 1413: push di
    call 0x82c9:0x05b1                       ; 1414: lcall 0x82c9, 0x5b1
    mov di, word [bp + 6]                    ; 1419: mov di, word ptr [bp + 6]
    neg di                                   ; 141C: neg di
    mov word [bp + 6], di                    ; 141E: mov word ptr [bp + 6], di
L_81421:
    push word [bp + 6]                       ; 1421: push word ptr [bp + 6]
    call 0x802c:0x116f                       ; 1424: lcall 0x802c, 0x116f
    db 0x8b, 0xe5  ; 1429: mov sp, bp (not byte-exact via NASM - see NOTES.md)
    pop bp                                   ; 142B: pop bp
    retf 2                                   ; 142C: retf 2
print_unsigned_decimal_serial:
    push bp                                  ; 142F: push bp
    db 0x8b, 0xec  ; 1430: mov bp, sp (not byte-exact via NASM - see NOTES.md)
    sub sp, 0xc                              ; 1432: sub sp, 0xc
    push si                                  ; 1435: push si
    mov byte [bp - 7], 0                     ; 1436: mov byte ptr [bp - 7], 0
    mov si, 5                                ; 143A: mov si, 5
L_8143D:
    mov ax, word [bp + 6]                    ; 143D: mov ax, word ptr [bp + 6]
    db 0x2b, 0xd2  ; 1440: sub dx, dx (not byte-exact via NASM - see NOTES.md)
    mov di, 0xa                              ; 1442: mov di, 0xa
    div di                                   ; 1445: div di
    add dx, 0x30                             ; 1447: add dx, 0x30
    db 0x8b, 0xda  ; 144A: mov bx, dx (not byte-exact via NASM - see NOTES.md)
    dec si                                   ; 144C: dec si
    mov byte [bp + si - 0xc], bl             ; 144D: mov byte ptr [bp + si - 0xc], bl
    mov ax, word [bp + 6]                    ; 1450: mov ax, word ptr [bp + 6]
    db 0x2b, 0xd2  ; 1453: sub dx, dx (not byte-exact via NASM - see NOTES.md)
    div di                                   ; 1455: div di
    mov word [bp + 6], ax                    ; 1457: mov word ptr [bp + 6], ax
    cmp ax, strict word 0                    ; 145A: cmp ax, 0
    ja short 0x143d                          ; 145D: ja 0x117d
    lea dx, [bp + si - 0xc]                  ; 145F: lea dx, [bp + si - 0xc]
    push ss                                  ; 1462: push ss
    push dx                                  ; 1463: push dx
    call 0x82c9:0x0071                       ; 1464: lcall 0x82c9, 0x71
    pop si                                   ; 1469: pop si
    db 0x8b, 0xe5  ; 146A: mov sp, bp (not byte-exact via NASM - see NOTES.md)
    pop bp                                   ; 146C: pop bp
    retf 2                                   ; 146D: retf 2
    db 0x55, 0x8b, 0xec, 0x83, 0xec, 0x0e, 0x51, 0x8a, 0x56, 0x06, 0x38, 0x56, 0xf5, 0x75, 0x00, 0xc4  ; 1470
    db 0x3e, 0x0e, 0x07, 0x89, 0x7e, 0xf6, 0x8c, 0x46, 0xf8, 0x8b, 0x56, 0x08, 0x81, 0xe2, 0x01, 0x00  ; 1480
    db 0x83, 0xfa, 0x00, 0x74, 0x35, 0x8b, 0x56, 0x08, 0x81, 0xe2, 0x04, 0x00, 0x83, 0xfa, 0x00, 0x75  ; 1490
    db 0x07, 0x83, 0x46, 0x06, 0x15, 0xe9, 0xcf, 0x00, 0x8b, 0x7e, 0x08, 0x81, 0xe7, 0x02, 0x00, 0x83  ; 14A0
    db 0xff, 0x00, 0x74, 0x0b, 0x83, 0x46, 0xf6, 0x0c, 0x83, 0x46, 0x06, 0x10, 0xe9, 0xb8, 0x00, 0x83  ; 14B0
    db 0x46, 0xf6, 0x12, 0x83, 0x46, 0x06, 0x09, 0xe9, 0xad, 0x00, 0x8b, 0x7e, 0x08, 0x81, 0xe7, 0x04  ; 14C0
    db 0x00, 0x83, 0xff, 0x00, 0x75, 0x1e, 0x8b, 0x7e, 0x08, 0x81, 0xe7, 0x10, 0x00, 0x83, 0xff, 0x00  ; 14D0
    db 0x74, 0x0b, 0x83, 0x46, 0xf6, 0x0c, 0x83, 0x46, 0x06, 0x09, 0xe9, 0x8a, 0x00, 0x83, 0x46, 0x06  ; 14E0
    db 0x08, 0xe9, 0x83, 0x00, 0x8b, 0x7e, 0x08, 0x81, 0xe7, 0x02, 0x00, 0x83, 0xff, 0x00, 0x74, 0x22  ; 14F0
    db 0x8b, 0x7e, 0x08, 0x81, 0xe7, 0x10, 0x00, 0x83, 0xff, 0x00, 0x74, 0x0d, 0x83, 0x46, 0xf6, 0x0c  ; 1500
    db 0x83, 0x46, 0x06, 0x03, 0xb1, 0x04, 0xe9, 0x06, 0x00, 0x83, 0x46, 0x06, 0x02, 0xb1, 0x01, 0xe9  ; 1510
    db 0x55, 0x00, 0x8b, 0x7e, 0x08, 0x81, 0xe7, 0x20, 0x00, 0x83, 0xff, 0x00, 0x74, 0x26, 0x8b, 0x7e  ; 1520
    db 0x08, 0x81, 0xe7, 0x10, 0x00, 0x83, 0xff, 0x00, 0x74, 0x0d, 0x83, 0x46, 0xf6, 0x2a, 0x83, 0x46  ; 1530
    db 0x06, 0x05, 0xb1, 0x10, 0xe9, 0x0a, 0x00, 0x83, 0x46, 0xf6, 0x0c, 0x83, 0x46, 0x06, 0x03, 0xb1  ; 1540
    db 0x04, 0xe9, 0x23, 0x00, 0x8b, 0x7e, 0x08, 0x81, 0xe7, 0x10, 0x00, 0x83, 0xff, 0x00, 0x74, 0x0d  ; 1550
    db 0x83, 0x46, 0xf6, 0x23, 0x83, 0x46, 0x06, 0x04, 0xb1, 0x08, 0xe9, 0x0a, 0x00, 0x83, 0x46, 0xf6  ; 1560
    db 0x06, 0x83, 0x46, 0x06, 0x03, 0xb1, 0x02, 0x80, 0x7e, 0xf5, 0x19, 0x75, 0x19, 0x8a, 0xc1, 0x98  ; 1570
    db 0x50, 0x9a, 0x6f, 0x11, 0x2c, 0x80, 0xbf, 0xf1, 0x90, 0x57, 0xba, 0xce, 0x02, 0x52, 0x9a, 0x71  ; 1580
    db 0x00, 0xc9, 0x82, 0xe9, 0x94, 0x01, 0x8b, 0x46, 0x06, 0x99, 0xbf, 0x03, 0x00, 0xf7, 0xff, 0x99  ; 1590
    db 0xf7, 0xff, 0x88, 0x56, 0xf3, 0x8b, 0x46, 0x06, 0x99, 0xf7, 0xff, 0x88, 0x56, 0xf4, 0xe9, 0x10  ; 15A0
    db 0x00, 0xc4, 0x7e, 0xf6, 0x26, 0x8a, 0x15, 0x2a, 0xf6, 0x42, 0x01, 0x56, 0xf6, 0x80, 0x46, 0xf4  ; 15B0
    db 0xff, 0x80, 0x7e, 0xf4, 0x00, 0x77, 0xea, 0xc4, 0x7e, 0xf6, 0xff, 0x46, 0xf6, 0x26, 0x8a, 0x0d  ; 15C0
    db 0x80, 0x7e, 0xf3, 0x00, 0x75, 0x0c, 0xba, 0x30, 0x00, 0x52, 0x9a, 0xb1, 0x05, 0xc9, 0x82, 0xe9  ; 15D0
    db 0x53, 0x00, 0x80, 0x7e, 0xf3, 0x01, 0x75, 0x16, 0xc4, 0x7e, 0xf6, 0xff, 0x46, 0xf6, 0x26, 0x8a  ; 15E0
    db 0x15, 0x2a, 0xf6, 0x52, 0x9a, 0xb1, 0x05, 0xc9, 0x82, 0xfe, 0xc9, 0xe9, 0x37, 0x00, 0xc4, 0x7e  ; 15F0
    db 0xf6, 0xff, 0x46, 0xf6, 0x26, 0x8a, 0x15, 0x2a, 0xf6, 0x52, 0x9a, 0xb1, 0x05, 0xc9, 0x82, 0xfe  ; 1600
    db 0xc9, 0x80, 0xf9, 0x00, 0x74, 0x16, 0xc4, 0x7e, 0xf6, 0xff, 0x46, 0xf6, 0x26, 0x8a, 0x15, 0x2a  ; 1610
    db 0xf6, 0x52, 0x9a, 0xb1, 0x05, 0xc9, 0x82, 0xfe, 0xc9, 0xe9, 0x09, 0x00, 0xbf, 0x30, 0x00, 0x57  ; 1620
    db 0x9a, 0xb1, 0x05, 0xc9, 0x82, 0xbf, 0x2e, 0x00, 0x57, 0x9a, 0xb1, 0x05, 0xc9, 0x82, 0x80, 0xf9  ; 1630
    db 0x00, 0x74, 0x1e, 0xe9, 0x13, 0x00, 0xc4, 0x7e, 0xf6, 0xff, 0x46, 0xf6, 0x26, 0x8a, 0x15, 0x2a  ; 1640
    db 0xf6, 0x52, 0x9a, 0xb1, 0x05, 0xc9, 0x82, 0xfe, 0xc9, 0x80, 0xf9, 0x00, 0x7f, 0xe8, 0xe9, 0x09  ; 1650
    db 0x00, 0xbf, 0x30, 0x00, 0x57, 0x9a, 0xb1, 0x05, 0xc9, 0x82, 0x8b, 0x46, 0x06, 0x99, 0xbf, 0x09  ; 1660
    db 0x00, 0xf7, 0xff, 0x8b, 0xd0, 0x88, 0x56, 0xf2, 0x8b, 0x5e, 0x08, 0x81, 0xe3, 0x08, 0x00, 0x83  ; 1670
    db 0xfb, 0x00, 0x74, 0x49, 0xbb, 0x45, 0x00, 0x53, 0x9a, 0xb1, 0x05, 0xc9, 0x82, 0x80, 0x7e, 0xf2  ; 1680
    db 0x03, 0x7c, 0x06, 0xbf, 0x2b, 0x00, 0xe9, 0x03, 0x00, 0xbf, 0x2d, 0x00, 0x57, 0x9a, 0xb1, 0x05  ; 1690
    db 0xc9, 0x82, 0x80, 0x46, 0xf2, 0xfd, 0x80, 0x7e, 0xf2, 0x00, 0x7d, 0x0c, 0x8a, 0x56, 0xf2, 0x8a  ; 16A0
    db 0xc2, 0xb4, 0xff, 0xf6, 0xec, 0x88, 0x46, 0xf2, 0x8a, 0x46, 0xf2, 0x98, 0xba, 0x03, 0x00, 0xf7  ; 16B0
    db 0xea, 0x05, 0x30, 0x00, 0x50, 0x9a, 0xb1, 0x05, 0xc9, 0x82, 0xe9, 0x5d, 0x00, 0x80, 0x7e, 0xf2  ; 16C0
    db 0x00, 0x75, 0x07, 0xc6, 0x46, 0xf4, 0x6e, 0xe9, 0x24, 0x00, 0x80, 0x7e, 0xf2, 0x01, 0x75, 0x07  ; 16D0
    db 0xc6, 0x46, 0xf4, 0x75, 0xe9, 0x17, 0x00, 0x80, 0x7e, 0xf2, 0x02, 0x75, 0x07, 0xc6, 0x46, 0xf4  ; 16E0
    db 0x6d, 0xe9, 0x0a, 0x00, 0x80, 0x7e, 0xf2, 0x04, 0x75, 0x04, 0xc6, 0x46, 0xf4, 0x6b, 0x80, 0x7e  ; 16F0
    db 0xf2, 0x03, 0x74, 0x0b, 0x8a, 0x56, 0xf4, 0x2a, 0xf6, 0x52, 0x9a, 0xb1, 0x05, 0xc9, 0x82, 0x8b  ; 1700
    db 0x7e, 0x08, 0x81, 0xe7, 0x01, 0x00, 0x83, 0xff, 0x00, 0x74, 0x06, 0xbf, 0x56, 0x00, 0xe9, 0x03  ; 1710
    db 0x00, 0xbf, 0x53, 0x00, 0x57, 0x9a, 0xb1, 0x05, 0xc9, 0x82, 0x59, 0x8b, 0xe5, 0x5d, 0xca, 0x02  ; 1720
    db 0x00, 0x55, 0x8b, 0xec, 0x83, 0xec, 0x0c, 0x56, 0x8b, 0x7e, 0x0a, 0x89, 0x7e, 0xf4, 0xc7, 0x06  ; 1730
    db 0x46, 0x06, 0x00, 0x00, 0x80, 0x3e, 0x04, 0x00, 0x25, 0x75, 0x08, 0xc6, 0x06, 0xfe, 0x04, 0x01  ; 1740
    db 0xe9, 0x45, 0x00, 0x80, 0x3e, 0x04, 0x00, 0x23, 0x75, 0x14, 0x9a, 0x47, 0x03, 0xc9, 0x82, 0x80  ; 1750
    db 0x3e, 0x04, 0x00, 0x48, 0x75, 0x05, 0xc6, 0x06, 0xfe, 0x04, 0x02, 0xe9, 0x2a, 0x00, 0x80, 0x3e  ; 1760
    db 0x04, 0x00, 0x30, 0x72, 0x1a, 0x80, 0x3e, 0x04, 0x00, 0x39, 0x77, 0x13, 0xc7, 0x06, 0x46, 0x06  ; 1770
    db 0x00, 0x01, 0xc6, 0x06, 0xfe, 0x04, 0x00, 0x9a, 0x79, 0x04, 0x87, 0x96, 0xe9, 0x09, 0x00, 0x81  ; 1780
    db 0x0e, 0x46, 0x06, 0x01, 0x00, 0xe9, 0x4e, 0x01, 0x80, 0x3e, 0xfe, 0x04, 0x00, 0x74, 0x2d, 0x9a  ; 1790
    db 0xd1, 0x16, 0x2c, 0x80, 0x89, 0x46, 0xf8, 0x8a, 0x56, 0xf8, 0x02, 0x56, 0xf9, 0x88, 0x56, 0xf7  ; 17A0
    db 0xff, 0x4e, 0xf8, 0x8b, 0x7e, 0x0a, 0x39, 0x7e, 0xf8, 0x74, 0x11, 0x39, 0x7e, 0xf8, 0x73, 0x06  ; 17B0
    db 0x8b, 0x5e, 0xf8, 0x89, 0x5e, 0x0a, 0x81, 0x0e, 0x46, 0x06, 0x20, 0x00, 0x80, 0x3e, 0x5b, 0x05  ; 17C0
    db 0x02, 0x75, 0x6e, 0x2b, 0xf6, 0xe9, 0x5f, 0x00, 0x9a, 0xd1, 0x16, 0x2c, 0x80, 0x89, 0x46, 0xf8  ; 17D0
    db 0x80, 0x3e, 0x23, 0x06, 0x00, 0x75, 0x62, 0xa1, 0x46, 0x06, 0x25, 0x4f, 0x02, 0x3d, 0x00, 0x00  ; 17E0
    db 0x75, 0x57, 0x8a, 0x56, 0xf8, 0x02, 0x56, 0xf9, 0x00, 0x56, 0xf7, 0x80, 0x3e, 0x57, 0x05, 0x62  ; 17F0
    db 0x75, 0x0c, 0xc4, 0x7e, 0x06, 0x8b, 0x5e, 0xf8, 0x26, 0x89, 0x1d, 0xe9, 0x22, 0x00, 0x8b, 0xfe  ; 1800
    db 0x81, 0xe7, 0x02, 0x00, 0x83, 0xff, 0x00, 0x74, 0x0d, 0x8b, 0x7e, 0xf8, 0xc4, 0x5e, 0x06, 0x26  ; 1810
    db 0x89, 0x7f, 0xfe, 0xe9, 0x0a, 0x00, 0x8b, 0x7e, 0xf8, 0xc4, 0x5e, 0x06, 0x26, 0x89, 0x7f, 0x02  ; 1820
    db 0x83, 0xc6, 0x02, 0x83, 0x46, 0x06, 0x02, 0x8b, 0x7e, 0x0a, 0x3b, 0xf7, 0x7c, 0x9a, 0xe9, 0x08  ; 1830
    db 0x00, 0xe9, 0x00, 0x00, 0x2b, 0xf6, 0xe9, 0x59, 0x00, 0xe9, 0x5d, 0x00, 0x9a, 0x49, 0x16, 0x2c  ; 1840
    db 0x80, 0x89, 0x46, 0xf8, 0x80, 0x3e, 0x23, 0x06, 0x00, 0x75, 0x4e, 0xa1, 0x46, 0x06, 0x25, 0x4f  ; 1850
    db 0x02, 0x3d, 0x00, 0x00, 0x75, 0x43, 0x8a, 0x56, 0xf8, 0x00, 0x56, 0xf7, 0x80, 0x3e, 0x57, 0x05  ; 1860
    db 0x62, 0x75, 0x09, 0xc4, 0x7e, 0x06, 0x26, 0x88, 0x15, 0xe9, 0x22, 0x00, 0x8b, 0xfe, 0x81, 0xe7  ; 1870
    db 0x01, 0x00, 0x83, 0xff, 0x00, 0x74, 0x0d, 0x8a, 0x56, 0xf8, 0xc4, 0x7e, 0x06, 0x26, 0x88, 0x55  ; 1880
    db 0xff, 0xe9, 0x0a, 0x00, 0x8a, 0x56, 0xf8, 0xc4, 0x7e, 0x06, 0x26, 0x88, 0x55, 0x01, 0xff, 0x46  ; 1890
    db 0x06, 0x46, 0x8b, 0x7e, 0x0a, 0x3b, 0xf7, 0x7c, 0xa3, 0x80, 0x3e, 0x23, 0x06, 0x00, 0x75, 0x36  ; 18A0
    db 0xa1, 0x46, 0x06, 0x25, 0x4f, 0x01, 0x3d, 0x00, 0x00, 0x75, 0x2b, 0x9a, 0x49, 0x16, 0x2c, 0x80  ; 18B0
    db 0x8b, 0xd0, 0x00, 0x56, 0xf7, 0x80, 0x7e, 0xf7, 0x00, 0x74, 0x06, 0x81, 0x0e, 0x46, 0x06, 0x40  ; 18C0
    db 0x00, 0xa0, 0xfe, 0x04, 0xc4, 0x3e, 0x3a, 0x07, 0x26, 0x8a, 0x55, 0x2f, 0x3a, 0xc2, 0x74, 0x06  ; 18D0
    db 0x81, 0x0e, 0x46, 0x06, 0x10, 0x00, 0x80, 0x3e, 0x02, 0x00, 0x00, 0x75, 0x05, 0x9a, 0x47, 0x03  ; 18E0
    db 0xc9, 0x82, 0xa1, 0x46, 0x06, 0x25, 0x7f, 0x00, 0x3d, 0x00, 0x00, 0x74, 0x05, 0x9a, 0x9b, 0x17  ; 18F0
    db 0x2c, 0x80, 0x5e, 0x8b, 0xe5, 0x5d, 0xca, 0x04, 0x00, 0x55, 0x8b, 0xec, 0x83, 0xec, 0x06, 0x56  ; 1900
    db 0x80, 0x3e, 0xfe, 0x04, 0x01, 0x75, 0x29, 0x9a, 0x2b, 0x01, 0x87, 0x96, 0x80, 0x3e, 0x02, 0x00  ; 1910
    db 0x00, 0x74, 0x0e, 0xa0, 0xf1, 0x04, 0x24, 0x20, 0x3c, 0x00, 0x74, 0x05, 0x9a, 0x75, 0x05, 0x87  ; 1920
    db 0x96, 0xa0, 0x04, 0x00, 0x2a, 0xe4, 0x8b, 0xf0, 0x9a, 0x32, 0x00, 0x87, 0x96, 0xe9, 0x4a, 0x00  ; 1930
    db 0x80, 0x3e, 0xfe, 0x04, 0x02, 0x75, 0x1b, 0x9a, 0x47, 0x03, 0xc9, 0x82, 0x80, 0x3e, 0x23, 0x06  ; 1940
    db 0x00, 0x75, 0x07, 0x9a, 0xaa, 0x02, 0xc9, 0x82, 0x8b, 0xf0, 0x9a, 0x32, 0x00, 0x87, 0x96, 0xe9  ; 1950
    db 0x28, 0x00, 0x9a, 0x30, 0x17, 0x2c, 0x80, 0xa1, 0x46, 0x06, 0x25, 0x4f, 0x02, 0x3d, 0x00, 0x00  ; 1960
    db 0x74, 0x05, 0x2b, 0xc0, 0xe9, 0x15, 0x00, 0x9a, 0x64, 0x0a, 0xc9, 0x82, 0x8b, 0xf0, 0x81, 0xfe  ; 1970
    db 0x00, 0x01, 0x72, 0x06, 0x81, 0x0e, 0x46, 0x06, 0x02, 0x00, 0x8b, 0xc6, 0x5e, 0x8b, 0xe5, 0x5d  ; 1980
    db 0xcb, 0x55, 0x8b, 0xec, 0x83, 0xec, 0x08, 0x80, 0x3e, 0xfe, 0x04, 0x00, 0x75, 0x20, 0x9a, 0x30  ; 1990
    db 0x17, 0x2c, 0x80, 0xa1, 0x46, 0x06, 0x25, 0x4f, 0x02, 0x3d, 0x00, 0x00, 0x74, 0x05, 0x2b, 0xc0  ; 19A0
    db 0xe9, 0x39, 0x00, 0x9a, 0x64, 0x0a, 0xc9, 0x82, 0x89, 0x46, 0xf8, 0xe9, 0x2b, 0x00, 0x9a, 0x49  ; 19B0
    db 0x16, 0x2c, 0x80, 0x8b, 0xd0, 0x88, 0x56, 0xf9, 0x80, 0x3e, 0x23, 0x06, 0x00, 0x75, 0x0b, 0xa1  ; 19C0
    db 0x46, 0x06, 0x25, 0x4f, 0x00, 0x3d, 0x00, 0x00, 0x74, 0x05, 0x2b, 0xc0, 0xe9, 0x0d, 0x00, 0x9a  ; 19D0
    db 0x49, 0x16, 0x2c, 0x80, 0x8b, 0xd0, 0x88, 0x56, 0xf8, 0x8b, 0x46, 0xf8, 0x8b, 0xe5, 0x5d, 0xcb  ; 19E0
    db 0x55, 0x8b, 0xec, 0x83, 0xec, 0x08, 0xc6, 0x46, 0xf9, 0x00, 0x80, 0x3e, 0x02, 0x00, 0x00, 0x75  ; 19F0
    db 0x07, 0x80, 0x3e, 0x04, 0x00, 0x3b, 0x75, 0x09, 0x81, 0x0e, 0x46, 0x06, 0x00, 0x02, 0xe9, 0x46  ; 1A00
    db 0x00, 0x80, 0x3e, 0x04, 0x00, 0x30, 0x72, 0x07, 0x80, 0x3e, 0x04, 0x00, 0x39, 0x76, 0x38, 0x80  ; 1A10
    db 0x3e, 0x04, 0x00, 0x2c, 0x75, 0x14, 0x8a, 0x56, 0xf9, 0xfe, 0x46, 0xf9, 0x80, 0xfa, 0x00, 0x74  ; 1A20
    db 0x19, 0x81, 0x0e, 0x46, 0x06, 0x04, 0x00, 0xe9, 0x1d, 0x00, 0x80, 0x3e, 0x04, 0x00, 0x20, 0x74  ; 1A30
    db 0x09, 0x81, 0x0e, 0x46, 0x06, 0x08, 0x00, 0xe9, 0x0d, 0x00, 0x9a, 0x32, 0x00, 0x87, 0x96, 0x9a  ; 1A40
    db 0x47, 0x03, 0xc9, 0x82, 0xe9, 0xa3, 0xff, 0x8b, 0xe5, 0x5d, 0xcb, 0x55, 0x8b, 0xec, 0x83, 0xec  ; 1A50
    db 0x06, 0xa1, 0x46, 0x06, 0x25, 0x4f, 0x00, 0x3d, 0x00, 0x00, 0x74, 0x5c, 0xa1, 0x46, 0x06, 0x25  ; 1A60
    db 0x01, 0x00, 0x3d, 0x00, 0x00, 0x74, 0x08, 0xc6, 0x06, 0x23, 0x06, 0x0f, 0xe9, 0x49, 0x00, 0xa1  ; 1A70
    db 0x46, 0x06, 0x25, 0x02, 0x00, 0x3d, 0x00, 0x00, 0x74, 0x08, 0xc6, 0x06, 0x23, 0x06, 0x15, 0xe9  ; 1A80
    db 0x36, 0x00, 0xa1, 0x46, 0x06, 0x25, 0x04, 0x00, 0x3d, 0x00, 0x00, 0x74, 0x08, 0xc6, 0x06, 0x23  ; 1A90
    db 0x06, 0x07, 0xe9, 0x23, 0x00, 0xa1, 0x46, 0x06, 0x25, 0x08, 0x00, 0x3d, 0x00, 0x00, 0x74, 0x08  ; 1AA0
    db 0xc6, 0x06, 0x23, 0x06, 0x05, 0xe9, 0x10, 0x00, 0xa1, 0x46, 0x06, 0x25, 0x40, 0x00, 0x3d, 0x00  ; 1AB0
    db 0x00, 0x74, 0x05, 0xc6, 0x06, 0x23, 0x06, 0x09, 0xa1, 0x46, 0x06, 0x25, 0x30, 0x00, 0x3d, 0x00  ; 1AC0
    db 0x00, 0x74, 0x09, 0xbf, 0x39, 0x00, 0x57, 0x9a, 0xf1, 0x01, 0x11, 0x85, 0x8b, 0xe5, 0x5d, 0xcb  ; 1AD0
    db 0xff, 0x55, 0x8b, 0xec, 0x83, 0xec, 0x20, 0xc4, 0x3e, 0x32, 0x07, 0x89, 0x7e, 0xe0, 0x8c, 0x46  ; 1AE0
    db 0xe2, 0xc4, 0x1e, 0x32, 0x07, 0x26, 0x80, 0x8f, 0x97, 0x00, 0x09, 0x9a, 0x41, 0x0d, 0xc9, 0x82  ; 1AF0
    db 0xbf, 0x41, 0x00, 0x57, 0x9a, 0x0e, 0x00, 0x70, 0x94, 0x89, 0x46, 0xf8, 0xe9, 0x05, 0x00, 0x9a  ; 1B00
    db 0x0c, 0x00, 0x93, 0xe6, 0xbf, 0x03, 0x00, 0x57, 0x9a, 0x0a, 0x00, 0xc2, 0xf0, 0x3d, 0x00, 0x00  ; 1B10
    db 0x75, 0xed, 0xff, 0x76, 0xf8, 0x9a, 0x0e, 0x00, 0x70, 0x94, 0xc7, 0x46, 0xee, 0x44, 0x06, 0x8c  ; 1B20
    db 0x5e, 0xf0, 0xc7, 0x46, 0xf2, 0x5c, 0x06, 0x8c, 0x5e, 0xf4, 0x1e, 0xbf, 0x44, 0x06, 0x57, 0x9a  ; 1B30
    db 0x42, 0x02, 0xae, 0x81, 0x3d, 0x00, 0x00, 0x75, 0x4a, 0xa0, 0xf5, 0x04, 0x88, 0x46, 0xed, 0xbf  ; 1B40
    db 0x41, 0x00, 0x57, 0x9a, 0x0e, 0x00, 0x70, 0x94, 0x89, 0x46, 0xf8, 0x8a, 0x56, 0xed, 0x2a, 0xf6  ; 1B50
    db 0x52, 0xc4, 0x7e, 0xf2, 0x06, 0x57, 0xc4, 0x5e, 0xee, 0x06, 0x53, 0x9a, 0x48, 0x00, 0xc6, 0x97  ; 1B60
    db 0x83, 0xc4, 0x06, 0xff, 0x76, 0xf8, 0x9a, 0x0e, 0x00, 0x70, 0x94, 0xc4, 0x7e, 0xee, 0x26, 0xff  ; 1B70
    db 0x75, 0x0e, 0xc4, 0x5e, 0xf2, 0x26, 0xc4, 0x57, 0x24, 0x06, 0x52, 0x9a, 0x71, 0x14, 0x2c, 0x80  ; 1B80
    db 0x83, 0xc4, 0x02, 0xc4, 0x3e, 0x32, 0x07, 0x26, 0x80, 0x7d, 0x1f, 0x1e, 0x74, 0x76, 0xba, 0x41  ; 1B90
    db 0x00, 0x52, 0x9a, 0x0e, 0x00, 0x70, 0x94, 0x89, 0x46, 0xf8, 0xbf, 0x01, 0x00, 0x57, 0xbf, 0x03  ; 1BA0
    db 0x00, 0x57, 0xbf, 0x01, 0x00, 0x57, 0x9a, 0x0e, 0x00, 0x06, 0xf7, 0x83, 0xc4, 0x04, 0xc4, 0x7e  ; 1BB0
    db 0xee, 0x26, 0x8a, 0x15, 0x80, 0xe2, 0x02, 0x80, 0xfa, 0x00, 0x75, 0x28, 0xc4, 0x16, 0x80, 0x1c  ; 1BC0
    db 0x8b, 0xda, 0x03, 0x1e, 0x44, 0x00, 0x89, 0x5e, 0xe8, 0x8c, 0x46, 0xea, 0xc4, 0x06, 0x80, 0x1c  ; 1BD0
    db 0x8b, 0xf8, 0x03, 0x3e, 0x54, 0x00, 0x89, 0x7e, 0xe4, 0x8c, 0x46, 0xe6, 0xc7, 0x46, 0xf6, 0x00  ; 1BE0
    db 0x10, 0xe9, 0x5b, 0x00, 0xc4, 0x7e, 0xee, 0x26, 0x8a, 0x15, 0x80, 0xe2, 0x20, 0x80, 0xfa, 0x00  ; 1BF0
    db 0x74, 0x28, 0xc4, 0x16, 0x80, 0x1c, 0x8b, 0xda, 0x03, 0x1e, 0x44, 0x00, 0x89, 0x5e, 0xe8, 0x8c  ; 1C00
    db 0x46, 0xea, 0xeb, 0x03, 0xe9, 0xdb, 0x00, 0xc4, 0x06, 0x80, 0x1c, 0x8b, 0xf8, 0x03, 0x3e, 0x54  ; 1C10
    db 0x00, 0x89, 0x7e, 0xe4, 0x8c, 0x46, 0xe6, 0xe9, 0x20, 0x00, 0xc4, 0x3e, 0x80, 0x1c, 0x8b, 0xd7  ; 1C20
    db 0x03, 0x16, 0x48, 0x00, 0x89, 0x56, 0xe8, 0x8c, 0x46, 0xea, 0xc4, 0x1e, 0x80, 0x1c, 0x8b, 0xc3  ; 1C30
    db 0x03, 0x06, 0x58, 0x00, 0x89, 0x46, 0xe4, 0x8c, 0x46, 0xe6, 0xc7, 0x46, 0xf6, 0x00, 0x08, 0xc4  ; 1C40
    db 0x7e, 0xee, 0x26, 0x8a, 0x15, 0x80, 0xe2, 0x08, 0x80, 0xfa, 0x00, 0x75, 0x1b, 0x2b, 0xd2, 0x52  ; 1C50
    db 0xc4, 0x5e, 0xe4, 0x06, 0x53, 0xff, 0x76, 0xf6, 0xc4, 0x46, 0xe8, 0x06, 0x50, 0x9a, 0x7c, 0x02  ; 1C60
    db 0x80, 0xf1, 0x83, 0xc4, 0x08, 0xe9, 0x4e, 0x00, 0xc4, 0x7e, 0xee, 0x26, 0x8a, 0x15, 0x80, 0xe2  ; 1C70
    db 0x04, 0x80, 0xfa, 0x00, 0x74, 0x26, 0x8b, 0x56, 0xf6, 0xd1, 0xe2, 0x89, 0x56, 0xf6, 0xbb, 0x14  ; 1C80
    db 0x00, 0x53, 0xb8, 0x01, 0x00, 0x50, 0xc4, 0x46, 0xe4, 0x06, 0x50, 0x52, 0xc4, 0x5e, 0xe8, 0x06  ; 1C90
    db 0x53, 0x9a, 0x9e, 0x01, 0x80, 0xf1, 0x83, 0xc4, 0x0a, 0xe9, 0x1a, 0x00, 0x2b, 0xff, 0x57, 0x57  ; 1CA0
    db 0x57, 0xc4, 0x56, 0xe4, 0x06, 0x52, 0xff, 0x76, 0xf6, 0xc4, 0x5e, 0xe8, 0x06, 0x53, 0x9a, 0x08  ; 1CB0
    db 0x00, 0x80, 0xf1, 0x83, 0xc4, 0x0c, 0xc4, 0x7e, 0xe0, 0x26, 0x8a, 0x55, 0x0e, 0x80, 0xe2, 0x10  ; 1CC0
    db 0x80, 0xfa, 0x00, 0x74, 0x0c, 0xba, 0x01, 0x00, 0x52, 0x9a, 0x38, 0x00, 0xe6, 0xf8, 0xe9, 0x09  ; 1CD0
    db 0x00, 0xbf, 0x03, 0x00, 0x57, 0x9a, 0x38, 0x00, 0xe6, 0xf8, 0xff, 0x76, 0xf8, 0x9a, 0x0e, 0x00  ; 1CE0
    db 0x70, 0x94, 0xbf, 0x41, 0x00, 0x57, 0x9a, 0x0e, 0x00, 0x70, 0x94, 0x89, 0x46, 0xf8, 0xbf, 0x03  ; 1CF0
    db 0x00, 0x57, 0x9a, 0x61, 0x00, 0xc2, 0xf0, 0xff, 0x76, 0xf8, 0x9a, 0x0e, 0x00, 0x70, 0x94, 0xc4  ; 1D00
    db 0x3e, 0x32, 0x07, 0x26, 0x80, 0xa5, 0x97, 0x00, 0xfe, 0x9a, 0x41, 0x0d, 0xc9, 0x82, 0x8b, 0xe5  ; 1D10
    db 0x5d, 0xcb, 0x55, 0x8b, 0xec, 0x83, 0xec, 0x06, 0xc4, 0x7e, 0x06, 0x06, 0x57, 0x9a, 0xf7, 0x02  ; 1D20
    db 0xae, 0x81, 0x83, 0x3e, 0x8a, 0x06, 0x00, 0x74, 0x0c, 0xff, 0x36, 0x8a, 0x06, 0x9a, 0x17, 0x07  ; 1D30
    db 0xae, 0x81, 0xe9, 0x36, 0x00, 0xc4, 0x7e, 0x06, 0x26, 0x8b, 0x55, 0x0a, 0x81, 0xe2, 0x00, 0xff  ; 1D40
    db 0x83, 0xfa, 0x00, 0x74, 0x0b, 0xc6, 0x06, 0x23, 0x06, 0x04, 0xb8, 0x01, 0x00, 0xe9, 0x71, 0x00  ; 1D50
    db 0xc4, 0x7e, 0x06, 0x26, 0x8b, 0x55, 0x0a, 0x81, 0xe2, 0xff, 0x00, 0x83, 0xfa, 0x00, 0x74, 0x0b  ; 1D60
    db 0xc6, 0x06, 0x23, 0x06, 0x1a, 0xb8, 0x01, 0x00, 0xe9, 0x56, 0x00, 0xc4, 0x7e, 0x06, 0x06, 0x57  ; 1D70
    db 0x9a, 0x88, 0x04, 0xae, 0x81, 0xc4, 0x7e, 0x06, 0x06, 0x57, 0x9a, 0x77, 0x07, 0xae, 0x81, 0xc4  ; 1D80
    db 0x7e, 0x06, 0x26, 0x8b, 0x55, 0x0a, 0x81, 0xe2, 0x00, 0xff, 0x83, 0xfa, 0x00, 0x74, 0x0b, 0xc6  ; 1D90
    db 0x06, 0x23, 0x06, 0x04, 0xb8, 0x01, 0x00, 0xe9, 0x27, 0x00, 0xc4, 0x7e, 0x06, 0x26, 0x8b, 0x55  ; 1DA0
    db 0x0a, 0x81, 0xe2, 0xff, 0x00, 0x83, 0xfa, 0x00, 0x74, 0x0b, 0xc6, 0x06, 0x23, 0x06, 0x1a, 0xb8  ; 1DB0
    db 0x01, 0x00, 0xe9, 0x0c, 0x00, 0xc4, 0x7e, 0x06, 0x06, 0x57, 0x9a, 0x63, 0x05, 0xae, 0x81, 0x2b  ; 1DC0
    db 0xc0, 0x8b, 0xe5, 0x5d, 0xca, 0x04, 0x00, 0x55, 0x8b, 0xec, 0x83, 0xec, 0x08, 0x51, 0xc4, 0x7e  ; 1DD0
    db 0x06, 0x26, 0xc7, 0x45, 0x0a, 0x00, 0x00, 0x80, 0x3e, 0x57, 0x05, 0x61, 0x74, 0x14, 0x80, 0x3e  ; 1DE0
    db 0x57, 0x05, 0x1f, 0x74, 0x0d, 0x80, 0x3e, 0x57, 0x05, 0x62, 0x74, 0x06, 0x26, 0x81, 0x4d, 0x0a  ; 1DF0
    db 0x01, 0x00, 0xc4, 0x3e, 0x3a, 0x07, 0x26, 0x80, 0x7d, 0x34, 0x00, 0x74, 0x14, 0xc4, 0x1e, 0x3a  ; 1E00
    db 0x07, 0x26, 0x80, 0x7f, 0x34, 0x01, 0x74, 0x09, 0xc4, 0x7e, 0x06, 0x26, 0x81, 0x4d, 0x0a, 0x00  ; 1E10
    db 0x02, 0x80, 0x3e, 0x5a, 0x05, 0x08, 0x74, 0x10, 0x80, 0x3e, 0x5a, 0x05, 0x10, 0x74, 0x09, 0xc4  ; 1E20
    db 0x7e, 0x06, 0x26, 0x81, 0x4d, 0x0a, 0x20, 0x00, 0x80, 0x3e, 0x5a, 0x05, 0x08, 0x75, 0x10, 0x80  ; 1E30
    db 0x3e, 0x5b, 0x05, 0x02, 0x75, 0x09, 0xc4, 0x7e, 0x06, 0x26, 0x81, 0x4d, 0x0a, 0x20, 0x00, 0x80  ; 1E40
    db 0x3e, 0x5a, 0x05, 0x10, 0x75, 0x10, 0x80, 0x3e, 0x5b, 0x05, 0x01, 0x75, 0x09, 0xc4, 0x7e, 0x06  ; 1E50
    db 0x26, 0x81, 0x4d, 0x0a, 0x20, 0x00, 0x80, 0x3e, 0x5b, 0x05, 0x01, 0x74, 0x10, 0x80, 0x3e, 0x5b  ; 1E60
    db 0x05, 0x02, 0x74, 0x09, 0xc4, 0x7e, 0x06, 0x26, 0x81, 0x4d, 0x0a, 0x10, 0x00, 0x80, 0x3e, 0x57  ; 1E70
    db 0x05, 0x61, 0x74, 0x07, 0x80, 0x3e, 0x57, 0x05, 0x1f, 0x75, 0x10, 0x80, 0x3e, 0x5b, 0x05, 0x02  ; 1E80
    db 0x75, 0x09, 0xc4, 0x7e, 0x06, 0x26, 0x81, 0x4d, 0x0a, 0x10, 0x00, 0xc4, 0x3e, 0x32, 0x07, 0x26  ; 1E90
    db 0x80, 0x7d, 0x1f, 0x1e, 0x74, 0x1c, 0x81, 0x3e, 0x5c, 0x05, 0x00, 0x04, 0x7f, 0x14, 0xb9, 0x02  ; 1EA0
    db 0x00, 0xd3, 0x26, 0x5c, 0x05, 0x83, 0x3e, 0x5e, 0x05, 0x00, 0x7d, 0x06, 0xc7, 0x06, 0x5e, 0x05  ; 1EB0
    db 0x00, 0x00, 0x80, 0x3e, 0x57, 0x05, 0x62, 0x74, 0x0b, 0xa1, 0x5c, 0x05, 0xd1, 0xe0, 0x89, 0x46  ; 1EC0
    db 0xf8, 0xe9, 0x06, 0x00, 0xa1, 0x5c, 0x05, 0x89, 0x46, 0xf8, 0x80, 0x3e, 0x57, 0x05, 0x61, 0x75  ; 1ED0
    db 0x1a, 0x81, 0x7e, 0xf8, 0x00, 0x04, 0x74, 0x38, 0x81, 0x7e, 0xf8, 0x00, 0x10, 0x74, 0x31, 0xc4  ; 1EE0
    db 0x7e, 0x06, 0x26, 0x81, 0x4d, 0x0a, 0x80, 0x00, 0xe9, 0x25, 0x00, 0x81, 0x7e, 0xf8, 0x00, 0x02  ; 1EF0
    db 0x74, 0x1e, 0x81, 0x7e, 0xf8, 0x00, 0x04, 0x74, 0x17, 0x81, 0x7e, 0xf8, 0x00, 0x08, 0x74, 0x10  ; 1F00
    db 0x81, 0x7e, 0xf8, 0x00, 0x10, 0x74, 0x09, 0xc4, 0x7e, 0x06, 0x26, 0x81, 0x4d, 0x0a, 0x80, 0x00  ; 1F10
    db 0x80, 0x3e, 0xf5, 0x04, 0x04, 0x77, 0x07, 0x80, 0x3e, 0xf5, 0x04, 0x01, 0x73, 0x09, 0xc4, 0x7e  ; 1F20
    db 0x06, 0x26, 0x81, 0x4d, 0x0a, 0x00, 0x01, 0x80, 0x3e, 0xf5, 0x04, 0x04, 0x75, 0x13, 0x81, 0x7e  ; 1F30
    db 0xf8, 0x00, 0x08, 0x7d, 0x1c, 0xc4, 0x7e, 0x06, 0x26, 0x81, 0x4d, 0x0a, 0x00, 0x01, 0xe9, 0x10  ; 1F40
    db 0x00, 0x81, 0x7e, 0xf8, 0x00, 0x04, 0x7e, 0x09, 0xc4, 0x7e, 0x06, 0x26, 0x81, 0x4d, 0x0a, 0x00  ; 1F50
    db 0x01, 0x59, 0x8b, 0xe5, 0x5d, 0xca, 0x04, 0x00, 0x55, 0x8b, 0xec, 0x83, 0xec, 0x0a, 0xc4, 0x7e  ; 1F60
    db 0x06, 0x26, 0xc6, 0x05, 0x00, 0x80, 0x3e, 0x57, 0x05, 0x62, 0x75, 0x09, 0xa1, 0x5c, 0x05, 0x89  ; 1F70
    db 0x46, 0xf8, 0xe9, 0x08, 0x00, 0xa1, 0x5c, 0x05, 0xd1, 0xe0, 0x89, 0x46, 0xf8, 0x81, 0x7e, 0xf8  ; 1F80
    db 0x00, 0x02, 0x74, 0x07, 0x81, 0x7e, 0xf8, 0x00, 0x08, 0x75, 0x07, 0xc4, 0x7e, 0x06, 0x26, 0x80  ; 1F90
    db 0x0d, 0x02, 0x81, 0x7e, 0xf8, 0x00, 0x08, 0x74, 0x07, 0x81, 0x7e, 0xf8, 0x00, 0x10, 0x75, 0x07  ; 1FA0
    db 0xc4, 0x7e, 0x06, 0x26, 0x80, 0x0d, 0x01, 0x80, 0x3e, 0x5b, 0x05, 0x02, 0x75, 0x07, 0xc4, 0x7e  ; 1FB0
    db 0x06, 0x26, 0x80, 0x0d, 0x04, 0x80, 0x3e, 0x57, 0x05, 0x1f, 0x75, 0x07, 0xc4, 0x7e, 0x06, 0x26  ; 1FC0
    db 0x80, 0x0d, 0x10, 0x80, 0x3e, 0x57, 0x05, 0x61, 0x74, 0x1c, 0xc4, 0x7e, 0x06, 0x26, 0x80, 0x0d  ; 1FD0
    db 0x08, 0xc4, 0x1e, 0x3a, 0x07, 0x26, 0x80, 0x7f, 0x34, 0x00, 0x75, 0x11, 0xc4, 0x7e, 0x06, 0x26  ; 1FE0
    db 0x80, 0x0d, 0x20, 0xe9, 0x07, 0x00, 0xc4, 0x7e, 0x06, 0x26, 0x80, 0x0d, 0x20, 0xa0, 0x5b, 0x05  ; 1FF0
    db 0x2a, 0xe4, 0xf7, 0x6e, 0xf8, 0xc4, 0x7e, 0x06, 0x26, 0x89, 0x45, 0x0e, 0xa1, 0x62, 0x05, 0x26  ; 2000
    db 0x89, 0x45, 0x10, 0xa1, 0x60, 0x05, 0xc4, 0x5e, 0x06, 0x26, 0x89, 0x47, 0x12, 0xa0, 0xf5, 0x04  ; 2010
    db 0x88, 0x46, 0xf7, 0xa1, 0x5e, 0x05, 0x26, 0x89, 0x47, 0x14, 0xc4, 0x7e, 0x06, 0x06, 0x57, 0x8a  ; 2020
    db 0x56, 0xf7, 0x2a, 0xf6, 0x52, 0x9a, 0xb0, 0x05, 0x16, 0xf9, 0x83, 0xc4, 0x04, 0x8b, 0xe5, 0x5d  ; 2030
    db 0xca, 0x04, 0x00, 0x55, 0x8b, 0xec, 0x83, 0xec, 0x12, 0xc7, 0x46, 0xf6, 0x00, 0x05, 0x8c, 0x5e  ; 2040
    db 0xf8, 0xc4, 0x7e, 0x06, 0x26, 0xc6, 0x45, 0x01, 0x00, 0x26, 0x8a, 0x15, 0x80, 0xe2, 0x02, 0x80  ; 2050
    db 0xfa, 0x00, 0x75, 0x07, 0x26, 0x80, 0x0d, 0x40, 0xe9, 0xb0, 0x00, 0x80, 0x3e, 0xf5, 0x04, 0x04  ; 2060
    db 0x75, 0x07, 0xc6, 0x46, 0xf1, 0x01, 0xe9, 0x06, 0x00, 0xa0, 0xf5, 0x04, 0x88, 0x46, 0xf1, 0x8a  ; 2070
    db 0x56, 0xf1, 0x2a, 0xf6, 0xd1, 0xe2, 0x88, 0x56, 0xf0, 0x2a, 0xf6, 0xc4, 0x3e, 0x32, 0x07, 0x8b  ; 2080
    db 0xda, 0x26, 0x80, 0x79, 0x7e, 0x00, 0x75, 0x15, 0xc4, 0x3e, 0x32, 0x07, 0x26, 0x80, 0x79, 0x7f  ; 2090
    db 0x00, 0x75, 0x0a, 0xc4, 0x7e, 0x06, 0x26, 0x80, 0x0d, 0x40, 0xe9, 0x6e, 0x00, 0xc4, 0x7e, 0xf6  ; 20A0
    db 0x06, 0x57, 0x8a, 0x56, 0xf1, 0x2a, 0xf6, 0x52, 0x9a, 0x9b, 0x0c, 0xeb, 0x85, 0x83, 0xc4, 0x04  ; 20B0
    db 0xc4, 0x7e, 0xf6, 0x89, 0x7e, 0xf2, 0x8c, 0x46, 0xf4, 0x26, 0x8a, 0x15, 0x88, 0x56, 0xef, 0x2a  ; 20C0
    db 0xf6, 0x52, 0xc4, 0x5e, 0x06, 0x06, 0x53, 0x9a, 0x41, 0x06, 0xae, 0x81, 0x83, 0xc4, 0x02, 0xc4  ; 20D0
    db 0x7e, 0xf2, 0x26, 0x8a, 0x55, 0x02, 0xc4, 0x5e, 0x06, 0x26, 0x8a, 0x47, 0x04, 0x3a, 0xd0, 0x74  ; 20E0
    db 0x05, 0x26, 0x80, 0x4f, 0x01, 0x08, 0xc4, 0x7e, 0xf2, 0x26, 0x8b, 0x55, 0x04, 0xc4, 0x5e, 0x06  ; 20F0
    db 0x26, 0x8b, 0x47, 0x0c, 0x3b, 0xd0, 0x74, 0x05, 0x26, 0x80, 0x4f, 0x01, 0x20, 0xc4, 0x7e, 0x06  ; 2100
    db 0x26, 0x80, 0x7d, 0x01, 0x00, 0x74, 0x04, 0x26, 0x80, 0x0d, 0x40, 0x8b, 0xe5, 0x5d, 0xca, 0x04  ; 2110
    db 0x00, 0x55, 0x8b, 0xec, 0x83, 0xec, 0x08, 0xc4, 0x7e, 0x06, 0x26, 0x8a, 0x15, 0x88, 0x56, 0xf9  ; 2120
    db 0x80, 0xe2, 0x01, 0x80, 0xfa, 0x00, 0x74, 0x10, 0x8a, 0x56, 0x0a, 0x80, 0xe2, 0x01, 0x80, 0xfa  ; 2130
    db 0x00, 0x75, 0x05, 0x26, 0x80, 0x4d, 0x01, 0x04, 0x8a, 0x56, 0xf9, 0x80, 0xe2, 0x01, 0x80, 0xfa  ; 2140
    db 0x00, 0x75, 0x13, 0x8a, 0x56, 0x0a, 0x80, 0xe2, 0x01, 0x80, 0xfa, 0x00, 0x74, 0x08, 0xc4, 0x7e  ; 2150
    db 0x06, 0x26, 0x80, 0x4d, 0x01, 0x04, 0x8a, 0x56, 0xf9, 0x80, 0xe2, 0x08, 0x80, 0xfa, 0x00, 0x75  ; 2160
    db 0x13, 0x8a, 0x56, 0x0a, 0x80, 0xe2, 0x20, 0x80, 0xfa, 0x00, 0x74, 0x08, 0xc4, 0x7e, 0x06, 0x26  ; 2170
    db 0x80, 0x4d, 0x01, 0x10, 0x8a, 0x56, 0xf9, 0x80, 0xe2, 0x08, 0x80, 0xfa, 0x00, 0x74, 0x13, 0x8a  ; 2180
    db 0x56, 0x0a, 0x80, 0xe2, 0x20, 0x80, 0xfa, 0x00, 0x75, 0x08, 0xc4, 0x7e, 0x06, 0x26, 0x80, 0x4d  ; 2190
    db 0x01, 0x10, 0x8a, 0x56, 0x0a, 0x80, 0xe2, 0x04, 0x80, 0xfa, 0x00, 0x75, 0x08, 0xc4, 0x7e, 0x06  ; 21A0
    db 0x26, 0x80, 0x4d, 0x01, 0x01, 0x8a, 0x56, 0xf9, 0x80, 0xe2, 0x04, 0x80, 0xfa, 0x00, 0x74, 0x13  ; 21B0
    db 0x8a, 0x56, 0x0a, 0x80, 0xe2, 0x10, 0x80, 0xfa, 0x00, 0x75, 0x08, 0xc4, 0x7e, 0x06, 0x26, 0x80  ; 21C0
    db 0x4d, 0x01, 0x02, 0x8a, 0x56, 0xf9, 0x80, 0xe2, 0x04, 0x80, 0xfa, 0x00, 0x75, 0x13, 0x8a, 0x56  ; 21D0
    db 0x0a, 0x80, 0xe2, 0x10, 0x80, 0xfa, 0x00, 0x74, 0x08, 0xc4, 0x7e, 0x06, 0x26, 0x80, 0x4d, 0x01  ; 21E0
    db 0x02, 0x8b, 0xe5, 0x5d, 0xca, 0x04, 0x00  ; 21F0
init_comm_default_params:
    push bp                                  ; 21F7: push bp
    db 0x8b, 0xec  ; 21F8: mov bp, sp (not byte-exact via NASM - see NOTES.md)
    sub sp, 6                                ; 21FA: sub sp, 6
    jmp 0x2249                               ; 21FD: jmp 0x769
L_82200:
    les di, [0x732]                          ; 2200: les di, ptr [0x732]
    cmp byte [es:di + 0x1f], 0x1e            ; 2204: cmp byte ptr es:[di + 0x1f], 0x1e
    jne short 0x2211                         ; 2209: jne 0x731
    mov di, 1                                ; 220B: mov di, 1
    jmp 0x2214                               ; 220E: jmp 0x734
L_82211:
    mov di, 4                                ; 2211: mov di, 4
L_82214:
    db 0x8b, 0xd7  ; 2214: mov dx, di (not byte-exact via NASM - see NOTES.md)
    mov byte [0x4f5], dl                     ; 2216: mov byte ptr [0x4f5], dl
    mov byte [0x557], 0x62                   ; 221A: mov byte ptr [0x557], 0x62
    mov word [0x55c], 0x400                  ; 221F: mov word ptr [0x55c], 0x400
    mov byte [0x55b], 1                      ; 2225: mov byte ptr [0x55b], 1
    mov byte [0x55a], 8                      ; 222A: mov byte ptr [0x55a], 8
    mov word [0x560], 0                      ; 222F: mov word ptr [0x560], 0
    mov word [0x562], 0                      ; 2235: mov word ptr [0x562], 0
    mov word [0x55e], 0                      ; 223B: mov word ptr [0x55e], 0
    mov byte [0x559], 0x55                   ; 2241: mov byte ptr [0x559], 0x55
    jmp 0x2251                               ; 2246: jmp 0x771
L_82249:
    mov ax, word [bp + 6]                    ; 2249: mov ax, word ptr [bp + 6]
    cmp ax, strict word 1                    ; 224C: cmp ax, 1
    je short 0x2200                          ; 224F: je 0x720
L_82251:
    db 0x8b, 0xe5  ; 2251: mov sp, bp (not byte-exact via NASM - see NOTES.md)
    pop bp                                   ; 2253: pop bp
    retf 2                                   ; 2254: retf 2
    db 0x55, 0x8b, 0xec, 0x83, 0xec, 0x0c, 0xc4, 0x7e, 0x06, 0x26, 0x8a, 0x15, 0x88, 0x56, 0xf7, 0xc6  ; 2257
    db 0x46, 0xf5, 0x00, 0xa1, 0x6a, 0x05, 0x8b, 0x16, 0x6c, 0x05, 0xa3, 0x78, 0x05, 0x89, 0x16, 0x7a  ; 2267
    db 0x05, 0xa1, 0x74, 0x05, 0xa3, 0x7c, 0x05, 0xc6, 0x06, 0x7e, 0x05, 0x00, 0x8a, 0x56, 0xf7, 0x80  ; 2277
    db 0xe2, 0x12, 0x80, 0xfa, 0x00, 0x75, 0x12, 0x8a, 0x56, 0xf7, 0x80, 0xe2, 0x08, 0x80, 0xfa, 0x00  ; 2287
    db 0x74, 0x07, 0xc6, 0x46, 0xf6, 0x03, 0xe9, 0x2c, 0x00, 0x8a, 0x56, 0xf7, 0x80, 0xe2, 0x02, 0x80  ; 2297
    db 0xfa, 0x00, 0x74, 0x1d, 0x8a, 0x56, 0xf7, 0x80, 0xe2, 0x10, 0x80, 0xfa, 0x00, 0x75, 0x0b, 0x8a  ; 22A7
    db 0x56, 0xf7, 0x80, 0xe2, 0x08, 0x80, 0xfa, 0x00, 0x75, 0x07, 0xc6, 0x46, 0xf6, 0x07, 0xe9, 0x04  ; 22B7
    db 0x00, 0xc6, 0x46, 0xf6, 0x04, 0x8a, 0x56, 0xf6, 0x2a, 0xf6, 0x52, 0x9a, 0xaa, 0x0a, 0xc9, 0x82  ; 22C7
    db 0x89, 0x46, 0xf8, 0x3d, 0xff, 0xff, 0x75, 0x46, 0x8a, 0x56, 0xf7, 0x80, 0xe2, 0x01, 0x80, 0xfa  ; 22D7
    db 0x00, 0x75, 0x3b, 0xc6, 0x46, 0xf5, 0x01, 0xa1, 0x6a, 0x05, 0x8b, 0x16, 0x6c, 0x05, 0xa3, 0x78  ; 22E7
    db 0x05, 0x89, 0x16, 0x7a, 0x05, 0xa1, 0x74, 0x05, 0xa3, 0x7c, 0x05, 0xc6, 0x06, 0x7e, 0x05, 0x00  ; 22F7
    db 0x80, 0x7e, 0xf6, 0x07, 0x75, 0x06, 0xfe, 0x46, 0xf6, 0xe9, 0x04, 0x00, 0x80, 0x46, 0xf6, 0x02  ; 2307
    db 0x8a, 0x56, 0xf6, 0x2a, 0xf6, 0x52, 0x9a, 0xaa, 0x0a, 0xc9, 0x82, 0x89, 0x46, 0xf8, 0x83, 0x7e  ; 2317
    db 0xf8, 0xff, 0x75, 0x09, 0xc4, 0x7e, 0x06, 0x26, 0x81, 0x4d, 0x0a, 0x02, 0x00, 0x8a, 0x56, 0xf5  ; 2327
    db 0xc4, 0x7e, 0x06, 0x26, 0x88, 0x55, 0x05, 0x8a, 0x5e, 0xf8, 0x26, 0x88, 0x5d, 0x04, 0x8a, 0x46  ; 2337
    db 0xf7, 0x24, 0x04, 0x3c, 0x00, 0x74, 0x06, 0xb8, 0x02, 0x00, 0xe9, 0x03, 0x00, 0xb8, 0x01, 0x00  ; 2347
    db 0x8b, 0xd0, 0x88, 0x56, 0xf6, 0x8a, 0x5e, 0xf7, 0x80, 0xe3, 0x08, 0x80, 0xfb, 0x00, 0x75, 0x3a  ; 2357
    db 0xa1, 0x66, 0x05, 0x8b, 0x16, 0x68, 0x05, 0xa3, 0x78, 0x05, 0x89, 0x16, 0x7a, 0x05, 0xa1, 0x72  ; 2367
    db 0x05, 0xa3, 0x7c, 0x05, 0xc6, 0x06, 0x7e, 0x05, 0x00, 0x8a, 0x56, 0xf6, 0x2a, 0xf6, 0x52, 0x9a  ; 2377
    db 0xaa, 0x0a, 0xc9, 0x82, 0x8b, 0xd0, 0xc4, 0x7e, 0x06, 0x26, 0x88, 0x55, 0x07, 0x2a, 0xf6, 0x83  ; 2387
    db 0xfa, 0xff, 0x75, 0x06, 0x26, 0x81, 0x4d, 0x0a, 0x08, 0x00, 0xa1, 0x6e, 0x05, 0x8b, 0x16, 0x70  ; 2397
    db 0x05, 0xa3, 0x78, 0x05, 0x89, 0x16, 0x7a, 0x05, 0xa1, 0x76, 0x05, 0xa3, 0x7c, 0x05, 0xc6, 0x06  ; 23A7
    db 0x7e, 0x05, 0x00, 0x8a, 0x56, 0xf6, 0x2a, 0xf6, 0x52, 0x9a, 0xaa, 0x0a, 0xc9, 0x82, 0x8b, 0xd0  ; 23B7
    db 0xc4, 0x7e, 0x06, 0x26, 0x88, 0x55, 0x06, 0x2a, 0xf6, 0x83, 0xfa, 0xff, 0x75, 0x06, 0x26, 0x81  ; 23C7
    db 0x4d, 0x0a, 0x04, 0x00, 0xc4, 0x7e, 0x06, 0x26, 0xc6, 0x45, 0x08, 0x04, 0x80, 0x3e, 0x59, 0x05  ; 23D7
    db 0x55, 0x75, 0x05, 0x26, 0x80, 0x4d, 0x08, 0x01, 0x8b, 0xe5, 0x5d, 0xca, 0x04, 0x00, 0x55, 0x8b  ; 23E7
    db 0xec, 0x83, 0xec, 0x0e, 0xbf, 0x41, 0x00, 0x57, 0x9a, 0x0e, 0x00, 0x70, 0x94, 0x89, 0x46, 0xf8  ; 23F7
    db 0xa0, 0x72, 0x1b, 0x88, 0x46, 0xf7, 0xff, 0x76, 0xf8, 0x9a, 0x0e, 0x00, 0x70, 0x94, 0x8a, 0x56  ; 2407
    db 0xf7, 0x2a, 0xf6, 0x81, 0xe2, 0x03, 0x00, 0x83, 0xfa, 0x01, 0x75, 0x11, 0xc4, 0x3e, 0xf2, 0x06  ; 2417
    db 0x8d, 0x95, 0x83, 0x02, 0x89, 0x56, 0xf2, 0x8c, 0x46, 0xf4, 0xe9, 0x2d, 0x00, 0x8a, 0x56, 0xf7  ; 2427
    db 0x2a, 0xf6, 0x81, 0xe2, 0x03, 0x00, 0x83, 0xfa, 0x02, 0x75, 0x11, 0xc4, 0x3e, 0xf2, 0x06, 0x8d  ; 2437
    db 0x95, 0x8a, 0x02, 0x89, 0x56, 0xf2, 0x8c, 0x46, 0xf4, 0xe9, 0x0e, 0x00, 0xc4, 0x3e, 0xf2, 0x06  ; 2447
    db 0x8d, 0x95, 0x79, 0x02, 0x89, 0x56, 0xf2, 0x8c, 0x46, 0xf4, 0xc4, 0x5e, 0xf2, 0x8b, 0xe5, 0x5d  ; 2457
    db 0xcb, 0x55, 0x8b, 0xec, 0x83, 0xec, 0x0c, 0xbf, 0x41, 0x00, 0x57, 0x9a, 0x0e, 0x00, 0x70, 0x94  ; 2467
    db 0x89, 0x46, 0xf8, 0xa0, 0x64, 0x1b, 0x88, 0x46, 0xf7, 0xa0, 0x72, 0x1b, 0x88, 0x46, 0xf6, 0xa0  ; 2477
    db 0x78, 0x1b, 0x88, 0x46, 0xf5, 0xa0, 0x70, 0x1b, 0x88, 0x46, 0xf4, 0xff, 0x76, 0xf8, 0x9a, 0x0e  ; 2487
    db 0x00, 0x70, 0x94, 0x80, 0x7e, 0xf7, 0x16, 0x75, 0x19, 0xbf, 0xf1, 0x90, 0x57, 0xba, 0x4e, 0x02  ; 2497
    db 0x52, 0x9a, 0x71, 0x00, 0xc9, 0x82, 0xbf, 0x36, 0x00, 0x57, 0x9a, 0xf1, 0x01, 0x11, 0x85, 0xe9  ; 24A7
    db 0x7c, 0x00, 0x80, 0x7e, 0xf5, 0x00, 0x74, 0x50, 0x8a, 0x56, 0xf6, 0x80, 0xe2, 0x40, 0x80, 0xfa  ; 24B7
    db 0x00, 0x74, 0x0a, 0x80, 0x7e, 0xf7, 0x12, 0x76, 0x04, 0x80, 0x46, 0xf7, 0x03, 0x8a, 0x56, 0xf6  ; 24C7
    db 0x80, 0xe2, 0x10, 0x80, 0xfa, 0x00, 0x74, 0x1b, 0x80, 0x7e, 0xf4, 0x04, 0x75, 0x15, 0xbf, 0x18  ; 24D7
    db 0x00, 0x57, 0x8a, 0x56, 0xf7, 0x2a, 0xf6, 0x52, 0x9a, 0xb0, 0x11, 0x2c, 0x80, 0x83, 0xc4, 0x02  ; 24E7
    db 0xe9, 0x3b, 0x00, 0xbf, 0x08, 0x00, 0x57, 0x8a, 0x56, 0xf7, 0x2a, 0xf6, 0x52, 0x9a, 0xb0, 0x11  ; 24F7
    db 0x2c, 0x80, 0x83, 0xc4, 0x02, 0xe9, 0x26, 0x00, 0xbf, 0x08, 0x00, 0x57, 0x8a, 0x56, 0xf7, 0x2a  ; 2507
    db 0xf6, 0x52, 0x9a, 0xb0, 0x11, 0x2c, 0x80, 0x83, 0xc4, 0x02, 0x8a, 0x56, 0xf6, 0x80, 0xe2, 0x10  ; 2517
    db 0x80, 0xfa, 0x00, 0x74, 0x09, 0xbf, 0x37, 0x00, 0x57, 0x9a, 0xf1, 0x01, 0x11, 0x85, 0x2b, 0xdb  ; 2527
    db 0x8e, 0xc3, 0x8b, 0xe5, 0x5d, 0xcb, 0x55, 0x8b, 0xec, 0x83, 0xec, 0x0e, 0xbf, 0x41, 0x00, 0x57  ; 2537
    db 0x9a, 0x0e, 0x00, 0x70, 0x94, 0x89, 0x46, 0xf8, 0xa0, 0x64, 0x1b, 0x88, 0x46, 0xf7, 0xa0, 0x67  ; 2547
    db 0x1b, 0x88, 0x46, 0xf6, 0xa0, 0x72, 0x1b, 0x88, 0x46, 0xf5, 0xa0, 0x78, 0x1b, 0x88, 0x46, 0xf4  ; 2557
    db 0xa0, 0x70, 0x1b, 0x88, 0x46, 0xf3, 0xff, 0x76, 0xf8, 0x9a, 0x0e, 0x00, 0x70, 0x94, 0x80, 0x7e  ; 2567
    db 0xf7, 0x16, 0x75, 0x19, 0xbf, 0xf1, 0x90, 0x57, 0xba, 0x55, 0x02, 0x52, 0x9a, 0x71, 0x00, 0xc9  ; 2577
    db 0x82, 0xbf, 0x36, 0x00, 0x57, 0x9a, 0xf1, 0x01, 0x11, 0x85, 0xe9, 0x67, 0x00, 0x80, 0x7e, 0xf4  ; 2587
    db 0x00, 0x74, 0x3b, 0x8a, 0x56, 0xf5, 0x80, 0xe2, 0x10, 0x80, 0xfa, 0x00, 0x74, 0x1b, 0x80, 0x7e  ; 2597
    db 0xf3, 0x04, 0x75, 0x15, 0xbf, 0x18, 0x00, 0x57, 0x8a, 0x56, 0xf6, 0x2a, 0xf6, 0x52, 0x9a, 0xb0  ; 25A7
    db 0x11, 0x2c, 0x80, 0x83, 0xc4, 0x02, 0xe9, 0x3b, 0x00, 0xbf, 0x08, 0x00, 0x57, 0x8a, 0x56, 0xf6  ; 25B7
    db 0x2a, 0xf6, 0x52, 0x9a, 0xb0, 0x11, 0x2c, 0x80, 0x83, 0xc4, 0x02, 0xe9, 0x26, 0x00, 0xbf, 0x08  ; 25C7
    db 0x00, 0x57, 0x8a, 0x56, 0xf6, 0x2a, 0xf6, 0x52, 0x9a, 0xb0, 0x11, 0x2c, 0x80, 0x83, 0xc4, 0x02  ; 25D7
    db 0x8a, 0x56, 0xf5, 0x80, 0xe2, 0x10, 0x80, 0xfa, 0x00, 0x74, 0x09, 0xbf, 0x37, 0x00, 0x57, 0x9a  ; 25E7
    db 0xf1, 0x01, 0x11, 0x85, 0x2b, 0xdb, 0x8e, 0xc3, 0x8b, 0xe5, 0x5d, 0xcb, 0x55, 0x8b, 0xec, 0x83  ; 25F7
    db 0xec, 0x0e, 0xbf, 0x41, 0x00, 0x57, 0x9a, 0x0e, 0x00, 0x70, 0x94, 0x89, 0x46, 0xf8, 0xa0, 0x64  ; 2607
    db 0x1b, 0x88, 0x46, 0xf7, 0xff, 0x76, 0xf8, 0x9a, 0x0e, 0x00, 0x70, 0x94, 0x80, 0x7e, 0xf7, 0x16  ; 2617
    db 0x75, 0x11, 0xc4, 0x3e, 0xf2, 0x06, 0x8d, 0x95, 0x41, 0x01, 0x89, 0x56, 0xf2, 0x8c, 0x46, 0xf4  ; 2627
    db 0xe9, 0x0e, 0x00, 0xc4, 0x3e, 0xf2, 0x06, 0x8d, 0x95, 0x3d, 0x01, 0x89, 0x56, 0xf2, 0x8c, 0x46  ; 2637
    db 0xf4, 0xc4, 0x5e, 0xf2, 0x8b, 0xe5, 0x5d, 0xcb, 0x55, 0x8b, 0xec, 0x83, 0xec, 0x0e, 0xbf, 0x41  ; 2647
    db 0x00, 0x57, 0x9a, 0x0e, 0x00, 0x70, 0x94, 0x89, 0x46, 0xf8, 0xa0, 0x72, 0x1b, 0x88, 0x46, 0xf7  ; 2657
    db 0xff, 0x76, 0xf8, 0x9a, 0x0e, 0x00, 0x70, 0x94, 0x8a, 0x56, 0xf7, 0x80, 0xe2, 0x20, 0x80, 0xfa  ; 2667
    db 0x00, 0x74, 0x11, 0xc4, 0x3e, 0xf2, 0x06, 0x8d, 0x95, 0x41, 0x01, 0x89, 0x56, 0xf2, 0x8c, 0x46  ; 2677
    db 0xf4, 0xe9, 0x0e, 0x00, 0xc4, 0x3e, 0xf2, 0x06, 0x8d, 0x95, 0x3d, 0x01, 0x89, 0x56, 0xf2, 0x8c  ; 2687
    db 0x46, 0xf4, 0xc4, 0x5e, 0xf2, 0x8b, 0xe5, 0x5d, 0xcb, 0x55, 0x8b, 0xec, 0x83, 0xec, 0x16, 0xbf  ; 2697
    db 0x41, 0x00, 0x57, 0x9a, 0x0e, 0x00, 0x70, 0x94, 0xa0, 0x72, 0x1b, 0x88, 0x46, 0xef, 0xa1, 0x70  ; 26A7
    db 0x05, 0x89, 0x46, 0xea, 0xa0, 0x78, 0x1b, 0x88, 0x46, 0xed, 0xa0, 0x75, 0x1b, 0x88, 0x46, 0xee  ; 26B7
    db 0xbf, 0x80, 0x8f, 0x57, 0x9a, 0x0e, 0x00, 0x70, 0x94, 0x8a, 0x56, 0xef, 0x80, 0xe2, 0x02, 0x80  ; 26C7
    db 0xfa, 0x00, 0x74, 0x55, 0x83, 0x7e, 0xea, 0x00, 0x74, 0x06, 0x80, 0x7e, 0xed, 0x00, 0x75, 0x49  ; 26D7
    db 0x80, 0x7e, 0xed, 0x00, 0x75, 0x0b, 0x8a, 0x56, 0xee, 0x80, 0xe2, 0x08, 0x80, 0xfa, 0x00, 0x75  ; 26E7
    db 0x38, 0xe9, 0x05, 0x00, 0x9a, 0x30, 0x0c, 0xc9, 0x82, 0x80, 0x3e, 0xbb, 0x06, 0x00, 0x75, 0xf4  ; 26F7
    db 0x8d, 0x7e, 0xf0, 0x16, 0x57, 0x1e, 0xba, 0xb1, 0x06, 0x52, 0x9a, 0x46, 0x09, 0x34, 0xea, 0x83  ; 2707
    db 0xc4, 0x04, 0x8d, 0x7e, 0xf0, 0x16, 0x57, 0x9a, 0xeb, 0x03, 0x3f, 0x82, 0x8d, 0x7e, 0xf0, 0x16  ; 2717
    db 0x57, 0x9a, 0x71, 0x00, 0xc9, 0x82, 0xe9, 0x05, 0x00, 0xc6, 0x06, 0x23, 0x06, 0x1b, 0x2b, 0xdb  ; 2727
    db 0x8e, 0xc3, 0x8b, 0xe5, 0x5d, 0xcb, 0x55, 0x8b, 0xec, 0x83, 0xec, 0x12, 0xbf, 0x41, 0x00, 0x57  ; 2737
    db 0x9a, 0x0e, 0x00, 0x70, 0x94, 0x89, 0x46, 0xf8, 0xa0, 0x64, 0x1b, 0x88, 0x46, 0xf3, 0xa0, 0x78  ; 2747
    db 0x1b, 0x88, 0x46, 0xf2, 0xa0, 0x72, 0x1b, 0x88, 0x46, 0xf1, 0xa1, 0x70, 0x05, 0x89, 0x46, 0xee  ; 2757
    db 0xa0, 0x75, 0x1b, 0x88, 0x46, 0xf0, 0xff, 0x76, 0xf8, 0x9a, 0x0e, 0x00, 0x70, 0x94, 0x8a, 0x56  ; 2767
    db 0xf1, 0x80, 0xe2, 0x02, 0x80, 0xfa, 0x00, 0x74, 0x45, 0x83, 0x7e, 0xee, 0x00, 0x74, 0x06, 0x80  ; 2777
    db 0x7e, 0xf2, 0x00, 0x75, 0x39, 0x80, 0x7e, 0xf2, 0x00, 0x75, 0x0b, 0x8a, 0x56, 0xf0, 0x80, 0xe2  ; 2787
    db 0x08, 0x80, 0xfa, 0x00, 0x75, 0x28, 0x80, 0x7e, 0xf3, 0x16, 0x75, 0x11, 0xc4, 0x3e, 0xf2, 0x06  ; 2797
    db 0x8d, 0x95, 0xb3, 0x00, 0x89, 0x56, 0xf4, 0x8c, 0x46, 0xf6, 0xe9, 0x20, 0x00, 0xc4, 0x3e, 0xf2  ; 27A7
    db 0x06, 0x8d, 0x95, 0xac, 0x01, 0x89, 0x56, 0xf4, 0x8c, 0x46, 0xf6, 0xe9, 0x0f, 0x00, 0xc6, 0x06  ; 27B7
    db 0x23, 0x06, 0x1b, 0xc7, 0x46, 0xf4, 0x00, 0x00, 0xc7, 0x46, 0xf6, 0x00, 0x00, 0xc4, 0x5e, 0xf4  ; 27C7
    db 0x8b, 0xe5, 0x5d, 0xcb, 0x55, 0x8b, 0xec, 0x83, 0xec, 0x18, 0x8d, 0x7e, 0xf2, 0x16, 0x57, 0xba  ; 27D7
    db 0xf1, 0x90, 0x52, 0xbb, 0x5c, 0x02, 0x53, 0x9a, 0x46, 0x09, 0x34, 0xea, 0x83, 0xc4, 0x04, 0x8d  ; 27E7
    db 0x7e, 0xea, 0x16, 0x57, 0xba, 0xf1, 0x90, 0x52, 0xbb, 0x64, 0x02, 0x53, 0x9a, 0x46, 0x09, 0x34  ; 27F7
    db 0xea, 0x83, 0xc4, 0x04, 0xc4, 0x7e, 0x06, 0xff, 0x46, 0x06, 0x26, 0x80, 0x3d, 0x00, 0x75, 0xf4  ; 2807
    db 0x83, 0x46, 0x06, 0xfd, 0xc7, 0x46, 0xe8, 0x00, 0x00, 0xe9, 0x03, 0x00, 0xff, 0x46, 0xe8, 0xc4  ; 2817
    db 0x7e, 0x06, 0x26, 0x8a, 0x15, 0x8b, 0x7e, 0xe8, 0x8a, 0x5b, 0xf2, 0x3a, 0xd3, 0x74, 0x05, 0x83  ; 2827
    db 0xff, 0x06, 0x7c, 0xe8, 0x83, 0x7e, 0xe8, 0x05, 0x7e, 0x08, 0xc7, 0x46, 0xe8, 0x03, 0x00, 0xff  ; 2837
    db 0x46, 0x06, 0xc4, 0x7e, 0x06, 0xff, 0x46, 0x06, 0x26, 0xc6, 0x05, 0x45, 0x83, 0x7e, 0xe8, 0x03  ; 2847
    db 0x7d, 0x06, 0xba, 0x2d, 0x00, 0xe9, 0x03, 0x00, 0xba, 0x2b, 0x00, 0xc4, 0x7e, 0x06, 0xff, 0x46  ; 2857
    db 0x06, 0x26, 0x88, 0x15, 0xc4, 0x5e, 0x06, 0xff, 0x46, 0x06, 0x8b, 0x7e, 0xe8, 0x8a, 0x53, 0xea  ; 2867
    db 0x26, 0x88, 0x17, 0xc4, 0x7e, 0x06, 0x26, 0xc6, 0x05, 0x00, 0x8b, 0xe5, 0x5d, 0xca, 0x04, 0x00  ; 2877
    db 0x55, 0x8b, 0xec, 0x83, 0xec, 0x0c, 0xbf, 0x41, 0x00, 0x57, 0x9a, 0x0e, 0x00, 0x70, 0x94, 0x89  ; 2887
    db 0x46, 0xf8, 0xa0, 0x6a, 0x1b, 0x88, 0x46, 0xf7, 0xa0, 0x69, 0x1b, 0x88, 0x46, 0xf6, 0xa0, 0x68  ; 2897
    db 0x1b, 0x88, 0x46, 0xf5, 0xff, 0x76, 0xf8, 0x9a, 0x0e, 0x00, 0x70, 0x94, 0x80, 0x7e, 0xf6, 0x7f  ; 28A7
    db 0x76, 0x35, 0xbf, 0x09, 0x00, 0x57, 0x8a, 0x56, 0xf7, 0x2a, 0xf6, 0x52, 0x9a, 0xb0, 0x11, 0x2c  ; 28B7
    db 0x80, 0x83, 0xc4, 0x02, 0x8a, 0x56, 0xf5, 0x80, 0xe2, 0x01, 0x80, 0xfa, 0x00, 0x74, 0x0c, 0xbf  ; 28C7
    db 0x35, 0x00, 0x57, 0x9a, 0xf1, 0x01, 0x11, 0x85, 0xe9, 0x39, 0x00, 0xbf, 0x37, 0x00, 0x57, 0x9a  ; 28D7
    db 0xf1, 0x01, 0x11, 0x85, 0xe9, 0x2d, 0x00, 0xbf, 0x09, 0x00, 0x57, 0x8a, 0x56, 0xf7, 0x2a, 0xf6  ; 28E7
    db 0x8a, 0x5e, 0xf6, 0x2a, 0xff, 0x03, 0xd3, 0x52, 0x9a, 0xb0, 0x11, 0x2c, 0x80, 0x83, 0xc4, 0x02  ; 28F7
    db 0x8a, 0x56, 0xf5, 0x80, 0xe2, 0x01, 0x80, 0xfa, 0x00, 0x75, 0x09, 0xbf, 0x37, 0x00, 0x57, 0x9a  ; 2907
    db 0xf1, 0x01, 0x11, 0x85, 0xff, 0x76, 0xf8, 0x9a, 0x0e, 0x00, 0x70, 0x94, 0x2b, 0xdb, 0x8e, 0xc3  ; 2917
    db 0x8b, 0xe5, 0x5d, 0xcb, 0x55, 0x8b, 0xec, 0x83, 0xec, 0x0c, 0xbf, 0x41, 0x00, 0x57, 0x9a, 0x0e  ; 2927
    db 0x00, 0x70, 0x94, 0x89, 0x46, 0xf8, 0xa0, 0x6e, 0x1b, 0x88, 0x46, 0xf6, 0xa0, 0x6d, 0x1b, 0x88  ; 2937
    db 0x46, 0xf7, 0xa0, 0x6b, 0x1b, 0x88, 0x46, 0xf5, 0xff, 0x76, 0xf8, 0x9a, 0x0e, 0x00, 0x70, 0x94  ; 2947
    db 0x80, 0x7e, 0xf7, 0x7f, 0x76, 0x35, 0xbf, 0x09, 0x00, 0x57, 0x8a, 0x56, 0xf6, 0x2a, 0xf6, 0x52  ; 2957
    db 0x9a, 0xb0, 0x11, 0x2c, 0x80, 0x83, 0xc4, 0x02, 0x8a, 0x56, 0xf5, 0x80, 0xe2, 0x01, 0x80, 0xfa  ; 2967
    db 0x00, 0x74, 0x0c, 0xbf, 0x35, 0x00, 0x57, 0x9a, 0xf1, 0x01, 0x11, 0x85, 0xe9, 0x39, 0x00, 0xbf  ; 2977
    db 0x37, 0x00, 0x57, 0x9a, 0xf1, 0x01, 0x11, 0x85, 0xe9, 0x2d, 0x00, 0xbf, 0x09, 0x00, 0x57, 0x8a  ; 2987
    db 0x56, 0xf6, 0x2a, 0xf6, 0x8a, 0x5e, 0xf7, 0x2a, 0xff, 0x03, 0xd3, 0x52, 0x9a, 0xb0, 0x11, 0x2c  ; 2997
    db 0x80, 0x83, 0xc4, 0x02, 0x8a, 0x56, 0xf5, 0x80, 0xe2, 0x01, 0x80, 0xfa, 0x00, 0x75, 0x09, 0xbf  ; 29A7
    db 0x37, 0x00, 0x57, 0x9a, 0xf1, 0x01, 0x11, 0x85, 0x2b, 0xdb, 0x8e, 0xc3, 0x8b, 0xe5, 0x5d, 0xcb  ; 29B7
    db 0x55, 0x8b, 0xec, 0x83, 0xec, 0x0e, 0xbf, 0x41, 0x00, 0x57, 0x9a, 0x0e, 0x00, 0x70, 0x94, 0x89  ; 29C7
    db 0x46, 0xf8, 0xa0, 0x68, 0x1b, 0x88, 0x46, 0xf3, 0xff, 0x76, 0xf8, 0x9a, 0x0e, 0x00, 0x70, 0x94  ; 29D7
    db 0x8a, 0x56, 0xf3, 0x2a, 0xf6, 0x81, 0xe2, 0xfe, 0xff, 0x83, 0xfa, 0x02, 0x75, 0x11, 0xc4, 0x3e  ; 29E7
    db 0xf2, 0x06, 0x8d, 0x95, 0x99, 0x02, 0x89, 0x56, 0xf4, 0x8c, 0x46, 0xf6, 0xe9, 0x2d, 0x00, 0x8a  ; 29F7
    db 0x56, 0xf3, 0x2a, 0xf6, 0x81, 0xe2, 0xfe, 0xff, 0x83, 0xfa, 0x04, 0x75, 0x11, 0xc4, 0x3e, 0xf2  ; 2A07
    db 0x06, 0x8d, 0x95, 0x96, 0x02, 0x89, 0x56, 0xf4, 0x8c, 0x46, 0xf6, 0xe9, 0x0e, 0x00, 0xc4, 0x3e  ; 2A17
    db 0xf2, 0x06, 0x8d, 0x95, 0x72, 0x02, 0x89, 0x56, 0xf4, 0x8c, 0x46, 0xf6, 0xc4, 0x5e, 0xf4, 0x8b  ; 2A27
    db 0xe5, 0x5d, 0xcb, 0x55, 0x8b, 0xec, 0x83, 0xec, 0x0e, 0xbf, 0x41, 0x00, 0x57, 0x9a, 0x0e, 0x00  ; 2A37
    db 0x70, 0x94, 0x89, 0x46, 0xf8, 0xa0, 0x6b, 0x1b, 0x88, 0x46, 0xf3, 0xff, 0x76, 0xf8, 0x9a, 0x0e  ; 2A47
    db 0x00, 0x70, 0x94, 0x8a, 0x56, 0xf3, 0x2a, 0xf6, 0x81, 0xe2, 0x02, 0x00, 0x83, 0xfa, 0x02, 0x75  ; 2A57
    db 0x11, 0xc4, 0x3e, 0xf2, 0x06, 0x8d, 0x95, 0x99, 0x02, 0x89, 0x56, 0xf4, 0x8c, 0x46, 0xf6, 0xe9  ; 2A67
    db 0x2d, 0x00, 0x8a, 0x56, 0xf3, 0x2a, 0xf6, 0x81, 0xe2, 0x04, 0x00, 0x83, 0xfa, 0x04, 0x75, 0x11  ; 2A77
    db 0xc4, 0x3e, 0xf2, 0x06, 0x8d, 0x95, 0x96, 0x02, 0x89, 0x56, 0xf4, 0x8c, 0x46, 0xf6, 0xe9, 0x0e  ; 2A87
    db 0x00, 0xc4, 0x3e, 0xf2, 0x06, 0x8d, 0x95, 0x72, 0x02, 0x89, 0x56, 0xf4, 0x8c, 0x46, 0xf6, 0xc4  ; 2A97
    db 0x5e, 0xf4, 0x8b, 0xe5, 0x5d, 0xcb, 0x55, 0x8b, 0xec, 0x83, 0xec, 0x0c, 0xbf, 0x41, 0x00, 0x57  ; 2AA7
    db 0x9a, 0x0e, 0x00, 0x70, 0x94, 0x89, 0x46, 0xf8, 0xa0, 0x69, 0x1b, 0x2a, 0xe4, 0x89, 0x46, 0xf4  ; 2AB7
    db 0xff, 0x76, 0xf8, 0x9a, 0x0e, 0x00, 0x70, 0x94, 0x83, 0x7e, 0xf4, 0x7f, 0x7e, 0x10, 0x8b, 0x7e  ; 2AC7
    db 0xf4, 0x81, 0xc7, 0x00, 0xff, 0x57, 0x9a, 0x44, 0x11, 0x2c, 0x80, 0xe9, 0x34, 0x00, 0x8b, 0x46  ; 2AD7
    db 0xf4, 0x99, 0xbf, 0x03, 0x00, 0xf7, 0xff, 0x89, 0x46, 0xf4, 0xc7, 0x46, 0xf6, 0x01, 0x00, 0xe9  ; 2AE7
    db 0x0d, 0x00, 0x8b, 0x7e, 0xf6, 0x8b, 0xc7, 0xba, 0x0a, 0x00, 0xf7, 0xea, 0x89, 0x46, 0xf6, 0x8b  ; 2AF7
    db 0x7e, 0xf4, 0xff, 0x4e, 0xf4, 0x83, 0xff, 0x00, 0x7f, 0xe8, 0xff, 0x76, 0xf6, 0x9a, 0x44, 0x11  ; 2B07
    db 0x2c, 0x80, 0x2b, 0xdb, 0x8e, 0xc3, 0x8b, 0xe5, 0x5d, 0xcb, 0x55, 0x8b, 0xec, 0x83, 0xec, 0x0c  ; 2B17
    db 0xbf, 0x41, 0x00, 0x57, 0x9a, 0x0e, 0x00, 0x70, 0x94, 0x89, 0x46, 0xf8, 0xa0, 0x6d, 0x1b, 0x2a  ; 2B27
    db 0xe4, 0x89, 0x46, 0xf4, 0xff, 0x76, 0xf8, 0x9a, 0x0e, 0x00, 0x70, 0x94, 0x83, 0x7e, 0xf4, 0x7f  ; 2B37
    db 0x7e, 0x10, 0x8b, 0x7e, 0xf4, 0x81, 0xc7, 0x00, 0xff, 0x57, 0x9a, 0x44, 0x11, 0x2c, 0x80, 0xe9  ; 2B47
    db 0x34, 0x00, 0x8b, 0x46, 0xf4, 0x99, 0xbf, 0x03, 0x00, 0xf7, 0xff, 0x89, 0x46, 0xf4, 0xc7, 0x46  ; 2B57
    db 0xf6, 0x01, 0x00, 0xe9, 0x0d, 0x00, 0x8b, 0x7e, 0xf6, 0x8b, 0xc7, 0xba, 0x0a, 0x00, 0xf7, 0xea  ; 2B67
    db 0x89, 0x46, 0xf6, 0x8b, 0x7e, 0xf4, 0xff, 0x4e, 0xf4, 0x83, 0xff, 0x00, 0x7f, 0xe8, 0xff, 0x76  ; 2B77
    db 0xf6, 0x9a, 0x44, 0x11, 0x2c, 0x80, 0x2b, 0xdb, 0x8e, 0xc3, 0x8b, 0xe5, 0x5d, 0xcb, 0x55, 0x8b  ; 2B87
    db 0xec, 0x83, 0xec, 0x0e, 0xbf, 0x41, 0x00, 0x57, 0x9a, 0x0e, 0x00, 0x70, 0x94, 0x89, 0x46, 0xf8  ; 2B97
    db 0xa0, 0x6c, 0x1b, 0x88, 0x46, 0xf7, 0xff, 0x76, 0xf8, 0x9a, 0x0e, 0x00, 0x70, 0x94, 0x80, 0x7e  ; 2BA7
    db 0xf7, 0x00, 0x75, 0x11, 0xc4, 0x3e, 0xf2, 0x06, 0x8d, 0x95, 0x3d, 0x01, 0x89, 0x56, 0xf2, 0x8c  ; 2BB7
    db 0x46, 0xf4, 0xe9, 0x0e, 0x00, 0xc4, 0x3e, 0xf2, 0x06, 0x8d, 0x95, 0x41, 0x01, 0x89, 0x56, 0xf2  ; 2BC7
    db 0x8c, 0x46, 0xf4, 0xc4, 0x5e, 0xf2, 0x8b, 0xe5, 0x5d, 0xcb, 0x55, 0x8b, 0xec, 0x83, 0xec, 0x0e  ; 2BD7
    db 0xbf, 0x41, 0x00, 0x57, 0x9a, 0x0e, 0x00, 0x70, 0x94, 0x89, 0x46, 0xf8, 0xa0, 0x75, 0x1b, 0x24  ; 2BE7
    db 0x0f, 0x88, 0x46, 0xf7, 0xff, 0x76, 0xf8, 0x9a, 0x0e, 0x00, 0x70, 0x94, 0x8a, 0x56, 0xf7, 0x80  ; 2BF7
    db 0xe2, 0x08, 0x80, 0xfa, 0x00, 0x74, 0x11, 0xc4, 0x3e, 0xf2, 0x06, 0x8d, 0x95, 0x5a, 0x02, 0x89  ; 2C07
    db 0x56, 0xf2, 0x8c, 0x46, 0xf4, 0xe9, 0x72, 0x00, 0x80, 0x7e, 0xf7, 0x03, 0x75, 0x11, 0xc4, 0x3e  ; 2C17
    db 0xf2, 0x06, 0x8d, 0x95, 0x7f, 0x02, 0x89, 0x56, 0xf2, 0x8c, 0x46, 0xf4, 0xe9, 0x5b, 0x00, 0x80  ; 2C27
    db 0x7e, 0xf7, 0x07, 0x75, 0x11, 0xc4, 0x3e, 0xf2, 0x06, 0x8d, 0x95, 0x91, 0x02, 0x89, 0x56, 0xf2  ; 2C37
    db 0x8c, 0x46, 0xf4, 0xe9, 0x44, 0x00, 0x8a, 0x56, 0xf7, 0x80, 0xe2, 0x01, 0x80, 0xfa, 0x00, 0x74  ; 2C47
    db 0x10, 0xc4, 0x3e, 0xf2, 0x06, 0x8d, 0x55, 0x60, 0x89, 0x56, 0xf2, 0x8c, 0x46, 0xf4, 0xe9, 0x29  ; 2C57
    db 0x00, 0x8a, 0x56, 0xf7, 0x80, 0xe2, 0x02, 0x80, 0xfa, 0x00, 0x74, 0x10, 0xc4, 0x3e, 0xf2, 0x06  ; 2C67
    db 0x8d, 0x55, 0x64, 0x89, 0x56, 0xf2, 0x8c, 0x46, 0xf4, 0xe9, 0x0e, 0x00, 0xc4, 0x3e, 0xf2, 0x06  ; 2C77
    db 0x8d, 0x95, 0x75, 0x02, 0x89, 0x56, 0xf2, 0x8c, 0x46, 0xf4, 0xc4, 0x5e, 0xf2, 0x8b, 0xe5, 0x5d  ; 2C87
    db 0xcb, 0xff, 0x55, 0x8b, 0xec, 0x83, 0xec, 0x06, 0x56, 0x8a, 0x56, 0x06, 0x2a, 0xf6, 0xd1, 0xfa  ; 2C97
    db 0xd1, 0xfa, 0xd1, 0xfa, 0xd1, 0xfa, 0x52, 0x9a, 0x47, 0x00, 0xc9, 0x82, 0xa0, 0x05, 0x00, 0x2a  ; 2CA7
    db 0xe4, 0x8b, 0xf0, 0x8a, 0x56, 0x06, 0x2a, 0xf6, 0x52, 0x9a, 0x47, 0x00, 0xc9, 0x82, 0xa0, 0x05  ; 2CB7
    db 0x00, 0x2a, 0xe4, 0x8b, 0xfe, 0x03, 0xf8, 0x8b, 0xc7, 0x5e, 0x8b, 0xe5, 0x5d, 0xca, 0x02, 0x00  ; 2CC7
    db 0x55, 0x8b, 0xec, 0x83, 0xec, 0x06, 0x8a, 0x56, 0x06, 0x80, 0xe2, 0x0f, 0x80, 0xc2, 0x30, 0x88  ; 2CD7
    db 0x16, 0x05, 0x00, 0x80, 0x3e, 0x05, 0x00, 0x39, 0x76, 0x05, 0x80, 0x06, 0x05, 0x00, 0x07, 0x9a  ; 2CE7
    db 0xf8, 0x02, 0x87, 0x96, 0x8b, 0xe5, 0x5d, 0xca, 0x02, 0x00  ; 2CF7
print_string_serial:
    push bp                                  ; 2D01: push bp
    db 0x8b, 0xec  ; 2D02: mov bp, sp (not byte-exact via NASM - see NOTES.md)
    sub sp, 6                                ; 2D04: sub sp, 6
    jmp 0x2d1c                               ; 2D07: jmp 0x8c
L_82D0A:
    les di, [bp + 6]                         ; 2D0A: les di, ptr [bp + 6]
    inc word [bp + 6]                        ; 2D0D: inc word ptr [bp + 6]
    mov dl, byte [es:di]                     ; 2D10: mov dl, byte ptr es:[di]
    mov byte [5], dl                         ; 2D13: mov byte ptr [5], dl
    call 0x9687:0x02f8                       ; 2D17: lcall 0x9687, 0x2f8
L_82D1C:
    les di, [bp + 6]                         ; 2D1C: les di, ptr [bp + 6]
    cmp byte [es:di], 0                      ; 2D1F: cmp byte ptr es:[di], 0
    jne short 0x2d0a                         ; 2D23: jne 0x7a
    db 0x8b, 0xe5  ; 2D25: mov sp, bp (not byte-exact via NASM - see NOTES.md)
    pop bp                                   ; 2D27: pop bp
    retf 4                                   ; 2D28: retf 4
print_padded_label:
    push bp                                  ; 2D2B: push bp
    db 0x8b, 0xec  ; 2D2C: mov bp, sp (not byte-exact via NASM - see NOTES.md)
    sub sp, 6                                ; 2D2E: sub sp, 6
    push si                                  ; 2D31: push si
    cmp byte [0x4f2], 0                      ; 2D32: cmp byte ptr [0x4f2], 0
    jne short 0x2d4e                         ; 2D37: jne 0xbe
    mov al, byte [0x608]                     ; 2D39: mov al, byte ptr [0x608]
    db 0x2a, 0xe4  ; 2D3C: sub ah, ah (not byte-exact via NASM - see NOTES.md)
    les di, [0x6ee]                          ; 2D3E: les di, ptr [0x6ee]
    db 0x8b, 0xd8  ; 2D42: mov bx, ax (not byte-exact via NASM - see NOTES.md)
    mov dl, byte [es:bx + di]                ; 2D44: mov dl, byte ptr es:[bx + di]
    db 0x2a, 0xf6  ; 2D47: sub dh, dh (not byte-exact via NASM - see NOTES.md)
    db 0x8b, 0xf2  ; 2D49: mov si, dx (not byte-exact via NASM - see NOTES.md)
    jmp 0x2d5d                               ; 2D4B: jmp 0xcd
L_82D4E:
    les di, [0x60a]                          ; 2D4E: les di, ptr [0x60a]
    mov dl, byte [es:di]                     ; 2D52: mov dl, byte ptr es:[di]
    db 0x2a, 0xf6  ; 2D55: sub dh, dh (not byte-exact via NASM - see NOTES.md)
    and dx, strict word 0xf                  ; 2D57: and dx, 0xf
    db 0x8b, 0xf2  ; 2D5B: mov si, dx (not byte-exact via NASM - see NOTES.md)
L_82D5D:
    inc word [0x60a]                         ; 2D5D: inc word ptr [0x60a]
    jmp 0x2d84                               ; 2D61: jmp 0xf4
L_82D64:
    les di, [0x60a]                          ; 2D64: les di, ptr [0x60a]
    inc word [0x60a]                         ; 2D68: inc word ptr [0x60a]
    mov dl, byte [es:di]                     ; 2D6C: mov dl, byte ptr es:[di]
    mov byte [5], dl                         ; 2D6F: mov byte ptr [5], dl
    cmp byte [5], 0x61                       ; 2D73: cmp byte ptr [5], 0x61
    jb short 0x2d7f                          ; 2D78: jb 0xef
    and byte [5], 0x5f                       ; 2D7A: and byte ptr [5], 0x5f
L_82D7F:
    call 0x9687:0x02f8                       ; 2D7F: lcall 0x9687, 0x2f8
L_82D84:
    db 0x8b, 0xfe  ; 2D84: mov di, si (not byte-exact via NASM - see NOTES.md)
    dec si                                   ; 2D86: dec si
    cmp di, 0                                ; 2D87: cmp di, 0
    jne short 0x2d64                         ; 2D8A: jne 0xd4
    mov byte [5], 0x20                       ; 2D8C: mov byte ptr [5], 0x20
    call 0x9687:0x02f8                       ; 2D91: lcall 0x9687, 0x2f8
    pop si                                   ; 2D96: pop si
    db 0x8b, 0xe5  ; 2D97: mov sp, bp (not byte-exact via NASM - see NOTES.md)
    pop bp                                   ; 2D99: pop bp
    retf                                     ; 2D9A: retf 
    db 0x55, 0x8b, 0xec, 0x83, 0xec, 0x06, 0x56, 0xc4, 0x7e, 0x06, 0xff, 0x46, 0x06, 0x26, 0x8a, 0x15  ; 2D9B
    db 0x2a, 0xf6, 0x81, 0xe2, 0x0f, 0x00, 0x8b, 0xf2, 0xe9, 0x3a, 0x00, 0xc4, 0x7e, 0x06, 0xff, 0x46  ; 2DAB
    db 0x06, 0x26, 0x8a, 0x15, 0x88, 0x16, 0x05, 0x00, 0x80, 0x3e, 0x05, 0x00, 0x61, 0x73, 0x07, 0x80  ; 2DBB
    db 0x3e, 0x05, 0x00, 0x2f, 0x75, 0x1a, 0x80, 0x3e, 0xf2, 0x04, 0x00, 0x74, 0x20, 0x80, 0x3e, 0x05  ; 2DCB
    db 0x00, 0x61, 0x72, 0x0c, 0x80, 0x3e, 0x05, 0x00, 0x7a, 0x77, 0x05, 0x80, 0x26, 0x05, 0x00, 0xdf  ; 2DDB
    db 0x9a, 0xf8, 0x02, 0x87, 0x96, 0x8b, 0xfe, 0x4e, 0x83, 0xff, 0x00, 0x7f, 0xbe, 0x5e, 0x8b, 0xe5  ; 2DEB
    db 0x5d, 0xca, 0x04, 0x00, 0x55, 0x8b, 0xec, 0x83, 0xec, 0x06, 0x56, 0xc4, 0x3e, 0x0a, 0x06, 0x26  ; 2DFB
    db 0x8a, 0x15, 0x2a, 0xf6, 0x81, 0xe2, 0x0f, 0x00, 0x8b, 0xf2, 0xff, 0x06, 0x0a, 0x06, 0xe9, 0x14  ; 2E0B
    db 0x00, 0xc4, 0x3e, 0x0a, 0x06, 0xff, 0x06, 0x0a, 0x06, 0x26, 0x8a, 0x15, 0x88, 0x16, 0x05, 0x00  ; 2E1B
    db 0x9a, 0xf8, 0x02, 0x87, 0x96, 0x8b, 0xfe, 0x4e, 0x83, 0xff, 0x00, 0x75, 0xe4, 0x5e, 0x8b, 0xe5  ; 2E2B
    db 0x5d, 0xcb, 0x55, 0x8b, 0xec, 0x83, 0xec, 0x06, 0x80, 0x3e, 0x29, 0x06, 0x00, 0x75, 0x0d, 0xbf  ; 2E3B
    db 0xf1, 0x90, 0x57, 0xba, 0x48, 0x02, 0x52, 0x9a, 0x71, 0x00, 0xc9, 0x82, 0x8b, 0xe5, 0x5d, 0xcb  ; 2E4B
    db 0x55, 0x8b, 0xec, 0x83, 0xec, 0x12, 0x56, 0xc6, 0x46, 0xf8, 0x00, 0xbe, 0x0a, 0x00, 0x2b, 0xff  ; 2E5B
    db 0x57, 0xba, 0x0a, 0x00, 0x52, 0x8b, 0x46, 0x06, 0x8b, 0x56, 0x08, 0x9a, 0x46, 0x01, 0x72, 0xe7  ; 2E6B
    db 0x05, 0x30, 0x00, 0x83, 0xd2, 0x00, 0x8a, 0xd0, 0x4e, 0x88, 0x52, 0xee, 0x2b, 0xff, 0x57, 0x57  ; 2E7B
    db 0x57, 0xbb, 0x0a, 0x00, 0x53, 0x8b, 0x46, 0x06, 0x8b, 0x56, 0x08, 0x9a, 0x1d, 0x01, 0x72, 0xe7  ; 2E8B
    db 0x89, 0x46, 0x06, 0x89, 0x56, 0x08, 0x9a, 0x33, 0x00, 0x72, 0xe7, 0x72, 0xc1, 0x8d, 0x52, 0xee  ; 2E9B
    db 0x16, 0x52, 0x9a, 0x71, 0x00, 0xc9, 0x82, 0x5e, 0x8b, 0xe5, 0x5d, 0xca, 0x04, 0x00  ; 2EAB
print_param_list_response:
    push bp                                  ; 2EB9: push bp
    db 0x8b, 0xec  ; 2EBA: mov bp, sp (not byte-exact via NASM - see NOTES.md)
    sub sp, 8                                ; 2EBC: sub sp, 8
    push cx                                  ; 2EBF: push cx
    les di, [0x6e6]                          ; 2EC0: les di, ptr [0x6e6]
    lea dx, [di + 0xfe]                      ; 2EC4: lea dx, [di + 0xfe]
    mov word [0x60a], dx                     ; 2EC8: mov word ptr [0x60a], dx
    mov word [0x60c], es                     ; 2ECC: mov word ptr [0x60c], es
    mov byte [0x608], 0                      ; 2ED0: mov byte ptr [0x608], 0
    mov byte [bp - 7], 0                     ; 2ED5: mov byte ptr [bp - 7], 0
    call 0x82c9:0x009b                       ; 2ED9: lcall 0x82c9, 0x9b
L_82EDE:
    call 0x82c9:0x0284                       ; 2EDE: lcall 0x82c9, 0x284
    db 0x8b, 0xc8  ; 2EE3: mov cx, ax (not byte-exact via NASM - see NOTES.md)
    db 0x8a, 0xd1  ; 2EE5: mov dl, cl (not byte-exact via NASM - see NOTES.md)
    db 0x2a, 0xf6  ; 2EE7: sub dh, dh (not byte-exact via NASM - see NOTES.md)
    push dx                                  ; 2EE9: push dx
    call 0x802c:0x1144                       ; 2EEA: lcall 0x802c, 0x1144
    mov al, byte [0x580]                     ; 2EEF: mov al, byte ptr [0x580]
    mov dl, byte [0x590]                     ; 2EF2: mov dl, byte ptr [0x590]
    db 0x3a, 0xc2  ; 2EF6: cmp al, dl (not byte-exact via NASM - see NOTES.md)
    je short 0x2f06                          ; 2EF8: je 0x276
    mov di, 0x2c                             ; 2EFA: mov di, 0x2c
    push di                                  ; 2EFD: push di
    call 0x82c9:0x05b1                       ; 2EFE: lcall 0x82c9, 0x5b1
    jmp 0x2ede                               ; 2F03: jmp 0x24e
L_82F06:
    mov di, 0x3b                             ; 2F06: mov di, 0x3b
    push di                                  ; 2F09: push di
    call 0x82c9:0x05b1                       ; 2F0A: lcall 0x82c9, 0x5b1
    pop cx                                   ; 2F0F: pop cx
    db 0x8b, 0xe5  ; 2F10: mov sp, bp (not byte-exact via NASM - see NOTES.md)
    pop bp                                   ; 2F12: pop bp
    retf                                     ; 2F13: retf 
get_next_param_value:
    push bp                                  ; 2F14: push bp
    db 0x8b, 0xec  ; 2F15: mov bp, sp (not byte-exact via NASM - see NOTES.md)
    sub sp, 6                                ; 2F17: sub sp, 6
    push si                                  ; 2F1A: push si
    mov al, byte [0x580]                     ; 2F1B: mov al, byte ptr [0x580]
    mov byte [0x581], al                     ; 2F1E: mov byte ptr [0x581], al
    mov al, byte [0x57f]                     ; 2F21: mov al, byte ptr [0x57f]
    db 0x2a, 0xe4  ; 2F24: sub ah, ah (not byte-exact via NASM - see NOTES.md)
    db 0x8b, 0xf0  ; 2F26: mov si, ax (not byte-exact via NASM - see NOTES.md)
    call 0x96f5:0x09b5                       ; 2F28: lcall 0x96f5, 0x9b5
    db 0x8b, 0xfe  ; 2F2D: mov di, si (not byte-exact via NASM - see NOTES.md)
    and di, strict word 0xff                 ; 2F2F: and di, 0xff
    db 0x8b, 0xc7  ; 2F33: mov ax, di (not byte-exact via NASM - see NOTES.md)
    pop si                                   ; 2F35: pop si
    db 0x8b, 0xe5  ; 2F36: mov sp, bp (not byte-exact via NASM - see NOTES.md)
    pop bp                                   ; 2F38: pop bp
    retf                                     ; 2F39: retf 
    db 0x55, 0x8b, 0xec, 0x83, 0xec, 0x06, 0x51, 0x9a, 0x07, 0x03, 0xc9, 0x82, 0x80, 0x3e, 0x23, 0x06  ; 2F3A
    db 0x00, 0x74, 0x05, 0x2b, 0xc0, 0xe9, 0x40, 0x00, 0x8a, 0x0e, 0x04, 0x00, 0x80, 0x3e, 0x02, 0x00  ; 2F4A
    db 0x00, 0x74, 0x0a, 0xc6, 0x06, 0x23, 0x06, 0x04, 0x2b, 0xc0, 0xe9, 0x2b, 0x00, 0x9a, 0x47, 0x03  ; 2F5A
    db 0xc9, 0x82, 0x9a, 0x07, 0x03, 0xc9, 0x82, 0x80, 0x3e, 0x23, 0x06, 0x00, 0x74, 0x05, 0x2b, 0xc0  ; 2F6A
    db 0xe9, 0x15, 0x00, 0x8a, 0xd1, 0x2a, 0xf6, 0xd1, 0xe2, 0xd1, 0xe2, 0xd1, 0xe2, 0xd1, 0xe2, 0xa0  ; 2F7A
    db 0x04, 0x00, 0x2a, 0xe4, 0x03, 0xd0, 0x8b, 0xc2, 0x59, 0x8b, 0xe5, 0x5d, 0xcb, 0x55, 0x8b, 0xec  ; 2F8A
    db 0x83, 0xec, 0x06, 0x80, 0x3e, 0x04, 0x00, 0x30, 0x72, 0x0f, 0x80, 0x3e, 0x04, 0x00, 0x39, 0x77  ; 2F9A
    db 0x08, 0x80, 0x06, 0x04, 0x00, 0xd0, 0xe9, 0x20, 0x00, 0x80, 0x3e, 0x04, 0x00, 0x41, 0x72, 0x0f  ; 2FAA
    db 0x80, 0x3e, 0x04, 0x00, 0x46, 0x77, 0x08, 0x80, 0x06, 0x04, 0x00, 0xc9, 0xe9, 0x0a, 0x00, 0xc6  ; 2FBA
    db 0x06, 0x23, 0x06, 0x0c, 0xc6, 0x06, 0x16, 0x06, 0xff, 0x8b, 0xe5, 0x5d, 0xcb, 0x55, 0x8b, 0xec  ; 2FCA
    db 0x83, 0xec, 0x06, 0xc6, 0x06, 0x16, 0x06, 0x00, 0x9a, 0x2b, 0x01, 0x87, 0x96, 0x80, 0x3e, 0x29  ; 2FDA
    db 0x06, 0x00, 0x74, 0x05, 0x80, 0x26, 0x04, 0x00, 0x7f, 0x80, 0x3e, 0x04, 0x00, 0x61, 0x72, 0x0f  ; 2FEA
    db 0x80, 0x3e, 0x04, 0x00, 0x7a, 0x77, 0x08, 0x80, 0x26, 0x04, 0x00, 0x5f, 0xe9, 0x0c, 0x00, 0x80  ; 2FFA
    db 0x3e, 0x04, 0x00, 0x7f, 0x75, 0x05, 0xc6, 0x06, 0x16, 0x06, 0xff, 0x80, 0x3e, 0x04, 0x00, 0x3f  ; 300A
    db 0x77, 0x28, 0x80, 0x3e, 0x04, 0x00, 0x20, 0x76, 0x1c, 0x80, 0x3e, 0x04, 0x00, 0x2c, 0x74, 0x15  ; 301A
    db 0x80, 0x3e, 0x04, 0x00, 0x3b, 0x74, 0x0e, 0x80, 0x3e, 0x04, 0x00, 0x3a, 0x74, 0x07, 0x80, 0x3e  ; 302A
    db 0x04, 0x00, 0x3f, 0x75, 0x05, 0xc6, 0x06, 0x16, 0x06, 0xff, 0x8b, 0xe5, 0x5d, 0xcb, 0x55, 0x8b  ; 303A
    db 0xec, 0x83, 0xec, 0x08, 0x51, 0xe9, 0x88, 0x01, 0xc4, 0x3e, 0x0e, 0x06, 0xff, 0x06, 0x0e, 0x06  ; 304A
    db 0x26, 0x8a, 0x15, 0x88, 0x16, 0x07, 0x06, 0xa0, 0x07, 0x06, 0x24, 0x0f, 0x8a, 0xc8, 0xc7, 0x46  ; 305A
    db 0xf8, 0x00, 0x00, 0xe9, 0x30, 0x00, 0x9a, 0x47, 0x03, 0xc9, 0x82, 0x80, 0x3e, 0x16, 0x06, 0x00  ; 306A
    db 0x75, 0x30, 0x80, 0xc1, 0xff, 0xc4, 0x3e, 0x0e, 0x06, 0xff, 0x06, 0x0e, 0x06, 0xa0, 0x04, 0x00  ; 307A
    db 0x26, 0x32, 0x05, 0x24, 0x5f, 0x3c, 0x00, 0x74, 0x08, 0xc7, 0x46, 0xf8, 0x00, 0x00, 0xe9, 0x11  ; 308A
    db 0x00, 0xc7, 0x46, 0xf8, 0xff, 0xff, 0x80, 0xf9, 0x00, 0x74, 0x07, 0x80, 0x3e, 0x02, 0x00, 0x00  ; 309A
    db 0x74, 0xc4, 0x83, 0x7e, 0xf8, 0x00, 0x74, 0x61, 0x80, 0x3e, 0x02, 0x00, 0x00, 0x74, 0x20, 0x80  ; 30AA
    db 0x3e, 0x16, 0x06, 0x00, 0x75, 0x19, 0x80, 0x3e, 0x08, 0x06, 0x3d, 0x75, 0x0a, 0xc6, 0x06, 0x09  ; 30BA
    db 0x06, 0x00, 0xc6, 0x06, 0x07, 0x06, 0x00, 0x9a, 0x32, 0x00, 0x87, 0x96, 0xe9, 0xbd, 0x00, 0x80  ; 30CA
    db 0xf9, 0x00, 0x75, 0x6f, 0x9a, 0x47, 0x03, 0xc9, 0x82, 0x80, 0x3e, 0x08, 0x06, 0x3d, 0x75, 0x66  ; 30DA
    db 0x80, 0x3e, 0x04, 0x00, 0x31, 0x72, 0x07, 0x80, 0x3e, 0x04, 0x00, 0x34, 0x76, 0x0e, 0x80, 0x3e  ; 30EA
    db 0x04, 0x00, 0x41, 0x72, 0x54, 0x80, 0x3e, 0x04, 0x00, 0x5a, 0x77, 0x4d, 0x80, 0x3e, 0x04, 0x00  ; 30FA
    db 0x34, 0x77, 0x09, 0xbf, 0x30, 0x00, 0xe9, 0x06, 0x00, 0xe9, 0xaf, 0x00, 0xbf, 0x3c, 0x00, 0xa0  ; 310A
    db 0x04, 0x00, 0x2a, 0xe4, 0x2b, 0xc7, 0x8b, 0xd0, 0x88, 0x16, 0x09, 0x06, 0x9a, 0x32, 0x00, 0x87  ; 311A
    db 0x96, 0x80, 0x3e, 0x02, 0x00, 0x00, 0x75, 0x64, 0x9a, 0x47, 0x03, 0xc9, 0x82, 0x80, 0x3e, 0x16  ; 312A
    db 0x06, 0x00, 0x75, 0x07, 0x80, 0x3e, 0x02, 0x00, 0x00, 0x74, 0x77, 0x9a, 0x32, 0x00, 0x87, 0x96  ; 313A
    db 0xe9, 0x49, 0x00, 0xe9, 0x49, 0x00, 0xe9, 0x20, 0x00, 0x80, 0x3e, 0x16, 0x06, 0x00, 0x75, 0x07  ; 314A
    db 0x80, 0x3e, 0x02, 0x00, 0x00, 0x74, 0x61, 0xc6, 0x06, 0x09, 0x06, 0x00, 0x9a, 0x32, 0x00, 0x87  ; 315A
    db 0x96, 0xc6, 0x06, 0x07, 0x06, 0x00, 0xe9, 0x23, 0x00, 0x80, 0x3e, 0x16, 0x06, 0x00, 0x75, 0x07  ; 316A
    db 0x80, 0x3e, 0x02, 0x00, 0x00, 0x74, 0x08, 0x9a, 0x32, 0x00, 0x87, 0x96, 0xe9, 0x0d, 0x00, 0xc6  ; 317A
    db 0x06, 0x07, 0x06, 0x00, 0x9a, 0x79, 0x04, 0x87, 0x96, 0xe9, 0x2c, 0x00, 0xe9, 0x53, 0x00, 0xc4  ; 318A
    db 0x3e, 0x0e, 0x06, 0x26, 0x8a, 0x15, 0x2a, 0xf6, 0x81, 0xe2, 0x60, 0x00, 0x83, 0xfa, 0x60, 0x74  ; 319A
    db 0x0a, 0xc4, 0x1e, 0x0e, 0x06, 0x26, 0x80, 0x3f, 0x2f, 0x75, 0x10, 0x9a, 0x32, 0x00, 0x87, 0x96  ; 31AA
    db 0xeb, 0x03, 0xe9, 0x28, 0x00, 0xe9, 0x2a, 0x00, 0xe9, 0x00, 0x00, 0xfe, 0x06, 0x08, 0x06, 0x8a  ; 31BA
    db 0xd1, 0x2a, 0xf6, 0x01, 0x16, 0x0e, 0x06, 0x52, 0x9a, 0x79, 0x04, 0x87, 0x96, 0x83, 0xc4, 0x02  ; 31CA
    db 0xc4, 0x3e, 0x0e, 0x06, 0x26, 0x80, 0x3d, 0x00, 0x74, 0x03, 0xe9, 0x6b, 0xfe, 0xc6, 0x06, 0x07  ; 31DA
    db 0x06, 0x00, 0x59, 0x8b, 0xe5, 0x5d, 0xcb, 0x55, 0x8b, 0xec, 0x83, 0xec, 0x08, 0xc7, 0x46, 0xf8  ; 31EA
    db 0x00, 0x00, 0xe9, 0x2f, 0x00, 0xc4, 0x7e, 0x06, 0x26, 0x8a, 0x15, 0x2a, 0xf6, 0x81, 0xe2, 0x0f  ; 31FA
    db 0x00, 0x42, 0x01, 0x56, 0x06, 0xc4, 0x5e, 0x06, 0x26, 0x80, 0x3f, 0x00, 0x75, 0x13, 0xff, 0x46  ; 320A
    db 0x06, 0xc4, 0x7e, 0x06, 0x26, 0x80, 0x3d, 0x00, 0x75, 0x07, 0x2b, 0xdb, 0x8e, 0xc3, 0xe9, 0x10  ; 321A
    db 0x00, 0xff, 0x46, 0xf8, 0x8a, 0x56, 0x0a, 0x2a, 0xf6, 0x39, 0x56, 0xf8, 0x7c, 0xc7, 0xc4, 0x5e  ; 322A
    db 0x06, 0x8b, 0xe5, 0x5d, 0xca, 0x04, 0x00  ; 323A
putchar_serial:
    push bp                                  ; 3241: push bp
    db 0x8b, 0xec  ; 3242: mov bp, sp (not byte-exact via NASM - see NOTES.md)
    sub sp, 6                                ; 3244: sub sp, 6
    mov dl, byte [bp + 6]                    ; 3247: mov dl, byte ptr [bp + 6]
    mov byte [5], dl                         ; 324A: mov byte ptr [5], dl
    call 0x9687:0x02f8                       ; 324E: lcall 0x9687, 0x2f8
    db 0x8b, 0xe5  ; 3253: mov sp, bp (not byte-exact via NASM - see NOTES.md)
    pop bp                                   ; 3255: pop bp
    retf 2                                   ; 3256: retf 2
putchar_serial_seg:
    push bp                                  ; 3259: push bp
    db 0x8b, 0xec  ; 325A: mov bp, sp (not byte-exact via NASM - see NOTES.md)
    sub sp, 8                                ; 325C: sub sp, 8
    mov di, 0x8f80                           ; 325F: mov di, 0x8f80
    push di                                  ; 3262: push di
    call 0x9470:0x000e                       ; 3263: lcall 0x9470, 0xe
    mov word [bp - 8], ax                    ; 3268: mov word ptr [bp - 8], ax
    mov dl, byte [bp + 6]                    ; 326B: mov dl, byte ptr [bp + 6]
    mov byte [5], dl                         ; 326E: mov byte ptr [5], dl
    call 0x9687:0x02f8                       ; 3272: lcall 0x9687, 0x2f8
    push word [bp - 8]                       ; 3277: push word ptr [bp - 8]
    call 0x9470:0x000e                       ; 327A: lcall 0x9470, 0xe
    db 0x8b, 0xe5  ; 327F: mov sp, bp (not byte-exact via NASM - see NOTES.md)
    pop bp                                   ; 3281: pop bp
    retf 2                                   ; 3282: retf 2
    db 0x55, 0x8b, 0xec, 0x83, 0xec, 0x06, 0xc6, 0x06, 0x23, 0x06, 0x04, 0x2b, 0xdb, 0x8e, 0xc3, 0x8b  ; 3285
    db 0xe5, 0x5d, 0xcb, 0x55, 0x8b, 0xec, 0x83, 0xec, 0x0c, 0x9a, 0x79, 0x04, 0x87, 0x96, 0x9a, 0x47  ; 3295
    db 0x03, 0xc9, 0x82, 0xc7, 0x46, 0xf4, 0x00, 0x00, 0xc7, 0x46, 0xf8, 0x00, 0x00, 0xc7, 0x06, 0x7c  ; 32A5
    db 0x05, 0x00, 0x00, 0xc7, 0x06, 0x78, 0x05, 0x00, 0x00, 0xc7, 0x06, 0x7a, 0x05, 0x00, 0x00, 0xc6  ; 32B5
    db 0x06, 0x7e, 0x05, 0x00, 0xc7, 0x46, 0xf6, 0x01, 0x00, 0xe9, 0x37, 0x02, 0x80, 0x3e, 0x04, 0x00  ; 32C5
    db 0x30, 0x72, 0x76, 0x80, 0x3e, 0x04, 0x00, 0x39, 0x77, 0x6f, 0xe9, 0xe4, 0x00, 0x2b, 0xff, 0x57  ; 32D5
    db 0xba, 0x0a, 0x00, 0x52, 0xa1, 0x78, 0x05, 0x8b, 0x16, 0x7a, 0x05, 0x9a, 0x5d, 0x00, 0x72, 0xe7  ; 32E5
    db 0x52, 0x50, 0xa0, 0x04, 0x00, 0x2a, 0xe4, 0x2b, 0xd2, 0x9a, 0x1d, 0x00, 0x72, 0xe7, 0x05, 0xd0  ; 32F5
    db 0xff, 0x83, 0xd2, 0xff, 0xa3, 0x78, 0x05, 0x89, 0x16, 0x7a, 0x05, 0xc7, 0x46, 0xf8, 0x02, 0x00  ; 3305
    db 0xe9, 0xe4, 0x01, 0xc7, 0x46, 0xf8, 0x03, 0x00, 0xff, 0x4e, 0xf4, 0xbf, 0x0a, 0x00, 0x57, 0xbf  ; 3315
    db 0x70, 0x3d, 0x57, 0xa1, 0x78, 0x05, 0x8b, 0x16, 0x7a, 0x05, 0x9a, 0x33, 0x00, 0x72, 0xe7, 0x77  ; 3325
    db 0x22, 0xbf, 0x0a, 0x00, 0x57, 0xbf, 0x70, 0x3d, 0x57, 0xa1, 0x78, 0x05, 0x8b, 0x16, 0x7a, 0x05  ; 3335
    db 0x9a, 0x33, 0x00, 0x72, 0xe7, 0x75, 0x3d, 0xeb, 0x03, 0xe9, 0x84, 0x01, 0x80, 0x3e, 0x04, 0x00  ; 3345
    db 0x36, 0x73, 0x31, 0x2b, 0xff, 0x57, 0xba, 0x0a, 0x00, 0x52, 0xa1, 0x78, 0x05, 0x8b, 0x16, 0x7a  ; 3355
    db 0x05, 0x9a, 0x5d, 0x00, 0x72, 0xe7, 0x52, 0x50, 0xa0, 0x04, 0x00, 0x2a, 0xe4, 0x2b, 0xd2, 0x9a  ; 3365
    db 0x1d, 0x00, 0x72, 0xe7, 0x05, 0xd0, 0xff, 0x83, 0xd2, 0xff, 0xa3, 0x78, 0x05, 0x89, 0x16, 0x7a  ; 3375
    db 0x05, 0xe9, 0x05, 0x00, 0xc7, 0x46, 0xf8, 0x15, 0x00, 0xe9, 0x6b, 0x01, 0x83, 0x3e, 0x7c, 0x05  ; 3385
    db 0x09, 0x7e, 0x08, 0xc7, 0x46, 0xf8, 0x15, 0x00, 0xe9, 0x1b, 0x00, 0xa1, 0x7c, 0x05, 0xba, 0x0a  ; 3395
    db 0x00, 0xf7, 0xea, 0x8a, 0x16, 0x04, 0x00, 0x2a, 0xf6, 0x03, 0xc2, 0x05, 0xd0, 0xff, 0xa3, 0x7c  ; 33A5
    db 0x05, 0xc7, 0x46, 0xf8, 0x07, 0x00, 0xe9, 0x3e, 0x01, 0xc7, 0x46, 0xf8, 0x15, 0x00, 0xe9, 0x36  ; 33B5
    db 0x01, 0x8b, 0x46, 0xf8, 0x3d, 0x00, 0x00, 0x75, 0x03, 0xe9, 0x11, 0xff, 0x3d, 0x01, 0x00, 0x75  ; 33C5
    db 0x03, 0xe9, 0x09, 0xff, 0x3d, 0x02, 0x00, 0x75, 0x03, 0xe9, 0x3f, 0xff, 0x3d, 0x03, 0x00, 0x75  ; 33D5
    db 0x03, 0xe9, 0x34, 0xff, 0x3d, 0x04, 0x00, 0x75, 0x03, 0xe9, 0x27, 0xff, 0x3d, 0x05, 0x00, 0x74  ; 33E5
    db 0x9b, 0x3d, 0x06, 0x00, 0x74, 0x96, 0x3d, 0x07, 0x00, 0x74, 0x91, 0xe9, 0xbb, 0xff, 0x80, 0x3e  ; 33F5
    db 0x04, 0x00, 0x2d, 0x75, 0x05, 0xc6, 0x06, 0x7e, 0x05, 0x01, 0xc7, 0x46, 0xf8, 0x01, 0x00, 0xe9  ; 3405
    db 0xe5, 0x00, 0x80, 0x3e, 0x04, 0x00, 0x2d, 0x75, 0x05, 0xc7, 0x46, 0xf6, 0xff, 0xff, 0xc7, 0x46  ; 3415
    db 0xf8, 0x06, 0x00, 0xe9, 0xd1, 0x00, 0xc7, 0x46, 0xf8, 0x63, 0x00, 0xe9, 0xc9, 0x00, 0xc7, 0x46  ; 3425
    db 0xf8, 0x15, 0x00, 0xe9, 0xc1, 0x00, 0x8b, 0x46, 0xf8, 0x3d, 0x00, 0x00, 0x74, 0xc0, 0x3d, 0x02  ; 3435
    db 0x00, 0x74, 0xe3, 0x3d, 0x03, 0x00, 0x74, 0xde, 0x3d, 0x05, 0x00, 0x74, 0xc5, 0x3d, 0x07, 0x00  ; 3445
    db 0x74, 0xd4, 0xe9, 0xd9, 0xff, 0xc7, 0x46, 0xf8, 0x04, 0x00, 0xe9, 0x25, 0x00, 0xc7, 0x46, 0xf8  ; 3455
    db 0x03, 0x00, 0xe9, 0x1d, 0x00, 0xc7, 0x46, 0xf8, 0x63, 0x00, 0xe9, 0x15, 0x00, 0x8b, 0x46, 0xf8  ; 3465
    db 0x3d, 0x00, 0x00, 0x74, 0xe0, 0x3d, 0x01, 0x00, 0x74, 0xdb, 0x3d, 0x02, 0x00, 0x74, 0xde, 0xe9  ; 3475
    db 0xe3, 0xff, 0xe9, 0x72, 0x00, 0xc7, 0x46, 0xf8, 0x05, 0x00, 0xe9, 0x18, 0x00, 0xc7, 0x46, 0xf8  ; 3485
    db 0x63, 0x00, 0xe9, 0x10, 0x00, 0x8b, 0x46, 0xf8, 0x3d, 0x02, 0x00, 0x74, 0xe8, 0x3d, 0x03, 0x00  ; 3495
    db 0x74, 0xe3, 0xe9, 0xe8, 0xff, 0xe9, 0x4f, 0x00, 0xc7, 0x46, 0xf8, 0x63, 0x00, 0xe9, 0x1d, 0x00  ; 34A5
    db 0xc7, 0x46, 0xf8, 0x15, 0x00, 0xe9, 0x15, 0x00, 0x8b, 0x46, 0xf8, 0x3d, 0x02, 0x00, 0x74, 0xe8  ; 34B5
    db 0x3d, 0x03, 0x00, 0x74, 0xe3, 0x3d, 0x07, 0x00, 0x74, 0xde, 0xe9, 0xe3, 0xff, 0xe9, 0x27, 0x00  ; 34C5
    db 0xa0, 0x04, 0x00, 0x2a, 0xe4, 0x3d, 0x2b, 0x00, 0x75, 0x03, 0xe9, 0x59, 0xff, 0x3d, 0x2d, 0x00  ; 34D5
    db 0x75, 0x03, 0xe9, 0x51, 0xff, 0x3d, 0x2e, 0x00, 0x74, 0x83, 0x3d, 0x45, 0x00, 0x74, 0xa6, 0x3d  ; 34E5
    db 0x65, 0x00, 0x74, 0xa1, 0xe9, 0xc1, 0xff, 0x80, 0x3e, 0x02, 0x00, 0x00, 0x75, 0x15, 0x9a, 0x47  ; 34F5
    db 0x03, 0xc9, 0x82, 0x83, 0x7e, 0xf8, 0x0a, 0x7f, 0x0a, 0x80, 0x3e, 0x16, 0x06, 0x00, 0x75, 0x03  ; 3505
    db 0xe9, 0xb9, 0xfd, 0x83, 0x7e, 0xf8, 0x63, 0x74, 0x12, 0x83, 0x7e, 0xf8, 0x02, 0x74, 0x0c, 0x83  ; 3515
    db 0x7e, 0xf8, 0x03, 0x74, 0x06, 0x83, 0x7e, 0xf8, 0x07, 0x75, 0x20, 0x83, 0x7e, 0xf6, 0xff, 0x75  ; 3525
    db 0x08, 0xa1, 0x7c, 0x05, 0xf7, 0xd8, 0xa3, 0x7c, 0x05, 0x8b, 0x7e, 0xf4, 0x01, 0x3e, 0x7c, 0x05  ; 3535
    db 0x2b, 0xd2, 0x52, 0x9a, 0xe0, 0x08, 0xc9, 0x82, 0xe9, 0x1c, 0x00, 0xc7, 0x06, 0x7c, 0x05, 0x00  ; 3545
    db 0x00, 0xc7, 0x06, 0x78, 0x05, 0x00, 0x00, 0xc7, 0x06, 0x7a, 0x05, 0x00, 0x00, 0xc6, 0x06, 0x7e  ; 3555
    db 0x05, 0x00, 0xc6, 0x06, 0x23, 0x06, 0x04, 0x8b, 0xe5, 0x5d, 0xcb, 0x55, 0x8b, 0xec, 0x83, 0xec  ; 3565
    db 0x06, 0x2b, 0xff, 0x57, 0x57, 0xa1, 0x78, 0x05, 0x8b, 0x16, 0x7a, 0x05, 0x9a, 0x33, 0x00, 0x72  ; 3575
    db 0xe7, 0x75, 0x2a, 0xc6, 0x06, 0x7e, 0x05, 0x00, 0x89, 0x3e, 0x7c, 0x05, 0xe9, 0x8b, 0x00, 0x2b  ; 3585
    db 0xff, 0x57, 0xba, 0x0a, 0x00, 0x52, 0xa1, 0x78, 0x05, 0x8b, 0x16, 0x7a, 0x05, 0x9a, 0x1d, 0x01  ; 3595
    db 0x72, 0xe7, 0xa3, 0x78, 0x05, 0x89, 0x16, 0x7a, 0x05, 0xff, 0x06, 0x7c, 0x05, 0xff, 0x36, 0x7a  ; 35A5
    db 0x05, 0xff, 0x36, 0x78, 0x05, 0x2b, 0xff, 0x57, 0xba, 0x0a, 0x00, 0x52, 0x57, 0x52, 0xa1, 0x78  ; 35B5
    db 0x05, 0x8b, 0x16, 0x7a, 0x05, 0x9a, 0x1d, 0x01, 0x72, 0xe7, 0x9a, 0x5d, 0x00, 0x72, 0xe7, 0x9a  ; 35C5
    db 0x33, 0x00, 0x72, 0xe7, 0x74, 0xb9, 0x83, 0x7e, 0x06, 0x00, 0x75, 0x3e, 0xe9, 0x1e, 0x00, 0x2b  ; 35D5
    db 0xff, 0x57, 0xba, 0x0a, 0x00, 0x52, 0xa1, 0x78, 0x05, 0x8b, 0x16, 0x7a, 0x05, 0x9a, 0x5d, 0x00  ; 35E5
    db 0x72, 0xe7, 0xa3, 0x78, 0x05, 0x89, 0x16, 0x7a, 0x05, 0xff, 0x0e, 0x7c, 0x05, 0xbf, 0x0a, 0x00  ; 35F5
    db 0x57, 0xbf, 0x70, 0x3d, 0x57, 0xa1, 0x78, 0x05, 0x8b, 0x16, 0x7a, 0x05, 0x9a, 0x33, 0x00, 0x72  ; 3605
    db 0xe7, 0x76, 0x07, 0x83, 0x3e, 0x7c, 0x05, 0x00, 0x7f, 0xc5, 0x8b, 0xe5, 0x5d, 0xca, 0x02, 0x00  ; 3615
    db 0x55, 0x8b, 0xec, 0x83, 0xec, 0x06, 0x56, 0xc6, 0x06, 0x25, 0x06, 0x00, 0x9a, 0x08, 0x06, 0xc9  ; 3625
    db 0x82, 0x8b, 0x36, 0x78, 0x05, 0x80, 0x3e, 0x23, 0x06, 0x00, 0x74, 0x05, 0x2b, 0xc0, 0xe9, 0x5f  ; 3635
    db 0x00, 0x83, 0x3e, 0x7c, 0x05, 0x00, 0x74, 0x08, 0xc6, 0x06, 0x25, 0x06, 0x02, 0xe9, 0x4e, 0x00  ; 3645
    db 0x2b, 0xff, 0x57, 0xba, 0x00, 0x80, 0x52, 0xa1, 0x78, 0x05, 0x8b, 0x16, 0x7a, 0x05, 0x9a, 0x33  ; 3655
    db 0x00, 0x72, 0xe7, 0x76, 0x10, 0x80, 0x3e, 0x7e, 0x05, 0x00, 0x74, 0x06, 0x8b, 0xd6, 0xf7, 0xda  ; 3665
    db 0x8b, 0xf2, 0xe9, 0x29, 0x00, 0x2b, 0xff, 0x57, 0xba, 0xff, 0xff, 0x52, 0xa1, 0x78, 0x05, 0x8b  ; 3675
    db 0x16, 0x7a, 0x05, 0x9a, 0x33, 0x00, 0x72, 0xe7, 0x72, 0x0f, 0x80, 0x3e, 0x7e, 0x05, 0x00, 0x75  ; 3685
    db 0x08, 0xc6, 0x06, 0x25, 0x06, 0x01, 0xe9, 0x05, 0x00, 0xc6, 0x06, 0x25, 0x06, 0x02, 0x8b, 0xc6  ; 3695
    db 0x5e, 0x8b, 0xe5, 0x5d, 0xcb, 0x55, 0x8b, 0xec, 0x83, 0xec, 0x06, 0x80, 0x3e, 0x25, 0x06, 0x00  ; 36A5
    db 0x75, 0x06, 0xa1, 0x00, 0x06, 0xe9, 0x07, 0x00, 0xc6, 0x06, 0x23, 0x06, 0x15, 0x2b, 0xc0, 0x8b  ; 36B5
    db 0xe5, 0x5d, 0xcb, 0x55, 0x8b, 0xec, 0x83, 0xec, 0x06, 0x80, 0x3e, 0x25, 0x06, 0x01, 0x74, 0x0e  ; 36C5
    db 0x80, 0x3e, 0x25, 0x06, 0x00, 0x75, 0x0d, 0x80, 0x3e, 0x7e, 0x05, 0x00, 0x75, 0x06, 0xa1, 0x78  ; 36D5
    db 0x05, 0xe9, 0x07, 0x00, 0xc6, 0x06, 0x23, 0x06, 0x15, 0x2b, 0xc0, 0x8b, 0xe5, 0x5d, 0xcb, 0x55  ; 36E5
    db 0x8b, 0xec, 0x83, 0xec, 0x06, 0x9a, 0x08, 0x06, 0xc9, 0x82, 0x80, 0x3e, 0x23, 0x06, 0x00, 0x75  ; 36F5
    db 0x23, 0x83, 0x3e, 0x7c, 0x05, 0x00, 0x75, 0x1c, 0x80, 0x3e, 0x7e, 0x05, 0x00, 0x75, 0x15, 0x2b  ; 3705
    db 0xff, 0x57, 0xba, 0xff, 0xff, 0x52, 0xa1, 0x78, 0x05, 0x8b, 0x16, 0x7a, 0x05, 0x9a, 0x33, 0x00  ; 3715
    db 0x72, 0xe7, 0x73, 0x0a, 0xc6, 0x06, 0x23, 0x06, 0x15, 0x2b, 0xc0, 0xe9, 0x03, 0x00, 0xa1, 0x78  ; 3725
    db 0x05, 0x8b, 0xe5, 0x5d, 0xcb, 0x55, 0x8b, 0xec, 0x83, 0xec, 0x0a, 0x56, 0xbf, 0x01, 0x00, 0x57  ; 3735
    db 0x9a, 0xe0, 0x08, 0xc9, 0x82, 0x8b, 0x46, 0x06, 0xba, 0x0a, 0x00, 0xf7, 0xea, 0xc4, 0x3e, 0x2e  ; 3745
    db 0x07, 0x8b, 0xd7, 0x03, 0xd0, 0x89, 0x56, 0xf6, 0x8c, 0x46, 0xf8, 0xff, 0x36, 0x7a, 0x05, 0xff  ; 3755
    db 0x36, 0x78, 0x05, 0xc4, 0x5e, 0xf6, 0x26, 0x8b, 0x07, 0x2b, 0xd2, 0x9a, 0x33, 0x00, 0x72, 0xe7  ; 3765
    db 0x75, 0x05, 0x2b, 0xf6, 0xe9, 0x56, 0x00, 0xff, 0x36, 0x7a, 0x05, 0xff, 0x36, 0x78, 0x05, 0xc4  ; 3775
    db 0x7e, 0xf6, 0x26, 0x8b, 0x45, 0x02, 0x2b, 0xd2, 0x9a, 0x33, 0x00, 0x72, 0xe7, 0x75, 0x18, 0x26  ; 3785
    db 0x8a, 0x55, 0x09, 0x80, 0xe2, 0x80, 0x80, 0xfa, 0x00, 0x74, 0x06, 0xbe, 0xfe, 0xff, 0xe9, 0x03  ; 3795
    db 0x00, 0xbe, 0x01, 0x00, 0xe9, 0x26, 0x00, 0xff, 0x36, 0x7a, 0x05, 0xff, 0x36, 0x78, 0x05, 0xc4  ; 37A5
    db 0x7e, 0xf6, 0x26, 0x8b, 0x45, 0x04, 0x26, 0x8b, 0x55, 0x06, 0x9a, 0x33, 0x00, 0x72, 0xe7, 0x75  ; 37B5
    db 0x06, 0xbe, 0x02, 0x00, 0xe9, 0x06, 0x00, 0xb8, 0xff, 0xff, 0xe9, 0x32, 0x00, 0xa1, 0x7c, 0x05  ; 37C5
    db 0xba, 0x03, 0x00, 0xf7, 0xea, 0x8b, 0xfe, 0x03, 0xf8, 0xc4, 0x5e, 0xf6, 0x26, 0x8a, 0x47, 0x08  ; 37D5
    db 0x98, 0x03, 0xf8, 0x8b, 0xf7, 0x83, 0xfe, 0x00, 0x7c, 0x0d, 0x26, 0x8a, 0x57, 0x09, 0x80, 0xe2  ; 37E5
    db 0x1f, 0x2a, 0xf6, 0x3b, 0xf2, 0x7e, 0x06, 0xb8, 0xff, 0xff, 0xe9, 0x02, 0x00, 0x8b, 0xc6, 0x5e  ; 37F5
    db 0x8b, 0xe5, 0x5d, 0xca, 0x02, 0x00, 0x55, 0x8b, 0xec, 0x83, 0xec, 0x08, 0xe9, 0x68, 0x00, 0x83  ; 3805
    db 0x3e, 0x7c, 0x05, 0xfe, 0x7d, 0x21, 0x2b, 0xff, 0x57, 0xba, 0x0a, 0x00, 0x52, 0xa1, 0x78, 0x05  ; 3815
    db 0x8b, 0x16, 0x7a, 0x05, 0x9a, 0x1d, 0x01, 0x72, 0xe7, 0xa3, 0x78, 0x05, 0x89, 0x16, 0x7a, 0x05  ; 3825
    db 0xff, 0x06, 0x7c, 0x05, 0xe9, 0x40, 0x00, 0x83, 0x3e, 0x7c, 0x05, 0xfe, 0x7e, 0x39, 0x2b, 0xff  ; 3835
    db 0x57, 0xba, 0x00, 0x04, 0x52, 0xa1, 0x78, 0x05, 0x8b, 0x16, 0x7a, 0x05, 0x9a, 0x33, 0x00, 0x72  ; 3845
    db 0xe7, 0x73, 0x06, 0xb8, 0x20, 0x4e, 0xe9, 0x5e, 0x00, 0x2b, 0xff, 0x57, 0xba, 0x0a, 0x00, 0x52  ; 3855
    db 0xa1, 0x78, 0x05, 0x8b, 0x16, 0x7a, 0x05, 0x9a, 0x5d, 0x00, 0x72, 0xe7, 0xa3, 0x78, 0x05, 0x89  ; 3865
    db 0x16, 0x7a, 0x05, 0xff, 0x0e, 0x7c, 0x05, 0x83, 0x3e, 0x7c, 0x05, 0xfe, 0x75, 0x91, 0x2b, 0xff  ; 3875
    db 0x57, 0xba, 0x00, 0x28, 0x52, 0xa1, 0x78, 0x05, 0x8b, 0x16, 0x7a, 0x05, 0x9a, 0x33, 0x00, 0x72  ; 3885
    db 0xe7, 0x73, 0x06, 0xb8, 0x20, 0x4e, 0xe9, 0x1e, 0x00, 0xa1, 0x78, 0x05, 0x89, 0x46, 0xf8, 0x99  ; 3895
    db 0xbf, 0x04, 0x00, 0xf7, 0xff, 0x89, 0x46, 0xf8, 0x80, 0x3e, 0x7e, 0x05, 0x00, 0x74, 0x05, 0xf7  ; 38A5
    db 0xd8, 0x89, 0x46, 0xf8, 0x8b, 0x46, 0xf8, 0x8b, 0xe5, 0x5d, 0xcb, 0x55, 0x8b, 0xec, 0x83, 0xec  ; 38B5
    db 0x08, 0xbf, 0x41, 0x00, 0x57, 0x9a, 0x0e, 0x00, 0x70, 0x94, 0x89, 0x46, 0xf8, 0x9a, 0x0c, 0x00  ; 38C5
    db 0x93, 0xe6, 0xff, 0x76, 0xf8, 0x9a, 0x0e, 0x00, 0x70, 0x94, 0x8b, 0xe5, 0x5d, 0xcb, 0x55, 0x8b  ; 38D5
    db 0xec, 0x83, 0xec, 0x0a, 0xbf, 0x80, 0x8f, 0x57, 0x9a, 0x0e, 0x00, 0x70, 0x94, 0x89, 0x46, 0xf8  ; 38E5
    db 0x80, 0x3e, 0x29, 0x06, 0x00, 0x75, 0x1b, 0x80, 0x3e, 0xed, 0x04, 0x00, 0x75, 0x07, 0x80, 0x3e  ; 38F5
    db 0x5b, 0x04, 0x00, 0x74, 0x0d, 0xc6, 0x06, 0x23, 0x06, 0x1b, 0xc7, 0x46, 0xf6, 0x00, 0x00, 0xe9  ; 3905
    db 0x05, 0x00, 0xc7, 0x46, 0xf6, 0xff, 0xff, 0xff, 0x76, 0xf8, 0x9a, 0x0e, 0x00, 0x70, 0x94, 0x8b  ; 3915
    db 0x46, 0xf6, 0x8b, 0xe5, 0x5d, 0xcb, 0x55, 0x8b, 0xec, 0x83, 0xec, 0x0a, 0xc7, 0x46, 0xf6, 0x00  ; 3925
    db 0x00, 0xbf, 0x80, 0x8f, 0x57, 0x9a, 0x0e, 0x00, 0x70, 0x94, 0x89, 0x46, 0xf8, 0xc4, 0x3e, 0x32  ; 3935
    db 0x07, 0x26, 0x80, 0xbd, 0x95, 0x00, 0x00, 0x74, 0x21, 0xc4, 0x1e, 0x32, 0x07, 0x26, 0x80, 0xbf  ; 3945
    db 0x96, 0x00, 0x00, 0x74, 0x15, 0xa0, 0xf1, 0x04, 0x24, 0xc0, 0x3c, 0x00, 0x75, 0x0c, 0x80, 0x3e  ; 3955
    db 0xf0, 0x04, 0x1f, 0x74, 0x05, 0xc7, 0x46, 0xf6, 0xff, 0xff, 0xff, 0x76, 0xf8, 0x9a, 0x0e, 0x00  ; 3965
    db 0x70, 0x94, 0x8b, 0x46, 0xf6, 0x8b, 0xe5, 0x5d, 0xcb, 0x55, 0x8b, 0xec, 0x83, 0xec, 0x0a, 0xc7  ; 3975
    db 0x46, 0xf6, 0x00, 0x00, 0xbf, 0x80, 0x8f, 0x57, 0x9a, 0x0e, 0x00, 0x70, 0x94, 0x89, 0x46, 0xf8  ; 3985
    db 0xc4, 0x3e, 0x32, 0x07, 0x26, 0x80, 0xbd, 0x95, 0x00, 0x00, 0x74, 0x21, 0xc4, 0x1e, 0x32, 0x07  ; 3995
    db 0x26, 0x80, 0xbf, 0x96, 0x00, 0x00, 0x74, 0x15, 0xa0, 0xf1, 0x04, 0x24, 0x80, 0x3c, 0x00, 0x74  ; 39A5
    db 0x0c, 0x80, 0x3e, 0xf0, 0x04, 0x1f, 0x74, 0x05, 0xc7, 0x46, 0xf6, 0xff, 0xff, 0xff, 0x76, 0xf8  ; 39B5
    db 0x9a, 0x0e, 0x00, 0x70, 0x94, 0x8b, 0x46, 0xf6, 0x8b, 0xe5, 0x5d, 0xcb  ; 39C5
comm_call_main_rom:
    push bp                                  ; 39D1: push bp
    db 0x8b, 0xec  ; 39D2: mov bp, sp (not byte-exact via NASM - see NOTES.md)
    sub sp, 8                                ; 39D4: sub sp, 8
    mov di, 0x41                             ; 39D7: mov di, 0x41
    push di                                  ; 39DA: push di
    call 0x9470:0x000e                       ; 39DB: lcall 0x9470, 0xe
    mov word [bp - 8], ax                    ; 39E0: mov word ptr [bp - 8], ax
    call 0xead0:0x2adf                       ; 39E3: lcall 0xead0, 0x2adf
    push word [bp - 8]                       ; 39E8: push word ptr [bp - 8]
    call 0x9470:0x000e                       ; 39EB: lcall 0x9470, 0xe
    db 0x8b, 0xe5  ; 39F0: mov sp, bp (not byte-exact via NASM - see NOTES.md)
    pop bp                                   ; 39F2: pop bp
    retf                                     ; 39F3: retf 
    db 0xff, 0x55, 0x8b, 0xec, 0x83, 0xec, 0x0a, 0xbf, 0x80, 0x8f, 0x57, 0x9a, 0x0e, 0x00, 0x70, 0x94  ; 39F4
    db 0xa0, 0xa3, 0x05, 0x88, 0x46, 0xf7, 0xbf, 0xff, 0xff, 0x57, 0x9a, 0x44, 0x0c, 0xf5, 0x96, 0x80  ; 3A04
    db 0x3e, 0x0c, 0x00, 0x00, 0x74, 0x0a, 0x9a, 0x0d, 0x01, 0x11, 0x85, 0xc6, 0x06, 0xa4, 0x05, 0x00  ; 3A14
    db 0x80, 0x3e, 0x29, 0x06, 0x00, 0x74, 0x05, 0x9a, 0xef, 0x05, 0x87, 0x96, 0x80, 0x3e, 0x1a, 0x06  ; 3A24
    db 0x00, 0x74, 0x35, 0x80, 0x3e, 0x1b, 0x06, 0x00, 0x74, 0x2e, 0xa0, 0x1b, 0x06, 0x24, 0x01, 0x3c  ; 3A34
    db 0x00, 0x74, 0x0d, 0xc6, 0x06, 0x06, 0x00, 0x2d, 0x80, 0x26, 0x1b, 0x06, 0xfe, 0xe9, 0x13, 0x00  ; 3A44
    db 0xa0, 0x1b, 0x06, 0x24, 0x02, 0x3c, 0x00, 0x74, 0x0a, 0xc6, 0x06, 0x06, 0x00, 0x2c, 0x80, 0x26  ; 3A54
    db 0x1b, 0x06, 0xfd, 0x9a, 0x5b, 0x01, 0x11, 0x85, 0xbf, 0x41, 0x00, 0x57, 0x9a, 0x0e, 0x00, 0x70  ; 3A64
    db 0x94, 0xa1, 0x4e, 0x05, 0x89, 0x46, 0xf8, 0xbf, 0x80, 0x8f, 0x57, 0x9a, 0x0e, 0x00, 0x70, 0x94  ; 3A74
    db 0x83, 0x7e, 0xf8, 0x03, 0x75, 0x09, 0xbf, 0x03, 0x00, 0x57, 0x9a, 0x61, 0x00, 0xc2, 0xf0, 0x8a  ; 3A84
    db 0x56, 0xf7, 0x2a, 0xf6, 0x52, 0x9a, 0x44, 0x0c, 0xf5, 0x96, 0xa0, 0xa4, 0x05, 0xa2, 0xa5, 0x05  ; 3A94
    db 0x83, 0x3e, 0x8c, 0x06, 0x00, 0x74, 0x1b, 0x80, 0x3e, 0x42, 0x06, 0x00, 0x75, 0x0e, 0xa0, 0x8c  ; 3AA4
    db 0x06, 0xa2, 0x23, 0x06, 0xa2, 0x42, 0x06, 0xc6, 0x06, 0xa4, 0x05, 0x01, 0xc7, 0x06, 0x8c, 0x06  ; 3AB4
    db 0x00, 0x00, 0xa0, 0xa4, 0x05, 0x2a, 0xe4, 0xd1, 0xe0, 0xd1, 0xe0, 0xc4, 0x3e, 0x2a, 0x07, 0x8b  ; 3AC4
    db 0xd8, 0x26, 0xff, 0x19, 0x80, 0x3e, 0x23, 0x06, 0x00, 0x74, 0x05, 0xc6, 0x06, 0xa4, 0x05, 0x01  ; 3AD4
    db 0xa0, 0xa5, 0x05, 0x38, 0x06, 0xa4, 0x05, 0x74, 0x03, 0xe9, 0x14, 0xff, 0xbf, 0x41, 0x00, 0x57  ; 3AE4
    db 0x9a, 0x0e, 0x00, 0x70, 0x94, 0x80, 0x3e, 0xb8, 0x07, 0x00, 0x75, 0x05, 0xc6, 0x06, 0x48, 0x07  ; 3AF4
    db 0x0f, 0x9a, 0x74, 0x01, 0x0b, 0xe6, 0xbf, 0x80, 0x8f, 0x57, 0x9a, 0x0e, 0x00, 0x70, 0x94, 0xe9  ; 3B04
    db 0xee, 0xfe, 0x8b, 0xe5, 0x5d, 0xcb, 0x55, 0x8b, 0xec, 0x83, 0xec, 0x06, 0xc6, 0x06, 0xa4, 0x05  ; 3B14
    db 0x03, 0xc6, 0x06, 0x23, 0x06, 0x00, 0xc6, 0x06, 0x25, 0x06, 0x00, 0x8b, 0xe5, 0x5d, 0xcb, 0x55  ; 3B24
    db 0x8b, 0xec, 0x83, 0xec, 0x06, 0xa0, 0x23, 0x06, 0xa2, 0x06, 0x00, 0x9a, 0x5b, 0x01, 0x11, 0x85  ; 3B34
    db 0xc6, 0x06, 0xa4, 0x05, 0x02, 0xc6, 0x06, 0x23, 0x06, 0x00, 0x8b, 0xe5, 0x5d, 0xcb, 0x55, 0x8b  ; 3B44
    db 0xec, 0x83, 0xec, 0x06, 0xe9, 0x19, 0x00, 0x80, 0x3e, 0x02, 0x00, 0x00, 0x74, 0x08, 0xc6, 0x06  ; 3B54
    db 0xa4, 0x05, 0x14, 0xe9, 0x18, 0x00, 0x9a, 0x32, 0x00, 0x87, 0x96, 0x9a, 0x2b, 0x01, 0x87, 0x96  ; 3B64
    db 0x80, 0x3e, 0x03, 0x00, 0x00, 0x75, 0xe0, 0x80, 0x3e, 0x02, 0x00, 0x00, 0x75, 0xd9, 0x8b, 0xe5  ; 3B74
    db 0x5d, 0xcb, 0x55, 0x8b, 0xec, 0x83, 0xec, 0x06, 0x80, 0x3e, 0x29, 0x06, 0x00, 0x74, 0x62, 0xa0  ; 3B84
    db 0xf1, 0x04, 0x24, 0x40, 0x3c, 0x00, 0x74, 0x1c, 0xbf, 0x41, 0x00, 0x57, 0x9a, 0x08, 0x00, 0x07  ; 3B94
    db 0xf0, 0xc6, 0x06, 0xb8, 0x07, 0xff, 0xbf, 0x80, 0x8f, 0x57, 0x9a, 0x08, 0x00, 0x07, 0xf0, 0xc6  ; 3BA4
    db 0x06, 0xa3, 0x05, 0x00, 0xe9, 0x3a, 0x00, 0x9a, 0x32, 0x00, 0x87, 0x96, 0x9a, 0x2b, 0x01, 0x87  ; 3BB4
    db 0x96, 0x80, 0x3e, 0x04, 0x00, 0x0d, 0x74, 0x45, 0x80, 0x3e, 0x04, 0x00, 0x0a, 0x74, 0x3e, 0x80  ; 3BC4
    db 0x3e, 0x04, 0x00, 0x20, 0x74, 0x37, 0x80, 0x3e, 0x04, 0x00, 0x3b, 0x74, 0x30, 0x80, 0x3e, 0x02  ; 3BD4
    db 0x00, 0x00, 0x74, 0x10, 0xc6, 0x06, 0x23, 0x06, 0x02, 0xc6, 0x06, 0xa4, 0x05, 0x01, 0xe9, 0x32  ; 3BE4
    db 0x00, 0xe9, 0x28, 0x00, 0xc7, 0x06, 0xfc, 0x05, 0x00, 0x00, 0xc6, 0x06, 0xa4, 0x05, 0x04, 0xc7  ; 3BF4
    db 0x06, 0x3e, 0x06, 0x00, 0x00, 0x9a, 0x79, 0x04, 0x87, 0x96, 0xe9, 0x16, 0x00, 0x80, 0x3e, 0x02  ; 3C04
    db 0x00, 0x00, 0x74, 0x08, 0xc6, 0x06, 0xa4, 0x05, 0x14, 0xe9, 0x07, 0x00, 0x80, 0x3e, 0x03, 0x00  ; 3C14
    db 0x00, 0x75, 0x94, 0xc6, 0x06, 0x09, 0x06, 0xff, 0xc6, 0x06, 0xfe, 0x05, 0xff, 0x8b, 0xe5, 0x5d  ; 3C24
    db 0xcb, 0x55, 0x8b, 0xec, 0x83, 0xec, 0x06, 0xe9, 0xe0, 0x00, 0x9a, 0x47, 0x03, 0xc9, 0x82, 0xff  ; 3C34
    db 0x06, 0x3e, 0x06, 0x83, 0x3e, 0x3e, 0x06, 0x0e, 0x7e, 0x05, 0xc6, 0x06, 0x23, 0x06, 0x02, 0x80  ; 3C44
    db 0x3e, 0x23, 0x06, 0x00, 0x74, 0x08, 0xc6, 0x06, 0xa4, 0x05, 0x01, 0xe9, 0xc6, 0x00, 0x80, 0x3e  ; 3C54
    db 0x02, 0x00, 0x00, 0x75, 0x07, 0x80, 0x3e, 0x16, 0x06, 0x00, 0x74, 0x73, 0x9a, 0x05, 0x00, 0x11  ; 3C64
    db 0x85, 0x80, 0x3e, 0x23, 0x06, 0x00, 0x74, 0x08, 0xc6, 0x06, 0xa4, 0x05, 0x01, 0xe9, 0xa4, 0x00  ; 3C74
    db 0x80, 0x3e, 0x04, 0x00, 0x3f, 0x75, 0x08, 0xc6, 0x06, 0xa4, 0x05, 0x05, 0xe9, 0x5d, 0x00, 0x80  ; 3C84
    db 0x3e, 0x02, 0x00, 0x00, 0x75, 0x07, 0x80, 0x3e, 0x04, 0x00, 0x3b, 0x75, 0x0d, 0xc6, 0x06, 0x05  ; 3C94
    db 0x06, 0x10, 0xc6, 0x06, 0xa4, 0x05, 0x10, 0xe9, 0x42, 0x00, 0x80, 0x3e, 0x04, 0x00, 0x20, 0x74  ; 3CA4
    db 0x15, 0x80, 0x3e, 0x04, 0x00, 0x2c, 0x74, 0x0e, 0x80, 0x3e, 0x04, 0x00, 0x0d, 0x74, 0x07, 0x80  ; 3CB4
    db 0x3e, 0x04, 0x00, 0x0a, 0x75, 0x1c, 0xc6, 0x06, 0x05, 0x06, 0x10, 0xc6, 0x06, 0xa4, 0x05, 0x06  ; 3CC4
    db 0x80, 0x3e, 0x52, 0x04, 0x00, 0x74, 0x05, 0xc6, 0x06, 0x07, 0x00, 0x00, 0xe9, 0x0d, 0x00, 0xe9  ; 3CD4
    db 0x38, 0x00, 0xc6, 0x06, 0x23, 0x06, 0x03, 0xc6, 0x06, 0xa4, 0x05, 0x01, 0xc6, 0x06, 0xff, 0x05  ; 3CE4
    db 0x00, 0xc6, 0x06, 0xf7, 0x05, 0x00, 0xc6, 0x06, 0x09, 0x06, 0xfb, 0xc6, 0x06, 0xfe, 0x05, 0xfb  ; 3CF4
    db 0xc6, 0x06, 0x06, 0x06, 0xfb, 0xc7, 0x06, 0x00, 0x06, 0x00, 0x00, 0xc7, 0x06, 0xf8, 0x05, 0x00  ; 3D04
    db 0x00, 0xc7, 0x06, 0xf4, 0x05, 0x00, 0x00, 0xe9, 0x0a, 0x00, 0x80, 0x3e, 0x03, 0x00, 0x00, 0x74  ; 3D14
    db 0x03, 0xe9, 0x16, 0xff, 0x8b, 0xe5, 0x5d, 0xcb, 0x55, 0x8b, 0xec, 0x83, 0xec, 0x06, 0x80, 0x3e  ; 3D24
    db 0x02, 0x00, 0x00, 0x75, 0x05, 0x9a, 0x2b, 0x01, 0x87, 0x96, 0xc6, 0x06, 0x05, 0x06, 0x20, 0xc6  ; 3D34
    db 0x06, 0xa4, 0x05, 0x06, 0x8b, 0xe5, 0x5d, 0xcb, 0x55, 0x8b, 0xec, 0x83, 0xec, 0x06, 0x80, 0x3e  ; 3D44
    db 0x02, 0x00, 0x00, 0x75, 0x07, 0x80, 0x3e, 0x04, 0x00, 0x3b, 0x75, 0x08, 0xc6, 0x06, 0xa4, 0x05  ; 3D54
    db 0x10, 0xe9, 0x68, 0x00, 0x80, 0x3e, 0x04, 0x00, 0x20, 0x74, 0x1c, 0x80, 0x3e, 0x04, 0x00, 0x2c  ; 3D64
    db 0x74, 0x15, 0x80, 0x3e, 0x29, 0x06, 0x00, 0x75, 0x27, 0x80, 0x3e, 0x04, 0x00, 0x0d, 0x74, 0x07  ; 3D74
    db 0x80, 0x3e, 0x04, 0x00, 0x0a, 0x75, 0x19, 0x80, 0x3e, 0x03, 0x00, 0x00, 0x74, 0x3e, 0x9a, 0x32  ; 3D84
    db 0x00, 0x87, 0x96, 0x9a, 0x47, 0x03, 0xc9, 0x82, 0xc6, 0x06, 0xa4, 0x05, 0x07, 0xe9, 0x2c, 0x00  ; 3D94
    db 0x80, 0x3e, 0x04, 0x00, 0x0d, 0x74, 0x07, 0x80, 0x3e, 0x04, 0x00, 0x0a, 0x75, 0x14, 0x80, 0x3e  ; 3DA4
    db 0x03, 0x00, 0x00, 0x74, 0x0a, 0x9a, 0x32, 0x00, 0x87, 0x96, 0x9a, 0x47, 0x03, 0xc9, 0x82, 0xe9  ; 3DB4
    db 0x0a, 0x00, 0xc6, 0x06, 0x23, 0x06, 0x03, 0xc6, 0x06, 0xa4, 0x05, 0x01, 0x8b, 0xe5, 0x5d, 0xcb  ; 3DC4
    db 0x55, 0x8b, 0xec, 0x83, 0xec, 0x06, 0x80, 0x3e, 0x04, 0x00, 0x3b, 0x75, 0x08, 0xc6, 0x06, 0xa4  ; 3DD4
    db 0x05, 0x10, 0xe9, 0x55, 0x00, 0x80, 0x3e, 0x04, 0x00, 0x0d, 0x74, 0x0e, 0x80, 0x3e, 0x04, 0x00  ; 3DE4
    db 0x0a, 0x74, 0x07, 0x80, 0x3e, 0x04, 0x00, 0x20, 0x75, 0x23, 0x80, 0x3e, 0x03, 0x00, 0x00, 0x74  ; 3DF4
    db 0x0d, 0x9a, 0x32, 0x00, 0x87, 0x96, 0x9a, 0x47, 0x03, 0xc9, 0x82, 0xe9, 0x0c, 0x00, 0x80, 0x3e  ; 3E04
    db 0x02, 0x00, 0x00, 0x74, 0x05, 0xc6, 0x06, 0xa4, 0x05, 0x10, 0xe9, 0x1d, 0x00, 0x80, 0x3e, 0x04  ; 3E14
    db 0x06, 0x07, 0x75, 0x11, 0xa0, 0x05, 0x06, 0x24, 0x10, 0x3c, 0x00, 0x74, 0x08, 0xc6, 0x06, 0xa4  ; 3E24
    db 0x05, 0x10, 0xe9, 0x05, 0x00, 0xc6, 0x06, 0xa4, 0x05, 0x08, 0x8b, 0xe5, 0x5d, 0xcb, 0x55, 0x8b  ; 3E34
    db 0xec, 0x83, 0xec, 0x06, 0x80, 0x3e, 0x02, 0x00, 0x00, 0x74, 0x1f, 0xc6, 0x06, 0x23, 0x06, 0x07  ; 3E44
    db 0xc6, 0x06, 0xa4, 0x05, 0x01, 0xe9, 0x19, 0x00, 0x9a, 0x32, 0x00, 0x87, 0x96, 0x9a, 0x47, 0x03  ; 3E54
    db 0xc9, 0x82, 0xc6, 0x06, 0xa4, 0x05, 0x07, 0xe9, 0x07, 0x00, 0x80, 0x3e, 0x03, 0x00, 0x00, 0x75  ; 3E64
    db 0xe7, 0x8b, 0xe5, 0x5d, 0xcb, 0x55, 0x8b, 0xec, 0x83, 0xec, 0x06, 0xc6, 0x06, 0x25, 0x06, 0x00  ; 3E74
    db 0xc7, 0x06, 0x40, 0x06, 0x00, 0x00, 0x80, 0x3e, 0x04, 0x00, 0x25, 0x75, 0x08, 0xc6, 0x06, 0xa4  ; 3E84
    db 0x05, 0x0a, 0xe9, 0x7a, 0x00, 0x80, 0x3e, 0x04, 0x00, 0x23, 0x75, 0x08, 0xc6, 0x06, 0xa4, 0x05  ; 3E94
    db 0x0c, 0xe9, 0x6b, 0x00, 0x80, 0x3e, 0x04, 0x00, 0x22, 0x75, 0x12, 0xc7, 0x06, 0xf0, 0x05, 0xa9  ; 3EA4
    db 0x05, 0x8c, 0x1e, 0xf2, 0x05, 0xc6, 0x06, 0xa4, 0x05, 0x09, 0xe9, 0x52, 0x00, 0x80, 0x3e, 0x04  ; 3EB4
    db 0x00, 0x41, 0x72, 0x28, 0x80, 0x3e, 0x04, 0x00, 0x5a, 0x77, 0x21, 0x80, 0x3e, 0x02, 0x00, 0x00  ; 3EC4
    db 0x75, 0x08, 0xc6, 0x06, 0xa4, 0x05, 0x0f, 0xe9, 0x0f, 0x00, 0xc6, 0x06, 0xf7, 0x05, 0x06, 0xc6  ; 3ED4
    db 0x06, 0x23, 0x06, 0x0f, 0xc6, 0x06, 0xa4, 0x05, 0x01, 0xe9, 0x23, 0x00, 0x80, 0x3e, 0x16, 0x06  ; 3EE4
    db 0x00, 0x75, 0x0d, 0x9a, 0x79, 0x04, 0x87, 0x96, 0xc6, 0x06, 0xa4, 0x05, 0x0e, 0xe9, 0x0f, 0x00  ; 3EF4
    db 0xc6, 0x06, 0xf7, 0x05, 0x06, 0xc6, 0x06, 0x23, 0x06, 0x0f, 0xc6, 0x06, 0xa4, 0x05, 0x01, 0xc6  ; 3F04
    db 0x06, 0xfa, 0x05, 0x00, 0xc7, 0x06, 0xf4, 0x05, 0x00, 0x00, 0x8b, 0xe5, 0x5d, 0xcb, 0x55, 0x8b  ; 3F14
    db 0xec, 0x83, 0xec, 0x0a, 0x80, 0x3e, 0x02, 0x00, 0x00, 0x74, 0x60, 0xc6, 0x06, 0x23, 0x06, 0x04  ; 3F24
    db 0xe9, 0xe5, 0x00, 0x9a, 0x2b, 0x01, 0x87, 0x96, 0xc7, 0x46, 0xf8, 0xff, 0xff, 0xe9, 0x97, 0x00  ; 3F34
    db 0x80, 0x3e, 0x04, 0x00, 0x22, 0x75, 0x08, 0xc6, 0x06, 0xfa, 0x05, 0x03, 0xe9, 0xa0, 0x00, 0xc7  ; 3F44
    db 0x46, 0xf8, 0x00, 0x00, 0xc6, 0x06, 0xfa, 0x05, 0x06, 0xe9, 0x93, 0x00, 0x80, 0x3e, 0x04, 0x00  ; 3F54
    db 0x22, 0x75, 0x0d, 0xc6, 0x06, 0x04, 0x00, 0x5e, 0xc6, 0x06, 0xfa, 0x05, 0x04, 0xe9, 0x3c, 0x00  ; 3F64
    db 0x80, 0x3e, 0x04, 0x00, 0x40, 0x72, 0x17, 0x80, 0x3e, 0x04, 0x00, 0x5f, 0x77, 0x10, 0x80, 0x06  ; 3F74
    db 0x04, 0x00, 0xc0, 0xc6, 0x06, 0xfa, 0x05, 0x03, 0xe9, 0x21, 0x00, 0xe9, 0xe9, 0x00, 0xa0, 0x04  ; 3F84
    db 0x00, 0x88, 0x46, 0xf7, 0x9a, 0xf4, 0x16, 0x9f, 0x83, 0x80, 0x3e, 0x23, 0x06, 0x00, 0x75, 0x78  ; 3F94
    db 0x8a, 0x56, 0xf7, 0x88, 0x16, 0x04, 0x00, 0xc6, 0x06, 0xfa, 0x05, 0x03, 0xe9, 0x40, 0x00, 0x80  ; 3FA4
    db 0x3e, 0x04, 0x00, 0x22, 0x75, 0x0d, 0xc7, 0x46, 0xf8, 0x00, 0x00, 0xc6, 0x06, 0xfa, 0x05, 0x04  ; 3FB4
    db 0xe9, 0x11, 0x00, 0x80, 0x3e, 0x04, 0x00, 0x5e, 0x75, 0x0a, 0xc7, 0x46, 0xf8, 0x00, 0x00, 0xc6  ; 3FC4
    db 0x06, 0xfa, 0x05, 0x07, 0xe9, 0x18, 0x00, 0xa0, 0xfa, 0x05, 0x2a, 0xe4, 0x3d, 0x04, 0x00, 0x75  ; 3FD4
    db 0x03, 0xe9, 0x5c, 0xff, 0x3d, 0x07, 0x00, 0x75, 0x03, 0xe9, 0x70, 0xff, 0xe9, 0xc0, 0xff, 0x83  ; 3FE4
    db 0x7e, 0xf8, 0x00, 0x74, 0x0c, 0x9a, 0xf4, 0x16, 0x9f, 0x83, 0x80, 0x3e, 0x2b, 0xa3, 0x29, 0x98  ; 3FF4
    db 0x14, 0xeb, 0x02, 0x00, 0x21, 0x80  ; 4004
    db 0x43, 0x6f, 0x70, 0x79, 0x72, 0x69, 0x67, 0x68, 0x74, 0x20, 0x28, 0x43, 0x29, 0x20, 0x54, 0x65, 0x6b, 0x74, 0x72, 0x6f, 0x6e, 0x69, 0x78, 0x2c, 0x20, 0x49, 0x6e, 0x63, 0x2e, 0x2c, 0x20, 0x31, 0x39, 0x38, 0x35, 0x2c, 0x20, 0x38, 0x36, 0x2c, 0x20, 0x38, 0x37, 0x2c, 0x20, 0x78, 0x78, 0x2e, 0x20, 0x41, 0x6c, 0x6c, 0x20, 0x72, 0x69, 0x67, 0x68  ; 400A: "Copyright (C) Tektronix, Inc., 1985, 86, 87, xx. All righ"
    db 0x06, 0x06, 0x06, 0xfe, 0xe9, 0x0a, 0x00, 0xc6, 0x06, 0xff, 0x05, 0x03, 0xc6, 0x06, 0xfe, 0x05  ; 4043
    db 0xfe, 0x9a, 0x32, 0x00, 0x87, 0x96, 0xa0, 0x04, 0x00, 0x88, 0x46, 0xf7, 0xc6, 0x06, 0x04, 0x00  ; 4053
    db 0x00, 0x9a, 0xf4, 0x16, 0x9f, 0x83, 0x8a, 0x56, 0xf7, 0x88, 0x16, 0x04, 0x00, 0xc6, 0x06, 0xa4  ; 4063
    db 0x05, 0x10, 0xe9, 0x00, 0x00, 0xe9, 0x0a, 0x00, 0x80, 0x3e, 0x03, 0x00, 0x00, 0x74, 0x03, 0xe9  ; 4073
    db 0xb2, 0xfe, 0x80, 0x3e, 0x23, 0x06, 0x00, 0x74, 0x05, 0xc6, 0x06, 0xa4, 0x05, 0x01, 0x8b, 0xe5  ; 4083
    db 0x5d, 0xcb, 0x55, 0x8b, 0xec, 0x83, 0xec, 0x06, 0x8b, 0xe5, 0x5d, 0xcb, 0x55, 0x8b, 0xec, 0x83  ; 4093
    db 0xec, 0x06, 0x8b, 0xe5, 0x5d, 0xcb, 0x55, 0x8b, 0xec, 0x83, 0xec, 0x06, 0xe9, 0x76, 0x01, 0x9a  ; 40A3
    db 0x47, 0x03, 0xc9, 0x82, 0x80, 0x3e, 0x02, 0x00, 0x00, 0x74, 0x11, 0x80, 0x3e, 0xfa, 0x05, 0x06  ; 40B3
    db 0x74, 0x0a, 0xc6, 0x06, 0x23, 0x06, 0x04, 0xc6, 0x06, 0xa4, 0x05, 0x01, 0x80, 0x3e, 0xfa, 0x05  ; 40C3
    db 0x00, 0x75, 0x5f, 0x80, 0x3e, 0x04, 0x00, 0x48, 0x75, 0x0d, 0xc6, 0x06, 0xfa, 0x05, 0x01, 0x9a  ; 40D3
    db 0x32, 0x00, 0x87, 0x96, 0xe9, 0x21, 0x00, 0x80, 0x3e, 0x04, 0x00, 0x42, 0x75, 0x12, 0xc6, 0x06  ; 40E3
    db 0xfa, 0x05, 0x01, 0x9a, 0x32, 0x00, 0x87, 0x96, 0xc6, 0x06, 0xa4, 0x05, 0x0b, 0xe9, 0x39, 0x01  ; 40F3
    db 0xc6, 0x06, 0xa4, 0x05, 0x0e, 0xe9, 0x31, 0x01, 0x80, 0x3e, 0x04, 0x06, 0x01, 0x74, 0x15, 0x80  ; 4103
    db 0x3e, 0x04, 0x06, 0x22, 0x74, 0x0e, 0x80, 0x3e, 0x04, 0x06, 0x03, 0x74, 0x07, 0x80, 0x3e, 0x04  ; 4113
    db 0x06, 0x13, 0x75, 0x11, 0xc7, 0x06, 0x12, 0x06, 0x00, 0x00, 0xc6, 0x06, 0xa4, 0x05, 0x0d, 0xe9  ; 4123
    db 0x07, 0x01, 0xe9, 0x08, 0x00, 0x9a, 0x32, 0x00, 0x87, 0x96, 0xe9, 0xe8, 0x00, 0x80, 0x3e, 0xfa  ; 4133
    db 0x05, 0x06, 0x75, 0x0d, 0x9a, 0x32, 0x00, 0x87, 0x96, 0xc6, 0x06, 0xa4, 0x05, 0x10, 0xe9, 0xe8  ; 4143
    db 0x00, 0x80, 0x3e, 0x03, 0x00, 0x00, 0x74, 0x66, 0x9a, 0xaa, 0x02, 0xc9, 0x82, 0x8b, 0xd0, 0x88  ; 4153
    db 0x16, 0x04, 0x00, 0x80, 0x3e, 0x23, 0x06, 0x00, 0x74, 0x72, 0xc6, 0x06, 0xa4, 0x05, 0x01, 0xe9  ; 4163
    db 0xc7, 0x00, 0xa0, 0x04, 0x00, 0xa2, 0xf6, 0x05, 0xa0, 0x04, 0x00, 0x2a, 0xe4, 0x48, 0x25, 0xff  ; 4173
    db 0x00, 0xa3, 0xf4, 0x05, 0xc6, 0x06, 0xfa, 0x05, 0x03, 0x83, 0x3e, 0xf4, 0x05, 0x61, 0x7d, 0x07  ; 4183
    db 0x83, 0x3e, 0xf4, 0x05, 0x00, 0x7d, 0x61, 0xc6, 0x06, 0x23, 0x06, 0x0b, 0xc6, 0x06, 0xa4, 0x05  ; 4193
    db 0x01, 0xe9, 0x95, 0x00, 0xa0, 0x04, 0x00, 0x00, 0x06, 0xf6, 0x05, 0xff, 0x0e, 0xf4, 0x05, 0x83  ; 41A3
    db 0x3e, 0xf4, 0x05, 0x00, 0x75, 0x05, 0xc6, 0x06, 0xfa, 0x05, 0x05, 0xe9, 0x3a, 0x00, 0xe9, 0x5c  ; 41B3
    db 0x00, 0xc6, 0x06, 0xfa, 0x05, 0x06, 0xa0, 0x04, 0x00, 0x00, 0x06, 0xf6, 0x05, 0x80, 0x3e, 0xf7  ; 41C3
    db 0x05, 0x00, 0x75, 0x0b, 0xc6, 0x06, 0xf7, 0x05, 0x02, 0xe9, 0x08, 0x00, 0xe9, 0x1f, 0x00, 0xc6  ; 41D3
    db 0x06, 0xff, 0x05, 0x02, 0x80, 0x3e, 0xf6, 0x05, 0x00, 0x74, 0x10, 0xc6, 0x06, 0x23, 0x06, 0x09  ; 41E3
    db 0xc6, 0x06, 0xa4, 0x05, 0x01, 0xe9, 0x41, 0x00, 0xe9, 0x1a, 0x00, 0xe9, 0x17, 0x00, 0xa0, 0xfa  ; 41F3
    db 0x05, 0x2a, 0xe4, 0x3d, 0x01, 0x00, 0x75, 0x03, 0xe9, 0x67, 0xff, 0x3d, 0x03, 0x00, 0x74, 0x94  ; 4203
    db 0x3d, 0x05, 0x00, 0x74, 0xac, 0x9a, 0x32, 0x00, 0x87, 0x96, 0xe9, 0x08, 0x00, 0x9a, 0x79, 0x04  ; 4213
    db 0x87, 0x96, 0xe9, 0x14, 0x00, 0x80, 0x3e, 0x03, 0x00, 0x00, 0x74, 0x03, 0xe9, 0x80, 0xfe, 0x80  ; 4223
    db 0x3e, 0x02, 0x00, 0x00, 0x74, 0x03, 0xe9, 0x76, 0xfe, 0x8b, 0xe5, 0x5d, 0xcb, 0x55, 0x8b, 0xec  ; 4233
    db 0x83, 0xec, 0x06, 0xe9, 0x93, 0x00, 0x9a, 0x47, 0x03, 0xc9, 0x82, 0x80, 0x3e, 0x02, 0x00, 0x00  ; 4243
    db 0x75, 0x07, 0x80, 0x3e, 0x16, 0x06, 0x00, 0x74, 0x26, 0xc6, 0x06, 0xfa, 0x05, 0x06, 0x80, 0x3e  ; 4253
    db 0xf7, 0x05, 0x00, 0x75, 0x08, 0xc6, 0x06, 0xf7, 0x05, 0x02, 0xe9, 0x05, 0x00, 0xc6, 0x06, 0xff  ; 4263
    db 0x05, 0x02, 0x9a, 0x32, 0x00, 0x87, 0x96, 0xc6, 0x06, 0xa4, 0x05, 0x10, 0xe9, 0x6e, 0x00, 0x80  ; 4273
    db 0x3e, 0x03, 0x00, 0x00, 0x74, 0x37, 0xa1, 0x12, 0x06, 0xd1, 0xe0, 0xd1, 0xe0, 0xd1, 0xe0, 0xd1  ; 4283
    db 0xe0, 0xd1, 0xe0, 0xd1, 0xe0, 0xd1, 0xe0, 0xd1, 0xe0, 0x50, 0x9a, 0xaa, 0x02, 0xc9, 0x82, 0x5f  ; 4293
    db 0x03, 0xf8, 0x89, 0x3e, 0x12, 0x06, 0x80, 0x3e, 0x23, 0x06, 0x00, 0x74, 0x08, 0xc6, 0x06, 0xa4  ; 42A3
    db 0x05, 0x01, 0xe9, 0x38, 0x00, 0x9a, 0x32, 0x00, 0x87, 0x96, 0xe9, 0x1c, 0x00, 0x80, 0x3e, 0x02  ; 42B3
    db 0x00, 0x00, 0x74, 0x0d, 0xc6, 0x06, 0x23, 0x06, 0x04, 0xc6, 0x06, 0xa4, 0x05, 0x01, 0xe9, 0x1c  ; 42C3
    db 0x00, 0x9a, 0x79, 0x04, 0x87, 0x96, 0xe9, 0x14, 0x00, 0x80, 0x3e, 0x03, 0x00, 0x00, 0x74, 0x03  ; 42D3
    db 0xe9, 0x63, 0xff, 0x80, 0x3e, 0x02, 0x00, 0x00, 0x74, 0x03, 0xe9, 0x59, 0xff, 0x8b, 0xe5, 0x5d  ; 42E3
    db 0xcb, 0x55, 0x8b, 0xec, 0x83, 0xec, 0x08, 0xe9, 0xe5, 0x00, 0x9a, 0x47, 0x03, 0xc9, 0x82, 0x80  ; 42F3
    db 0x3e, 0x04, 0x00, 0x3a, 0x75, 0x3c, 0x9a, 0x95, 0x09, 0xc9, 0x82, 0x89, 0x46, 0xf8, 0x80, 0x3e  ; 4303
    db 0x23, 0x06, 0x00, 0x75, 0x75, 0xc6, 0x06, 0xf7, 0x05, 0x05, 0xc6, 0x06, 0x06, 0x06, 0xfb, 0x80  ; 4313
    db 0x3e, 0x25, 0x06, 0x00, 0x74, 0x08, 0xc6, 0x06, 0x23, 0x06, 0x15, 0xe9, 0x5c, 0x00, 0x8b, 0x7e  ; 4323
    db 0xf8, 0x89, 0x3e, 0xf8, 0x05, 0x9a, 0x32, 0x00, 0x87, 0x96, 0xc6, 0x06, 0xa4, 0x05, 0x17, 0xe9  ; 4333
    db 0x48, 0x00, 0x80, 0x3e, 0x16, 0x06, 0x00, 0x74, 0x0d, 0x80, 0x3e, 0x04, 0x00, 0x3a, 0x74, 0x06  ; 4343
    db 0xbf, 0x01, 0x00, 0xe9, 0x02, 0x00, 0x2b, 0xff, 0x89, 0x7e, 0xf8, 0x83, 0xff, 0x00, 0x75, 0x05  ; 4353
    db 0x9a, 0xd2, 0x16, 0x9f, 0x83, 0x80, 0x3e, 0x02, 0x00, 0x00, 0x75, 0x06, 0x83, 0x7e, 0xf8, 0x00  ; 4363
    db 0x74, 0x5e, 0x83, 0x3e, 0xf4, 0x05, 0x00, 0x7e, 0x4f, 0x9a, 0x95, 0x09, 0xc9, 0x82, 0x89, 0x46  ; 4373
    db 0xf8, 0x80, 0x3e, 0x23, 0x06, 0x00, 0x75, 0x02, 0xeb, 0x03, 0xe9, 0x5c, 0x00, 0x80, 0x3e, 0xf7  ; 4383
    db 0x05, 0x00, 0x75, 0x23, 0xc6, 0x06, 0xf7, 0x05, 0x05, 0xc6, 0x06, 0x06, 0x06, 0xfb, 0x80, 0x3e  ; 4393
    db 0x25, 0x06, 0x00, 0x74, 0x08, 0xc6, 0x06, 0x23, 0x06, 0x15, 0xe9, 0x3c, 0x00, 0x8b, 0x7e, 0xf8  ; 43A3
    db 0x89, 0x3e, 0xf8, 0x05, 0xe9, 0x11, 0x00, 0xc6, 0x06, 0xff, 0x05, 0x05, 0xc6, 0x06, 0xfe, 0x05  ; 43B3
    db 0xfb, 0x8b, 0x7e, 0xf8, 0x89, 0x3e, 0x00, 0x06, 0xc6, 0x06, 0xa4, 0x05, 0x10, 0xe9, 0x19, 0x00  ; 43C3
    db 0x80, 0x3e, 0x23, 0x06, 0x00, 0x74, 0x08, 0xc6, 0x06, 0xa4, 0x05, 0x01, 0xe9, 0x0a, 0x00, 0x80  ; 43D3
    db 0x3e, 0x03, 0x00, 0x00, 0x74, 0x03, 0xe9, 0x11, 0xff, 0x8b, 0xe5, 0x5d, 0xcb, 0x55, 0x8b, 0xec  ; 43E3
    db 0x83, 0xec, 0x06, 0xe9, 0xc9, 0x00, 0x9a, 0x47, 0x03, 0xc9, 0x82, 0x80, 0x3e, 0x02, 0x00, 0x00  ; 43F3
    db 0x75, 0x07, 0x80, 0x3e, 0x16, 0x06, 0x00, 0x74, 0x52, 0x9a, 0x8a, 0x00, 0x11, 0x85, 0x80, 0x3e  ; 4403
    db 0x23, 0x06, 0x00, 0x74, 0x08, 0xc6, 0x06, 0xa4, 0x05, 0x01, 0xe9, 0xac, 0x00, 0x80, 0x3e, 0xf7  ; 4413
    db 0x05, 0x00, 0x75, 0x1d, 0xc6, 0x06, 0xf7, 0x05, 0x04, 0xa0, 0x08, 0x06, 0xa2, 0x06, 0x06, 0x80  ; 4423
    db 0x3e, 0x06, 0x06, 0x3d, 0x75, 0x25, 0xa0, 0x09, 0x06, 0x2a, 0xe4, 0xa3, 0xf8, 0x05, 0xe9, 0x1a  ; 4433
    db 0x00, 0xc6, 0x06, 0xff, 0x05, 0x04, 0xa0, 0x08, 0x06, 0xa2, 0xfe, 0x05, 0x80, 0x3e, 0xfe, 0x05  ; 4443
    db 0x3d, 0x75, 0x08, 0xa0, 0x09, 0x06, 0x2a, 0xe4, 0xa3, 0x00, 0x06, 0x80, 0x3e, 0x23, 0x06, 0x00  ; 4453
    db 0x74, 0x08, 0xc6, 0x06, 0xa4, 0x05, 0x01, 0xe9, 0x5f, 0x00, 0x80, 0x3e, 0x04, 0x00, 0x3a, 0x75  ; 4463
    db 0x0d, 0x9a, 0x32, 0x00, 0x87, 0x96, 0xc6, 0x06, 0xa4, 0x05, 0x17, 0xe9, 0x4b, 0x00, 0x80, 0x3e  ; 4473
    db 0x02, 0x00, 0x00, 0x75, 0x0e, 0x80, 0x3e, 0x16, 0x06, 0x00, 0x74, 0x0f, 0x80, 0x3e, 0x04, 0x00  ; 4483
    db 0x3a, 0x74, 0x08, 0xc6, 0x06, 0xa4, 0x05, 0x10, 0xe9, 0x2e, 0x00, 0x9a, 0xd2, 0x16, 0x9f, 0x83  ; 4493
    db 0xff, 0x06, 0x40, 0x06, 0x83, 0x3e, 0x40, 0x06, 0x10, 0x7e, 0x05, 0xc6, 0x06, 0x23, 0x06, 0x04  ; 44A3
    db 0x80, 0x3e, 0x23, 0x06, 0x00, 0x74, 0x08, 0xc6, 0x06, 0xa4, 0x05, 0x01, 0xe9, 0x0a, 0x00, 0x80  ; 44B3
    db 0x3e, 0x03, 0x00, 0x00, 0x74, 0x03, 0xe9, 0x2d, 0xff, 0x8b, 0xe5, 0x5d, 0xcb, 0x55, 0x8b, 0xec  ; 44C3
    db 0x83, 0xec, 0x10, 0x56, 0xc6, 0x06, 0xa4, 0x05, 0x11, 0xc6, 0x06, 0x26, 0x06, 0x00, 0xc4, 0x3e  ; 44D3
    db 0x32, 0x07, 0x26, 0x80, 0xbd, 0x93, 0x00, 0x00, 0x74, 0x25, 0xa0, 0x05, 0x06, 0x24, 0x10, 0x3c  ; 44E3
    db 0x00, 0x74, 0x77, 0x80, 0x3e, 0x04, 0x06, 0x17, 0x75, 0x70, 0x80, 0x3e, 0xf7, 0x05, 0x04, 0x75  ; 44F3
    db 0x69, 0x80, 0x3e, 0x06, 0x06, 0x00, 0x75, 0x62, 0x80, 0x3e, 0xff, 0x05, 0x00, 0x75, 0x5b, 0xa0  ; 4503
    db 0x04, 0x06, 0x2a, 0xe4, 0xd1, 0xe0, 0xc4, 0x3e, 0x02, 0x07, 0x8b, 0xd8, 0x26, 0x8a, 0x11, 0x2a  ; 4513
    db 0xf6, 0x89, 0x56, 0xf8, 0xc4, 0x3e, 0xfe, 0x06, 0xa0, 0x04, 0x06, 0x2a, 0xe4, 0xd1, 0xe0, 0x8c  ; 4523
    db 0xc2, 0xc4, 0x1e, 0x02, 0x07, 0x8b, 0xf0, 0x26, 0x8a, 0x40, 0x01, 0x2a, 0xe4, 0x8e, 0xc2, 0xba  ; 4533
    db 0x0c, 0x00, 0xf7, 0xea, 0x8b, 0xd7, 0x03, 0xd0, 0x89, 0x56, 0xf4, 0x8c, 0x46, 0xf6, 0xc6, 0x46  ; 4543
    db 0xf1, 0x00, 0xa0, 0x05, 0x06, 0x24, 0x10, 0x3c, 0x00, 0x74, 0x69, 0xc4, 0x5e, 0xf4, 0x26, 0xc4  ; 4553
    db 0x77, 0x04, 0x81, 0xfe, 0xf5, 0x05, 0x75, 0x14, 0xeb, 0x03, 0xe9, 0x0a, 0x02, 0x8c, 0xc0, 0x3d  ; 4563
    db 0xc9, 0x82, 0x75, 0x08, 0xc6, 0x06, 0x23, 0x06, 0x02, 0xe9, 0x82, 0x00, 0xc4, 0x7e, 0xf4, 0x06  ; 4573
    db 0x57, 0x9a, 0xf6, 0x11, 0x9f, 0x83, 0x3d, 0x00, 0x00, 0x74, 0x73, 0xc4, 0x7e, 0xf4, 0x26, 0x80  ; 4583
    db 0x3d, 0xfb, 0x74, 0x6d, 0x26, 0x8b, 0x75, 0x02, 0x81, 0xe6, 0x00, 0x1f, 0x83, 0xfe, 0x00, 0x74  ; 4593
    db 0x63, 0x80, 0x3e, 0xf7, 0x05, 0x00, 0x74, 0x1f, 0xff, 0x76, 0xf8, 0x06, 0x57, 0x9a, 0x8f, 0x0d  ; 45A3
    db 0x9f, 0x83, 0x83, 0xc4, 0x02, 0x8b, 0xd0, 0x88, 0x56, 0xf1, 0x80, 0x3e, 0x23, 0x06, 0x00, 0x75  ; 45B3
    db 0x3d, 0xe9, 0x9f, 0x00, 0xe9, 0xac, 0x00, 0xc7, 0x46, 0xf2, 0x00, 0x00, 0xe9, 0x24, 0x00, 0xbf  ; 45C3
    db 0x2f, 0xc0, 0x57, 0xc4, 0x7e, 0xf4, 0x06, 0x57, 0x9a, 0x45, 0x0e, 0x9f, 0x83, 0x83, 0xc4, 0x02  ; 45D3
    db 0x8b, 0xd0, 0x08, 0x56, 0xf1, 0x80, 0x3e, 0x23, 0x06, 0x00, 0x75, 0x12, 0xff, 0x46, 0xf2, 0x83  ; 45E3
    db 0x46, 0xf4, 0x0c, 0x8b, 0x7e, 0xf8, 0x39, 0x7e, 0xf2, 0x7c, 0xd4, 0xe9, 0x65, 0x00, 0xe9, 0x65  ; 45F3
    db 0x01, 0xe9, 0x42, 0x00, 0xe9, 0x00, 0x00, 0x80, 0x3e, 0xf7, 0x05, 0x00, 0x74, 0x1f, 0x80, 0x3e  ; 4603
    db 0xff, 0x05, 0x00, 0x75, 0xe9, 0xff, 0x76, 0xf8, 0xc4, 0x7e, 0xf4, 0x06, 0x57, 0x9a, 0x8f, 0x0d  ; 4613
    db 0x9f, 0x83, 0x83, 0xc4, 0x02, 0x8b, 0xd0, 0x88, 0x56, 0xf1, 0xe9, 0x16, 0x00, 0xbf, 0x2f, 0xc0  ; 4623
    db 0x57, 0xc4, 0x76, 0xf4, 0x06, 0x56, 0x9a, 0x45, 0x0e, 0x9f, 0x83, 0x83, 0xc4, 0x02, 0x8b, 0xd0  ; 4633
    db 0x88, 0x56, 0xf1, 0xe9, 0x1d, 0x00, 0x80, 0x3e, 0xf7, 0x05, 0x00, 0x75, 0xb1, 0xbf, 0x0f, 0xc0  ; 4643
    db 0x57, 0xc4, 0x76, 0xf4, 0x06, 0x56, 0x9a, 0x45, 0x0e, 0x9f, 0x83, 0x83, 0xc4, 0x02, 0x8b, 0xd0  ; 4653
    db 0x88, 0x56, 0xf1, 0x80, 0x7e, 0xf1, 0x00, 0x74, 0x95, 0x80, 0x3e, 0x23, 0x06, 0x00, 0x75, 0x8e  ; 4663
    db 0xe9, 0xe7, 0x00, 0xc4, 0x7e, 0xf4, 0x26, 0xc4, 0x75, 0x08, 0x81, 0xfe, 0xf5, 0x05, 0x75, 0x10  ; 4673
    db 0x8c, 0xc2, 0x81, 0xfa, 0xc9, 0x82, 0x75, 0x08, 0xc6, 0x06, 0x23, 0x06, 0x02, 0xe9, 0xd6, 0x00  ; 4683
    db 0xc4, 0x7e, 0xf4, 0x26, 0x8b, 0x75, 0x02, 0x81, 0xe6, 0x00, 0x1f, 0x83, 0xfe, 0x00, 0x74, 0x65  ; 4693
    db 0x06, 0x57, 0x9a, 0xf6, 0x11, 0x9f, 0x83, 0x3d, 0x00, 0x00, 0x75, 0x03, 0xe9, 0xb7, 0x00, 0x80  ; 46A3
    db 0x3e, 0xf7, 0x05, 0x00, 0x74, 0x22, 0x80, 0x3e, 0xff, 0x05, 0x00, 0x74, 0x03, 0xe9, 0xa6, 0x00  ; 46B3
    db 0xff, 0x76, 0xf8, 0xc4, 0x7e, 0xf4, 0x06, 0x57, 0x9a, 0x8f, 0x0d, 0x9f, 0x83, 0x83, 0xc4, 0x02  ; 46C3
    db 0x8b, 0xd0, 0x88, 0x56, 0xf1, 0xe9, 0x82, 0x00, 0xc6, 0x06, 0x24, 0x06, 0x00, 0xc7, 0x46, 0xf2  ; 46D3
    db 0x00, 0x00, 0xe9, 0x2a, 0x00, 0xbf, 0x0f, 0xe0, 0x57, 0xc4, 0x7e, 0xf4, 0x06, 0x57, 0x9a, 0xfc  ; 46E3
    db 0x0f, 0x9f, 0x83, 0x83, 0xc4, 0x02, 0x8b, 0xd0, 0x08, 0x56, 0xf1, 0x80, 0x3e, 0x23, 0x06, 0x00  ; 46F3
    db 0x74, 0x06, 0xe9, 0x61, 0x00, 0xe9, 0x28, 0x00, 0xff, 0x46, 0xf2, 0x83, 0x46, 0xf4, 0x0c, 0x8b  ; 4703
    db 0x7e, 0xf8, 0x39, 0x7e, 0xf2, 0x7c, 0xce, 0x80, 0x7e, 0xf1, 0x00, 0x75, 0x10, 0x80, 0x3e, 0x24  ; 4713
    db 0x06, 0x00, 0x74, 0x09, 0xa0, 0x24, 0x06, 0xa2, 0x23, 0x06, 0xe9, 0x39, 0x00, 0xe9, 0x2a, 0x00  ; 4723
    db 0x80, 0x3e, 0xf7, 0x05, 0x00, 0x74, 0x03, 0xe9, 0x2c, 0x00, 0xbf, 0x0f, 0xc0, 0x57, 0xc4, 0x7e  ; 4733
    db 0xf4, 0x06, 0x57, 0x9a, 0xfc, 0x0f, 0x9f, 0x83, 0x83, 0xc4, 0x02, 0x8b, 0xd0, 0x88, 0x56, 0xf1  ; 4743
    db 0x80, 0x3e, 0x23, 0x06, 0x00, 0x74, 0x03, 0xe9, 0x0c, 0x00, 0x80, 0x7e, 0xf1, 0x00, 0x75, 0x03  ; 4753
    db 0xe9, 0x03, 0x00, 0xe9, 0x11, 0x00, 0x80, 0x3e, 0x23, 0x06, 0x00, 0x75, 0x05, 0xc6, 0x06, 0x23  ; 4763
    db 0x06, 0x04, 0xc6, 0x06, 0xa4, 0x05, 0x01, 0x5e, 0x8b, 0xe5, 0x5d, 0xcb, 0x55, 0x8b, 0xec, 0x83  ; 4773
    db 0xec, 0x0a, 0xc7, 0x46, 0xf6, 0x00, 0x00, 0xc7, 0x46, 0xf8, 0x00, 0x00, 0x80, 0x3e, 0xf7, 0x05  ; 4783
    db 0x04, 0x75, 0x1e, 0xe9, 0x13, 0x00, 0xc4, 0x7e, 0x06, 0x26, 0x8a, 0x15, 0x38, 0x16, 0x06, 0x06  ; 4793
    db 0x74, 0x0f, 0xff, 0x46, 0xf8, 0x83, 0x46, 0x06, 0x0c, 0x8b, 0x7e, 0x0a, 0x39, 0x7e, 0xf8, 0x7c  ; 47A3
    db 0xe5, 0x8b, 0x7e, 0x0a, 0x39, 0x7e, 0xf8, 0x7c, 0x08, 0xc6, 0x06, 0x23, 0x06, 0x04, 0xe9, 0x5c  ; 47B3
    db 0x00, 0xa0, 0x05, 0x06, 0x24, 0x10, 0x3c, 0x00, 0x74, 0x3f, 0xc4, 0x7e, 0x06, 0x06, 0x57, 0x9a  ; 47C3
    db 0xb7, 0x12, 0x9f, 0x83, 0x3d, 0x00, 0x00, 0x74, 0x17, 0xbf, 0x0f, 0xc0, 0x57, 0xc4, 0x7e, 0x06  ; 47D3
    db 0x06, 0x57, 0x9a, 0x45, 0x0e, 0x9f, 0x83, 0x83, 0xc4, 0x02, 0x89, 0x46, 0xf6, 0xe9, 0x2d, 0x00  ; 47E3
    db 0x80, 0x3e, 0xff, 0x05, 0x00, 0x75, 0x0a, 0x80, 0x3e, 0x23, 0x06, 0x07, 0x75, 0x00, 0xe9, 0x05  ; 47F3
    db 0x00, 0xc6, 0x06, 0x23, 0x06, 0x04, 0xe9, 0x14, 0x00, 0xbf, 0x0f, 0xc0, 0x57, 0xc4, 0x56, 0x06  ; 4803
    db 0x06, 0x52, 0x9a, 0xfc, 0x0f, 0x9f, 0x83, 0x83, 0xc4, 0x02, 0x89, 0x46, 0xf6, 0x80, 0x3e, 0x23  ; 4813
    db 0x06, 0x00, 0x74, 0x05, 0xc6, 0x06, 0xa4, 0x05, 0x01, 0x8b, 0x46, 0xf6, 0x8b, 0xe5, 0x5d, 0xca  ; 4823
    db 0x04, 0x00, 0x55, 0x8b, 0xec, 0x83, 0xec, 0x0e, 0xff, 0x76, 0x0a, 0xc4, 0x7e, 0x06, 0x26, 0xff  ; 4833
    db 0x75, 0x02, 0xba, 0x02, 0x00, 0x52, 0x9a, 0x78, 0x13, 0x9f, 0x83, 0x83, 0xc4, 0x04, 0x3d, 0x00  ; 4843
    db 0x00, 0x75, 0x05, 0x2b, 0xc0, 0xe9, 0x8b, 0x01, 0xc4, 0x7e, 0x06, 0x26, 0xc4, 0x55, 0x04, 0x89  ; 4853
    db 0x56, 0xf6, 0x8c, 0x46, 0xf8, 0xc4, 0x7e, 0x06, 0x26, 0x8b, 0x5d, 0x02, 0x81, 0xe3, 0x00, 0x1f  ; 4863
    db 0x83, 0xfb, 0x00, 0x7e, 0x65, 0x26, 0x8b, 0x5d, 0x02, 0x81, 0xe3, 0x00, 0x1f, 0x81, 0xfb, 0x00  ; 4873
    db 0x18, 0x7d, 0x57, 0xc4, 0x5e, 0xf6, 0x26, 0x8a, 0x57, 0x01, 0x80, 0xe2, 0x40, 0x80, 0xfa, 0x00  ; 4883
    db 0x75, 0x11, 0x80, 0x3e, 0x25, 0x06, 0x00, 0x74, 0x0a, 0xc6, 0x06, 0x23, 0x06, 0x15, 0x2b, 0xc0  ; 4893
    db 0xe9, 0x40, 0x01, 0xc4, 0x7e, 0x06, 0x26, 0x8b, 0x55, 0x02, 0x81, 0xe2, 0x00, 0x1f, 0xd1, 0xfa  ; 48A3
    db 0xd1, 0xfa, 0xd1, 0xfa, 0xd1, 0xfa, 0xd1, 0xfa, 0xd1, 0xfa, 0xd1, 0xfa, 0xd1, 0xfa, 0x88, 0x56  ; 48B3
    db 0xf5, 0xc6, 0x46, 0xf4, 0x00, 0x80, 0x3e, 0xff, 0x05, 0x00, 0x74, 0x6b, 0xc6, 0x46, 0xf3, 0x00  ; 48C3
    db 0x80, 0x3e, 0xff, 0x05, 0x04, 0x75, 0x21, 0xe9, 0x16, 0x00, 0xe9, 0x00, 0x01, 0xc4, 0x7e, 0xf6  ; 48D3
    db 0x26, 0x8a, 0x15, 0x38, 0x16, 0xfe, 0x05, 0x74, 0x0f, 0xfe, 0x46, 0xf3, 0x83, 0x46, 0xf6, 0x06  ; 48E3
    db 0x8a, 0x56, 0xf5, 0x38, 0x56, 0xf3, 0x72, 0xe5, 0x8a, 0x56, 0xf5, 0x38, 0x56, 0xf3, 0x72, 0x0a  ; 48F3
    db 0xc6, 0x06, 0x23, 0x06, 0x04, 0x2b, 0xc0, 0xe9, 0xd9, 0x00, 0xbf, 0x0f, 0xc0, 0x57, 0xc4, 0x7e  ; 4903
    db 0xf6, 0x26, 0x8a, 0x55, 0x01, 0x2a, 0xf6, 0x52, 0xbb, 0x01, 0x00, 0x53, 0x9a, 0x78, 0x13, 0x9f  ; 4913
    db 0x83, 0x83, 0xc4, 0x04, 0x3d, 0x00, 0x00, 0x74, 0x70, 0xc4, 0x7e, 0xf6, 0x26, 0xff, 0x5d, 0x02  ; 4923
    db 0xc6, 0x46, 0xf4, 0xff, 0xe9, 0x62, 0x00, 0xe9, 0x00, 0x00, 0x8b, 0x7e, 0x0a, 0x81, 0xe7, 0x20  ; 4933
    db 0x00, 0x83, 0xff, 0x00, 0x74, 0x56, 0xc4, 0x3e, 0x32, 0x07, 0x26, 0x80, 0x7d, 0x1f, 0x14, 0x75  ; 4943
    db 0x0f, 0xc4, 0x5e, 0xf6, 0x26, 0x8a, 0x57, 0x01, 0x80, 0xe2, 0x01, 0x80, 0xfa, 0x00, 0x74, 0x34  ; 4953
    db 0xc4, 0x3e, 0x32, 0x07, 0x26, 0x80, 0x7d, 0x1f, 0x15, 0x75, 0x0f, 0xc4, 0x5e, 0xf6, 0x26, 0x8a  ; 4963
    db 0x57, 0x01, 0x80, 0xe2, 0x08, 0x80, 0xfa, 0x00, 0x74, 0x1a, 0xc4, 0x3e, 0x32, 0x07, 0x26, 0x80  ; 4973
    db 0x7d, 0x1f, 0x1e, 0x75, 0x17, 0xc4, 0x5e, 0xf6, 0x26, 0x8a, 0x57, 0x01, 0x80, 0xe2, 0x02, 0x80  ; 4983
    db 0xfa, 0x00, 0x75, 0x08, 0x2b, 0xc0, 0xe9, 0x4a, 0x00, 0xe9, 0x2a, 0x00, 0xbf, 0x2f, 0xc0, 0x57  ; 4993
    db 0xc4, 0x7e, 0xf6, 0x26, 0x8a, 0x55, 0x01, 0x2a, 0xf6, 0x52, 0xbb, 0x01, 0x00, 0x53, 0x9a, 0x78  ; 49A3
    db 0x13, 0x9f, 0x83, 0x83, 0xc4, 0x04, 0x3d, 0x00, 0x00, 0x74, 0x0b, 0xc4, 0x7e, 0xf6, 0x26, 0xff  ; 49B3
    db 0x5d, 0x02, 0xc6, 0x46, 0xf4, 0xff, 0x80, 0x7e, 0xf4, 0x00, 0x75, 0x14, 0x80, 0x3e, 0x23, 0x06  ; 49C3
    db 0x00, 0x75, 0x05, 0xc6, 0x06, 0x23, 0x06, 0x04, 0x2b, 0xc0, 0xe9, 0x06, 0x00, 0xff, 0x5e, 0xf6  ; 49D3
    db 0xb8, 0xff, 0xff, 0x8b, 0xe5, 0x5d, 0xca, 0x04, 0x00, 0x55, 0x8b, 0xec, 0x83, 0xec, 0x06, 0x80  ; 49E3
    db 0x3e, 0x04, 0x06, 0x23, 0x74, 0x07, 0x80, 0x3e, 0x04, 0x06, 0x2a, 0x75, 0x12, 0xc4, 0x7e, 0x06  ; 49F3
    db 0x26, 0xff, 0x5d, 0x08, 0xc6, 0x06, 0x02, 0x06, 0xff, 0xb8, 0xff, 0xff, 0xe9, 0xce, 0x01, 0xff  ; 4A03
    db 0x76, 0x0a, 0xc4, 0x7e, 0x06, 0x26, 0xff, 0x75, 0x02, 0xba, 0x02, 0x00, 0x52, 0x9a, 0x78, 0x13  ; 4A13
    db 0x9f, 0x83, 0x83, 0xc4, 0x04, 0x3d, 0x00, 0x00, 0x75, 0x05, 0x2b, 0xc0, 0xe9, 0xae, 0x01, 0x80  ; 4A23
    db 0x3e, 0xf7, 0x05, 0x00, 0x75, 0x44, 0xc4, 0x7e, 0x06, 0x26, 0x8b, 0x55, 0x02, 0x81, 0xe2, 0x00  ; 4A33
    db 0x1f, 0x83, 0xfa, 0x00, 0x74, 0x34, 0x26, 0x8a, 0x15, 0x88, 0x16, 0x06, 0x06, 0x80, 0xfa, 0x3d  ; 4A43
    db 0x75, 0x28, 0x80, 0x3e, 0x04, 0x06, 0x1d, 0x75, 0x09, 0xc7, 0x06, 0xf8, 0x05, 0x05, 0x00, 0xe9  ; 4A53
    db 0x18, 0x00, 0xc4, 0x3e, 0x32, 0x07, 0x26, 0x80, 0x7d, 0x1f, 0x1e, 0x75, 0x06, 0xbf, 0x01, 0x00  ; 4A63
    db 0xe9, 0x03, 0x00, 0xbf, 0x04, 0x00, 0x89, 0x3e, 0xf8, 0x05, 0xff, 0x06, 0xfc, 0x05, 0x83, 0x3e  ; 4A73
    db 0xfc, 0x05, 0x01, 0x7f, 0x2a, 0xa0, 0x04, 0x06, 0x2a, 0xe4, 0x50, 0xc4, 0x3e, 0xe6, 0x06, 0x06  ; 4A83
    db 0x57, 0x9a, 0x61, 0x05, 0xc9, 0x82, 0x83, 0xc4, 0x02, 0x89, 0x1e, 0x0a, 0x06, 0x8c, 0x06, 0x0c  ; 4A93
    db 0x06, 0xa0, 0x04, 0x06, 0xa2, 0x08, 0x06, 0x9a, 0x9b, 0x00, 0xc9, 0x82, 0xe9, 0x09, 0x00, 0xbf  ; 4AA3
    db 0x2c, 0x00, 0x57, 0x9a, 0xb1, 0x05, 0xc9, 0x82, 0xc4, 0x7e, 0x06, 0x26, 0x8b, 0x55, 0x02, 0x81  ; 4AB3
    db 0xe2, 0x00, 0x1f, 0x83, 0xfa, 0x00, 0x74, 0x71, 0x80, 0x3e, 0x04, 0x06, 0x15, 0x74, 0x6a, 0xa0  ; 4AC3
    db 0x06, 0x06, 0x2a, 0xe4, 0x50, 0xc4, 0x16, 0xf2, 0x06, 0x06, 0x52, 0x9a, 0x61, 0x05, 0xc9, 0x82  ; 4AD3
    db 0x83, 0xc4, 0x02, 0x06, 0x53, 0x9a, 0x0b, 0x01, 0xc9, 0x82, 0x80, 0x3e, 0x06, 0x06, 0x3d, 0x75  ; 4AE3
    db 0x3f, 0x83, 0x3e, 0xf8, 0x05, 0x01, 0x7c, 0x1a, 0x83, 0x3e, 0xf8, 0x05, 0x04, 0x7f, 0x13, 0xa1  ; 4AF3
    db 0xf8, 0x05, 0x05, 0x30, 0x00, 0x8b, 0xd0, 0x2a, 0xf6, 0x52, 0x9a, 0xb1, 0x05, 0xc9, 0x82, 0xe9  ; 4B03
    db 0x1e, 0x00, 0x83, 0x3e, 0xf8, 0x05, 0x05, 0x7c, 0x17, 0x83, 0x3e, 0xf8, 0x05, 0x1e, 0x7f, 0x10  ; 4B13
    db 0xa1, 0xf8, 0x05, 0x05, 0x3c, 0x00, 0x8b, 0xd0, 0x2a, 0xf6, 0x52, 0x9a, 0xb1, 0x05, 0xc9, 0x82  ; 4B23
    db 0xbf, 0x3a, 0x00, 0x57, 0x9a, 0xb1, 0x05, 0xc9, 0x82, 0xc4, 0x7e, 0x06, 0x26, 0xff, 0x5d, 0x08  ; 4B33
    db 0x89, 0x1e, 0x0a, 0x06, 0x8c, 0x06, 0x0c, 0x06, 0x8b, 0x3e, 0x0a, 0x06, 0x0b, 0x3e, 0x0c, 0x06  ; 4B43
    db 0x74, 0x62, 0x80, 0x3e, 0x23, 0x06, 0x00, 0x75, 0x5b, 0xc4, 0x3e, 0x0a, 0x06, 0x06, 0x57, 0x9a  ; 4B53
    db 0x0b, 0x01, 0xc9, 0x82, 0xc4, 0x3e, 0x0a, 0x06, 0x8c, 0xc3, 0xc4, 0x16, 0xf2, 0x06, 0x8b, 0xc2  ; 4B63
    db 0x05, 0x7b, 0x01, 0x3b, 0xf8, 0x75, 0x5e, 0x8c, 0xc7, 0x3b, 0xdf, 0x75, 0x58, 0xc4, 0x5e, 0x06  ; 4B73
    db 0x26, 0x8b, 0x7f, 0x02, 0x81, 0xe7, 0x00, 0x1f, 0x83, 0xff, 0x00, 0x74, 0x06, 0xa1, 0x00, 0x06  ; 4B83
    db 0xa3, 0xf8, 0x05, 0x83, 0x3e, 0xf8, 0x05, 0x01, 0x7c, 0x1d, 0x83, 0x3e, 0xf8, 0x05, 0x04, 0x7f  ; 4B93
    db 0x16, 0xa1, 0xf8, 0x05, 0x05, 0x30, 0x00, 0x8b, 0xd0, 0x2a, 0xf6, 0x52, 0x9a, 0xb1, 0x05, 0xc9  ; 4BA3
    db 0x82, 0xe9, 0x21, 0x00, 0xe9, 0x1e, 0x00, 0x83, 0x3e, 0xf8, 0x05, 0x05, 0x7c, 0x17, 0x83, 0x3e  ; 4BB3
    db 0xf8, 0x05, 0x1e, 0x7f, 0x10, 0xa1, 0xf8, 0x05, 0x05, 0x3c, 0x00, 0x8b, 0xd0, 0x2a, 0xf6, 0x52  ; 4BC3
    db 0x9a, 0xb1, 0x05, 0xc9, 0x82, 0xc6, 0x06, 0x02, 0x06, 0xff, 0xb8, 0xff, 0xff, 0x8b, 0xe5, 0x5d  ; 4BD3
    db 0xca, 0x04, 0x00, 0x55, 0x8b, 0xec, 0x83, 0xec, 0x06, 0x56, 0xc4, 0x7e, 0x06, 0x26, 0x8a, 0x15  ; 4BE3
    db 0x2a, 0xf6, 0x8b, 0xf2, 0xa0, 0x05, 0x06, 0x24, 0x10, 0x3c, 0x00, 0x74, 0x0d, 0x26, 0x8b, 0x5d  ; 4BF3
    db 0x02, 0x81, 0xe3, 0x20, 0x00, 0x83, 0xfb, 0x00, 0x75, 0x1f, 0xa0, 0x05, 0x06, 0x24, 0x20, 0x3c  ; 4C03
    db 0x00, 0x74, 0x10, 0xc4, 0x7e, 0x06, 0x26, 0x8b, 0x55, 0x02, 0x81, 0xe2, 0x00, 0x20, 0x83, 0xfa  ; 4C13
    db 0x00, 0x75, 0x06, 0x81, 0xfe, 0xfb, 0x00, 0x75, 0x0d, 0x80, 0x3e, 0xf7, 0x05, 0x00, 0x75, 0x06  ; 4C23
    db 0xb8, 0xff, 0xff, 0xe9, 0x67, 0x00, 0x83, 0xfe, 0x00, 0x72, 0x06, 0x81, 0xfe, 0xc8, 0x00, 0x76  ; 4C33
    db 0x06, 0x81, 0xfe, 0xfd, 0x00, 0x75, 0x07, 0x80, 0x3e, 0xf7, 0x05, 0x04, 0x74, 0x0d, 0x81, 0xfe  ; 4C43
    db 0xfc, 0x00, 0x75, 0x0d, 0x80, 0x3e, 0xf7, 0x05, 0x05, 0x75, 0x06, 0xb8, 0xff, 0xff, 0xe9, 0x3c  ; 4C53
    db 0x00, 0x81, 0xfe, 0xfe, 0x00, 0x75, 0x07, 0x80, 0x3e, 0xf7, 0x05, 0x03, 0x74, 0x0d, 0x81, 0xfe  ; 4C63
    db 0xff, 0x00, 0x75, 0x0d, 0x80, 0x3e, 0xf7, 0x05, 0x02, 0x75, 0x06, 0xb8, 0xff, 0xff, 0xe9, 0x1c  ; 4C73
    db 0x00, 0x8b, 0xfe, 0xf7, 0xd7, 0x81, 0xe7, 0x0f, 0x00, 0x8b, 0xd7, 0x88, 0x16, 0x26, 0x06, 0x80  ; 4C83
    db 0x3e, 0xf7, 0x05, 0x00, 0x75, 0x05, 0xc6, 0x06, 0x23, 0x06, 0x07, 0x2b, 0xc0, 0x5e, 0x8b, 0xe5  ; 4C93
    db 0x5d, 0xca, 0x04, 0x00, 0x55, 0x8b, 0xec, 0x83, 0xec, 0x06, 0x56, 0x51, 0xc4, 0x7e, 0x06, 0x26  ; 4CA3
    db 0x8b, 0x75, 0x02, 0x8b, 0xd6, 0x81, 0xe2, 0x00, 0x1b, 0x8b, 0xca, 0x8b, 0xde, 0x81, 0xe3, 0x00  ; 4CB3
    db 0x1f, 0x83, 0xfb, 0x00, 0x75, 0x0d, 0x80, 0x3e, 0xff, 0x05, 0x00, 0x75, 0x06, 0xb8, 0xff, 0xff  ; 4CC3
    db 0xe9, 0x8a, 0x00, 0x8b, 0xfe, 0x81, 0xe7, 0x00, 0x1f, 0x83, 0xff, 0x00, 0x7e, 0x20, 0x8b, 0xfe  ; 4CD3
    db 0x81, 0xe7, 0x00, 0x1f, 0x81, 0xff, 0x00, 0x18, 0x7d, 0x14, 0x80, 0x3e, 0xff, 0x05, 0x04, 0x74  ; 4CE3
    db 0x07, 0x80, 0x3e, 0xff, 0x05, 0x00, 0x75, 0x06, 0xb8, 0xff, 0xff, 0xe9, 0x5f, 0x00, 0x8b, 0xfe  ; 4CF3
    db 0x81, 0xe7, 0x00, 0x1c, 0x81, 0xff, 0x00, 0x1c, 0x75, 0x07, 0x80, 0x3e, 0xff, 0x05, 0x00, 0x74  ; 4D03
    db 0x34, 0x81, 0xf9, 0x00, 0x18, 0x75, 0x07, 0x80, 0x3e, 0xff, 0x05, 0x02, 0x74, 0x27, 0x81, 0xf9  ; 4D13
    db 0x00, 0x19, 0x75, 0x07, 0x80, 0x3e, 0xff, 0x05, 0x03, 0x74, 0x1a, 0x81, 0xf9, 0x00, 0x1a, 0x75  ; 4D23
    db 0x07, 0x80, 0x3e, 0xff, 0x05, 0x04, 0x74, 0x0d, 0x81, 0xf9, 0x00, 0x1b, 0x75, 0x0d, 0x80, 0x3e  ; 4D33
    db 0xff, 0x05, 0x05, 0x75, 0x06, 0xb8, 0xff, 0xff, 0xe9, 0x12, 0x00, 0x8b, 0xfe, 0x81, 0xe7, 0x1f  ; 4D43
    db 0x00, 0x81, 0xcf, 0x80, 0x00, 0x8b, 0xd7, 0x88, 0x16, 0x26, 0x06, 0x2b, 0xc0, 0x59, 0x5e, 0x8b  ; 4D53
    db 0xe5, 0x5d, 0xca, 0x04, 0x00, 0x55, 0x8b, 0xec, 0x83, 0xec, 0x08, 0x83, 0x7e, 0x06, 0x01, 0x75  ; 4D63
    db 0x05, 0x81, 0x66, 0x0a, 0xff, 0x00, 0x8b, 0x7e, 0x08, 0xf7, 0xd7, 0x23, 0x7e, 0x0a, 0x89, 0x7e  ; 4D73
    db 0xf8, 0x81, 0xe7, 0x20, 0x20, 0x83, 0xff, 0x00, 0x74, 0x0a, 0xc6, 0x06, 0x26, 0x06, 0x21, 0x2b  ; 4D83
    db 0xc0, 0xe9, 0xfc, 0x00, 0xc4, 0x3e, 0x32, 0x07, 0x26, 0x80, 0xbd, 0x96, 0x00, 0x00, 0x74, 0x1b  ; 4D93
    db 0x8b, 0x56, 0xf8, 0x81, 0xe2, 0x00, 0x80, 0x83, 0xfa, 0x00, 0x74, 0x2a, 0xc6, 0x06, 0x26, 0x06  ; 4DA3
    db 0x22, 0xc6, 0x06, 0x23, 0x06, 0x1c, 0x2b, 0xc0, 0xe9, 0xd5, 0x00, 0x8b, 0x7e, 0xf8, 0x81, 0xe7  ; 4DB3
    db 0x00, 0x40, 0x83, 0xff, 0x00, 0x74, 0x0f, 0xc6, 0x06, 0x26, 0x06, 0x23, 0xc6, 0x06, 0x23, 0x06  ; 4DC3
    db 0x1d, 0x2b, 0xc0, 0xe9, 0xba, 0x00, 0xc4, 0x3e, 0x32, 0x07, 0x26, 0x80, 0x7d, 0x1f, 0x14, 0x75  ; 4DD3
    db 0x0c, 0x8b, 0x56, 0xf8, 0x81, 0xe2, 0x01, 0x00, 0x83, 0xfa, 0x00, 0x75, 0x17, 0xc4, 0x3e, 0x32  ; 4DE3
    db 0x07, 0x26, 0x80, 0x7d, 0x1f, 0x15, 0x75, 0x27, 0x8b, 0x56, 0xf8, 0x81, 0xe2, 0x08, 0x00, 0x83  ; 4DF3
    db 0xfa, 0x00, 0x74, 0x1b, 0x80, 0x3e, 0xf7, 0x05, 0x00, 0x74, 0x0a, 0xc6, 0x06, 0x26, 0x06, 0x24  ; 4E03
    db 0xc6, 0x06, 0x23, 0x06, 0x1e, 0xc6, 0x06, 0x24, 0x06, 0x1e, 0x2b, 0xc0, 0xe9, 0x71, 0x00, 0xc4  ; 4E13
    db 0x3e, 0x32, 0x07, 0x26, 0x80, 0x7d, 0x1f, 0x1e, 0x75, 0x27, 0x8b, 0x56, 0xf8, 0x81, 0xe2, 0x02  ; 4E23
    db 0x00, 0x83, 0xfa, 0x00, 0x74, 0x1b, 0x80, 0x3e, 0xf7, 0x05, 0x00, 0x74, 0x0a, 0xc6, 0x06, 0x26  ; 4E33
    db 0x06, 0x25, 0xc6, 0x06, 0x23, 0x06, 0x1f, 0xc6, 0x06, 0x24, 0x06, 0x1f, 0x2b, 0xc0, 0xe9, 0x3f  ; 4E43
    db 0x00, 0x80, 0x3e, 0x05, 0x06, 0x10, 0x75, 0x35, 0x80, 0x3e, 0x52, 0x04, 0x00, 0x75, 0x2e, 0x8b  ; 4E53
    db 0x7e, 0x08, 0x23, 0x7e, 0x0a, 0x81, 0xe7, 0x04, 0x00, 0x83, 0xff, 0x00, 0x74, 0x1f, 0x80, 0x3e  ; 4E63
    db 0x29, 0x06, 0x00, 0x74, 0x18, 0xa0, 0xf1, 0x04, 0x24, 0x80, 0x3c, 0x00, 0x75, 0x0f, 0xc6, 0x06  ; 4E73
    db 0x26, 0x06, 0x28, 0xc6, 0x06, 0x23, 0x06, 0x12, 0x2b, 0xc0, 0xe9, 0x03, 0x00, 0xb8, 0xff, 0xff  ; 4E83
    db 0x8b, 0xe5, 0x5d, 0xca, 0x02, 0x00, 0x55, 0x8b, 0xec, 0x83, 0xec, 0x06, 0xc6, 0x06, 0xff, 0x05  ; 4E93
    db 0x00, 0xc6, 0x06, 0xf7, 0x05, 0x00, 0xc6, 0x06, 0x09, 0x06, 0x00, 0xc6, 0x06, 0xfe, 0x05, 0x00  ; 4EA3
    db 0xc6, 0x06, 0x06, 0x06, 0x00, 0xc7, 0x06, 0x00, 0x06, 0x00, 0x00, 0xc7, 0x06, 0xf8, 0x05, 0x00  ; 4EB3
    db 0x00, 0x80, 0x3e, 0x04, 0x00, 0x20, 0x74, 0x0e, 0x80, 0x3e, 0x04, 0x00, 0x0a, 0x74, 0x07, 0x80  ; 4EC3
    db 0x3e, 0x04, 0x00, 0x0d, 0x75, 0x20, 0x80, 0x3e, 0x02, 0x00, 0x00, 0x74, 0x08, 0xc6, 0x06, 0xa4  ; 4ED3
    db 0x05, 0x14, 0xe9, 0x11, 0x00, 0x80, 0x3e, 0x03, 0x00, 0x00, 0x74, 0x0a, 0x9a, 0x32, 0x00, 0x87  ; 4EE3
    db 0x96, 0x9a, 0x47, 0x03, 0xc9, 0x82, 0x80, 0x3e, 0x04, 0x00, 0x2c, 0x75, 0x28, 0x80, 0x3e, 0x02  ; 4EF3
    db 0x00, 0x00, 0x74, 0x08, 0xc6, 0x06, 0xa4, 0x05, 0x14, 0xe9, 0x1e, 0x00, 0x80, 0x3e, 0x03, 0x00  ; 4F03
    db 0x00, 0x74, 0x0f, 0x9a, 0x32, 0x00, 0x87, 0x96, 0x9a, 0x47, 0x03, 0xc9, 0x82, 0xc6, 0x06, 0xa4  ; 4F13
    db 0x05, 0x07, 0xe9, 0x05, 0x00, 0xc6, 0x06, 0xa4, 0x05, 0x13, 0x8b, 0xe5, 0x5d, 0xcb, 0x55, 0x8b  ; 4F23
    db 0xec, 0x83, 0xec, 0x06, 0x8b, 0xe5, 0x5d, 0xcb, 0x55, 0x8b, 0xec, 0x83, 0xec, 0x06, 0x80, 0x3e  ; 4F33
    db 0x02, 0x00, 0x00, 0x74, 0x1a, 0xa0, 0x05, 0x06, 0x24, 0x20, 0x3c, 0x00, 0x74, 0x09, 0xbf, 0x3b  ; 4F43
    db 0x00, 0x57, 0x9a, 0xb1, 0x05, 0xc9, 0x82, 0xc6, 0x06, 0xa4, 0x05, 0x14, 0xe9, 0x59, 0x00, 0x80  ; 4F53
    db 0x3e, 0x04, 0x00, 0x3b, 0x75, 0x1a, 0xa0, 0x05, 0x06, 0x24, 0x20, 0x3c, 0x00, 0x74, 0x09, 0xbf  ; 4F63
    db 0x3b, 0x00, 0x57, 0x9a, 0xb1, 0x05, 0xc9, 0x82, 0xc6, 0x06, 0xa4, 0x05, 0x03, 0xe9, 0x38, 0x00  ; 4F73
    db 0x80, 0x3e, 0x04, 0x00, 0x20, 0x74, 0x0e, 0x80, 0x3e, 0x04, 0x00, 0x0d, 0x74, 0x07, 0x80, 0x3e  ; 4F83
    db 0x04, 0x00, 0x0a, 0x75, 0x14, 0x80, 0x3e, 0x03, 0x00, 0x00, 0x74, 0x0a, 0x9a, 0x32, 0x00, 0x87  ; 4F93
    db 0x96, 0x9a, 0x2b, 0x01, 0x87, 0x96, 0xe9, 0x0f, 0x00, 0xc6, 0x06, 0x23, 0x06, 0x08, 0xc6, 0x06  ; 4FA3
    db 0xa4, 0x05, 0x01, 0x9a, 0x2b, 0x01, 0x87, 0x96, 0x8b, 0xe5, 0x5d, 0xcb, 0x55, 0x8b, 0xec, 0x83  ; 4FB3
    db 0xec, 0x06, 0x80, 0x3e, 0x29, 0x06, 0x00, 0x75, 0x1a, 0x80, 0x3e, 0x02, 0x06, 0x00, 0x75, 0x0e  ; 4FC3
    db 0x9a, 0xad, 0x01, 0xc9, 0x82, 0xbf, 0x3b, 0x00, 0x57, 0x9a, 0xb1, 0x05, 0xc9, 0x82, 0x9a, 0xef  ; 4FD3
    db 0x03, 0x87, 0x96, 0xa0, 0x03, 0x06, 0x24, 0x01, 0x3c, 0x00, 0x74, 0x05, 0x9a, 0x0e, 0x04, 0xf5  ; 4FE3
    db 0xf5, 0xa0, 0x03, 0x06, 0x24, 0x02, 0x3c, 0x00, 0x74, 0x17, 0xbf, 0x41, 0x00, 0x57, 0x9a, 0x0e  ; 4FF3
    db 0x00, 0x70, 0x94, 0x9a, 0x05, 0x02, 0xa8, 0xe6, 0xbf, 0x80, 0x8f, 0x57, 0x9a, 0x0e, 0x00, 0x70  ; 5003
    db 0x94, 0xc6, 0x06, 0x03, 0x06, 0x00, 0xc6, 0x06, 0xa4, 0x05, 0x15, 0x8b, 0xe5, 0x5d, 0xcb, 0x55  ; 5013
    db 0x8b, 0xec, 0x83, 0xec, 0x06, 0x80, 0x3e, 0x29, 0x06, 0x00, 0x75, 0x43, 0x9a, 0x3f, 0x02, 0x87  ; 5023
    db 0x96, 0xc6, 0x06, 0x42, 0x06, 0x00, 0xc6, 0x06, 0x02, 0x06, 0x00, 0xc6, 0x06, 0xa4, 0x05, 0x03  ; 5033
    db 0xe9, 0x4e, 0x00, 0x9a, 0x32, 0x00, 0x87, 0x96, 0x9a, 0x2b, 0x01, 0x87, 0x96, 0x80, 0x3e, 0x04  ; 5043
    db 0x00, 0x0d, 0x74, 0x1b, 0x80, 0x3e, 0x04, 0x00, 0x0a, 0x74, 0x14, 0x80, 0x3e, 0x04, 0x00, 0x20  ; 5053
    db 0x74, 0x0d, 0xc6, 0x06, 0x23, 0x06, 0x08, 0xc6, 0x06, 0xa4, 0x05, 0x01, 0xe9, 0x22, 0x00, 0x80  ; 5063
    db 0x3e, 0x03, 0x00, 0x00, 0x75, 0xcd, 0x80, 0x3e, 0x02, 0x00, 0x00, 0x74, 0x14, 0x9a, 0xef, 0x03  ; 5073
    db 0x87, 0x96, 0x9a, 0x3f, 0x02, 0x87, 0x96, 0xc6, 0x06, 0xa4, 0x05, 0x03, 0xc6, 0x06, 0x02, 0x06  ; 5083
    db 0x00, 0x8b, 0xe5, 0x5d, 0xcb, 0x55, 0x8b, 0xec, 0x83, 0xec, 0x06, 0x8b, 0xe5, 0x5d, 0xcb  ; 5093
SUB_850A2:
    push bp                                  ; 50A2: push bp
    db 0x8b, 0xec  ; 50A3: mov bp, sp (not byte-exact via NASM - see NOTES.md)
    sub sp, 6                                ; 50A5: sub sp, 6
    mov word [0x5f4], 0                      ; 50A8: mov word ptr [0x5f4], 0
    db 0x8b, 0xe5  ; 50AE: mov sp, bp (not byte-exact via NASM - see NOTES.md)
    pop bp                                   ; 50B0: pop bp
    retf                                     ; 50B1: retf 
    db 0x55, 0x8b, 0xec, 0x83, 0xec, 0x06, 0xc7, 0x06, 0xf4, 0x05, 0x00, 0x00, 0x8b, 0xe5, 0x5d, 0xcb  ; 50B2
    db 0x55, 0x8b, 0xec, 0x83, 0xec, 0x06, 0x83, 0x3e, 0xf4, 0x05, 0x64, 0x7c, 0x0d, 0xc6, 0x06, 0x23  ; 50C2
    db 0x06, 0x0b, 0xc6, 0x06, 0xa4, 0x05, 0x01, 0xe9, 0x04, 0x00, 0xff, 0x06, 0xf4, 0x05, 0x8b, 0xe5  ; 50D2
    db 0x5d, 0xcb, 0x55, 0x8b, 0xec, 0x83, 0xec, 0x06, 0x83, 0x3e, 0xf4, 0x05, 0x47, 0x7c, 0x0d, 0xc6  ; 50E2
    db 0x06, 0x23, 0x06, 0x0b, 0xc6, 0x06, 0xa4, 0x05, 0x01, 0xe9, 0x12, 0x00, 0xc4, 0x3e, 0xf0, 0x05  ; 50F2
    db 0xff, 0x06, 0xf0, 0x05, 0xa0, 0x04, 0x00, 0x26, 0x88, 0x05, 0xff, 0x06, 0xf4, 0x05, 0x8b, 0xe5  ; 5102
    db 0x5d, 0xcb, 0xff, 0x55, 0x8b, 0xec, 0x83, 0xec, 0x06, 0x9a, 0x79, 0x04, 0x87, 0x96, 0x9a, 0x47  ; 5112
    db 0x03, 0xc9, 0x82, 0x80, 0x3e, 0x04, 0x00, 0x41, 0x72, 0x62, 0x80, 0x3e, 0x04, 0x00, 0x5a, 0x77  ; 5122
    db 0x5b, 0xa0, 0x04, 0x00, 0x2a, 0xe4, 0x05, 0xbf, 0xff, 0xba, 0x06, 0x00, 0xf7, 0xea, 0xc4, 0x3e  ; 5132
    db 0xea, 0x06, 0x8b, 0xd8, 0x26, 0xc4, 0x51, 0x02, 0x89, 0x16, 0x0e, 0x06, 0x8c, 0x06, 0x10, 0x06  ; 5142
    db 0xa0, 0x04, 0x00, 0x2a, 0xe4, 0x05, 0xbf, 0xff, 0xba, 0x06, 0x00, 0xf7, 0xea, 0xc4, 0x3e, 0xea  ; 5152
    db 0x06, 0x8b, 0xd8, 0x26, 0x8a, 0x11, 0x88, 0x16, 0x08, 0x06, 0x9a, 0x79, 0x04, 0x87, 0x96, 0x9a  ; 5162
    db 0xb8, 0x03, 0xc9, 0x82, 0x80, 0x3e, 0x07, 0x06, 0x00, 0x74, 0x09, 0xa0, 0x08, 0x06, 0xa2, 0x04  ; 5172
    db 0x06, 0xe9, 0x10, 0x00, 0xc6, 0x06, 0x23, 0x06, 0x02, 0xe9, 0x08, 0x00, 0xe9, 0x00, 0x00, 0xc6  ; 5182
    db 0x06, 0x23, 0x06, 0x02, 0x8b, 0xe5, 0x5d, 0xcb, 0x55, 0x8b, 0xec, 0x83, 0xec, 0x06, 0x9a, 0x79  ; 5192
    db 0x04, 0x87, 0x96, 0x9a, 0x47, 0x03, 0xc9, 0x82, 0x80, 0x3e, 0x04, 0x00, 0x41, 0x72, 0x59, 0x80  ; 51A2
    db 0x3e, 0x04, 0x00, 0x5a, 0x77, 0x52, 0xa0, 0x04, 0x00, 0x2a, 0xe4, 0x05, 0xbf, 0xff, 0xba, 0x06  ; 51B2
    db 0x00, 0xf7, 0xea, 0xc4, 0x3e, 0xf6, 0x06, 0x8b, 0xd8, 0x26, 0xc4, 0x51, 0x02, 0x89, 0x16, 0x0e  ; 51C2
    db 0x06, 0x8c, 0x06, 0x10, 0x06, 0xa0, 0x04, 0x00, 0x2a, 0xe4, 0x05, 0xbf, 0xff, 0xba, 0x06, 0x00  ; 51D2
    db 0xf7, 0xea, 0xc4, 0x3e, 0xf6, 0x06, 0x8b, 0xd8, 0x26, 0x8a, 0x11, 0x88, 0x16, 0x08, 0x06, 0x9a  ; 51E2
    db 0x79, 0x04, 0x87, 0x96, 0x9a, 0xb8, 0x03, 0xc9, 0x82, 0x80, 0x3e, 0x07, 0x06, 0x00, 0x75, 0x0d  ; 51F2
    db 0xc6, 0x06, 0x23, 0x06, 0x04, 0xe9, 0x05, 0x00, 0xc6, 0x06, 0x23, 0x06, 0x04, 0x8b, 0xe5, 0x5d  ; 5202
    db 0xcb, 0x55, 0x8b, 0xec, 0x83, 0xec, 0x06, 0x8b, 0xe5, 0x5d, 0xcb, 0x55, 0x8b, 0xec, 0x83, 0xec  ; 5212
    db 0x06, 0x80, 0x3e, 0x0c, 0x00, 0x00, 0x74, 0x0a, 0xc6, 0x06, 0x0c, 0x00, 0x00, 0xc6, 0x06, 0x54  ; 5222
    db 0x04, 0x00, 0x8b, 0xe5, 0x5d, 0xcb  ; 5232
reset_comm_parser_state:
    push bp                                  ; 5238: push bp
    db 0x8b, 0xec  ; 5239: mov bp, sp (not byte-exact via NASM - see NOTES.md)
    sub sp, 6                                ; 523B: sub sp, 6
    mov byte [0x62a], 0                      ; 523E: mov byte ptr [0x62a], 0
    mov byte [0x63b], 0                      ; 5243: mov byte ptr [0x63b], 0
    mov byte [0x63a], 0                      ; 5248: mov byte ptr [0x63a], 0
    mov word [0x632], 0                      ; 524D: mov word ptr [0x632], 0
    mov byte [6], 0                          ; 5253: mov byte ptr [6], 0
    mov byte [0x61b], 0                      ; 5258: mov byte ptr [0x61b], 0
    mov byte [0x5a4], 0                      ; 525D: mov byte ptr [0x5a4], 0
    mov byte [3], 0                          ; 5262: mov byte ptr [3], 0
    db 0x8b, 0xe5  ; 5267: mov sp, bp (not byte-exact via NASM - see NOTES.md)
    pop bp                                   ; 5269: pop bp
    retf                                     ; 526A: retf 
SUB_8526B:
    push bp                                  ; 526B: push bp
    db 0x8b, 0xec  ; 526C: mov bp, sp (not byte-exact via NASM - see NOTES.md)
    sub sp, 8                                ; 526E: sub sp, 8
    mov al, byte [0x5a3]                     ; 5271: mov al, byte ptr [0x5a3]
    mov byte [bp - 7], al                    ; 5274: mov byte ptr [bp - 7], al
    mov byte [0x5a3], 0xff                   ; 5277: mov byte ptr [0x5a3], 0xff
    mov al, byte [6]                         ; 527C: mov al, byte ptr [6]
    and al, 0x80                             ; 527F: and al, 0x80
    cmp al, 0                                ; 5281: cmp al, 0
    je short 0x528d                          ; 5283: je 0x17d
    mov byte [0x590], 0x80                   ; 5285: mov byte ptr [0x590], 0x80
    jmp 0x52ce                               ; 528A: jmp 0x1be
L_8528D:
    cmp byte [6], 0x42                       ; 528D: cmp byte ptr [6], 0x42
    jbe short 0x5299                         ; 5292: jbe 0x189
    mov byte [6], 0x26                       ; 5294: mov byte ptr [6], 0x26
L_85299:
    mov al, byte [6]                         ; 5299: mov al, byte ptr [6]
    db 0x2a, 0xe4  ; 529C: sub ah, ah (not byte-exact via NASM - see NOTES.md)
    shl ax, 1                                ; 529E: shl ax, 1
    shl ax, 1                                ; 52A0: shl ax, 1
    les di, [0x712]                          ; 52A2: les di, ptr [0x712]
    db 0x8b, 0xd8  ; 52A6: mov bx, ax (not byte-exact via NASM - see NOTES.md)
    mov dl, byte [es:bx + di]                ; 52A8: mov dl, byte ptr es:[bx + di]
    db 0x2a, 0xf6  ; 52AB: sub dh, dh (not byte-exact via NASM - see NOTES.md)
    mov di, 0x586                            ; 52AD: mov di, 0x586
    db 0x03, 0xfa  ; 52B0: add di, dx (not byte-exact via NASM - see NOTES.md)
    mov word [0x582], di                     ; 52B2: mov word ptr [0x582], di
    mov word [0x584], ds                     ; 52B6: mov word ptr [0x584], ds
    les di, [0x582]                          ; 52BA: les di, ptr [0x582]
    cmp byte [es:di], 0                      ; 52BE: cmp byte ptr es:[di], 0
    jne short 0x52ce                         ; 52C2: jne 0x1be
    les di, [0x582]                          ; 52C4: les di, ptr [0x582]
    mov al, byte [6]                         ; 52C8: mov al, byte ptr [6]
    mov byte [es:di], al                     ; 52CB: mov byte ptr es:[di], al
L_852CE:
    call 0x96f5:0x09b5                       ; 52CE: lcall 0x96f5, 0x9b5
    cmp byte [0x629], 0                      ; 52D3: cmp byte ptr [0x629], 0
    jne short 0x52f2                         ; 52D8: jne 0x1e2
    cmp byte [0x61c], 0                      ; 52DA: cmp byte ptr [0x61c], 0
    je short 0x52f2                          ; 52DF: je 0x1e2
    cmp byte [0x57f], 0                      ; 52E1: cmp byte ptr [0x57f], 0
    je short 0x52f2                          ; 52E6: je 0x1e2
    mov byte [6], 0                          ; 52E8: mov byte ptr [6], 0
    call 0x82c9:0x0229                       ; 52ED: lcall 0x82c9, 0x229
L_852F2:
    mov dl, byte [bp - 7]                    ; 52F2: mov dl, byte ptr [bp - 7]
    db 0x2a, 0xf6  ; 52F5: sub dh, dh (not byte-exact via NASM - see NOTES.md)
    push dx                                  ; 52F7: push dx
    call 0x96f5:0x0c44                       ; 52F8: lcall 0x96f5, 0xc44
    db 0x8b, 0xe5  ; 52FD: mov sp, bp (not byte-exact via NASM - see NOTES.md)
    pop bp                                   ; 52FF: pop bp
    retf                                     ; 5300: retf 
    db 0x55, 0x8b, 0xec, 0x83, 0xec, 0x08, 0xbf, 0x80, 0x8f, 0x57, 0x9a, 0x0e, 0x00, 0x70, 0x94, 0x89  ; 5301
    db 0x46, 0xf8, 0x8a, 0x56, 0x06, 0x88, 0x16, 0x06, 0x00, 0x9a, 0x5b, 0x01, 0x11, 0x85, 0xff, 0x76  ; 5311
    db 0xf8, 0x9a, 0x0e, 0x00, 0x70, 0x94, 0x8b, 0xe5, 0x5d, 0xca, 0x02, 0x00, 0x55, 0x8b, 0xec, 0x83  ; 5321
    db 0xec, 0x06, 0x2b, 0xff, 0x57, 0xba, 0x1d, 0x00, 0x52, 0x9a, 0xb2, 0x02, 0x1f, 0x94, 0x83, 0xc4  ; 5331
    db 0x02, 0xc4, 0x3e, 0x32, 0x07, 0x26, 0xc6, 0x85, 0x94, 0x00, 0x00, 0xba, 0x41, 0x00, 0x52, 0x9a  ; 5341
    db 0x0e, 0x00, 0x70, 0x94, 0x9a, 0x44, 0x03, 0xa8, 0xe6, 0xbf, 0x80, 0x8f, 0x57, 0x9a, 0x0e, 0x00  ; 5351
    db 0x70, 0x94, 0x8b, 0xe5, 0x5d, 0xcb, 0x55, 0x8b, 0xec, 0x83, 0xec, 0x06, 0x2b, 0xff, 0x57, 0xba  ; 5361
    db 0x1d, 0x00, 0x52, 0x9a, 0xb2, 0x02, 0x1f, 0x94, 0x83, 0xc4, 0x02, 0xc4, 0x3e, 0x32, 0x07, 0x26  ; 5371
    db 0xc6, 0x85, 0x94, 0x00, 0x00, 0x8b, 0xe5, 0x5d, 0xcb, 0x55, 0x8b, 0xec, 0x83, 0xec, 0x06, 0xbf  ; 5381
    db 0x20, 0x00, 0x57, 0x9a, 0x98, 0x02, 0x1f, 0x94, 0x3d, 0x00, 0x00, 0x75, 0x13, 0xbf, 0x01, 0x00  ; 5391
    db 0x57, 0xbf, 0x1d, 0x00, 0x57, 0x9a, 0xb2, 0x02, 0x1f, 0x94, 0x83, 0xc4, 0x02, 0xe9, 0x05, 0x00  ; 53A1
    db 0xc6, 0x06, 0x23, 0x06, 0x1b, 0x8b, 0xe5, 0x5d, 0xcb, 0x55, 0x8b, 0xec, 0x83, 0xec, 0x06, 0x2b  ; 53B1
    db 0xff, 0x57, 0xba, 0x1d, 0x00, 0x52, 0x9a, 0xb2, 0x02, 0x1f, 0x94, 0x83, 0xc4, 0x02, 0xbf, 0x02  ; 53C1
    db 0x00, 0x57, 0xba, 0x20, 0x00, 0x52, 0x9a, 0xb2, 0x02, 0x1f, 0x94, 0x83, 0xc4, 0x02, 0x8b, 0xe5  ; 53D1
    db 0x5d, 0xcb, 0x55, 0x8b, 0xec, 0x83, 0xec, 0x06, 0x2b, 0xff, 0x57, 0xba, 0x1d, 0x00, 0x52, 0x9a  ; 53E1
    db 0xb2, 0x02, 0x1f, 0x94, 0x83, 0xc4, 0x02, 0xbf, 0x03, 0x00, 0x57, 0xbf, 0x20, 0x00, 0x57, 0x9a  ; 53F1
    db 0xb2, 0x02, 0x1f, 0x94, 0x83, 0xc4, 0x02, 0x8b, 0xe5, 0x5d, 0xcb, 0x55, 0x8b, 0xec, 0x83, 0xec  ; 5401
    db 0x06, 0x2b, 0xff, 0x57, 0xba, 0x1d, 0x00, 0x52, 0x9a, 0xb2, 0x02, 0x1f, 0x94, 0x83, 0xc4, 0x02  ; 5411
    db 0xbf, 0x01, 0x00, 0x57, 0xbf, 0x20, 0x00, 0x57, 0x9a, 0xb2, 0x02, 0x1f, 0x94, 0x83, 0xc4, 0x02  ; 5421
    db 0x8b, 0xe5, 0x5d, 0xcb, 0x55, 0x8b, 0xec, 0x83, 0xec, 0x06, 0x2b, 0xff, 0x57, 0xba, 0x1d, 0x00  ; 5431
    db 0x52, 0x9a, 0xb2, 0x02, 0x1f, 0x94, 0x83, 0xc4, 0x02, 0xbf, 0x04, 0x00, 0x57, 0xbf, 0x20, 0x00  ; 5441
    db 0x57, 0x9a, 0xb2, 0x02, 0x1f, 0x94, 0x83, 0xc4, 0x02, 0x8b, 0xe5, 0x5d, 0xcb, 0x55, 0x8b, 0xec  ; 5451
    db 0x83, 0xec, 0x06, 0x2b, 0xff, 0x57, 0xba, 0x20, 0x00, 0x52, 0x9a, 0xb2, 0x02, 0x1f, 0x94, 0x83  ; 5461
    db 0xc4, 0x02, 0x8b, 0xe5, 0x5d, 0xcb, 0x55, 0x8b, 0xec, 0x83, 0xec, 0x06, 0x2b, 0xff, 0x57, 0xba  ; 5471
    db 0x1a, 0x00, 0x52, 0x9a, 0xb2, 0x02, 0x1f, 0x94, 0x83, 0xc4, 0x02, 0x8b, 0xe5, 0x5d, 0xcb, 0x55  ; 5481
    db 0x8b, 0xec, 0x83, 0xec, 0x06, 0xbf, 0x01, 0x00, 0x57, 0xbf, 0x1a, 0x00, 0x57, 0x9a, 0xb2, 0x02  ; 5491
    db 0x1f, 0x94, 0x83, 0xc4, 0x02, 0x8b, 0xe5, 0x5d, 0xcb, 0x55, 0x8b, 0xec, 0x83, 0xec, 0x08, 0x51  ; 54A1
    db 0x80, 0x3e, 0xff, 0x05, 0x00, 0x75, 0x06, 0xbf, 0x01, 0x00, 0xe9, 0x07, 0x00, 0x9a, 0x1a, 0x0a  ; 54B1
    db 0xc9, 0x82, 0x8b, 0xf8, 0x89, 0x7e, 0xf8, 0x80, 0x3e, 0x23, 0x06, 0x00, 0x75, 0x43, 0x83, 0xff  ; 54C1
    db 0x00, 0x7f, 0x08, 0xc6, 0x06, 0x23, 0x06, 0x15, 0xe9, 0x36, 0x00, 0xff, 0x4e, 0xf8, 0xb9, 0x06  ; 54D1
    db 0x00, 0xd3, 0x66, 0xf8, 0x81, 0x7e, 0xf8, 0x5f, 0x02, 0x7e, 0x08, 0xc6, 0x06, 0x23, 0x06, 0x15  ; 54E1
    db 0xe9, 0x1e, 0x00, 0xbf, 0x41, 0x00, 0x57, 0x9a, 0x0e, 0x00, 0x70, 0x94, 0x8b, 0x7e, 0xf8, 0x89  ; 54F1
    db 0x3e, 0xe0, 0x03, 0xba, 0x80, 0x8f, 0x52, 0x9a, 0x0e, 0x00, 0x70, 0x94, 0x80, 0x0e, 0x03, 0x06  ; 5501
    db 0x01, 0x59, 0x8b, 0xe5, 0x5d, 0xcb, 0x55, 0x8b, 0xec, 0x83, 0xec, 0x06, 0xc4, 0x3e, 0x32, 0x07  ; 5511
    db 0x26, 0x80, 0xbd, 0x93, 0x00, 0x00, 0x75, 0x6e, 0xc4, 0x1e, 0x32, 0x07, 0x26, 0x80, 0x8f, 0x97  ; 5521
    db 0x00, 0x09, 0x9a, 0x41, 0x0d, 0xc9, 0x82, 0xbf, 0x41, 0x00, 0x57, 0x9a, 0x0e, 0x00, 0x70, 0x94  ; 5531
    db 0xc6, 0x06, 0x06, 0x07, 0x00, 0x9a, 0x60, 0x00, 0x25, 0xe9, 0xbf, 0x80, 0x8f, 0x57, 0x9a, 0x0e  ; 5541
    db 0x00, 0x70, 0x94, 0xc6, 0x06, 0x3c, 0x06, 0xff, 0xc4, 0x3e, 0x32, 0x07, 0x26, 0xc6, 0x85, 0x93  ; 5551
    db 0x00, 0x01, 0xba, 0x20, 0x00, 0x52, 0x9a, 0x98, 0x02, 0x1f, 0x94, 0x3d, 0x00, 0x00, 0x74, 0x14  ; 5561
    db 0xe9, 0x05, 0x00, 0x9a, 0x30, 0x0c, 0xc9, 0x82, 0xc4, 0x3e, 0x32, 0x07, 0x26, 0x80, 0xbd, 0x93  ; 5571
    db 0x00, 0x00, 0x75, 0xef, 0xc4, 0x3e, 0x32, 0x07, 0x26, 0x80, 0xa5, 0x97, 0x00, 0xfe, 0x9a, 0x41  ; 5581
    db 0x0d, 0xc9, 0x82, 0xe9, 0x08, 0x00, 0xe9, 0x00, 0x00, 0xc6, 0x06, 0x23, 0x06, 0x1b, 0x8b, 0xe5  ; 5591
    db 0x5d, 0xcb, 0x55, 0x8b, 0xec, 0x83, 0xec, 0x0c, 0xbf, 0x20, 0x00, 0x57, 0x9a, 0x98, 0x02, 0x1f  ; 55A1
    db 0x94, 0x89, 0x46, 0xf8, 0x3d, 0x00, 0x00, 0x75, 0x11, 0xc4, 0x3e, 0xf2, 0x06, 0x8d, 0x95, 0x5a  ; 55B1
    db 0x02, 0x89, 0x56, 0xf4, 0x8c, 0x46, 0xf6, 0xe9, 0x53, 0x00, 0x83, 0x7e, 0xf8, 0x01, 0x75, 0x11  ; 55C1
    db 0xc4, 0x3e, 0xf2, 0x06, 0x8d, 0x95, 0x04, 0x01, 0x89, 0x56, 0xf4, 0x8c, 0x46, 0xf6, 0xe9, 0x3c  ; 55D1
    db 0x00, 0x83, 0x7e, 0xf8, 0x02, 0x75, 0x11, 0xc4, 0x3e, 0xf2, 0x06, 0x8d, 0x95, 0xce, 0x00, 0x89  ; 55E1
    db 0x56, 0xf4, 0x8c, 0x46, 0xf6, 0xe9, 0x25, 0x00, 0x83, 0x7e, 0xf8, 0x03, 0x75, 0x11, 0xc4, 0x3e  ; 55F1
    db 0xf2, 0x06, 0x8d, 0x95, 0xd3, 0x00, 0x89, 0x56, 0xf4, 0x8c, 0x46, 0xf6, 0xe9, 0x0e, 0x00, 0xc4  ; 5601
    db 0x3e, 0xf2, 0x06, 0x8d, 0x95, 0xe6, 0x01, 0x89, 0x56, 0xf4, 0x8c, 0x46, 0xf6, 0xc4, 0x5e, 0xf4  ; 5611
    db 0x8b, 0xe5, 0x5d, 0xcb, 0x55, 0x8b, 0xec, 0x83, 0xec, 0x06, 0xbf, 0x1a, 0x00, 0x57, 0x9a, 0x98  ; 5621
    db 0x02, 0x1f, 0x94, 0x3d, 0x01, 0x00, 0x75, 0x0b, 0xc4, 0x3e, 0xf2, 0x06, 0x8d, 0x9d, 0x41, 0x01  ; 5631
    db 0xe9, 0x08, 0x00, 0xc4, 0x3e, 0xf2, 0x06, 0x8d, 0x9d, 0x3d, 0x01, 0x8b, 0xe5, 0x5d, 0xcb, 0x55  ; 5641
    db 0x8b, 0xec, 0x83, 0xec, 0x08, 0xbf, 0x41, 0x00, 0x57, 0x9a, 0x0e, 0x00, 0x70, 0x94, 0xa1, 0xe0  ; 5651
    db 0x03, 0xd1, 0xf8, 0xd1, 0xf8, 0xd1, 0xf8, 0xd1, 0xf8, 0xd1, 0xf8, 0xd1, 0xf8, 0x89, 0x46, 0xf8  ; 5661
    db 0xbf, 0x80, 0x8f, 0x57, 0x9a, 0x0e, 0x00, 0x70, 0x94, 0xff, 0x46, 0xf8, 0xff, 0x76, 0xf8, 0x9a  ; 5671
    db 0x44, 0x11, 0x2c, 0x80, 0x2b, 0xdb, 0x8e, 0xc3, 0x8b, 0xe5, 0x5d, 0xcb, 0x55, 0x8b, 0xec, 0x83  ; 5681
    db 0xec, 0x06, 0xbf, 0x1d, 0x00, 0x57, 0x9a, 0x98, 0x02, 0x1f, 0x94, 0x3d, 0x01, 0x00, 0x74, 0x0c  ; 5691
    db 0xc4, 0x3e, 0x32, 0x07, 0x26, 0x80, 0xbd, 0x94, 0x00, 0x00, 0x74, 0x0d, 0xc4, 0x3e, 0xf2, 0x06  ; 56A1
    db 0x8b, 0xd7, 0x8d, 0xbd, 0x41, 0x01, 0xe9, 0x0a, 0x00, 0xc4, 0x3e, 0xf2, 0x06, 0x8b, 0xd7, 0x8d  ; 56B1
    db 0xbd, 0x3d, 0x01, 0x8b, 0xdf, 0x8b, 0xe5, 0x5d, 0xcb, 0xff, 0x55, 0x8b, 0xec, 0x83, 0xec, 0x06  ; 56C1
    db 0xc6, 0x06, 0x23, 0x06, 0x02, 0xc6, 0x06, 0xa4, 0x05, 0x01, 0x8b, 0xe5, 0x5d, 0xcb, 0x55, 0x8b  ; 56D1
    db 0xec, 0x83, 0xec, 0x06, 0x9a, 0x11, 0x00, 0xd8, 0x85, 0x50, 0x9a, 0x44, 0x11, 0x2c, 0x80, 0x2b  ; 56E1
    db 0xdb, 0x8e, 0xc3, 0x8b, 0xe5, 0x5d, 0xcb, 0x55, 0x8b, 0xec, 0x83, 0xec, 0x06, 0xc6, 0x06, 0x1c  ; 56F1
    db 0x06, 0xff, 0xa0, 0x90, 0x05, 0xa2, 0x06, 0x00, 0x9a, 0x5b, 0x01, 0x11, 0x85, 0x8b, 0xe5, 0x5d  ; 5701
    db 0xcb, 0x55, 0x8b, 0xec, 0x83, 0xec, 0x06, 0xc6, 0x06, 0x1c, 0x06, 0x00, 0xa0, 0x90, 0x05, 0xa2  ; 5711
    db 0x06, 0x00, 0x9a, 0x5b, 0x01, 0x11, 0x85, 0x8b, 0xe5, 0x5d, 0xcb, 0x55, 0x8b, 0xec, 0x83, 0xec  ; 5721
    db 0x06, 0x80, 0x3e, 0x1c, 0x06, 0x00, 0x74, 0x0b, 0xc4, 0x3e, 0xf2, 0x06, 0x8d, 0x9d, 0x41, 0x01  ; 5731
    db 0xe9, 0x08, 0x00, 0xc4, 0x3e, 0xf2, 0x06, 0x8d, 0x9d, 0x3d, 0x01, 0x8b, 0xe5, 0x5d, 0xcb, 0x55  ; 5741
    db 0x8b, 0xec, 0x83, 0xec, 0x06, 0x80, 0x3e, 0x1a, 0x06, 0x00, 0x75, 0x05, 0xc6, 0x06, 0x1b, 0x06  ; 5751
    db 0x00, 0xc6, 0x06, 0x1a, 0x06, 0xff, 0x8b, 0xe5, 0x5d, 0xcb, 0x55, 0x8b, 0xec, 0x83, 0xec, 0x06  ; 5761
    db 0xc6, 0x06, 0x1a, 0x06, 0x00, 0xc6, 0x06, 0x1b, 0x06, 0x00, 0x8b, 0xe5, 0x5d, 0xcb, 0x55, 0x8b  ; 5771
    db 0xec, 0x83, 0xec, 0x06, 0x80, 0x3e, 0x1a, 0x06, 0x00, 0x74, 0x0b, 0xc4, 0x3e, 0xf2, 0x06, 0x8d  ; 5781
    db 0x9d, 0x41, 0x01, 0xe9, 0x08, 0x00, 0xc4, 0x3e, 0xf2, 0x06, 0x8d, 0x9d, 0x3d, 0x01, 0x8b, 0xe5  ; 5791
    db 0x5d, 0xcb, 0x55, 0x8b, 0xec, 0x83, 0xec, 0x06, 0xc6, 0x06, 0xf2, 0x04, 0xff, 0x8b, 0xe5, 0x5d  ; 57A1
    db 0xcb, 0x55, 0x8b, 0xec, 0x83, 0xec, 0x06, 0xc6, 0x06, 0xf2, 0x04, 0x00, 0x8b, 0xe5, 0x5d, 0xcb  ; 57B1
    db 0x55, 0x8b, 0xec, 0x83, 0xec, 0x06, 0x80, 0x3e, 0xf2, 0x04, 0x00, 0x74, 0x0b, 0xc4, 0x3e, 0xf2  ; 57C1
    db 0x06, 0x8d, 0x9d, 0x41, 0x01, 0xe9, 0x08, 0x00, 0xc4, 0x3e, 0xf2, 0x06, 0x8d, 0x9d, 0x3d, 0x01  ; 57D1
    db 0x8b, 0xe5, 0x5d, 0xcb, 0x55, 0x8b, 0xec, 0x83, 0xec, 0x0c, 0xc4, 0x3e, 0xe6, 0x06, 0x89, 0x3e  ; 57E1
    db 0x0a, 0x06, 0x8c, 0x06, 0x0c, 0x06, 0xc6, 0x06, 0x08, 0x06, 0x00, 0x9a, 0x6f, 0x01, 0xc9, 0x82  ; 57F1
    db 0xe9, 0xb0, 0x00, 0xfe, 0x06, 0x08, 0x06, 0xc6, 0x46, 0xf5, 0xff, 0x80, 0x3e, 0x08, 0x06, 0x01  ; 5801
    db 0x74, 0x1c, 0x80, 0x3e, 0x08, 0x06, 0x03, 0x74, 0x15, 0x80, 0x3e, 0x08, 0x06, 0x22, 0x74, 0x0e  ; 5811
    db 0x80, 0x3e, 0x08, 0x06, 0x2c, 0x74, 0x07, 0x80, 0x3e, 0x08, 0x06, 0x13, 0x75, 0x07, 0xc6, 0x46  ; 5821
    db 0xf5, 0x00, 0xe9, 0x46, 0x00, 0xc4, 0x3e, 0x32, 0x07, 0x26, 0x80, 0x7d, 0x1f, 0x1e, 0x74, 0x3b  ; 5831
    db 0xc4, 0x16, 0x1e, 0x07, 0x89, 0x56, 0xf6, 0x8c, 0x46, 0xf8, 0xc4, 0x1e, 0x32, 0x07, 0x26, 0x80  ; 5841
    db 0x7f, 0x1f, 0x15, 0x75, 0x1d, 0x83, 0x46, 0xf6, 0x08, 0xe9, 0x16, 0x00, 0xc4, 0x7e, 0xf6, 0xff  ; 5851
    db 0x46, 0xf6, 0x26, 0x8a, 0x15, 0x38, 0x16, 0x08, 0x06, 0x75, 0x07, 0xc6, 0x46, 0xf5, 0x00, 0xe9  ; 5861
    db 0x09, 0x00, 0xc4, 0x7e, 0xf6, 0x26, 0x80, 0x3d, 0xff, 0x75, 0xe1, 0x80, 0x7e, 0xf5, 0x00, 0x74  ; 5871
    db 0x12, 0xc6, 0x06, 0x05, 0x00, 0x2c, 0x9a, 0xf8, 0x02, 0x87, 0x96, 0x9a, 0x6f, 0x01, 0xc9, 0x82  ; 5881
    db 0xe9, 0x12, 0x00, 0xc4, 0x3e, 0x0a, 0x06, 0x26, 0x8a, 0x15, 0x2a, 0xf6, 0x81, 0xe2, 0x0f, 0x00  ; 5891
    db 0x42, 0x01, 0x16, 0x0a, 0x06, 0xc4, 0x3e, 0x0a, 0x06, 0x26, 0x80, 0x3d, 0x00, 0x75, 0x04, 0xff  ; 58A1
    db 0x06, 0x0a, 0x06, 0xc4, 0x3e, 0x0a, 0x06, 0x26, 0x80, 0x3d, 0x00, 0x74, 0x03, 0xe9, 0x43, 0xff  ; 58B1
    db 0x2b, 0xdb, 0x8e, 0xc3, 0x8b, 0xe5, 0x5d, 0xcb, 0x55, 0x8b, 0xec, 0x83, 0xec, 0x0a, 0xbf, 0xf1  ; 58C1
    db 0x90, 0x57, 0xba, 0x34, 0x02, 0x52, 0x9a, 0x71, 0x00, 0xc9, 0x82, 0xc4, 0x3e, 0x32, 0x07, 0x26  ; 58D1
    db 0x8a, 0x55, 0x1f, 0x2a, 0xf6, 0x52, 0x9a, 0x44, 0x11, 0x2c, 0x80, 0xbf, 0xf1, 0x90, 0x57, 0xba  ; 58E1
    db 0x3b, 0x02, 0x52, 0x9a, 0x71, 0x00, 0xc9, 0x82, 0xb8, 0x04, 0x00, 0xba, 0x00, 0xe0, 0x89, 0x46  ; 58F1
    db 0xf6, 0x89, 0x56, 0xf8, 0x8b, 0xf8, 0x8e, 0xc2, 0x26, 0x8a, 0x1d, 0x2a, 0xff, 0x53, 0x9a, 0x09  ; 5901
    db 0x00, 0xc9, 0x82, 0x2b, 0xdb, 0x8e, 0xc3, 0x8b, 0xe5, 0x5d, 0xcb, 0x55, 0x8b, 0xec, 0x83, 0xec  ; 5911
    db 0x0a, 0xc7, 0x46, 0xf6, 0x1e, 0x06, 0x8c, 0x5e, 0xf8, 0x83, 0x46, 0xf6, 0x02, 0xc4, 0x7e, 0xf6  ; 5921
    db 0xa1, 0x12, 0x06, 0x26, 0x89, 0x05, 0x8b, 0xe5, 0x5d, 0xcb, 0x55, 0x8b, 0xec, 0x83, 0xec, 0x06  ; 5931
    db 0xa1, 0x20, 0x06, 0xa3, 0x12, 0x06, 0x9a, 0xc5, 0x02, 0x6c, 0x85, 0x2b, 0xdb, 0x8e, 0xc3, 0x8b  ; 5941
    db 0xe5, 0x5d, 0xcb, 0x55, 0x8b, 0xec, 0x83, 0xec, 0x0a, 0xc7, 0x46, 0xf6, 0x1e, 0x06, 0x8c, 0x5e  ; 5951
    db 0xf8, 0xa1, 0x12, 0x06, 0xa3, 0x1e, 0x06, 0x8b, 0xe5, 0x5d, 0xcb, 0x55, 0x8b, 0xec, 0x83, 0xec  ; 5961
    db 0x06, 0xa1, 0x1e, 0x06, 0xa3, 0x12, 0x06, 0x9a, 0xc5, 0x02, 0x6c, 0x85, 0x2b, 0xdb, 0x8e, 0xc3  ; 5971
    db 0x8b, 0xe5, 0x5d, 0xcb, 0x55, 0x8b, 0xec, 0x83, 0xec, 0x06, 0xc4, 0x3e, 0x22, 0x07, 0x06, 0x57  ; 5981
    db 0x9a, 0x71, 0x00, 0xc9, 0x82, 0xa1, 0x12, 0x06, 0xd1, 0xf8, 0xd1, 0xf8, 0xd1, 0xf8, 0xd1, 0xf8  ; 5991
    db 0xd1, 0xf8, 0xd1, 0xf8, 0xd1, 0xf8, 0xd1, 0xf8, 0x50, 0x9a, 0x09, 0x00, 0xc9, 0x82, 0xff, 0x36  ; 59A1
    db 0x12, 0x06, 0x9a, 0x09, 0x00, 0xc9, 0x82, 0x8b, 0xe5, 0x5d, 0xcb, 0x55, 0x8b, 0xec, 0x83, 0xec  ; 59B1
    db 0x06, 0xa1, 0x12, 0x06, 0x25, 0xff, 0x00, 0xc4, 0x3e, 0x1e, 0x06, 0xff, 0x06, 0x1e, 0x06, 0x8b  ; 59C1
    db 0xd0, 0x26, 0x88, 0x15, 0x8b, 0xe5, 0x5d, 0xcb, 0x55, 0x8b, 0xec, 0x83, 0xec, 0x06, 0x56, 0x80  ; 59D1
    db 0x3e, 0xf7, 0x05, 0x00, 0x75, 0x06, 0xbe, 0x01, 0x00, 0xe9, 0x1c, 0x00, 0x80, 0x3e, 0xf7, 0x05  ; 59E1
    db 0x05, 0x75, 0x15, 0x8b, 0x36, 0xf8, 0x05, 0x83, 0xfe, 0x01, 0x7d, 0x0c, 0xc6, 0x06, 0x23, 0x06  ; 59F1
    db 0x15, 0x2b, 0xdb, 0x8e, 0xc3, 0xe9, 0x36, 0x00, 0xc4, 0x3e, 0x22, 0x07, 0x06, 0x57, 0x9a, 0x71  ; 5A01
    db 0x00, 0xc9, 0x82, 0xe9, 0x1e, 0x00, 0xc4, 0x3e, 0x1e, 0x06, 0xff, 0x06, 0x1e, 0x06, 0x26, 0x8a  ; 5A11
    db 0x15, 0x2a, 0xf6, 0x81, 0xe2, 0xff, 0x00, 0x89, 0x16, 0x12, 0x06, 0xff, 0x36, 0x12, 0x06, 0x9a  ; 5A21
    db 0x09, 0x00, 0xc9, 0x82, 0x4e, 0x83, 0xfe, 0x00, 0x7d, 0xdc, 0x2b, 0xdb, 0x8e, 0xc3, 0x5e, 0x8b  ; 5A31
    db 0xe5, 0x5d, 0xcb, 0x55, 0x8b, 0xec, 0x83, 0xec, 0x06, 0xff, 0x1e, 0x1e, 0x06, 0x8b, 0xe5, 0x5d  ; 5A41
    db 0xcb, 0x55, 0x8b, 0xec, 0x83, 0xec, 0x06, 0x9a, 0x84, 0x02, 0xc9, 0x82, 0x50, 0x9a, 0x44, 0x11  ; 5A51
    db 0x2c, 0x80, 0x2b, 0xdb, 0x8e, 0xc3, 0x8b, 0xe5, 0x5d, 0xcb, 0x55, 0x8b, 0xec, 0x83, 0xec, 0x06  ; 5A61
    db 0xc6, 0x06, 0xf3, 0x04, 0xff, 0xa0, 0xff, 0x05, 0x2a, 0xe4, 0x50, 0xff, 0x36, 0xf8, 0x05, 0x9a  ; 5A71
    db 0x04, 0x00, 0x1e, 0x91, 0x83, 0xc4, 0x02, 0xe9, 0x05, 0x00, 0x9a, 0x30, 0x0c, 0xc9, 0x82, 0x80  ; 5A81
    db 0x3e, 0xf3, 0x04, 0x00, 0x75, 0xf4, 0x8b, 0xe5, 0x5d, 0xcb, 0x55, 0x8b, 0xec, 0x83, 0xec, 0x06  ; 5A91
    db 0x80, 0x0e, 0x27, 0x06, 0x80, 0x8b, 0xe5, 0x5d, 0xcb, 0x55, 0x8b, 0xec, 0x83, 0xec, 0x06, 0x80  ; 5AA1
    db 0x26, 0x27, 0x06, 0x7f, 0x8b, 0xe5, 0x5d, 0xcb, 0x55, 0x8b, 0xec, 0x83, 0xec, 0x06, 0xa0, 0x27  ; 5AB1
    db 0x06, 0x24, 0x80, 0x3c, 0x00, 0x74, 0x0b, 0xc4, 0x3e, 0xf2, 0x06, 0x8d, 0x9d, 0x41, 0x01, 0xe9  ; 5AC1
    db 0x08, 0x00, 0xc4, 0x3e, 0xf2, 0x06, 0x8d, 0x9d, 0x3d, 0x01, 0x8b, 0xe5, 0x5d, 0xcb, 0x55, 0x8b  ; 5AD1
    db 0xec, 0x83, 0xec, 0x06, 0xc6, 0x06, 0x5b, 0x04, 0xff, 0x80, 0x0e, 0x03, 0x06, 0x01, 0x8b, 0xe5  ; 5AE1
    db 0x5d, 0xcb, 0x55, 0x8b, 0xec, 0x83, 0xec, 0x06, 0xc6, 0x06, 0x5b, 0x04, 0x00, 0x80, 0x0e, 0x03  ; 5AF1
    db 0x06, 0x01, 0x8b, 0xe5, 0x5d, 0xcb, 0x55, 0x8b, 0xec, 0x83, 0xec, 0x06, 0x80, 0x3e, 0x5b, 0x04  ; 5B01
    db 0x00, 0x74, 0x0b, 0xc4, 0x3e, 0xf2, 0x06, 0x8d, 0x9d, 0x41, 0x01, 0xe9, 0x08, 0x00, 0xc4, 0x3e  ; 5B11
    db 0xf2, 0x06, 0x8d, 0x9d, 0x3d, 0x01, 0x8b, 0xe5, 0x5d, 0xcb, 0x55, 0x8b, 0xec, 0x83, 0xec, 0x06  ; 5B21
    db 0x83, 0x3e, 0xf8, 0x05, 0x01, 0x74, 0x07, 0x83, 0x3e, 0xf8, 0x05, 0x02, 0x75, 0x2d, 0xff, 0x06  ; 5B31
    db 0xf8, 0x05, 0xa1, 0xf8, 0x05, 0x25, 0x01, 0x00, 0x8a, 0x16, 0x9a, 0x05, 0x2a, 0xf6, 0x81, 0xe2  ; 5B41
    db 0xfe, 0xff, 0x0b, 0xd0, 0x88, 0x16, 0x9a, 0x05, 0xa0, 0x9a, 0x05, 0xc4, 0x3e, 0xd6, 0x06, 0x26  ; 5B51
    db 0x88, 0x45, 0x01, 0x80, 0x0e, 0x03, 0x06, 0x01, 0xe9, 0x05, 0x00, 0xc6, 0x06, 0x23, 0x06, 0x15  ; 5B61
    db 0x8b, 0xe5, 0x5d, 0xcb, 0x55, 0x8b, 0xec, 0x83, 0xec, 0x06, 0xa0, 0x9a, 0x05, 0x24, 0x01, 0x3c  ; 5B71
    db 0x00, 0x74, 0x06, 0xbf, 0x32, 0x00, 0xe9, 0x03, 0x00, 0xbf, 0x31, 0x00, 0x57, 0x9a, 0xb1, 0x05  ; 5B81
    db 0xc9, 0x82, 0x2b, 0xdb, 0x8e, 0xc3, 0x8b, 0xe5, 0x5d, 0xcb, 0x55, 0x8b, 0xec, 0x83, 0xec, 0x0c  ; 5B91
    db 0xc7, 0x46, 0xf4, 0xff, 0xff, 0xc4, 0x3e, 0x26, 0x07, 0x89, 0x7e, 0xf6, 0x8c, 0x46, 0xf8, 0xe9  ; 5BA1
    db 0x61, 0x00, 0xc4, 0x7e, 0xf6, 0x26, 0x80, 0x3d, 0x19, 0x74, 0x06, 0x26, 0x80, 0x3d, 0x06, 0x75  ; 5BB1
    db 0x0b, 0xc4, 0x3e, 0x32, 0x07, 0x26, 0x80, 0x7d, 0x1f, 0x14, 0x74, 0x44, 0xc4, 0x7e, 0xf6, 0x26  ; 5BC1
    db 0x80, 0x3d, 0xfe, 0x75, 0x0a, 0x80, 0x3e, 0x29, 0x06, 0x00, 0x75, 0x47, 0xe9, 0x31, 0x00, 0xc4  ; 5BD1
    db 0x7e, 0xf6, 0x26, 0x8a, 0x15, 0x88, 0x16, 0x04, 0x06, 0x83, 0x7e, 0xf4, 0x00, 0x75, 0x0c, 0xbb  ; 5BE1
    db 0x3b, 0x00, 0x53, 0x9a, 0xb1, 0x05, 0xc9, 0x82, 0xe9, 0x05, 0x00, 0xc7, 0x46, 0xf4, 0x00, 0x00  ; 5BF1
    db 0xbf, 0x80, 0x00, 0x57, 0x9a, 0xdd, 0x05, 0x6c, 0x85, 0x80, 0x3e, 0x23, 0x06, 0x00, 0x75, 0x13  ; 5C01
    db 0xff, 0x46, 0xf6, 0x80, 0x3e, 0x23, 0x06, 0x00, 0x75, 0x09, 0xc4, 0x7e, 0xf6, 0x26, 0x80, 0x3d  ; 5C11
    db 0xff, 0x75, 0x8f, 0xc6, 0x06, 0x04, 0x06, 0x23, 0x2b, 0xdb, 0x8e, 0xc3, 0x8b, 0xe5, 0x5d, 0xcb  ; 5C21
    db 0x55, 0x8b, 0xec, 0x83, 0xec, 0x06, 0xbf, 0x41, 0x00, 0x57, 0x9a, 0x0e, 0x00, 0x70, 0x94, 0x9a  ; 5C31
    db 0x40, 0x04, 0xa8, 0xe6, 0xbf, 0x80, 0x8f, 0x57, 0x9a, 0x0e, 0x00, 0x70, 0x94, 0xc6, 0x06, 0xf4  ; 5C41
    db 0x04, 0x00, 0xbf, 0x01, 0x00, 0x57, 0x9a, 0x17, 0x07, 0xae, 0x81, 0x80, 0x0e, 0x03, 0x06, 0x03  ; 5C51
    db 0x8b, 0xe5, 0x5d, 0xcb, 0x55, 0x8b, 0xec, 0x83, 0xec, 0x06, 0xc6, 0x06, 0x04, 0x06, 0x2b, 0xbf  ; 5C61
    db 0x00, 0x20, 0x57, 0x9a, 0xdd, 0x05, 0x6c, 0x85, 0xbf, 0x3b, 0x00, 0x57, 0x9a, 0xb1, 0x05, 0xc9  ; 5C71
    db 0x82, 0xc6, 0x06, 0x04, 0x06, 0x07, 0xbf, 0x00, 0x20, 0x57, 0x9a, 0xdd, 0x05, 0x6c, 0x85, 0xc6  ; 5C81
    db 0x06, 0x04, 0x06, 0x2a, 0x2b, 0xdb, 0x8e, 0xc3, 0x8b, 0xe5, 0x5d, 0xcb, 0x55, 0x8b, 0xec, 0x83  ; 5C91
    db 0xec, 0x0e, 0xe9, 0x18, 0x00, 0x81, 0x4e, 0x06, 0x01, 0x00, 0xe9, 0x2b, 0x00, 0x81, 0x4e, 0x06  ; 5CA1
    db 0x08, 0x00, 0xe9, 0x23, 0x00, 0x81, 0x4e, 0x06, 0x02, 0x00, 0xe9, 0x1b, 0x00, 0xc4, 0x3e, 0x32  ; 5CB1
    db 0x07, 0x26, 0x8a, 0x55, 0x1f, 0x2a, 0xf6, 0x8b, 0xc2, 0x3d, 0x14, 0x00, 0x74, 0xd7, 0x3d, 0x15  ; 5CC1
    db 0x00, 0x74, 0xda, 0x3d, 0x1e, 0x00, 0x74, 0xdd, 0x80, 0x3e, 0x29, 0x06, 0x00, 0x74, 0x06, 0xbf  ; 5CD1
    db 0x00, 0x80, 0xe9, 0x03, 0x00, 0xbf, 0x00, 0x40, 0x09, 0x7e, 0x06, 0xc7, 0x06, 0xfc, 0x05, 0x00  ; 5CE1
    db 0x00, 0xa0, 0x04, 0x06, 0x2a, 0xe4, 0xd1, 0xe0, 0xc4, 0x3e, 0x02, 0x07, 0x8b, 0xd8, 0x26, 0x8a  ; 5CF1
    db 0x51, 0x01, 0x88, 0x56, 0xf8, 0xa0, 0x04, 0x06, 0x2a, 0xe4, 0xd1, 0xe0, 0xc4, 0x3e, 0x02, 0x07  ; 5D01
    db 0x8b, 0xd8, 0x26, 0x8a, 0x11, 0x88, 0x56, 0xf6, 0xc6, 0x46, 0xf9, 0x00, 0xe9, 0x58, 0x00, 0x8a  ; 5D11
    db 0x56, 0xf8, 0x02, 0x56, 0xf9, 0x88, 0x56, 0xf7, 0x2a, 0xf6, 0x8b, 0xc2, 0xba, 0x0c, 0x00, 0xf7  ; 5D21
    db 0xea, 0xc4, 0x3e, 0xfe, 0x06, 0x8b, 0xd8, 0x26, 0x8a, 0x11, 0x88, 0x56, 0xf5, 0xc4, 0x3e, 0xfe  ; 5D31
    db 0x06, 0x26, 0x8b, 0x51, 0x02, 0x89, 0x56, 0xf2, 0x23, 0x56, 0x06, 0x8b, 0x7e, 0x06, 0x3b, 0xd7  ; 5D41
    db 0x75, 0x1b, 0x8a, 0x56, 0xf5, 0x88, 0x16, 0x06, 0x06, 0xbf, 0x0f, 0xc0, 0x57, 0xc4, 0x3e, 0xfe  ; 5D51
    db 0x06, 0x8d, 0x11, 0x06, 0x52, 0x9a, 0xfc, 0x0f, 0x9f, 0x83, 0x83, 0xc4, 0x02, 0x80, 0x3e, 0x23  ; 5D61
    db 0x06, 0x00, 0x75, 0x0b, 0xfe, 0x46, 0xf9, 0x8a, 0x56, 0xf6, 0x38, 0x56, 0xf9, 0x72, 0xa0, 0x8b  ; 5D71
    db 0xe5, 0x5d, 0xca, 0x02, 0x00, 0xff, 0x55, 0x8b, 0xec, 0x83, 0xec, 0x06, 0x8b, 0xe5, 0x5d, 0xcb  ; 5D81
    db 0x55, 0x8b, 0xec, 0x83, 0xec, 0x0a, 0x56, 0x80, 0x3e, 0x1c, 0x06, 0x00, 0x74, 0x09, 0xa0, 0x81  ; 5D91
    db 0x05, 0x24, 0x80, 0x3c, 0x00, 0x74, 0x39, 0xbf, 0x86, 0x05, 0x47, 0x89, 0x7e, 0xf6, 0x8c, 0x5e  ; 5DA1
    db 0xf8, 0xe9, 0x03, 0x00, 0xff, 0x46, 0xf6, 0xc4, 0x7e, 0xf6, 0x26, 0x80, 0x3d, 0x00, 0x74, 0xf4  ; 5DB1
    db 0x26, 0x8a, 0x15, 0x88, 0x16, 0x81, 0x05, 0xbb, 0x86, 0x05, 0x83, 0xc3, 0x0a, 0x3b, 0xfb, 0x75  ; 5DC1
    db 0x08, 0x8c, 0xd8, 0x8c, 0xc7, 0x3b, 0xf8, 0x74, 0x07, 0xc4, 0x7e, 0xf6, 0x26, 0xc6, 0x05, 0x00  ; 5DD1
    db 0x2b, 0xf6, 0xa0, 0x81, 0x05, 0x24, 0x80, 0x3c, 0x00, 0x75, 0x13, 0xa0, 0x81, 0x05, 0x2a, 0xe4  ; 5DE1
    db 0xd1, 0xe0, 0xd1, 0xe0, 0xc4, 0x3e, 0x12, 0x07, 0x8b, 0xd8, 0x26, 0x8b, 0x71, 0x02, 0xc6, 0x06  ; 5DF1
    db 0x81, 0x05, 0x80, 0x8b, 0xc6, 0x5e, 0x8b, 0xe5, 0x5d, 0xcb, 0xff, 0x11, 0x00, 0x01, 0x11, 0x01  ; 5E01
    db 0x12, 0x01, 0x13, 0x02, 0x14, 0x03, 0x16, 0x04, 0x19, 0x01, 0x1d, 0x04, 0x1e, 0x02, 0x22, 0x02  ; 5E11
    db 0x24, 0x02, 0x26, 0x01, 0x28, 0x01, 0x29, 0x02, 0x2a, 0x01, 0x2c, 0x05, 0x2d, 0x01, 0x32, 0x01  ; 5E21
    db 0x33, 0x01, 0x34, 0x02, 0x35, 0x01, 0x37, 0x02, 0x38, 0x06, 0x3a, 0x02, 0x40, 0x02, 0x42, 0x01  ; 5E31
    db 0x44, 0x02, 0x45, 0x07, 0x47, 0x01, 0x4e, 0x03, 0x4f, 0x02, 0x52, 0x02, 0x54, 0x01, 0x56, 0x01  ; 5E41
    db 0x57, 0x01, 0x58, 0x02, 0x59, 0x01, 0x5b, 0x01, 0x5c, 0x01, 0x5d, 0x01, 0x5e, 0x01, 0x5f, 0x01  ; 5E51
    db 0x60, 0x10, 0x61, 0x03, 0x71  ; 5E61
init_comm_device_type_and_defaults:
    push bp                                  ; 5E66: push bp
    db 0x8b, 0xec  ; 5E67: mov bp, sp (not byte-exact via NASM - see NOTES.md)
    sub sp, 6                                ; 5E69: sub sp, 6
    les di, [0x732]                          ; 5E6C: les di, ptr [0x732]
    cmp byte [es:di + 0x1f], 0x1e            ; 5E70: cmp byte ptr es:[di + 0x1f], 0x1e
    jne short 0x5e7d                         ; 5E75: jne 0x1d
    mov di, 1                                ; 5E77: mov di, 1
    jmp 0x5e80                               ; 5E7A: jmp 0x20
L_85E7D:
    mov di, 4                                ; 5E7D: mov di, 4
L_85E80:
    db 0x8b, 0xd7  ; 5E80: mov dx, di (not byte-exact via NASM - see NOTES.md)
    mov byte [0x4f5], dl                     ; 5E82: mov byte ptr [0x4f5], dl
    mov word [0x4fc], 1                      ; 5E86: mov word ptr [0x4fc], 1
    mov word [0x4f8], 2                      ; 5E8C: mov word ptr [0x4f8], 2
    mov word [0x4fa], 1                      ; 5E92: mov word ptr [0x4fa], 1
    mov di, 1                                ; 5E98: mov di, 1
    push di                                  ; 5E9B: push di
    call 0x81ae:0x0717                       ; 5E9C: lcall 0x81ae, 0x717
    mov byte [0x628], 0xff                   ; 5EA1: mov byte ptr [0x628], 0xff
    mov byte [0x61c], 1                      ; 5EA6: mov byte ptr [0x61c], 1
    mov byte [0x639], 0                      ; 5EAB: mov byte ptr [0x639], 0
    mov byte [0x636], 0                      ; 5EB0: mov byte ptr [0x636], 0
    mov byte [0x4f2], 0xff                   ; 5EB5: mov byte ptr [0x4f2], 0xff
    db 0x8b, 0xe5  ; 5EBA: mov sp, bp (not byte-exact via NASM - see NOTES.md)
    pop bp                                   ; 5EBC: pop bp
    retf                                     ; 5EBD: retf 
    db 0x55, 0x8b, 0xec, 0x83, 0xec, 0x08, 0xe9, 0xc6, 0x01, 0x9a, 0x97, 0x07, 0xeb, 0x85, 0xc6, 0x06  ; 5EBE
    db 0xcd, 0x04, 0x00, 0xe9, 0xd7, 0x01, 0xc7, 0x06, 0xda, 0x03, 0x00, 0x00, 0xa0, 0xe8, 0x04, 0x24  ; 5ECE
    db 0x80, 0x3c, 0x00, 0x74, 0x47, 0xa0, 0xe7, 0x04, 0x24, 0x80, 0x3c, 0x00, 0x74, 0x3e, 0x80, 0x3e  ; 5EDE
    db 0xcd, 0x04, 0x00, 0x75, 0x08, 0xc6, 0x06, 0xcd, 0x04, 0x01, 0xe9, 0x24, 0x00, 0x80, 0x3e, 0xcd  ; 5EEE
    db 0x04, 0x01, 0x75, 0x08, 0xc6, 0x06, 0xcd, 0x04, 0x02, 0xe9, 0x15, 0x00, 0x80, 0x3e, 0xcd, 0x04  ; 5EFE
    db 0x02, 0x75, 0x0e, 0xc6, 0x06, 0xcd, 0x04, 0x00, 0xbf, 0x03, 0x00, 0x57, 0x9a, 0x01, 0x02, 0xeb  ; 5F0E
    db 0x85, 0xc6, 0x06, 0x6a, 0x04, 0x01, 0xc7, 0x06, 0xc6, 0x04, 0x00, 0x00, 0x83, 0x3e, 0x2a, 0x05  ; 5F1E
    db 0x00, 0x74, 0x70, 0xa1, 0x2a, 0x05, 0x01, 0x06, 0xc6, 0x04, 0x80, 0x3e, 0xcd, 0x04, 0x02, 0x72  ; 5F2E
    db 0x16, 0x83, 0x3e, 0xc6, 0x04, 0x32, 0x7f, 0x07, 0x83, 0x3e, 0xc6, 0x04, 0xce, 0x7d, 0x08, 0xc6  ; 5F3E
    db 0x06, 0xcd, 0x04, 0x00, 0xe9, 0x56, 0x01, 0xa0, 0xcd, 0x04, 0x2a, 0xe4, 0x8b, 0xf8, 0x8a, 0x95  ; 5F4E
    db 0xca, 0x04, 0x88, 0x56, 0xf9, 0x81, 0x3e, 0xc6, 0x04, 0xfa, 0x00, 0x7e, 0x39, 0xbb, 0x01, 0x00  ; 5F5E
    db 0x53, 0x53, 0xa0, 0xcd, 0x04, 0x2a, 0xe4, 0x50, 0x9a, 0xdd, 0x12, 0xeb, 0x85, 0x83, 0xc4, 0x04  ; 5F6E
    db 0x8b, 0xd0, 0x88, 0x56, 0xf9, 0x80, 0xfa, 0x00, 0x76, 0x5a, 0xc7, 0x06, 0xc6, 0x04, 0x00, 0x00  ; 5F7E
    db 0xc6, 0x06, 0x6a, 0x04, 0x01, 0xa0, 0xcd, 0x04, 0x2a, 0xe4, 0x8b, 0xf8, 0x88, 0x95, 0xca, 0x04  ; 5F8E
    db 0xe9, 0x41, 0x00, 0xe9, 0x3e, 0x00, 0x81, 0x3e, 0xc6, 0x04, 0x06, 0xff, 0x7d, 0x36, 0xbf, 0x01  ; 5F9E
    db 0x00, 0x57, 0xba, 0xff, 0xff, 0x52, 0xa0, 0xcd, 0x04, 0x2a, 0xe4, 0x50, 0x9a, 0xdd, 0x12, 0xeb  ; 5FAE
    db 0x85, 0x83, 0xc4, 0x04, 0x8b, 0xd0, 0x88, 0x56, 0xf9, 0x80, 0xfa, 0x00, 0x76, 0x16, 0xc7, 0x06  ; 5FBE
    db 0xc6, 0x04, 0x00, 0x00, 0xc6, 0x06, 0x6a, 0x04, 0x01, 0xa0, 0xcd, 0x04, 0x2a, 0xe4, 0x8b, 0xf8  ; 5FCE
    db 0x88, 0x95, 0xca, 0x04, 0xe9, 0xc6, 0x00, 0xbf, 0x02, 0x00, 0x57, 0x9a, 0xff, 0x07, 0xeb, 0x85  ; 5FDE
    db 0xc4, 0x3e, 0xd2, 0x04, 0x89, 0x3e, 0x5e, 0x04, 0x8c, 0x06, 0x60, 0x04, 0xc4, 0x16, 0xd6, 0x04  ; 5FEE
    db 0x89, 0x16, 0x72, 0x04, 0x8c, 0x06, 0x74, 0x04, 0x80, 0x3e, 0x6a, 0x04, 0x00, 0x74, 0x40, 0x80  ; 5FFE
    db 0x3e, 0xcd, 0x04, 0x00, 0x75, 0x10, 0xbf, 0xf1, 0x90, 0x57, 0xbb, 0x0e, 0x00, 0x53, 0x9a, 0xf4  ; 600E
    db 0x13, 0xeb, 0x85, 0xe9, 0x24, 0x00, 0x80, 0x3e, 0xcd, 0x04, 0x01, 0x75, 0x10, 0xbf, 0xf1, 0x90  ; 601E
    db 0x57, 0xba, 0x1c, 0x00, 0x52, 0x9a, 0xf4, 0x13, 0xeb, 0x85, 0xe9, 0x0d, 0x00, 0xbf, 0xf1, 0x90  ; 602E
    db 0x57, 0xba, 0x28, 0x00, 0x52, 0x9a, 0xf4, 0x13, 0xeb, 0x85, 0xc6, 0x06, 0x6a, 0x04, 0x00, 0x80  ; 603E
    db 0x3e, 0x68, 0x04, 0x00, 0x74, 0x33, 0x83, 0x3e, 0xda, 0x03, 0x00, 0x75, 0x22, 0xbf, 0xf1, 0x90  ; 604E
    db 0x57, 0xba, 0x5c, 0x00, 0x52, 0xbb, 0xf1, 0x90, 0x53, 0xb8, 0x3c, 0x00, 0x50, 0xbf, 0x7d, 0x00  ; 605E
    db 0x57, 0x2b, 0xff, 0x57, 0x9a, 0x73, 0x0d, 0x13, 0xf3, 0x83, 0xc4, 0x0a, 0xe9, 0x05, 0x00, 0x9a  ; 606E
    db 0xb7, 0x14, 0xeb, 0x85, 0xc6, 0x06, 0x68, 0x04, 0x00, 0xe9, 0x21, 0x00, 0xe9, 0x1e, 0x00, 0x8b  ; 607E
    db 0x46, 0x06, 0x3d, 0x01, 0x00, 0x75, 0x03, 0xe9, 0x2f, 0xfe, 0x3d, 0x03, 0x00, 0x75, 0x03, 0xe9  ; 608E
    db 0x34, 0xfe, 0x3d, 0x04, 0x00, 0x75, 0x03, 0xe9, 0x3d, 0xff, 0xe9, 0xdf, 0xff, 0x8b, 0xe5, 0x5d  ; 609E
    db 0xca, 0x02, 0x00, 0x55, 0x8b, 0xec, 0x83, 0xec, 0x08, 0xe9, 0x27, 0x01, 0x9a, 0x97, 0x07, 0xeb  ; 60AE
    db 0x85, 0xe9, 0x3d, 0x01, 0xc7, 0x06, 0xda, 0x03, 0x00, 0x00, 0xa0, 0xe8, 0x04, 0x24, 0x80, 0x3c  ; 60BE
    db 0x00, 0x74, 0x76, 0xa0, 0xe7, 0x04, 0x24, 0x80, 0x3c, 0x00, 0x74, 0x6d, 0xa0, 0xca, 0x04, 0x88  ; 60CE
    db 0x46, 0xf9, 0xa0, 0xcb, 0x04, 0x88, 0x46, 0xf8, 0x80, 0x7e, 0xf9, 0x03, 0x76, 0x04, 0x3c, 0x03  ; 60DE
    db 0x77, 0x3c, 0xbf, 0x02, 0x00, 0x57, 0x9a, 0x0a, 0x00, 0xc2, 0xf0, 0x3d, 0x00, 0x00, 0x75, 0x25  ; 60EE
    db 0x1e, 0xbf, 0xda, 0x03, 0x57, 0x8a, 0x56, 0xf8, 0x2a, 0xf6, 0x52, 0x8a, 0x5e, 0xf9, 0x2a, 0xff  ; 60FE
    db 0x53, 0x9a, 0x59, 0x17, 0xeb, 0x85, 0x83, 0xc4, 0x06, 0xbf, 0x02, 0x00, 0x57, 0x9a, 0x61, 0x00  ; 610E
    db 0xc2, 0xf0, 0xe9, 0x22, 0x00, 0xc7, 0x06, 0xda, 0x03, 0x02, 0x00, 0xe9, 0x19, 0x00, 0x1e, 0xbf  ; 611E
    db 0xda, 0x03, 0x57, 0x8a, 0x56, 0xf8, 0x2a, 0xf6, 0x52, 0x8a, 0x5e, 0xf9, 0x2a, 0xff, 0x53, 0x9a  ; 612E
    db 0x59, 0x17, 0xeb, 0x85, 0x83, 0xc4, 0x06, 0xeb, 0x03, 0xe9, 0x0a, 0x00, 0xc6, 0x06, 0x68, 0x04  ; 613E
    db 0x01, 0xc6, 0x06, 0x6a, 0x04, 0x01, 0xe9, 0xa8, 0x00, 0xbf, 0x02, 0x00, 0x57, 0x9a, 0xff, 0x07  ; 614E
    db 0xeb, 0x85, 0x8b, 0x3e, 0xd2, 0x04, 0x0b, 0x3e, 0xd4, 0x04, 0x75, 0x12, 0xc4, 0x3e, 0x5e, 0x04  ; 615E
    db 0x8d, 0x55, 0x06, 0x89, 0x16, 0xd2, 0x04, 0x8c, 0x06, 0xd4, 0x04, 0xe9, 0x0c, 0x00, 0xc4, 0x3e  ; 616E
    db 0xd2, 0x04, 0x89, 0x3e, 0x5e, 0x04, 0x8c, 0x06, 0x60, 0x04, 0x80, 0x3e, 0x6a, 0x04, 0x00, 0x74  ; 617E
    db 0x12, 0xbf, 0xf1, 0x90, 0x57, 0xba, 0x5d, 0x00, 0x52, 0x9a, 0xf4, 0x13, 0xeb, 0x85, 0xc6, 0x06  ; 618E
    db 0x6a, 0x04, 0x00, 0x80, 0x3e, 0x68, 0x04, 0x00, 0x74, 0x33, 0x83, 0x3e, 0xda, 0x03, 0x00, 0x75  ; 619E
    db 0x22, 0xbf, 0xf1, 0x90, 0x57, 0xba, 0x81, 0x00, 0x52, 0xbb, 0xf1, 0x90, 0x53, 0xb8, 0x62, 0x00  ; 61AE
    db 0x50, 0xbf, 0x7d, 0x00, 0x57, 0x2b, 0xff, 0x57, 0x9a, 0x73, 0x0d, 0x13, 0xf3, 0x83, 0xc4, 0x0a  ; 61BE
    db 0xe9, 0x05, 0x00, 0x9a, 0xb7, 0x14, 0xeb, 0x85, 0xc6, 0x06, 0x68, 0x04, 0x00, 0xe9, 0x21, 0x00  ; 61CE
    db 0xe9, 0x1e, 0x00, 0x8b, 0x46, 0x06, 0x3d, 0x01, 0x00, 0x75, 0x03, 0xe9, 0xce, 0xfe, 0x3d, 0x03  ; 61DE
    db 0x00, 0x75, 0x03, 0xe9, 0xce, 0xfe, 0x3d, 0x04, 0x00, 0x75, 0x03, 0xe9, 0x5b, 0xff, 0xe9, 0xdf  ; 61EE
    db 0xff, 0x8b, 0xe5, 0x5d, 0xca, 0x02, 0x00, 0x55, 0x8b, 0xec, 0x83, 0xec, 0x0a, 0xe9, 0xb8, 0x01  ; 61FE
    db 0x9a, 0x97, 0x07, 0xeb, 0x85, 0x80, 0x3e, 0xcb, 0x04, 0x61, 0x73, 0x08, 0xc6, 0x06, 0xcb, 0x04  ; 620E
    db 0x61, 0xe9, 0xc2, 0x01, 0x80, 0x3e, 0xcb, 0x04, 0x7a, 0x76, 0x05, 0xc6, 0x06, 0xcb, 0x04, 0x7a  ; 621E
    db 0xe9, 0xb3, 0x01, 0xa0, 0xcb, 0x04, 0x2a, 0xe4, 0x89, 0x46, 0xf8, 0x83, 0x3e, 0x2a, 0x05, 0x00  ; 622E
    db 0x74, 0x77, 0xa1, 0x2a, 0x05, 0x01, 0x06, 0xc6, 0x04, 0x81, 0x3e, 0xc6, 0x04, 0xfa, 0x00, 0x7e  ; 623E
    db 0x32, 0xc7, 0x06, 0xc6, 0x04, 0x00, 0x00, 0xc7, 0x06, 0xda, 0x03, 0x00, 0x00, 0xc6, 0x06, 0x6a  ; 624E
    db 0x04, 0x01, 0x2b, 0xff, 0x57, 0xba, 0x01, 0x00, 0x52, 0x52, 0x9a, 0xdd, 0x12, 0xeb, 0x85, 0x83  ; 625E
    db 0xc4, 0x04, 0x89, 0x46, 0xf8, 0x3d, 0x00, 0x00, 0x7e, 0x76, 0x8b, 0xd0, 0x88, 0x16, 0xcb, 0x04  ; 626E
    db 0xe9, 0x6d, 0x00, 0x81, 0x3e, 0xc6, 0x04, 0x06, 0xff, 0x7d, 0x37, 0xc7, 0x06, 0xc6, 0x04, 0x00  ; 627E
    db 0x00, 0xc7, 0x06, 0xda, 0x03, 0x00, 0x00, 0xc6, 0x06, 0x6a, 0x04, 0x01, 0x2b, 0xff, 0x57, 0xba  ; 628E
    db 0xff, 0xff, 0x52, 0xbb, 0x01, 0x00, 0x53, 0x9a, 0xdd, 0x12, 0xeb, 0x85, 0x83, 0xc4, 0x04, 0x89  ; 629E
    db 0x46, 0xf8, 0x3d, 0x00, 0x00, 0x7e, 0x0b, 0xeb, 0x03, 0xe9, 0x09, 0x00, 0x8b, 0xd0, 0x88, 0x16  ; 62AE
    db 0xcb, 0x04, 0xe9, 0x2b, 0x00, 0xa0, 0xe8, 0x04, 0x24, 0x80, 0x3c, 0x00, 0x74, 0x64, 0xa0, 0xe7  ; 62BE
    db 0x04, 0x24, 0x80, 0x3c, 0x00, 0x74, 0x5b, 0xff, 0x76, 0xf8, 0x9a, 0xe5, 0x07, 0x71, 0x94, 0x89  ; 62CE
    db 0x46, 0xf6, 0x3d, 0x00, 0x00, 0x75, 0x0c, 0xc7, 0x06, 0xda, 0x03, 0x00, 0x00, 0xe9, 0x4b, 0x00  ; 62DE
    db 0xe9, 0x58, 0x00, 0x8b, 0x7e, 0xf6, 0x81, 0xe7, 0x40, 0x00, 0x83, 0xff, 0x00, 0x74, 0x09, 0xc7  ; 62EE
    db 0x06, 0xda, 0x03, 0x0b, 0x00, 0xe9, 0x33, 0x00, 0x8b, 0x7e, 0xf6, 0x81, 0xe7, 0x02, 0x00, 0x83  ; 62FE
    db 0xff, 0x00, 0x74, 0x09, 0xc7, 0x06, 0xda, 0x03, 0x0c, 0x00, 0xe9, 0x1e, 0x00, 0x8b, 0x7e, 0xf6  ; 630E
    db 0x81, 0xe7, 0x01, 0x00, 0x83, 0xff, 0x00, 0x74, 0x0c, 0xc7, 0x06, 0xda, 0x03, 0x09, 0x00, 0xe9  ; 631E
    db 0x09, 0x00, 0xe9, 0x16, 0x00, 0xc7, 0x06, 0xda, 0x03, 0x05, 0x00, 0xc6, 0x06, 0x68, 0x04, 0x01  ; 632E
    db 0xc6, 0x06, 0x6a, 0x04, 0x01, 0xc7, 0x06, 0xc6, 0x04, 0x00, 0x00, 0xe9, 0x98, 0x00, 0xbf, 0x01  ; 633E
    db 0x00, 0x57, 0x9a, 0xff, 0x07, 0xeb, 0x85, 0xc4, 0x3e, 0xd2, 0x04, 0x89, 0x3e, 0x5e, 0x04, 0x8c  ; 634E
    db 0x06, 0x60, 0x04, 0xc4, 0x16, 0xd6, 0x04, 0x89, 0x16, 0x72, 0x04, 0x8c, 0x06, 0x74, 0x04, 0x80  ; 635E
    db 0x3e, 0x68, 0x04, 0x00, 0x74, 0x33, 0x83, 0x3e, 0xda, 0x03, 0x00, 0x75, 0x22, 0xbf, 0xf1, 0x90  ; 636E
    db 0x57, 0xbb, 0xa2, 0x00, 0x53, 0xb8, 0xf1, 0x90, 0x50, 0xbf, 0x82, 0x00, 0x57, 0xbf, 0x7d, 0x00  ; 637E
    db 0x57, 0x2b, 0xff, 0x57, 0x9a, 0x73, 0x0d, 0x13, 0xf3, 0x83, 0xc4, 0x0a, 0xe9, 0x05, 0x00, 0x9a  ; 638E
    db 0xb7, 0x14, 0xeb, 0x85, 0xc6, 0x06, 0x68, 0x04, 0x00, 0x80, 0x3e, 0x6a, 0x04, 0x00, 0x74, 0x12  ; 639E
    db 0xbf, 0xf1, 0x90, 0x57, 0xba, 0xa3, 0x00, 0x52, 0x9a, 0xf4, 0x13, 0xeb, 0x85, 0xc6, 0x06, 0x6a  ; 63AE
    db 0x04, 0x00, 0xe9, 0x21, 0x00, 0xe9, 0x1e, 0x00, 0x8b, 0x46, 0x06, 0x3d, 0x01, 0x00, 0x75, 0x03  ; 63BE
    db 0xe9, 0x3d, 0xfe, 0x3d, 0x03, 0x00, 0x75, 0x03, 0xe9, 0x58, 0xfe, 0x3d, 0x04, 0x00, 0x75, 0x03  ; 63CE
    db 0xe9, 0x6b, 0xff, 0xe9, 0xdf, 0xff, 0x8b, 0xe5, 0x5d, 0xca, 0x02, 0x00, 0x55, 0x8b, 0xec, 0x83  ; 63DE
    db 0xec, 0x0a, 0xe9, 0xe8, 0x01, 0x9a, 0x97, 0x07, 0xeb, 0x85, 0xc7, 0x06, 0xdc, 0x03, 0x00, 0x00  ; 63EE
    db 0x80, 0x3e, 0xcb, 0x04, 0x61, 0x73, 0x08, 0xc6, 0x06, 0xcb, 0x04, 0x61, 0xe9, 0xec, 0x01, 0x80  ; 63FE
    db 0x3e, 0xcb, 0x04, 0x7a, 0x76, 0x05, 0xc6, 0x06, 0xcb, 0x04, 0x7a, 0xe9, 0xdd, 0x01, 0xa0, 0xcb  ; 640E
    db 0x04, 0x2a, 0xe4, 0x89, 0x46, 0xf8, 0x83, 0x3e, 0x2a, 0x05, 0x00, 0x74, 0x78, 0xa1, 0x2a, 0x05  ; 641E
    db 0x01, 0x06, 0xc6, 0x04, 0x81, 0x3e, 0xc6, 0x04, 0xfa, 0x00, 0x7e, 0x38, 0xc7, 0x06, 0xc6, 0x04  ; 642E
    db 0x00, 0x00, 0xc7, 0x06, 0xda, 0x03, 0x00, 0x00, 0xc6, 0x06, 0x6a, 0x04, 0x01, 0x2b, 0xff, 0x57  ; 643E
    db 0xba, 0x01, 0x00, 0x52, 0x52, 0x9a, 0xdd, 0x12, 0xeb, 0x85, 0x83, 0xc4, 0x04, 0x89, 0x46, 0xf8  ; 644E
    db 0x3d, 0x00, 0x00, 0x7e, 0x06, 0x8b, 0xd0, 0x88, 0x16, 0xcb, 0x04, 0xc7, 0x06, 0xdc, 0x03, 0x00  ; 645E
    db 0x00, 0xe9, 0xb6, 0x00, 0x81, 0x3e, 0xc6, 0x04, 0x06, 0xff, 0x7d, 0x3d, 0xc7, 0x06, 0xc6, 0x04  ; 646E
    db 0x00, 0x00, 0xc7, 0x06, 0xda, 0x03, 0x00, 0x00, 0xc6, 0x06, 0x6a, 0x04, 0x01, 0x2b, 0xff, 0x57  ; 647E
    db 0xba, 0xff, 0xff, 0x52, 0xbb, 0x01, 0x00, 0x53, 0x9a, 0xdd, 0x12, 0xeb, 0x85, 0x83, 0xc4, 0x04  ; 648E
    db 0x89, 0x46, 0xf8, 0xeb, 0x03, 0xe9, 0x14, 0x00, 0x3d, 0x00, 0x00, 0x7e, 0x06, 0x8b, 0xd0, 0x88  ; 649E
    db 0x16, 0xcb, 0x04, 0xc7, 0x06, 0xdc, 0x03, 0x00, 0x00, 0xe9, 0x6e, 0x00, 0xa0, 0xe8, 0x04, 0x24  ; 64AE
    db 0x80, 0x3c, 0x00, 0x74, 0x65, 0xa0, 0xe7, 0x04, 0x24, 0x80, 0x3c, 0x00, 0x74, 0x5c, 0xff, 0x76  ; 64BE
    db 0xf8, 0x9a, 0xca, 0x08, 0x71, 0x94, 0x89, 0x46, 0xf6, 0x3d, 0x00, 0x00, 0x74, 0x17, 0x3d, 0x00  ; 64CE
    db 0x04, 0x75, 0x09, 0xc7, 0x06, 0xda, 0x03, 0x08, 0x00, 0xe9, 0x0f, 0x00, 0xc7, 0x06, 0xda, 0x03  ; 64DE
    db 0x07, 0x00, 0xe9, 0x06, 0x00, 0xc7, 0x06, 0xda, 0x03, 0x00, 0x00, 0xff, 0x76, 0xf8, 0x9a, 0x57  ; 64EE
    db 0x09, 0x71, 0x94, 0x25, 0x04, 0x00, 0x3d, 0x00, 0x00, 0x74, 0x09, 0xc7, 0x06, 0xdc, 0x03, 0x01  ; 64FE
    db 0x00, 0xe9, 0x06, 0x00, 0xc7, 0x06, 0xdc, 0x03, 0x02, 0x00, 0xc6, 0x06, 0x68, 0x04, 0x01, 0xc6  ; 650E
    db 0x06, 0x6a, 0x04, 0x01, 0xc7, 0x06, 0xc6, 0x04, 0x00, 0x00, 0xe9, 0xce, 0x00, 0xbf, 0x01, 0x00  ; 651E
    db 0x57, 0x9a, 0xff, 0x07, 0xeb, 0x85, 0xc4, 0x3e, 0xd2, 0x04, 0x89, 0x3e, 0x5e, 0x04, 0x8c, 0x06  ; 652E
    db 0x60, 0x04, 0xc4, 0x16, 0xd6, 0x04, 0x89, 0x16, 0x72, 0x04, 0x8c, 0x06, 0x74, 0x04, 0x80, 0x3e  ; 653E
    db 0x68, 0x04, 0x00, 0x74, 0x33, 0x83, 0x3e, 0xda, 0x03, 0x00, 0x75, 0x22, 0xbf, 0xf1, 0x90, 0x57  ; 654E
    db 0xbb, 0xca, 0x00, 0x53, 0xb8, 0xf1, 0x90, 0x50, 0xbf, 0xaa, 0x00, 0x57, 0xbf, 0x7d, 0x00, 0x57  ; 655E
    db 0x2b, 0xff, 0x57, 0x9a, 0x73, 0x0d, 0x13, 0xf3, 0x83, 0xc4, 0x0a, 0xe9, 0x05, 0x00, 0x9a, 0xb7  ; 656E
    db 0x14, 0xeb, 0x85, 0xc6, 0x06, 0x68, 0x04, 0x00, 0x80, 0x3e, 0x6a, 0x04, 0x00, 0x74, 0x48, 0xe9  ; 657E
    db 0x30, 0x00, 0xbf, 0xf1, 0x90, 0x57, 0xba, 0xcb, 0x00, 0x52, 0x9a, 0xf4, 0x13, 0xeb, 0x85, 0xe9  ; 658E
    db 0x30, 0x00, 0xbf, 0xf1, 0x90, 0x57, 0xba, 0xd9, 0x00, 0x52, 0x9a, 0xf4, 0x13, 0xeb, 0x85, 0xe9  ; 659E
    db 0x20, 0x00, 0xbf, 0xf1, 0x90, 0x57, 0xba, 0xe8, 0x00, 0x52, 0x9a, 0xf4, 0x13, 0xeb, 0x85, 0xe9  ; 65AE
    db 0x10, 0x00, 0xa1, 0xdc, 0x03, 0x3d, 0x01, 0x00, 0x74, 0xd8, 0x3d, 0x02, 0x00, 0x74, 0xe3, 0xe9  ; 65BE
    db 0xc0, 0xff, 0xc6, 0x06, 0x6a, 0x04, 0x00, 0xe9, 0x21, 0x00, 0xe9, 0x1e, 0x00, 0x8b, 0x46, 0x06  ; 65CE
    db 0x3d, 0x01, 0x00, 0x75, 0x03, 0xe9, 0x0d, 0xfe, 0x3d, 0x03, 0x00, 0x75, 0x03, 0xe9, 0x2e, 0xfe  ; 65DE
    db 0x3d, 0x04, 0x00, 0x75, 0x03, 0xe9, 0x35, 0xff, 0xe9, 0xdf, 0xff, 0x8b, 0xe5, 0x5d, 0xca, 0x02  ; 65EE
    db 0x00, 0x55, 0x8b, 0xec, 0x83, 0xec, 0x06, 0x80, 0x3e, 0xcd, 0x04, 0x00, 0x72, 0x07, 0x80, 0x3e  ; 65FE
    db 0xcd, 0x04, 0x02, 0x76, 0x05, 0xc6, 0x06, 0xcd, 0x04, 0x00, 0x80, 0x7e, 0x06, 0x01, 0x72, 0x06  ; 660E
    db 0x80, 0x7e, 0x06, 0x03, 0x76, 0x0c, 0x80, 0x7e, 0x06, 0x61, 0x72, 0x10, 0x80, 0x7e, 0x06, 0x7a  ; 661E
    db 0x77, 0x0a, 0x8a, 0x56, 0x06, 0x2a, 0xf6, 0x8b, 0xc2, 0xe9, 0x07, 0x00, 0x8a, 0x56, 0x08, 0x2a  ; 662E
    db 0xf6, 0x8b, 0xc2, 0x8b, 0xe5, 0x5d, 0xca, 0x02, 0x00, 0x55, 0x8b, 0xec, 0x83, 0xec, 0x06, 0xc7  ; 663E
    db 0x06, 0xc6, 0x04, 0x00, 0x00, 0xbf, 0x01, 0x00, 0x57, 0xa0, 0xca, 0x04, 0x2a, 0xe4, 0x50, 0x9a  ; 664E
    db 0x4f, 0x07, 0xeb, 0x85, 0x83, 0xc4, 0x02, 0x8b, 0xd0, 0x88, 0x16, 0xca, 0x04, 0xbf, 0x61, 0x00  ; 665E
    db 0x57, 0xa0, 0xcb, 0x04, 0x2a, 0xe4, 0x50, 0x9a, 0x4f, 0x07, 0xeb, 0x85, 0x83, 0xc4, 0x02, 0x8b  ; 666E
    db 0xd0, 0x88, 0x16, 0xcb, 0x04, 0xc7, 0x06, 0xce, 0x04, 0x00, 0x00, 0xc7, 0x06, 0xd0, 0x04, 0x00  ; 667E
    db 0x00, 0xc7, 0x06, 0xd2, 0x04, 0x00, 0x00, 0xc7, 0x06, 0xd4, 0x04, 0x00, 0x00, 0xc6, 0x06, 0x6a  ; 668E
    db 0x04, 0x01, 0xc6, 0x06, 0x68, 0x04, 0x01, 0xc7, 0x06, 0xda, 0x03, 0x00, 0x00, 0x8b, 0xe5, 0x5d  ; 669E
    db 0xcb, 0x55, 0x8b, 0xec, 0x83, 0xec, 0x54, 0x8b, 0x3e, 0xce, 0x04, 0x0b, 0x3e, 0xd0, 0x04, 0x75  ; 66AE
    db 0x1b, 0xc4, 0x3e, 0x5e, 0x04, 0x89, 0x3e, 0xce, 0x04, 0x8c, 0x06, 0xd0, 0x04, 0xc4, 0x16, 0x72  ; 66BE
    db 0x04, 0x89, 0x16, 0xda, 0x04, 0x8c, 0x06, 0xdc, 0x04, 0xe9, 0x18, 0x00, 0xc4, 0x3e, 0xce, 0x04  ; 66CE
    db 0x89, 0x3e, 0x5e, 0x04, 0x8c, 0x06, 0x60, 0x04, 0xc4, 0x16, 0xda, 0x04, 0x89, 0x16, 0x72, 0x04  ; 66DE
    db 0x8c, 0x06, 0x74, 0x04, 0x80, 0x3e, 0x68, 0x04, 0x00, 0x74, 0x77, 0xc4, 0x3e, 0x5e, 0x04, 0x89  ; 66EE
    db 0x7e, 0xf2, 0x8c, 0x46, 0xf4, 0xc7, 0x06, 0x70, 0x04, 0x00, 0x00, 0xc6, 0x46, 0xf7, 0x31, 0x2b  ; 66FE
    db 0xd2, 0x52, 0x9a, 0x00, 0x00, 0x51, 0xf6, 0xc7, 0x46, 0xf8, 0x01, 0x00, 0xe9, 0x1f, 0x00, 0x8b  ; 670E
    db 0x46, 0xf8, 0xba, 0x09, 0x00, 0xf7, 0xea, 0x05, 0x08, 0x00, 0xa3, 0x6e, 0x04, 0x8a, 0x56, 0xf7  ; 671E
    db 0x2a, 0xf6, 0x52, 0x9a, 0x00, 0x00, 0x51, 0xf6, 0xfe, 0x46, 0xf7, 0xff, 0x46, 0xf8, 0x83, 0x7e  ; 672E
    db 0xf8, 0x03, 0x7e, 0xdb, 0xc4, 0x3e, 0x5e, 0x04, 0x8b, 0x1e, 0x02, 0x1c, 0x26, 0xc6, 0x41, 0xff  ; 673E
    db 0x0a, 0xc4, 0x3e, 0x5e, 0x04, 0x8b, 0x1e, 0x02, 0x1c, 0x26, 0xc6, 0x41, 0xfe, 0x0a, 0xc4, 0x56  ; 674E
    db 0xf2, 0x06, 0x52, 0xb8, 0xa3, 0x02, 0x50, 0xb8, 0x14, 0x00, 0x50, 0x9a, 0x48, 0x04, 0x08, 0xf4  ; 675E
    db 0xeb, 0x03, 0xe9, 0x9e, 0x02, 0x83, 0xc4, 0x06, 0x83, 0x06, 0x72, 0x04, 0x09, 0xc4, 0x3e, 0x5e  ; 676E
    db 0x04, 0x89, 0x7e, 0xf2, 0x8c, 0x46, 0xf4, 0xc7, 0x06, 0x70, 0x04, 0x00, 0x00, 0xc6, 0x46, 0xf7  ; 677E
    db 0x41, 0xc7, 0x46, 0xf8, 0x00, 0x00, 0xe9, 0x4a, 0x00, 0x8b, 0x46, 0xf8, 0xba, 0x09, 0x00, 0xf7  ; 678E
    db 0xea, 0x05, 0x08, 0x00, 0xa3, 0x6e, 0x04, 0x2b, 0xff, 0x57, 0x9a, 0x00, 0x00, 0x51, 0xf6, 0x8a  ; 679E
    db 0x56, 0xf7, 0x2a, 0xf6, 0x81, 0xca, 0x20, 0x00, 0x52, 0x9a, 0x57, 0x09, 0x71, 0x94, 0x25, 0x20  ; 67AE
    db 0x00, 0x3d, 0x00, 0x00, 0x75, 0x0e, 0x8a, 0x56, 0xf7, 0x2a, 0xf6, 0x52, 0x9a, 0x00, 0x00, 0x51  ; 67BE
    db 0xf6, 0xe9, 0x09, 0x00, 0xbf, 0x3f, 0x00, 0x57, 0x9a, 0xfc, 0x00, 0x51, 0xf6, 0xfe, 0x46, 0xf7  ; 67CE
    db 0xff, 0x46, 0xf8, 0x83, 0x7e, 0xf8, 0x1a, 0x7c, 0xb0, 0xc4, 0x3e, 0x5e, 0x04, 0x8b, 0x1e, 0x02  ; 67DE
    db 0x1c, 0x26, 0xc6, 0x41, 0xff, 0x0a, 0xc4, 0x3e, 0x5e, 0x04, 0x8b, 0x1e, 0x02, 0x1c, 0x26, 0xc6  ; 67EE
    db 0x41, 0xfe, 0x0a, 0xc4, 0x56, 0xf2, 0x06, 0x52, 0xb8, 0x77, 0x01, 0x50, 0xbf, 0x14, 0x00, 0x57  ; 67FE
    db 0x9a, 0x48, 0x04, 0x08, 0xf4, 0x83, 0xc4, 0x06, 0x83, 0x06, 0x72, 0x04, 0x09, 0xc7, 0x06, 0x70  ; 680E
    db 0x04, 0x00, 0x00, 0xc4, 0x3e, 0x5e, 0x04, 0x89, 0x7e, 0xf2, 0x8c, 0x46, 0xf4, 0x2b, 0xd2, 0x52  ; 681E
    db 0x9a, 0x00, 0x00, 0x51, 0xf6, 0xc7, 0x46, 0xb0, 0x01, 0x00, 0xe9, 0x93, 0x00, 0x8b, 0x7e, 0xb0  ; 682E
    db 0xd1, 0xe7, 0x89, 0x7e, 0xac, 0x8b, 0x56, 0xb0, 0xd1, 0xe2, 0x8b, 0xfa, 0xc7, 0x43, 0xe4, 0x00  ; 683E
    db 0x00, 0x8b, 0x5e, 0xac, 0x8a, 0x87, 0xe2, 0x1b, 0x24, 0x02, 0x3c, 0x00, 0x74, 0x12, 0xd1, 0xe3  ; 684E
    db 0xd1, 0xe3, 0x8b, 0x87, 0x3e, 0x00, 0x8b, 0x5e, 0xb0, 0xd1, 0xe3, 0x8b, 0xfb, 0x01, 0x43, 0xe4  ; 685E
    db 0x8b, 0x7e, 0xac, 0x8a, 0x95, 0xe3, 0x1b, 0x80, 0xe2, 0x02, 0x80, 0xfa, 0x00, 0x74, 0x13, 0x47  ; 686E
    db 0xd1, 0xe7, 0xd1, 0xe7, 0x8b, 0x95, 0x3e, 0x00, 0x8b, 0x5e, 0xb0, 0xd1, 0xe3, 0x8b, 0xfb, 0x01  ; 687E
    db 0x53, 0xe4, 0x8b, 0x7e, 0xb0, 0xd1, 0xe7, 0x8b, 0x53, 0xe4, 0xd1, 0xfa, 0xd1, 0xfa, 0xd1, 0xfa  ; 688E
    db 0xd1, 0xfa, 0xd1, 0xfa, 0xd1, 0xfa, 0xd1, 0xfa, 0xd1, 0xfa, 0xd1, 0xfa, 0xd1, 0xfa, 0x83, 0xc2  ; 689E
    db 0x30, 0x89, 0x53, 0xe4, 0x8b, 0x46, 0xb0, 0xba, 0x09, 0x00, 0xf7, 0xea, 0x05, 0x08, 0x00, 0xa3  ; 68AE
    db 0x6e, 0x04, 0x8a, 0x53, 0xe4, 0x2a, 0xf6, 0x52, 0x9a, 0x00, 0x00, 0x51, 0xf6, 0xff, 0x46, 0xb0  ; 68BE
    db 0x83, 0x7e, 0xb0, 0x03, 0x7f, 0x03, 0xe9, 0x64, 0xff, 0xc4, 0x3e, 0x5e, 0x04, 0x8b, 0x1e, 0x02  ; 68CE
    db 0x1c, 0x26, 0xc6, 0x41, 0xff, 0x0a, 0xc4, 0x3e, 0x5e, 0x04, 0x8b, 0x1e, 0x02, 0x1c, 0x26, 0xc6  ; 68DE
    db 0x41, 0xfe, 0x0a, 0xc4, 0x56, 0xf2, 0x06, 0x52, 0xb8, 0x71, 0x02, 0x50, 0xb8, 0x14, 0x00, 0x50  ; 68EE
    db 0x9a, 0x48, 0x04, 0x08, 0xf4, 0x83, 0xc4, 0x06, 0x83, 0x06, 0x72, 0x04, 0x09, 0x8d, 0x7e, 0xca  ; 68FE
    db 0x16, 0x57, 0x9a, 0x9b, 0x19, 0x71, 0x94, 0xc4, 0x3e, 0x5e, 0x04, 0x89, 0x7e, 0xf2, 0x8c, 0x46  ; 690E
    db 0xf4, 0x2b, 0xd2, 0x52, 0x9a, 0x00, 0x00, 0x51, 0xf6, 0xc7, 0x46, 0xf8, 0x00, 0x00, 0xe9, 0x44  ; 691E
    db 0x00, 0x8b, 0x46, 0xf8, 0xba, 0x09, 0x00, 0xf7, 0xea, 0x05, 0x08, 0x00, 0xa3, 0x6e, 0x04, 0x8b  ; 692E
    db 0x7e, 0xf8, 0x83, 0xc7, 0x61, 0x57, 0x9a, 0x57, 0x09, 0x71, 0x94, 0x25, 0x04, 0x00, 0x3d, 0x00  ; 693E
    db 0x00, 0x74, 0x11, 0x8b, 0x7e, 0xf8, 0x8a, 0x53, 0xca, 0x2a, 0xf6, 0x52, 0x9a, 0xfc, 0x00, 0x51  ; 694E
    db 0xf6, 0xe9, 0x0e, 0x00, 0x8b, 0x7e, 0xf8, 0x8a, 0x53, 0xca, 0x2a, 0xf6, 0x52, 0x9a, 0x00, 0x00  ; 695E
    db 0x51, 0xf6, 0xff, 0x46, 0xf8, 0x83, 0x7e, 0xf8, 0x1a, 0x7c, 0xb6, 0xc4, 0x3e, 0x5e, 0x04, 0x8b  ; 696E
    db 0x1e, 0x02, 0x1c, 0x26, 0xc6, 0x41, 0xff, 0x0a, 0xc4, 0x3e, 0x5e, 0x04, 0x8b, 0x1e, 0x02, 0x1c  ; 697E
    db 0x26, 0xc6, 0x41, 0xfe, 0x0a, 0xc4, 0x56, 0xf2, 0x06, 0x52, 0xb8, 0x45, 0x01, 0x50, 0xbf, 0x14  ; 698E
    db 0x00, 0x57, 0x9a, 0x48, 0x04, 0x08, 0xf4, 0x83, 0xc4, 0x06, 0x83, 0x06, 0x72, 0x04, 0x09, 0x8d  ; 699E
    db 0x7e, 0xb2, 0x16, 0x57, 0x9a, 0x9f, 0x1a, 0x71, 0x94, 0x8d, 0x7e, 0xc0, 0x16, 0x57, 0x8b, 0x56  ; 69AE
    db 0xb8, 0xd1, 0xfa, 0xd1, 0xfa, 0xd1, 0xfa, 0xd1, 0xfa, 0xd1, 0xfa, 0xd1, 0xfa, 0xd1, 0xfa, 0xd1  ; 69BE
    db 0xfa, 0xd1, 0xfa, 0xd1, 0xfa, 0x52, 0x9a, 0xd9, 0x03, 0x9b, 0xf5, 0x83, 0xc4, 0x04, 0x8d, 0x7e  ; 69CE
    db 0xc0, 0x16, 0x57, 0xba, 0xf1, 0x90, 0x52, 0xbb, 0xf9, 0x00, 0x53, 0xb8, 0xdb, 0x01, 0x50, 0xb8  ; 69DE
    db 0x00, 0x02, 0x50, 0x9a, 0x73, 0x0d, 0x13, 0xf3, 0x83, 0xc4, 0x0a, 0xc4, 0x3e, 0x5e, 0x04, 0x89  ; 69EE
    db 0x3e, 0xd2, 0x04, 0x8c, 0x06, 0xd4, 0x04, 0xc4, 0x16, 0x72, 0x04, 0x89, 0x16, 0xd6, 0x04, 0x8c  ; 69FE
    db 0x06, 0xd8, 0x04, 0x80, 0x3e, 0x6a, 0x04, 0x00, 0x74, 0x60, 0xa0, 0xca, 0x04, 0x88, 0x46, 0xf1  ; 6A0E
    db 0xa0, 0xcb, 0x04, 0x88, 0x46, 0xf0, 0x83, 0x7e, 0x06, 0x02, 0x75, 0x77, 0x80, 0x7e, 0xf1, 0x01  ; 6A1E
    db 0x72, 0x21, 0x80, 0x7e, 0xf1, 0x03, 0x77, 0x1b, 0x8a, 0x56, 0xf1, 0x2a, 0xf6, 0x42, 0x8b, 0xc2  ; 6A2E
    db 0xba, 0x24, 0x00, 0xf7, 0xea, 0x05, 0x08, 0x00, 0x89, 0x46, 0xee, 0xc7, 0x46, 0xec, 0x5d, 0x02  ; 6A3E
    db 0xe9, 0x1a, 0x00, 0x8a, 0x56, 0xf1, 0x2a, 0xf6, 0x83, 0xc2, 0xa0, 0x8b, 0xc2, 0xba, 0x24, 0x00  ; 6A4E
    db 0xf7, 0xea, 0x05, 0x08, 0x00, 0x89, 0x46, 0xee, 0xc7, 0x46, 0xec, 0x31, 0x01, 0x80, 0x3e, 0xcd  ; 6A5E
    db 0x04, 0x00, 0x75, 0x09, 0xbf, 0x01, 0x00, 0xe9, 0x05, 0x00, 0xe9, 0xca, 0x00, 0x2b, 0xff, 0x89  ; 6A6E
    db 0x7e, 0xae, 0x57, 0xc4, 0x16, 0xdc, 0x1d, 0x8b, 0xda, 0x81, 0xc3, 0x91, 0x02, 0x06, 0x53, 0xc4  ; 6A7E
    db 0x06, 0xc4, 0x1c, 0x8b, 0xf8, 0x81, 0xc7, 0xee, 0x11, 0x06, 0x57, 0xff, 0x76, 0xec, 0xff, 0x76  ; 6A8E
    db 0xee, 0xeb, 0x03, 0xe9, 0x11, 0x00, 0xc4, 0x3e, 0x08, 0x1d, 0x06, 0x57, 0x9a, 0x3c, 0x00, 0x38  ; 6A9E
    db 0xf6, 0x83, 0xc4, 0x0e, 0xe9, 0x0a, 0x00, 0xc4, 0x3e, 0xdc, 0x1d, 0x26, 0xc6, 0x85, 0x91, 0x02  ; 6AAE
    db 0x00, 0x80, 0x7e, 0xf0, 0x01, 0x72, 0x21, 0x80, 0x7e, 0xf0, 0x03, 0x77, 0x1b, 0x8a, 0x56, 0xf0  ; 6ABE
    db 0x2a, 0xf6, 0x42, 0x8b, 0xc2, 0xba, 0x24, 0x00, 0xf7, 0xea, 0x05, 0x08, 0x00, 0x89, 0x46, 0xee  ; 6ACE
    db 0xc7, 0x46, 0xec, 0x5d, 0x02, 0xe9, 0x1a, 0x00, 0x8a, 0x56, 0xf0, 0x2a, 0xf6, 0x83, 0xc2, 0xa0  ; 6ADE
    db 0x8b, 0xc2, 0xba, 0x24, 0x00, 0xf7, 0xea, 0x05, 0x08, 0x00, 0x89, 0x46, 0xee, 0xc7, 0x46, 0xec  ; 6AEE
    db 0x31, 0x01, 0x80, 0x3e, 0xcd, 0x04, 0x01, 0x74, 0x06, 0x83, 0x7e, 0x06, 0x02, 0x74, 0x06, 0xbf  ; 6AFE
    db 0x01, 0x00, 0xe9, 0x02, 0x00, 0x2b, 0xff, 0x89, 0x7e, 0xae, 0x57, 0xc4, 0x16, 0xdc, 0x1d, 0x8b  ; 6B0E
    db 0xda, 0x81, 0xc3, 0x9a, 0x02, 0x06, 0x53, 0xc4, 0x06, 0xc4, 0x1c, 0x8b, 0xf8, 0x81, 0xc7, 0xf2  ; 6B1E
    db 0x12, 0x06, 0x57, 0xff, 0x76, 0xec, 0xff, 0x76, 0xee, 0xc4, 0x3e, 0x04, 0x1d, 0x06, 0x57, 0x9a  ; 6B2E
    db 0x3c, 0x00, 0x38, 0xf6, 0x83, 0xc4, 0x0e, 0x8b, 0xe5, 0x5d, 0xca, 0x02, 0x00, 0x55, 0x8b, 0xec  ; 6B3E
    db 0x83, 0xec, 0x1e, 0x56, 0xbf, 0x41, 0x00, 0x57, 0x9a, 0x0e, 0x00, 0x70, 0x94, 0x89, 0x46, 0xe4  ; 6B4E
    db 0x8a, 0x56, 0x06, 0x2a, 0xf6, 0xd1, 0xe2, 0x89, 0x56, 0xf8, 0x42, 0x89, 0x56, 0xf6, 0x8b, 0x7e  ; 6B5E
    db 0xf8, 0x8a, 0x9d, 0xe2, 0x1b, 0x80, 0xe3, 0x02, 0x80, 0xfb, 0x00, 0x75, 0x0c, 0x8b, 0xda, 0x8a  ; 6B6E
    db 0x87, 0xe2, 0x1b, 0x24, 0x02, 0x3c, 0x00, 0x74, 0x77, 0xa0, 0x32, 0x00, 0x2a, 0xe4, 0x50, 0xc4  ; 6B7E
    db 0x7e, 0x08, 0x06, 0x57, 0x8a, 0x56, 0x06, 0x2a, 0xf6, 0xd1, 0xe2, 0xd1, 0xe2, 0xd1, 0xe2, 0xd1  ; 6B8E
    db 0xe2, 0xbb, 0x8c, 0x01, 0x03, 0xda, 0x1e, 0x53, 0x9a, 0x29, 0x00, 0xbe, 0xfb, 0x83, 0xc4, 0x06  ; 6B9E
    db 0x8b, 0x7e, 0xf8, 0x8a, 0x95, 0xdc, 0x01, 0xc4, 0x5e, 0x08, 0x26, 0x88, 0x57, 0x10, 0x8b, 0x46  ; 6BAE
    db 0xf6, 0x8b, 0xf8, 0x8a, 0x9d, 0xdc, 0x01, 0xc4, 0x7e, 0x08, 0x26, 0x88, 0x5d, 0x11, 0xa0, 0x34  ; 6BBE
    db 0x00, 0x2a, 0xe4, 0x50, 0x8d, 0x55, 0x12, 0x06, 0x52, 0x8b, 0x46, 0xf8, 0xba, 0x0a, 0x00, 0xf7  ; 6BCE
    db 0xea, 0xba, 0x14, 0x1c, 0x03, 0xd0, 0x1e, 0x52, 0x9a, 0x29, 0x00, 0xbe, 0xfb, 0x83, 0xc4, 0x06  ; 6BDE
    db 0xa0, 0x34, 0x00, 0x2a, 0xe4, 0x50, 0xc4, 0x7e, 0x08, 0x8d, 0x55, 0x1c, 0x06, 0x52, 0xeb, 0x03  ; 6BEE
    db 0xe9, 0x54, 0x03, 0x8b, 0x46, 0xf6, 0xba, 0x0a, 0x00, 0xf7, 0xea, 0xba, 0x14, 0x1c, 0x03, 0xd0  ; 6BFE
    db 0x1e, 0x52, 0x9a, 0x29, 0x00, 0xbe, 0xfb, 0x83, 0xc4, 0x06, 0x8b, 0x7e, 0xf8, 0x8a, 0x95, 0xe2  ; 6C0E
    db 0x1b, 0xc4, 0x5e, 0x08, 0x26, 0x88, 0x57, 0x26, 0x8b, 0x7e, 0xf6, 0x8a, 0x85, 0xe2, 0x1b, 0x26  ; 6C1E
    db 0x88, 0x47, 0x27, 0x8b, 0x46, 0xf8, 0xba, 0x0e, 0x00, 0xf7, 0xea, 0x8b, 0xf8, 0x8b, 0x95, 0x76  ; 6C2E
    db 0x05, 0xc4, 0x5e, 0x08, 0x26, 0x89, 0x57, 0x28, 0x8b, 0x46, 0xf6, 0xba, 0x0e, 0x00, 0xf7, 0xea  ; 6C3E
    db 0x8b, 0xf8, 0x8b, 0x95, 0x76, 0x05, 0x26, 0x89, 0x57, 0x2a, 0x8b, 0x46, 0xf8, 0xba, 0x0e, 0x00  ; 6C4E
    db 0xf7, 0xea, 0x8b, 0xf8, 0x8b, 0x95, 0x78, 0x05, 0xc4, 0x5e, 0x08, 0x26, 0x89, 0x57, 0x2c, 0x8b  ; 6C5E
    db 0x46, 0xf6, 0xba, 0x0e, 0x00, 0xf7, 0xea, 0x8b, 0xf8, 0x8b, 0x95, 0x78, 0x05, 0x26, 0x89, 0x57  ; 6C6E
    db 0x2e, 0x8b, 0x46, 0xf8, 0xba, 0x0e, 0x00, 0xf7, 0xea, 0x8b, 0xf8, 0x8a, 0x95, 0x80, 0x05, 0xc4  ; 6C7E
    db 0x5e, 0x08, 0x26, 0x88, 0x57, 0x30, 0x8b, 0x46, 0xf6, 0xba, 0x0e, 0x00, 0xf7, 0xea, 0x8b, 0xf8  ; 6C8E
    db 0x8a, 0x95, 0x80, 0x05, 0x26, 0x88, 0x57, 0x31, 0x8b, 0x5e, 0xf8, 0x8a, 0x87, 0xe2, 0x1b, 0x24  ; 6C9E
    db 0x02, 0x3c, 0x00, 0x74, 0x06, 0x89, 0x5e, 0xf4, 0xe9, 0x06, 0x00, 0x8b, 0x7e, 0xf6, 0x89, 0x7e  ; 6CAE
    db 0xf4, 0xc4, 0x3e, 0x84, 0x1c, 0x8b, 0x56, 0xf4, 0xd1, 0xe2, 0xd1, 0xe2, 0x8b, 0xda, 0x8b, 0xc7  ; 6CBE
    db 0x03, 0x87, 0x3c, 0x00, 0x89, 0x46, 0xea, 0x8c, 0x46, 0xec, 0xc4, 0x56, 0xea, 0x8b, 0xc2, 0x03  ; 6CCE
    db 0x87, 0x3e, 0x00, 0x89, 0x46, 0xe6, 0x8c, 0x46, 0xe8, 0xc7, 0x46, 0xf0, 0x00, 0x00, 0xc7, 0x46  ; 6CDE
    db 0xee, 0x00, 0x00, 0x8a, 0x46, 0x06, 0x2a, 0xe4, 0xd1, 0xe0, 0xd1, 0xe0, 0xd1, 0xe0, 0xd1, 0xe0  ; 6CEE
    db 0x8b, 0xf8, 0x8a, 0x95, 0x8c, 0x01, 0x2a, 0xf6, 0x81, 0xe2, 0x30, 0x00, 0x83, 0xfa, 0x20, 0x75  ; 6CFE
    db 0x4b, 0xe9, 0x03, 0x00, 0xff, 0x46, 0xf0, 0x8b, 0x7e, 0xea, 0x8b, 0x56, 0xe6, 0x3b, 0xfa, 0x77  ; 6D0E
    db 0x14, 0xc4, 0x7e, 0xea, 0xff, 0x46, 0xea, 0x26, 0x8a, 0x15, 0x2a, 0xf6, 0x81, 0xe2, 0x03, 0x00  ; 6D1E
    db 0x83, 0xfa, 0x03, 0x75, 0xdf, 0xe9, 0x03, 0x00, 0xff, 0x46, 0xee, 0x8b, 0x7e, 0xea, 0x8b, 0x56  ; 6D2E
    db 0xe6, 0x3b, 0xfa, 0x77, 0x14, 0xc4, 0x7e, 0xea, 0xff, 0x46, 0xea, 0x26, 0x8a, 0x15, 0x2a, 0xf6  ; 6D3E
    db 0x81, 0xe2, 0x03, 0x00, 0x83, 0xfa, 0x01, 0x75, 0xdf, 0xe9, 0x4f, 0x00, 0xff, 0x46, 0xea, 0xe9  ; 6D4E
    db 0x08, 0x00, 0x83, 0x46, 0xf0, 0x02, 0x83, 0x46, 0xea, 0x02, 0x8b, 0x7e, 0xea, 0x8b, 0x56, 0xe6  ; 6D5E
    db 0x3b, 0xfa, 0x77, 0x11, 0xc4, 0x7e, 0xea, 0x26, 0x8a, 0x15, 0x2a, 0xf6, 0x81, 0xe2, 0x03, 0x00  ; 6D6E
    db 0x83, 0xfa, 0x03, 0x75, 0xdd, 0xe9, 0x08, 0x00, 0x83, 0x46, 0xee, 0x02, 0x83, 0x46, 0xea, 0x02  ; 6D7E
    db 0x8b, 0x7e, 0xea, 0x8b, 0x56, 0xe6, 0x3b, 0xfa, 0x77, 0x11, 0xc4, 0x7e, 0xea, 0x26, 0x8a, 0x15  ; 6D8E
    db 0x2a, 0xf6, 0x81, 0xe2, 0x03, 0x00, 0x83, 0xfa, 0x01, 0x75, 0xdd, 0x8b, 0x7e, 0xf0, 0x8b, 0x56  ; 6D9E
    db 0xf4, 0xd1, 0xe2, 0xd1, 0xe2, 0x8b, 0xda, 0x8b, 0x87, 0x3e, 0x00, 0x3b, 0xf8, 0x7c, 0x12, 0xc4  ; 6DAE
    db 0x7e, 0x08, 0x26, 0xc7, 0x45, 0x32, 0x00, 0x00, 0x26, 0xc7, 0x45, 0x34, 0x00, 0x00, 0xe9, 0x11  ; 6DBE
    db 0x00, 0x8b, 0x7e, 0xf0, 0xc4, 0x5e, 0x08, 0x26, 0x89, 0x7f, 0x32, 0x8b, 0x56, 0xee, 0x26, 0x89  ; 6DCE
    db 0x57, 0x34, 0x8b, 0x46, 0xf8, 0xba, 0x14, 0x00, 0xf7, 0xea, 0x8b, 0xf8, 0x8a, 0x95, 0xb0, 0x00  ; 6DDE
    db 0xc4, 0x5e, 0x08, 0x26, 0x88, 0x57, 0x42, 0x8b, 0x46, 0xf8, 0xba, 0x14, 0x00, 0xf7, 0xea, 0x8b  ; 6DEE
    db 0xf8, 0x8a, 0x95, 0xb4, 0x00, 0x26, 0x88, 0x57, 0x43, 0x8b, 0x46, 0xf8, 0xba, 0x14, 0x00, 0xf7  ; 6DFE
    db 0xea, 0x8b, 0xf8, 0x8a, 0x95, 0xb3, 0x00, 0xc4, 0x5e, 0x08, 0x26, 0x88, 0x57, 0x44, 0x8b, 0x46  ; 6E0E
    db 0xf8, 0xba, 0x14, 0x00, 0xf7, 0xea, 0x8b, 0xf8, 0x8a, 0x95, 0xb2, 0x00, 0x26, 0x88, 0x57, 0x45  ; 6E1E
    db 0x8b, 0x46, 0xf8, 0xba, 0x14, 0x00, 0xf7, 0xea, 0x8b, 0xf8, 0x8a, 0x95, 0xb1, 0x00, 0xc4, 0x5e  ; 6E2E
    db 0x08, 0x26, 0x88, 0x57, 0x46, 0x8b, 0x46, 0xf6, 0xba, 0x14, 0x00, 0xf7, 0xea, 0x8b, 0xf8, 0x8a  ; 6E3E
    db 0x95, 0xb0, 0x00, 0x26, 0x88, 0x57, 0x47, 0x8b, 0x46, 0xf6, 0xba, 0x14, 0x00, 0xf7, 0xea, 0x8b  ; 6E4E
    db 0xf8, 0x8a, 0x95, 0xb1, 0x00, 0xc4, 0x5e, 0x08, 0x26, 0x88, 0x57, 0x4b, 0x8b, 0x46, 0xf6, 0xba  ; 6E5E
    db 0x14, 0x00, 0xf7, 0xea, 0x8b, 0xf8, 0x8a, 0x95, 0xb2, 0x00, 0x26, 0x88, 0x57, 0x4a, 0x8b, 0x46  ; 6E6E
    db 0xf6, 0xba, 0x14, 0x00, 0xf7, 0xea, 0x8b, 0xf8, 0x8a, 0x95, 0xb3, 0x00, 0xc4, 0x5e, 0x08, 0x26  ; 6E7E
    db 0x88, 0x57, 0x49, 0x8b, 0x46, 0xf6, 0xba, 0x14, 0x00, 0xf7, 0xea, 0x8b, 0xf8, 0x8a, 0x95, 0xb4  ; 6E8E
    db 0x00, 0x26, 0x88, 0x57, 0x48, 0x8b, 0x5e, 0xf8, 0x8a, 0x87, 0xe2, 0x1b, 0x24, 0x02, 0x3c, 0x00  ; 6E9E
    db 0x74, 0x32, 0xc4, 0x06, 0x80, 0x1c, 0xd1, 0xe3, 0xd1, 0xe3, 0x8b, 0x97, 0x3c, 0x00, 0x8b, 0xd8  ; 6EAE
    db 0x03, 0xda, 0x8c, 0xc6, 0xc4, 0x7e, 0x08, 0x26, 0x89, 0x5d, 0x36, 0x26, 0x89, 0x75, 0x38, 0x8b  ; 6EBE
    db 0x7e, 0xf8, 0xd1, 0xe7, 0xd1, 0xe7, 0x8b, 0xb5, 0x3e, 0x00, 0xc4, 0x7e, 0x08, 0x26, 0x89, 0x75  ; 6ECE
    db 0x3a, 0xe9, 0x15, 0x00, 0xc4, 0x7e, 0x08, 0x26, 0xc7, 0x45, 0x36, 0x00, 0x00, 0x26, 0xc7, 0x45  ; 6EDE
    db 0x38, 0x00, 0x00, 0x26, 0xc7, 0x45, 0x3a, 0x00, 0x00, 0x8b, 0x7e, 0xf6, 0x8a, 0x95, 0xe2, 0x1b  ; 6EEE
    db 0x80, 0xe2, 0x02, 0x80, 0xfa, 0x00, 0x74, 0x32, 0xc4, 0x36, 0x80, 0x1c, 0xd1, 0xe7, 0xd1, 0xe7  ; 6EFE
    db 0x8b, 0x95, 0x3c, 0x00, 0x8b, 0xde, 0x03, 0xda, 0x8c, 0xc0, 0xc4, 0x7e, 0x08, 0x26, 0x89, 0x5d  ; 6F0E
    db 0x3c, 0x26, 0x89, 0x45, 0x3e, 0x8b, 0x7e, 0xf6, 0xd1, 0xe7, 0xd1, 0xe7, 0x8b, 0x9d, 0x3e, 0x00  ; 6F1E
    db 0xc4, 0x7e, 0x08, 0x26, 0x89, 0x5d, 0x40, 0xe9, 0x15, 0x00, 0xc4, 0x7e, 0x08, 0x26, 0xc7, 0x45  ; 6F2E
    db 0x3c, 0x00, 0x00, 0x26, 0xc7, 0x45, 0x3e, 0x00, 0x00, 0x26, 0xc7, 0x45, 0x40, 0x00, 0x00, 0xc7  ; 6F3E
    db 0x46, 0xf2, 0x00, 0x00, 0xe9, 0x05, 0x00, 0xc7, 0x46, 0xf2, 0x01, 0x00, 0xff, 0x76, 0xe4, 0x9a  ; 6F4E
    db 0x0e, 0x00, 0x70, 0x94, 0x89, 0x46, 0xe2, 0x8b, 0x46, 0xf2, 0x5e, 0x8b, 0xe5, 0x5d, 0xca, 0x02  ; 6F5E
    db 0x00, 0x55, 0x8b, 0xec, 0x83, 0xec, 0x0c, 0x8a, 0x56, 0x06, 0x2a, 0xf6, 0xd1, 0xe2, 0x89, 0x56  ; 6F6E
    db 0xf8, 0x42, 0x89, 0x56, 0xf6, 0xa0, 0x32, 0x00, 0x2a, 0xe4, 0x50, 0x8a, 0x5e, 0x06, 0x2a, 0xff  ; 6F7E
    db 0xd1, 0xe3, 0xd1, 0xe3, 0xd1, 0xe3, 0xd1, 0xe3, 0xbf, 0x8c, 0x01, 0x03, 0xfb, 0x1e, 0x57, 0xc4  ; 6F8E
    db 0x7e, 0x08, 0x06, 0x57, 0x9a, 0x29, 0x00, 0xbe, 0xfb, 0x83, 0xc4, 0x06, 0xc4, 0x7e, 0x08, 0x26  ; 6F9E
    db 0x8a, 0x55, 0x10, 0x8b, 0x5e, 0xf8, 0x88, 0x97, 0xdc, 0x01, 0x26, 0x8a, 0x45, 0x11, 0x8b, 0x7e  ; 6FAE
    db 0xf6, 0x88, 0x85, 0xdc, 0x01, 0xa0, 0x34, 0x00, 0x2a, 0xe4, 0x50, 0x8b, 0x46, 0xf8, 0xba, 0x0a  ; 6FBE
    db 0x00, 0xf7, 0xea, 0xba, 0x14, 0x1c, 0x03, 0xd0, 0x1e, 0x52, 0xc4, 0x5e, 0x08, 0x8d, 0x7f, 0x12  ; 6FCE
    db 0x06, 0x57, 0x9a, 0x29, 0x00, 0xbe, 0xfb, 0x83, 0xc4, 0x06, 0xa0, 0x34, 0x00, 0x2a, 0xe4, 0x50  ; 6FDE
    db 0x8b, 0x46, 0xf6, 0xba, 0x0a, 0x00, 0xf7, 0xea, 0xbf, 0x14, 0x1c, 0x03, 0xf8, 0x1e, 0x57, 0xc4  ; 6FEE
    db 0x56, 0x08, 0x8b, 0xda, 0x83, 0xc3, 0x1c, 0x06, 0x53, 0x9a, 0x29, 0x00, 0xbe, 0xfb, 0x83, 0xc4  ; 6FFE
    db 0x06, 0xc4, 0x7e, 0x08, 0x26, 0x8a, 0x55, 0x26, 0x80, 0xe2, 0x02, 0x8b, 0x5e, 0xf8, 0x88, 0x97  ; 700E
    db 0xe2, 0x1b, 0x26, 0x8a, 0x45, 0x27, 0x24, 0x02, 0x8b, 0x7e, 0xf6, 0x88, 0x85, 0xe2, 0x1b, 0xc4  ; 701E
    db 0x56, 0x08, 0x8b, 0xfa, 0x26, 0x8b, 0x55, 0x28, 0x8b, 0xc3, 0x8b, 0xfa, 0xba, 0x0e, 0x00, 0xf7  ; 702E
    db 0xea, 0x8b, 0xd8, 0x89, 0xbf, 0x74, 0x05, 0xc4, 0x56, 0x08, 0x8b, 0xfa, 0x26, 0x8b, 0x55, 0x2a  ; 703E
    db 0x8b, 0x46, 0xf6, 0x8b, 0xfa, 0xba, 0x0e, 0x00, 0xf7, 0xea, 0x8b, 0xd8, 0x89, 0xbf, 0x76, 0x05  ; 704E
    db 0xc4, 0x56, 0x08, 0x8b, 0xfa, 0x26, 0x8b, 0x55, 0x2c, 0x8b, 0x46, 0xf8, 0x8b, 0xfa, 0xba, 0x0e  ; 705E
    db 0x00, 0xf7, 0xea, 0x8b, 0xd8, 0x89, 0xbf, 0x78, 0x05, 0xc4, 0x56, 0x08, 0x8b, 0xfa, 0x26, 0x8b  ; 706E
    db 0x55, 0x2e, 0x8b, 0x46, 0xf6, 0x8b, 0xfa, 0xba, 0x0e, 0x00, 0xf7, 0xea, 0x8b, 0xd8, 0x89, 0xbf  ; 707E
    db 0x78, 0x05, 0xc4, 0x56, 0x08, 0x8b, 0xfa, 0x26, 0x8a, 0x55, 0x30, 0x8b, 0x46, 0xf8, 0x8a, 0xda  ; 708E
    db 0xba, 0x0e, 0x00, 0xf7, 0xea, 0x8b, 0xf8, 0x88, 0x9d, 0x80, 0x05, 0xc4, 0x56, 0x08, 0x8b, 0xda  ; 709E
    db 0x26, 0x8a, 0x57, 0x31, 0x8b, 0x46, 0xf6, 0x8a, 0xda, 0xba, 0x0e, 0x00, 0xf7, 0xea, 0x8b, 0xf8  ; 70AE
    db 0x88, 0x9d, 0x80, 0x05, 0xc4, 0x5e, 0x08, 0x26, 0x8a, 0x57, 0x30, 0x8a, 0x5e, 0x06, 0x2a, 0xff  ; 70BE
    db 0x88, 0x97, 0x64, 0x05, 0xc4, 0x5e, 0x08, 0x26, 0x8b, 0x47, 0x3a, 0x8b, 0x56, 0xf8, 0xd1, 0xe2  ; 70CE
    db 0xd1, 0xe2, 0x8b, 0xda, 0x89, 0x87, 0x3e, 0x00, 0xc4, 0x56, 0x08, 0x8b, 0xda, 0x26, 0x8b, 0x57  ; 70DE
    db 0x40, 0x8b, 0x5e, 0xf6, 0xd1, 0xe3, 0xd1, 0xe3, 0x89, 0x97, 0x3e, 0x00, 0xc4, 0x7e, 0x08, 0x26  ; 70EE
    db 0x8a, 0x45, 0x42, 0x8a, 0xd8, 0x8b, 0x46, 0xf8, 0xba, 0x14, 0x00, 0xf7, 0xea, 0x8b, 0xf8, 0x88  ; 70FE
    db 0x9d, 0xb0, 0x00, 0xc4, 0x56, 0x08, 0x8b, 0xfa, 0x26, 0x8a, 0x55, 0x43, 0x8b, 0xf8, 0x88, 0x95  ; 710E
    db 0xb4, 0x00, 0xc4, 0x5e, 0x08, 0x26, 0x8a, 0x57, 0x44, 0x88, 0x95, 0xb3, 0x00, 0x26, 0x8a, 0x57  ; 711E
    db 0x45, 0x88, 0x95, 0xb2, 0x00, 0x26, 0x8a, 0x57, 0x46, 0x88, 0x95, 0xb1, 0x00, 0x26, 0x8a, 0x57  ; 712E
    db 0x47, 0x8b, 0x46, 0xf6, 0x8a, 0xda, 0xba, 0x14, 0x00, 0xf7, 0xea, 0x8b, 0xf8, 0x88, 0x9d, 0xb0  ; 713E
    db 0x00, 0xc4, 0x7e, 0x08, 0x26, 0x8a, 0x55, 0x4b, 0x8b, 0xf8, 0x88, 0x95, 0xb1, 0x00, 0xc4, 0x5e  ; 714E
    db 0x08, 0x26, 0x8a, 0x57, 0x4a, 0x88, 0x95, 0xb2, 0x00, 0x26, 0x8a, 0x57, 0x49, 0x88, 0x95, 0xb3  ; 715E
    db 0x00, 0x26, 0x8a, 0x57, 0x48, 0x88, 0x95, 0xb4, 0x00, 0xc7, 0x46, 0xf4, 0x00, 0x00, 0xe9, 0x05  ; 716E
    db 0x00, 0xc7, 0x46, 0xf4, 0x01, 0x00, 0x8b, 0x46, 0xf4, 0x8b, 0xe5, 0x5d, 0xca, 0x02, 0x00, 0x55  ; 717E
    db 0x8b, 0xec, 0x83, 0xec, 0x10, 0x8b, 0x7e, 0x06, 0x8a, 0x95, 0xca, 0x04, 0x2a, 0xf6, 0x89, 0x56  ; 718E
    db 0xf8, 0x83, 0xff, 0x00, 0x75, 0x06, 0xbb, 0x01, 0x00, 0xe9, 0x02, 0x00, 0x2b, 0xdb, 0x89, 0x5e  ; 719E
    db 0xf2, 0xc7, 0x46, 0xf0, 0x00, 0x00, 0x8b, 0x7e, 0xf8, 0x89, 0x7e, 0xf6, 0xc7, 0x46, 0xf4, 0x00  ; 71AE
    db 0x00, 0xff, 0x46, 0xf0, 0x8b, 0x7e, 0x08, 0x01, 0x7e, 0xf8, 0x83, 0x7e, 0x0a, 0x00, 0x74, 0x3e  ; 71BE
    db 0x83, 0x7e, 0xf8, 0x61, 0x7d, 0x0e, 0x83, 0x7e, 0xf8, 0x04, 0x7e, 0x08, 0xc7, 0x46, 0xf8, 0x03  ; 71CE
    db 0x00, 0xe9, 0x43, 0x00, 0x83, 0x7e, 0xf8, 0x00, 0x75, 0x08, 0xc7, 0x46, 0xf8, 0x7a, 0x00, 0xe9  ; 71DE
    db 0x35, 0x00, 0x83, 0x7e, 0xf8, 0x04, 0x75, 0x08, 0xc7, 0x46, 0xf8, 0x61, 0x00, 0xe9, 0x27, 0x00  ; 71EE
    db 0x83, 0x7e, 0xf8, 0x7a, 0x7e, 0x05, 0xc7, 0x46, 0xf8, 0x01, 0x00, 0xe9, 0x19, 0x00, 0x83, 0x7e  ; 71FE
    db 0xf8, 0x61, 0x7d, 0x08, 0xc7, 0x46, 0xf8, 0x7a, 0x00, 0xe9, 0x0b, 0x00, 0x83, 0x7e, 0xf8, 0x7a  ; 720E
    db 0x7e, 0x05, 0xc7, 0x46, 0xf8, 0x61, 0x00, 0x83, 0x7e, 0x06, 0x00, 0x75, 0x4c, 0x83, 0x7e, 0xf8  ; 721E
    db 0x03, 0x7f, 0x31, 0x8b, 0x7e, 0xf8, 0xd1, 0xe7, 0x8a, 0x95, 0xe2, 0x1b, 0x2a, 0xf6, 0x81, 0xe2  ; 722E
    db 0x02, 0x00, 0x83, 0xfa, 0x00, 0x75, 0x32, 0x8b, 0x56, 0xf8, 0xd1, 0xe2, 0x8b, 0xda, 0x8a, 0x87  ; 723E
    db 0xe3, 0x1b, 0x2a, 0xe4, 0x25, 0x02, 0x00, 0x3d, 0x00, 0x00, 0x75, 0x1d, 0x81, 0x4e, 0xf4, 0x01  ; 724E
    db 0x00, 0xe9, 0x15, 0x00, 0xff, 0x76, 0xf8, 0x9a, 0x57, 0x09, 0x71, 0x94, 0x25, 0x01, 0x00, 0x3d  ; 725E
    db 0x00, 0x00, 0x74, 0x05, 0x81, 0x4e, 0xf4, 0x01, 0x00, 0x83, 0x7e, 0xf4, 0x01, 0x75, 0x11, 0x8b  ; 726E
    db 0x7e, 0xf6, 0x39, 0x7e, 0xf8, 0x74, 0x09, 0x83, 0x7e, 0xf0, 0x1e, 0x7d, 0x03, 0xe9, 0x2c, 0xff  ; 727E
    db 0x8b, 0x7e, 0xf6, 0x39, 0x7e, 0xf8, 0x74, 0x06, 0x8b, 0x46, 0xf8, 0xe9, 0x02, 0x00, 0x2b, 0xc0  ; 728E
    db 0x8b, 0xe5, 0x5d, 0xca, 0x02, 0x00, 0x55, 0x8b, 0xec, 0x83, 0xec, 0x0e, 0xc4, 0x3e, 0x5e, 0x04  ; 729E
    db 0x89, 0x7e, 0xf6, 0x8c, 0x46, 0xf8, 0xc4, 0x16, 0x72, 0x04, 0x89, 0x56, 0xf2, 0x8c, 0x46, 0xf4  ; 72AE
    db 0xc7, 0x06, 0x6e, 0x04, 0x00, 0x00, 0xc7, 0x06, 0x70, 0x04, 0x00, 0x00, 0xc4, 0x3e, 0xc4, 0x1c  ; 72BE
    db 0x8d, 0x95, 0x74, 0x0e, 0x89, 0x16, 0x5e, 0x04, 0x8c, 0x06, 0x60, 0x04, 0x2b, 0xdb, 0x53, 0x9a  ; 72CE
    db 0x00, 0x00, 0x51, 0xf6, 0x01, 0x06, 0x6e, 0x04, 0xe9, 0x15, 0x00, 0xc4, 0x7e, 0x06, 0x26, 0x8a  ; 72DE
    db 0x15, 0x2a, 0xf6, 0x52, 0x9a, 0xfc, 0x00, 0x51, 0xf6, 0x01, 0x06, 0x6e, 0x04, 0xff, 0x46, 0x06  ; 72EE
    db 0xc4, 0x7e, 0x06, 0x26, 0x80, 0x3d, 0x00, 0x75, 0xe2, 0xc4, 0x1e, 0x5e, 0x04, 0x8b, 0x3e, 0x02  ; 72FE
    db 0x1c, 0x26, 0xc6, 0x41, 0xff, 0x0a, 0xc4, 0x3e, 0x5e, 0x04, 0x8b, 0x1e, 0x02, 0x1c, 0x26, 0xc6  ; 730E
    db 0x41, 0xfe, 0x0a, 0xc4, 0x16, 0xdc, 0x1d, 0x8b, 0xc2, 0x05, 0x88, 0x02, 0xa3, 0x72, 0x04, 0x8c  ; 731E
    db 0x06, 0x74, 0x04, 0xc4, 0x3e, 0xc4, 0x1c, 0x8d, 0x9d, 0x74, 0x0e, 0x06, 0x53, 0xbb, 0x0d, 0x02  ; 732E
    db 0x53, 0xbb, 0x00, 0x02, 0x53, 0x9a, 0x48, 0x04, 0x08, 0xf4, 0x83, 0xc4, 0x06, 0xc4, 0x7e, 0xf6  ; 733E
    db 0x89, 0x3e, 0x5e, 0x04, 0x8c, 0x06, 0x60, 0x04, 0xc4, 0x56, 0xf2, 0x89, 0x16, 0x72, 0x04, 0x8c  ; 734E
    db 0x06, 0x74, 0x04, 0x8b, 0xe5, 0x5d, 0xca, 0x04, 0x00, 0x55, 0x8b, 0xec, 0x83, 0xec, 0x06, 0xe9  ; 735E
    db 0xba, 0x01, 0xbf, 0xf1, 0x90, 0x57, 0xba, 0x15, 0x01, 0x52, 0xbb, 0xf1, 0x90, 0x53, 0xb8, 0xff  ; 736E
    db 0x00, 0x50, 0xbf, 0x7d, 0x00, 0x57, 0x2b, 0xff, 0x57, 0x9a, 0x73, 0x0d, 0x13, 0xf3, 0x83, 0xc4  ; 737E
    db 0x0a, 0xe9, 0xfe, 0x01, 0xbf, 0xf1, 0x90, 0x57, 0xba, 0x2d, 0x01, 0x52, 0xbb, 0xf1, 0x90, 0x53  ; 738E
    db 0xb8, 0x16, 0x01, 0x50, 0xbf, 0x7d, 0x00, 0x57, 0x2b, 0xff, 0x57, 0x9a, 0x73, 0x0d, 0x13, 0xf3  ; 739E
    db 0x83, 0xc4, 0x0a, 0xe9, 0xdc, 0x01, 0xbf, 0xf1, 0x90, 0x57, 0xba, 0x43, 0x01, 0x52, 0xbb, 0xf1  ; 73AE
    db 0x90, 0x53, 0xb8, 0x2e, 0x01, 0x50, 0xbf, 0x7d, 0x00, 0x57, 0x2b, 0xff, 0x57, 0x9a, 0x73, 0x0d  ; 73BE
    db 0x13, 0xf3, 0x83, 0xc4, 0x0a, 0xe9, 0xba, 0x01, 0xbf, 0xf1, 0x90, 0x57, 0xba, 0x59, 0x01, 0x52  ; 73CE
    db 0xbb, 0xf1, 0x90, 0x53, 0xb8, 0x44, 0x01, 0x50, 0xbf, 0x7d, 0x00, 0x57, 0x2b, 0xff, 0x57, 0x9a  ; 73DE
    db 0x73, 0x0d, 0x13, 0xf3, 0x83, 0xc4, 0x0a, 0xe9, 0x98, 0x01, 0xbf, 0xf1, 0x90, 0x57, 0xba, 0x68  ; 73EE
    db 0x01, 0x52, 0xbb, 0xf1, 0x90, 0x53, 0xb8, 0x5a, 0x01, 0x50, 0xbf, 0x7d, 0x00, 0x57, 0x2b, 0xff  ; 73FE
    db 0x57, 0x9a, 0x73, 0x0d, 0x13, 0xf3, 0x83, 0xc4, 0x0a, 0xe9, 0x76, 0x01, 0xbf, 0xf1, 0x90, 0x57  ; 740E
    db 0xba, 0x85, 0x01, 0x52, 0xbb, 0xf1, 0x90, 0x53, 0xb8, 0x69, 0x01, 0x50, 0xbf, 0x7d, 0x00, 0x57  ; 741E
    db 0x2b, 0xff, 0x57, 0x9a, 0x73, 0x0d, 0x13, 0xf3, 0x83, 0xc4, 0x0a, 0xe9, 0x54, 0x01, 0xbf, 0xf1  ; 742E
    db 0x90, 0x57, 0xba, 0x99, 0x01, 0x52, 0xbb, 0xf1, 0x90, 0x53, 0xb8, 0x86, 0x01, 0x50, 0xbf, 0x7d  ; 743E
    db 0x00, 0x57, 0x2b, 0xff, 0x57, 0x9a, 0x73, 0x0d, 0x13, 0xf3, 0x83, 0xc4, 0x0a, 0xe9, 0x32, 0x01  ; 744E
    db 0xbf, 0xf1, 0x90, 0x57, 0xba, 0xb5, 0x01, 0x52, 0xbb, 0xf1, 0x90, 0x53, 0xb8, 0x9a, 0x01, 0x50  ; 745E
    db 0xbf, 0x7d, 0x00, 0x57, 0x2b, 0xff, 0x57, 0x9a, 0x73, 0x0d, 0x13, 0xf3, 0x83, 0xc4, 0x0a, 0xe9  ; 746E
    db 0x10, 0x01, 0xbf, 0xf1, 0x90, 0x57, 0xba, 0xca, 0x01, 0x52, 0xbb, 0xf1, 0x90, 0x53, 0xb8, 0xb6  ; 747E
    db 0x01, 0x50, 0xbf, 0x7d, 0x00, 0x57, 0x2b, 0xff, 0x57, 0x9a, 0x73, 0x0d, 0x13, 0xf3, 0x83, 0xc4  ; 748E
    db 0x0a, 0xe9, 0xee, 0x00, 0xbf, 0xf1, 0x90, 0x57, 0xba, 0xdf, 0x01, 0x52, 0xbb, 0xf1, 0x90, 0x53  ; 749E
    db 0xb8, 0xcb, 0x01, 0x50, 0xbf, 0x7d, 0x00, 0x57, 0x2b, 0xff, 0x57, 0x9a, 0x73, 0x0d, 0x13, 0xf3  ; 74AE
    db 0x83, 0xc4, 0x0a, 0xe9, 0xcc, 0x00, 0xbf, 0xf1, 0x90, 0x57, 0xba, 0xf6, 0x01, 0x52, 0xbb, 0xf1  ; 74BE
    db 0x90, 0x53, 0xb8, 0xe0, 0x01, 0x50, 0xbf, 0x7d, 0x00, 0x57, 0x2b, 0xff, 0x57, 0x9a, 0x73, 0x0d  ; 74CE
    db 0x13, 0xf3, 0x83, 0xc4, 0x0a, 0xe9, 0xaa, 0x00, 0xbf, 0xf1, 0x90, 0x57, 0xba, 0x0e, 0x02, 0x52  ; 74DE
    db 0xbb, 0xf1, 0x90, 0x53, 0xb8, 0xf7, 0x01, 0x50, 0xbf, 0x7d, 0x00, 0x57, 0x2b, 0xff, 0x57, 0x9a  ; 74EE
    db 0x73, 0x0d, 0x13, 0xf3, 0x83, 0xc4, 0x0a, 0xe9, 0x88, 0x00, 0xbf, 0xf1, 0x90, 0x57, 0xba, 0x1e  ; 74FE
    db 0x02, 0x52, 0xbb, 0xf1, 0x90, 0x53, 0xb8, 0x0f, 0x02, 0x50, 0xbf, 0x7d, 0x00, 0x57, 0x2b, 0xff  ; 750E
    db 0x57, 0x9a, 0x73, 0x0d, 0x13, 0xf3, 0x83, 0xc4, 0x0a, 0xe9, 0x66, 0x00, 0xa1, 0xda, 0x03, 0x3d  ; 751E
    db 0x01, 0x00, 0x75, 0x03, 0xe9, 0x3b, 0xfe, 0x3d, 0x02, 0x00, 0x75, 0x03, 0xe9, 0x55, 0xfe, 0x3d  ; 752E
    db 0x03, 0x00, 0x75, 0x03, 0xe9, 0x6f, 0xfe, 0x3d, 0x04, 0x00, 0x75, 0x03, 0xe9, 0x89, 0xfe, 0x3d  ; 753E
    db 0x05, 0x00, 0x75, 0x03, 0xe9, 0xa3, 0xfe, 0x3d, 0x06, 0x00, 0x75, 0x03, 0xe9, 0xbd, 0xfe, 0x3d  ; 754E
    db 0x07, 0x00, 0x75, 0x03, 0xe9, 0xd7, 0xfe, 0x3d, 0x08, 0x00, 0x75, 0x03, 0xe9, 0xf1, 0xfe, 0x3d  ; 755E
    db 0x09, 0x00, 0x75, 0x03, 0xe9, 0x4f, 0xff, 0x3d, 0x0a, 0x00, 0x75, 0x03, 0xe9, 0x25, 0xff, 0x3d  ; 756E
    db 0x0b, 0x00, 0x75, 0x03, 0xe9, 0xfb, 0xfe, 0x3d, 0x0c, 0x00, 0x75, 0x03, 0xe9, 0x59, 0xff, 0xe9  ; 757E
    db 0x78, 0xff, 0x8b, 0xe5, 0x5d, 0xcb, 0x55, 0x8b, 0xec, 0x83, 0xec, 0x06, 0x83, 0x7e, 0x06, 0x00  ; 758E
    db 0x75, 0x09, 0xc7, 0x06, 0xda, 0x03, 0x00, 0x00, 0xe9, 0x5a, 0x00, 0x8b, 0x7e, 0x06, 0x81, 0xe7  ; 759E
    db 0x40, 0x00, 0x83, 0xff, 0x00, 0x74, 0x09, 0xc7, 0x06, 0xda, 0x03, 0x0b, 0x00, 0xe9, 0x45, 0x00  ; 75AE
    db 0x8b, 0x7e, 0x06, 0x81, 0xe7, 0x01, 0x00, 0x83, 0xff, 0x00, 0x74, 0x09, 0xc7, 0x06, 0xda, 0x03  ; 75BE
    db 0x09, 0x00, 0xe9, 0x30, 0x00, 0x8b, 0x7e, 0x06, 0x81, 0xe7, 0x04, 0x00, 0x83, 0xff, 0x00, 0x74  ; 75CE
    db 0x09, 0xc7, 0x06, 0xda, 0x03, 0x0a, 0x00, 0xe9, 0x1b, 0x00, 0x8b, 0x7e, 0x06, 0x81, 0xe7, 0x02  ; 75DE
    db 0x00, 0x83, 0xff, 0x00, 0x74, 0x09, 0xc7, 0x06, 0xda, 0x03, 0x0c, 0x00, 0xe9, 0x06, 0x00, 0xc7  ; 75EE
    db 0x06, 0xda, 0x03, 0x03, 0x00, 0x8b, 0xe5, 0x5d, 0xca, 0x02, 0x00, 0x55, 0x8b, 0xec, 0x81, 0xec  ; 75FE
    db 0x8c, 0x00, 0x56, 0xbf, 0x41, 0x00, 0x57, 0x9a, 0x0e, 0x00, 0x70, 0x94, 0x89, 0x86, 0x76, 0xff  ; 760E
    db 0xc7, 0x86, 0x78, 0xff, 0x00, 0x00, 0xe9, 0x1b, 0x07, 0x8a, 0x56, 0x08, 0x38, 0x56, 0x06, 0x75  ; 761E
    db 0x0b, 0xc4, 0x7e, 0x0a, 0x26, 0xc7, 0x05, 0x04, 0x00, 0xe9, 0x12, 0x07, 0xc7, 0x86, 0x7a, 0xff  ; 762E
    db 0x00, 0x00, 0xc7, 0x86, 0x7c, 0xff, 0x00, 0x00, 0x8a, 0x56, 0x06, 0x2a, 0xf6, 0xd1, 0xe2, 0x89  ; 763E
    db 0x56, 0xf8, 0x42, 0x89, 0x56, 0xf6, 0x80, 0x7e, 0x06, 0x01, 0x72, 0x35, 0x80, 0x7e, 0x06, 0x03  ; 764E
    db 0x77, 0x2f, 0x8d, 0x7e, 0xa8, 0x89, 0x7e, 0xa4, 0x8c, 0x56, 0xa6, 0xc4, 0x5e, 0xa4, 0x06, 0x53  ; 765E
    db 0x8a, 0x46, 0x06, 0x2a, 0xe4, 0x50, 0x9a, 0x9b, 0x0c, 0xeb, 0x85, 0x83, 0xc4, 0x04, 0x89, 0x46  ; 766E
    db 0x9e, 0x3d, 0x00, 0x00, 0x74, 0x3b, 0xc4, 0x7e, 0x0a, 0x26, 0xc7, 0x05, 0x01, 0x00, 0xe9, 0xbd  ; 767E
    db 0x06, 0x8d, 0x7e, 0x9e, 0x16, 0x57, 0x8a, 0x56, 0x06, 0x2a, 0xf6, 0x52, 0x9a, 0x0c, 0x00, 0x71  ; 768E
    db 0x94, 0x83, 0xc4, 0x04, 0x89, 0x5e, 0xa4, 0x8c, 0x46, 0xa6, 0x8c, 0xc7, 0x0b, 0xfb, 0x75, 0x0b  ; 769E
    db 0xc4, 0x7e, 0x0a, 0x26, 0xc7, 0x05, 0x01, 0x00, 0xe9, 0x93, 0x06, 0xc7, 0x86, 0x7c, 0xff, 0x01  ; 76AE
    db 0x00, 0x8a, 0x56, 0x08, 0x2a, 0xf6, 0xd1, 0xe2, 0x89, 0x56, 0xf8, 0x42, 0x89, 0x56, 0xf6, 0x80  ; 76BE
    db 0x7e, 0x08, 0x01, 0x72, 0x6f, 0x80, 0x7e, 0x08, 0x03, 0x77, 0x69, 0xc4, 0x7e, 0xa4, 0x26, 0x8b  ; 76CE
    db 0x5d, 0x3a, 0x26, 0x03, 0x5d, 0x40, 0x89, 0x5e, 0x98, 0x81, 0xfb, 0x00, 0x08, 0x7e, 0x13, 0x80  ; 76DE
    db 0x7e, 0x08, 0x01, 0x76, 0x0d, 0x8c, 0xc0, 0xc4, 0x5e, 0x0a, 0x26, 0xc7, 0x07, 0x06, 0x00, 0xe9  ; 76EE
    db 0x4c, 0x06, 0x80, 0x7e, 0x08, 0x02, 0x74, 0x06, 0x80, 0x7e, 0x08, 0x03, 0x75, 0x39, 0xc7, 0x46  ; 76FE
    db 0x9a, 0x00, 0x00, 0xa0, 0xe4, 0x1b, 0x24, 0x02, 0x3c, 0x00, 0x74, 0x06, 0xa1, 0x46, 0x00, 0x01  ; 770E
    db 0x46, 0x9a, 0xa0, 0xe5, 0x1b, 0x24, 0x02, 0x3c, 0x00, 0x74, 0x06, 0xa1, 0x4a, 0x00, 0x01, 0x46  ; 771E
    db 0x9a, 0x81, 0x7e, 0x9a, 0xff, 0x0f, 0x7c, 0x2e, 0xbf, 0x01, 0x00, 0x57, 0x9a, 0xc4, 0x00, 0xe6  ; 772E
    db 0xf8, 0xe9, 0x22, 0x00, 0xe9, 0xfe, 0x03, 0x80, 0x7e, 0x08, 0x01, 0x75, 0x19, 0x81, 0x7e, 0x98  ; 773E
    db 0xff, 0x0f, 0x7c, 0x12, 0xbf, 0x02, 0x00, 0x57, 0x9a, 0xc4, 0x00, 0xe6, 0xf8, 0xbf, 0x03, 0x00  ; 774E
    db 0x57, 0x9a, 0xc4, 0x00, 0xe6, 0xf8, 0x8a, 0x56, 0x08, 0x2a, 0xf6, 0x52, 0x9a, 0x94, 0x03, 0x08  ; 775E
    db 0xf0, 0xbf, 0x01, 0x00, 0x57, 0x9a, 0x35, 0x00, 0xc6, 0x97, 0xe9, 0x05, 0x00, 0x9a, 0x0c, 0x00  ; 776E
    db 0x93, 0xe6, 0xbf, 0x01, 0x00, 0x57, 0x9a, 0x0e, 0x00, 0xc6, 0x97, 0x3d, 0x00, 0x00, 0x75, 0xed  ; 777E
    db 0xc4, 0x7e, 0xa4, 0x26, 0xc4, 0x55, 0x36, 0x89, 0x56, 0x94, 0x8c, 0x46, 0x96, 0xc4, 0x1e, 0x80  ; 778E
    db 0x1c, 0x8b, 0x46, 0xf8, 0xd1, 0xe0, 0xd1, 0xe0, 0xd1, 0xe0, 0x8c, 0xc2, 0xc4, 0x3e, 0x94, 0x1c  ; 779E
    db 0x8b, 0xf3, 0x8b, 0xd8, 0x8b, 0xc6, 0x26, 0x03, 0x01, 0x89, 0x46, 0x90, 0x89, 0x56, 0x92, 0x8c  ; 77AE
    db 0xc2, 0xc4, 0x36, 0x94, 0x1c, 0x26, 0x8b, 0x00, 0x8b, 0x76, 0xf8, 0xd1, 0xe6, 0xd1, 0xe6, 0x89  ; 77BE
    db 0x84, 0x3c, 0x00, 0xc4, 0x7e, 0xa4, 0x26, 0x8b, 0x75, 0x3a, 0x89, 0x76, 0x98, 0x8b, 0x7e, 0xf8  ; 77CE
    db 0xd1, 0xe7, 0xd1, 0xe7, 0x89, 0xb5, 0x3e, 0x00, 0x56, 0xc4, 0x56, 0x90, 0x06, 0x52, 0xc4, 0x56  ; 77DE
    db 0x94, 0x06, 0x52, 0x9a, 0x29, 0x00, 0xbe, 0xfb, 0x83, 0xc4, 0x06, 0xc4, 0x7e, 0x90, 0x8c, 0xc2  ; 77EE
    db 0xc4, 0x76, 0xa4, 0x26, 0x8b, 0x5c, 0x32, 0x03, 0x1e, 0x02, 0x1c, 0x8b, 0xc7, 0x03, 0xc3, 0x89  ; 77FE
    db 0x46, 0x84, 0x89, 0x56, 0x86, 0xc4, 0x76, 0x84, 0x8c, 0xc2, 0xc4, 0x5e, 0xa4, 0x8b, 0xfe, 0x26  ; 780E
    db 0x03, 0x7f, 0x34, 0x89, 0x7e, 0x80, 0x89, 0x56, 0x82, 0x26, 0x83, 0x7f, 0x34, 0x00, 0x7e, 0x51  ; 781E
    db 0xc4, 0x7e, 0x90, 0x8b, 0xc7, 0x03, 0x06, 0x02, 0x1c, 0x89, 0x46, 0x8c, 0x8c, 0x46, 0x8e, 0xe9  ; 782E
    db 0x28, 0x00, 0x8b, 0x7e, 0x8c, 0x8b, 0x76, 0x84, 0x3b, 0xfe, 0x72, 0x14, 0x8b, 0x7e, 0x8c, 0x8b  ; 783E
    db 0x76, 0x80, 0x3b, 0xfe, 0x77, 0x0a, 0xc4, 0x7e, 0x8c, 0x26, 0xc6, 0x05, 0x0b, 0xe9, 0x07, 0x00  ; 784E
    db 0xc4, 0x7e, 0x8c, 0x26, 0xc6, 0x05, 0x09, 0xff, 0x46, 0x8c, 0xc4, 0x7e, 0x8c, 0xa1, 0x02, 0x1c  ; 785E
    db 0x03, 0x46, 0x98, 0xc4, 0x76, 0x90, 0x8b, 0xd6, 0x03, 0xd0, 0x3b, 0xfa, 0x72, 0xc4, 0xe9, 0x30  ; 786E
    db 0x00, 0xc4, 0x7e, 0x90, 0x8b, 0xf7, 0x03, 0x36, 0x02, 0x1c, 0x89, 0x76, 0x8c, 0x8c, 0x46, 0x8e  ; 787E
    db 0xe9, 0x0a, 0x00, 0xc4, 0x7e, 0x8c, 0x26, 0xc6, 0x05, 0x09, 0xff, 0x46, 0x8c, 0xc4, 0x7e, 0x8c  ; 788E
    db 0xa1, 0x02, 0x1c, 0x03, 0x46, 0x98, 0xc4, 0x76, 0x90, 0x8b, 0xd6, 0x03, 0xd0, 0x3b, 0xfa, 0x72  ; 789E
    db 0xe2, 0xc4, 0x7e, 0x90, 0x8b, 0xf7, 0x03, 0x36, 0x02, 0x1c, 0x89, 0x76, 0x8c, 0x8c, 0x46, 0x8e  ; 78AE
    db 0xc4, 0x5e, 0x8c, 0xff, 0x46, 0x8c, 0x26, 0xc6, 0x07, 0x0b, 0xc4, 0x76, 0x8c, 0x26, 0xc6, 0x04  ; 78BE
    db 0x0b, 0xc4, 0x56, 0x90, 0x06, 0x52, 0x9a, 0x0f, 0x00, 0xc2, 0xfb, 0x89, 0x86, 0x74, 0xff, 0x8b  ; 78CE
    db 0x46, 0xf8, 0xba, 0x14, 0x00, 0xf7, 0xea, 0xbf, 0xa6, 0x00, 0x03, 0xf8, 0x83, 0xc7, 0x0f, 0x1e  ; 78DE
    db 0x57, 0x8d, 0xb6, 0x74, 0xff, 0x16, 0x56, 0x9a, 0x2d, 0x00, 0xc2, 0xfb, 0x83, 0xc4, 0x04, 0x8b  ; 78EE
    db 0x46, 0xf8, 0xba, 0x14, 0x00, 0xf7, 0xea, 0x8b, 0xf8, 0x8a, 0x95, 0xb5, 0x00, 0x88, 0x95, 0xb7  ; 78FE
    db 0x00, 0x8a, 0x9d, 0xb6, 0x00, 0x88, 0x9d, 0xb8, 0x00, 0xc4, 0x5e, 0xa4, 0x26, 0xc4, 0x5f, 0x3c  ; 790E
    db 0x89, 0x5e, 0x94, 0x8c, 0x46, 0x96, 0xc4, 0x16, 0x80, 0x1c, 0x8b, 0x76, 0xf6, 0xd1, 0xe6, 0xd1  ; 791E
    db 0xe6, 0xd1, 0xe6, 0x8c, 0xc0, 0xc4, 0x1e, 0x94, 0x1c, 0x26, 0x8b, 0x38, 0xc4, 0x76, 0xa4, 0x26  ; 792E
    db 0x03, 0x7c, 0x3a, 0x8b, 0xda, 0x03, 0xdf, 0x89, 0x5e, 0x90, 0x89, 0x46, 0x92, 0x8b, 0x5e, 0xf6  ; 793E
    db 0xd1, 0xe3, 0xd1, 0xe3, 0xd1, 0xe3, 0x8c, 0xc7, 0xc4, 0x06, 0x94, 0x1c, 0x8b, 0xd7, 0x8b, 0xf8  ; 794E
    db 0x26, 0x8b, 0x01, 0x8e, 0xc2, 0x26, 0x03, 0x44, 0x3a, 0x8b, 0x7e, 0xf6, 0xd1, 0xe7, 0xd1, 0xe7  ; 795E
    db 0x89, 0x85, 0x3c, 0x00, 0x26, 0x8b, 0x7c, 0x40, 0x89, 0x7e, 0x98, 0x8b, 0x56, 0xf6, 0xd1, 0xe2  ; 796E
    db 0xd1, 0xe2, 0x8b, 0xda, 0x89, 0xbf, 0x3e, 0x00, 0x06, 0x57, 0xc4, 0x46, 0x90, 0x06, 0x50, 0xc4  ; 797E
    db 0x46, 0x94, 0x06, 0x50, 0x9a, 0x29, 0x00, 0xbe, 0xfb, 0x83, 0xc4, 0x06, 0xc4, 0x7e, 0x90, 0x8c  ; 798E
    db 0xc2, 0xc4, 0x5e, 0xa4, 0x26, 0x8b, 0x47, 0x32, 0x03, 0x06, 0x02, 0x1c, 0x8b, 0xf7, 0x03, 0xf0  ; 799E
    db 0x89, 0x76, 0x84, 0x89, 0x56, 0x86, 0xc4, 0x76, 0x84, 0x8c, 0xc2, 0xc4, 0x5e, 0xa4, 0x8b, 0xc6  ; 79AE
    db 0x26, 0x03, 0x47, 0x34, 0x89, 0x46, 0x80, 0x89, 0x56, 0x82, 0x83, 0xc4, 0x02, 0x26, 0x83, 0x7f  ; 79BE
    db 0x34, 0x00, 0x7e, 0x51, 0xc4, 0x7e, 0x90, 0x8b, 0xd7, 0x03, 0x16, 0x02, 0x1c, 0x89, 0x56, 0x8c  ; 79CE
    db 0x8c, 0x46, 0x8e, 0xe9, 0x28, 0x00, 0x8b, 0x7e, 0x8c, 0x8b, 0x76, 0x84, 0x3b, 0xfe, 0x72, 0x14  ; 79DE
    db 0x8b, 0x7e, 0x8c, 0x8b, 0x76, 0x80, 0x3b, 0xfe, 0x77, 0x0a, 0xc4, 0x7e, 0x8c, 0x26, 0xc6, 0x05  ; 79EE
    db 0x0b, 0xe9, 0x07, 0x00, 0xc4, 0x7e, 0x8c, 0x26, 0xc6, 0x05, 0x09, 0xff, 0x46, 0x8c, 0xc4, 0x7e  ; 79FE
    db 0x8c, 0xa1, 0x02, 0x1c, 0x03, 0x46, 0x98, 0xc4, 0x76, 0x90, 0x8b, 0xd6, 0x03, 0xd0, 0x3b, 0xfa  ; 7A0E
    db 0x72, 0xc4, 0xe9, 0x30, 0x00, 0xc4, 0x7e, 0x90, 0x8b, 0xf7, 0x03, 0x36, 0x02, 0x1c, 0x89, 0x76  ; 7A1E
    db 0x8c, 0x8c, 0x46, 0x8e, 0xe9, 0x0a, 0x00, 0xc4, 0x7e, 0x8c, 0x26, 0xc6, 0x05, 0x09, 0xff, 0x46  ; 7A2E
    db 0x8c, 0xc4, 0x7e, 0x8c, 0xa1, 0x02, 0x1c, 0x03, 0x46, 0x98, 0xc4, 0x76, 0x90, 0x8b, 0xd6, 0x03  ; 7A3E
    db 0xd0, 0x3b, 0xfa, 0x72, 0xe2, 0xc4, 0x7e, 0x90, 0x8b, 0xf7, 0x03, 0x36, 0x02, 0x1c, 0x89, 0x76  ; 7A4E
    db 0x8c, 0x8c, 0x46, 0x8e, 0xc4, 0x5e, 0x8c, 0xff, 0x46, 0x8c, 0x26, 0xc6, 0x07, 0x0b, 0xc4, 0x76  ; 7A5E
    db 0x8c, 0x26, 0xc6, 0x04, 0x0b, 0xc4, 0x56, 0x90, 0x06, 0x52, 0x9a, 0x0f, 0x00, 0xc2, 0xfb, 0x89  ; 7A6E
    db 0x86, 0x74, 0xff, 0x8b, 0x46, 0xf6, 0xba, 0x14, 0x00, 0xf7, 0xea, 0xbf, 0xa6, 0x00, 0x03, 0xf8  ; 7A7E
    db 0x83, 0xc7, 0x0f, 0x1e, 0x57, 0x8d, 0xb6, 0x74, 0xff, 0x16, 0x56, 0x9a, 0x2d, 0x00, 0xc2, 0xfb  ; 7A8E
    db 0x83, 0xc4, 0x04, 0x8b, 0x46, 0xf6, 0xba, 0x14, 0x00, 0xf7, 0xea, 0x8b, 0xf8, 0x8a, 0x95, 0xb5  ; 7A9E
    db 0x00, 0x88, 0x95, 0xb7, 0x00, 0x8a, 0x9d, 0xb6, 0x00, 0x88, 0x9d, 0xb8, 0x00, 0xc4, 0x76, 0xa4  ; 7AAE
    db 0x06, 0x56, 0x8a, 0x56, 0x08, 0x2a, 0xf6, 0x52, 0x9a, 0xbf, 0x10, 0xeb, 0x85, 0x83, 0xc4, 0x04  ; 7ABE
    db 0x89, 0x46, 0x9c, 0x8b, 0x46, 0xf8, 0xba, 0x14, 0x00, 0xf7, 0xea, 0x8b, 0xf8, 0xc7, 0x85, 0xa8  ; 7ACE
    db 0x00, 0x00, 0x00, 0xc7, 0x85, 0xaa, 0x00, 0x01, 0x00, 0xc4, 0x5e, 0xa4, 0x26, 0x83, 0x7f, 0x3a  ; 7ADE
    db 0x00, 0x74, 0x05, 0xc6, 0x85, 0xa6, 0x00, 0x06, 0x8b, 0x46, 0xf6, 0xba, 0x14, 0x00, 0xf7, 0xea  ; 7AEE
    db 0x8b, 0xf8, 0xc7, 0x85, 0xa8, 0x00, 0x00, 0x00, 0xc7, 0x85, 0xaa, 0x00, 0x01, 0x00, 0xc4, 0x76  ; 7AFE
    db 0xa4, 0x26, 0x83, 0x7c, 0x40, 0x00, 0x74, 0x05, 0xc6, 0x85, 0xa6, 0x00, 0x06, 0x8a, 0x56, 0x08  ; 7B0E
    db 0x2a, 0xf6, 0xd1, 0xe2, 0x8b, 0xfa, 0x81, 0x8d, 0x5a, 0x05, 0x5f, 0x0b, 0x8a, 0x5e, 0x08, 0x2a  ; 7B1E
    db 0xff, 0x53, 0x9a, 0x06, 0x00, 0xe6, 0xf8, 0x8a, 0x56, 0x08, 0x2a, 0xf6, 0x52, 0x9a, 0x1b, 0x07  ; 7B2E
    db 0xa2, 0xed, 0xe9, 0xfb, 0x01, 0x80, 0x7e, 0x06, 0x61, 0x72, 0x78, 0x80, 0x7e, 0x06, 0x7a, 0x77  ; 7B3E
    db 0x72, 0x8a, 0x56, 0x06, 0x2a, 0xf6, 0x52, 0x9a, 0x8c, 0x06, 0x71, 0x94, 0x8d, 0x7e, 0x9c, 0x16  ; 7B4E
    db 0x57, 0xc4, 0x76, 0xa4, 0x06, 0x56, 0x8a, 0x56, 0x08, 0x2a, 0xf6, 0x52, 0x9a, 0x4b, 0x01, 0x71  ; 7B5E
    db 0x94, 0x83, 0xc4, 0x08, 0x89, 0x5e, 0x88, 0x8c, 0x46, 0x8a, 0x8c, 0xc7, 0x0b, 0xfb, 0x75, 0x13  ; 7B6E
    db 0xc4, 0x7e, 0x0a, 0x26, 0xc7, 0x05, 0x03, 0x00, 0xff, 0x76, 0x9c, 0x9a, 0xe4, 0x16, 0xeb, 0x85  ; 7B7E
    db 0xe9, 0xbb, 0x01, 0xc7, 0x86, 0x7a, 0xff, 0x01, 0x00, 0x8d, 0x7e, 0x9e, 0x16, 0x57, 0x8a, 0x56  ; 7B8E
    db 0x06, 0x2a, 0xf6, 0x52, 0x9a, 0x0c, 0x00, 0x71, 0x94, 0x83, 0xc4, 0x04, 0x89, 0x5e, 0xa0, 0x8c  ; 7B9E
    db 0x46, 0xa2, 0x8c, 0xc7, 0x0b, 0xfb, 0x75, 0x06, 0xc7, 0x86, 0x7c, 0xff, 0x00, 0x00, 0xc4, 0x7e  ; 7BAE
    db 0xa4, 0xeb, 0x03, 0xe9, 0xb1, 0x00, 0x26, 0x8b, 0x75, 0x3a, 0x26, 0x03, 0x75, 0x40, 0x8c, 0xc2  ; 7BBE
    db 0xc4, 0x5e, 0xa0, 0x26, 0x8b, 0x47, 0x3a, 0x26, 0x03, 0x47, 0x40, 0x3b, 0xf0, 0x75, 0x78, 0x8c  ; 7BCE
    db 0xc6, 0x8e, 0xc2, 0x26, 0xc4, 0x7d, 0x36, 0x89, 0x7e, 0x94, 0x8c, 0x46, 0x96, 0xc4, 0x7e, 0x88  ; 7BDE
    db 0x89, 0x7e, 0x90, 0x8c, 0x46, 0x92, 0xc7, 0x86, 0x7e, 0xff, 0x00, 0x00, 0xe9, 0x1a, 0x00, 0xc4  ; 7BEE
    db 0x7e, 0x90, 0xff, 0x46, 0x90, 0x8c, 0xc2, 0xc4, 0x76, 0x94, 0xff, 0x46, 0x94, 0x26, 0x8a, 0x1c  ; 7BFE
    db 0x8e, 0xc2, 0x26, 0x88, 0x1d, 0xff, 0x86, 0x7e, 0xff, 0x8b, 0xbe, 0x7e, 0xff, 0xc4, 0x76, 0xa4  ; 7C0E
    db 0x26, 0x8b, 0x54, 0x3a, 0x3b, 0xfa, 0x7c, 0xd7, 0x26, 0xc4, 0x54, 0x3c, 0x89, 0x56, 0x94, 0x8c  ; 7C1E
    db 0x46, 0x96, 0xc7, 0x86, 0x7e, 0xff, 0x00, 0x00, 0xe9, 0x1a, 0x00, 0xc4, 0x7e, 0x90, 0xff, 0x46  ; 7C2E
    db 0x90, 0x8c, 0xc2, 0xc4, 0x76, 0x94, 0xff, 0x46, 0x94, 0x26, 0x8a, 0x1c, 0x8e, 0xc2, 0x26, 0x88  ; 7C3E
    db 0x1d, 0xff, 0x86, 0x7e, 0xff, 0xeb, 0x03, 0xe9, 0x12, 0x00, 0x8b, 0xbe, 0x7e, 0xff, 0xc4, 0x76  ; 7C4E
    db 0xa4, 0x26, 0x8b, 0x54, 0x40, 0x3b, 0xfa, 0x7c, 0xd2, 0xe9, 0xd4, 0x00, 0xc4, 0x7e, 0x0a, 0x26  ; 7C5E
    db 0xc7, 0x05, 0x02, 0x00, 0xe9, 0xd7, 0x00, 0x8d, 0x7e, 0x9c, 0x16, 0x57, 0xc4, 0x76, 0xa4, 0x06  ; 7C6E
    db 0x56, 0x8a, 0x56, 0x08, 0x2a, 0xf6, 0x52, 0x9a, 0x4b, 0x01, 0x71, 0x94, 0x83, 0xc4, 0x08, 0x89  ; 7C7E
    db 0x5e, 0x88, 0x8c, 0x46, 0x8a, 0x8c, 0xc7, 0x0b, 0xfb, 0x74, 0x61, 0xc7, 0x86, 0x7a, 0xff, 0x01  ; 7C8E
    db 0x00, 0xc4, 0x7e, 0xa4, 0x26, 0xc4, 0x55, 0x36, 0x89, 0x56, 0x94, 0x8c, 0x46, 0x96, 0xc4, 0x5e  ; 7C9E
    db 0x88, 0x89, 0x5e, 0x90, 0x8c, 0x46, 0x92, 0xc7, 0x86, 0x7e, 0xff, 0x00, 0x00, 0xe9, 0x1a, 0x00  ; 7CAE
    db 0xc4, 0x7e, 0x90, 0xff, 0x46, 0x90, 0x8c, 0xc2, 0xc4, 0x76, 0x94, 0xff, 0x46, 0x94, 0x26, 0x8a  ; 7CBE
    db 0x1c, 0x8e, 0xc2, 0x26, 0x88, 0x1d, 0xff, 0x86, 0x7e, 0xff, 0x8b, 0xbe, 0x7e, 0xff, 0xc4, 0x76  ; 7CCE
    db 0xa4, 0x26, 0x8b, 0x54, 0x3a, 0x3b, 0xfa, 0x7c, 0xd7, 0x26, 0xc4, 0x54, 0x3c, 0x89, 0x56, 0x94  ; 7CDE
    db 0x8c, 0x46, 0x96, 0xc7, 0x86, 0x7e, 0xff, 0x00, 0x00, 0xe9, 0x1d, 0x00, 0xe9, 0x2c, 0x00, 0xc4  ; 7CEE
    db 0x7e, 0x90, 0xff, 0x46, 0x90, 0x8c, 0xc2, 0xc4, 0x76, 0x94, 0xff, 0x46, 0x94, 0x26, 0x8a, 0x1c  ; 7CFE
    db 0x8e, 0xc2, 0x26, 0x88, 0x1d, 0xff, 0x86, 0x7e, 0xff, 0x8b, 0xbe, 0x7e, 0xff, 0xc4, 0x76, 0xa4  ; 7D0E
    db 0x26, 0x8b, 0x54, 0x40, 0x3b, 0xfa, 0x7c, 0xd7, 0xe9, 0x15, 0x00, 0xc4, 0x7e, 0x0a, 0x26, 0xc7  ; 7D1E
    db 0x05, 0x03, 0x00, 0xff, 0x76, 0x9c, 0x9a, 0xe4, 0x16, 0xeb, 0x85, 0xc6, 0x06, 0x68, 0x04, 0x01  ; 7D2E
    db 0xff, 0x86, 0x78, 0xff, 0x83, 0xbe, 0x78, 0xff, 0x01, 0x7d, 0x03, 0xe9, 0xdb, 0xf8, 0x80, 0x7e  ; 7D3E
    db 0x06, 0x61, 0x72, 0x18, 0x80, 0x7e, 0x06, 0x7a, 0x77, 0x12, 0x83, 0xbe, 0x7c, 0xff, 0x01, 0x75  ; 7D4E
    db 0x0b, 0x8a, 0x56, 0x06, 0x2a, 0xf6, 0x52, 0x9a, 0x8c, 0x06, 0x71, 0x94, 0x80, 0x7e, 0x08, 0x61  ; 7D5E
    db 0x72, 0x18, 0x80, 0x7e, 0x06, 0x7a, 0x77, 0x12, 0x83, 0xbe, 0x7a, 0xff, 0x01, 0x75, 0x0b, 0x8a  ; 7D6E
    db 0x56, 0x08, 0x2a, 0xf6, 0x52, 0x9a, 0x8c, 0x06, 0x71, 0x94, 0xff, 0xb6, 0x76, 0xff, 0x9a, 0x0e  ; 7D7E
    db 0x00, 0x70, 0x94, 0x89, 0x86, 0x78, 0xff, 0x5e, 0x8b, 0xe5, 0x5d, 0xca, 0x02, 0x00, 0x55, 0x8b  ; 7D8E
    db 0xec, 0x83, 0xec, 0x08, 0xe9, 0x80, 0x00, 0xc6, 0x06, 0x68, 0x04, 0x01, 0xc7, 0x06, 0xc6, 0x04  ; 7D9E
    db 0x00, 0x00, 0x2b, 0xff, 0x57, 0x9a, 0xbc, 0x0e, 0xcf, 0x92, 0x89, 0x46, 0xf8, 0x50, 0x9a, 0x8e  ; 7DAE
    db 0x1f, 0xeb, 0x85, 0xe9, 0x74, 0x00, 0x83, 0x3e, 0x2a, 0x05, 0x00, 0x74, 0x07, 0xa1, 0x2a, 0x05  ; 7DBE
    db 0x01, 0x06, 0xc6, 0x04, 0x81, 0x3e, 0xc6, 0x04, 0xfa, 0x00, 0x7e, 0x20, 0xbf, 0x01, 0x00, 0x57  ; 7DCE
    db 0x9a, 0xbc, 0x0e, 0xcf, 0x92, 0x89, 0x46, 0xf8, 0x50, 0x9a, 0x8e, 0x1f, 0xeb, 0x85, 0xc7, 0x06  ; 7DDE
    db 0xc6, 0x04, 0x00, 0x00, 0xc6, 0x06, 0x6a, 0x04, 0x01, 0xe9, 0x25, 0x00, 0x81, 0x3e, 0xc6, 0x04  ; 7DEE
    db 0x06, 0xff, 0x7d, 0x1d, 0xbf, 0xff, 0xff, 0x57, 0x9a, 0xbc, 0x0e, 0xcf, 0x92, 0x89, 0x46, 0xf8  ; 7DFE
    db 0x50, 0x9a, 0x8e, 0x1f, 0xeb, 0x85, 0xc7, 0x06, 0xc6, 0x04, 0x00, 0x00, 0xc6, 0x06, 0x6a, 0x04  ; 7E0E
    db 0x01, 0xe9, 0x16, 0x00, 0xe9, 0x13, 0x00, 0x8b, 0x46, 0x06, 0x3d, 0x01, 0x00, 0x75, 0x03, 0xe9  ; 7E1E
    db 0x75, 0xff, 0x3d, 0x03, 0x00, 0x74, 0x8f, 0xe9, 0xea, 0xff, 0x8b, 0xe5, 0x5d, 0xca, 0x02, 0x00  ; 7E2E
    db 0x55, 0x8b, 0xec, 0x83, 0xec, 0x06, 0x83, 0x7e, 0x06, 0x00, 0x75, 0x1d, 0xbf, 0xf1, 0x90, 0x57  ; 7E3E
    db 0xba, 0x1f, 0x02, 0x52, 0x1e, 0xbb, 0x76, 0x04, 0x53, 0x9a, 0x6a, 0x04, 0x9b, 0xf5, 0x83, 0xc4  ; 7E4E
    db 0x04, 0xc6, 0x06, 0x79, 0x04, 0x00, 0xe9, 0x56, 0x00, 0x83, 0x7e, 0x06, 0x04, 0x7f, 0x27, 0xbf  ; 7E5E
    db 0xf1, 0x90, 0x57, 0xba, 0x23, 0x02, 0x52, 0x1e, 0xbb, 0x76, 0x04, 0x53, 0x9a, 0x6a, 0x04, 0x9b  ; 7E6E
    db 0xf5, 0x83, 0xc4, 0x04, 0x8a, 0x56, 0x06, 0x80, 0xc2, 0x30, 0x88, 0x16, 0x79, 0x04, 0xc6, 0x06  ; 7E7E
    db 0x7a, 0x04, 0x00, 0xe9, 0x29, 0x00, 0xbf, 0xf1, 0x90, 0x57, 0xba, 0x27, 0x02, 0x52, 0x1e, 0xbb  ; 7E8E
    db 0x76, 0x04, 0x53, 0x9a, 0x6a, 0x04, 0x9b, 0xf5, 0x83, 0xc4, 0x04, 0x8b, 0x7e, 0x06, 0x83, 0xc7  ; 7E9E
    db 0xfc, 0x8b, 0xd7, 0x80, 0xc2, 0x41, 0x88, 0x16, 0x79, 0x04, 0xc6, 0x06, 0x7a, 0x04, 0x00, 0x8b  ; 7EAE
    db 0xe5, 0x5d, 0xca, 0x02, 0x00, 0x55, 0x8b, 0xec, 0x83, 0xec, 0x08, 0xe9, 0x65, 0x00, 0xc6, 0x06  ; 7EBE
    db 0x68, 0x04, 0x01, 0xc7, 0x06, 0xc6, 0x04, 0x00, 0x00, 0x83, 0x3e, 0x2a, 0x05, 0x00, 0x74, 0x07  ; 7ECE
    db 0xa1, 0x2a, 0x05, 0x01, 0x06, 0xc6, 0x04, 0x81, 0x3e, 0xc6, 0x04, 0xfa, 0x00, 0x7f, 0x08, 0x81  ; 7EDE
    db 0x3e, 0xc6, 0x04, 0x06, 0xff, 0x7d, 0x17, 0xbf, 0x01, 0x00, 0x57, 0x9a, 0x17, 0x0f, 0xcf, 0x92  ; 7EEE
    db 0x89, 0x46, 0xf8, 0xc7, 0x06, 0xc6, 0x04, 0x00, 0x00, 0xc6, 0x06, 0x6a, 0x04, 0x01, 0x2b, 0xff  ; 7EFE
    db 0x57, 0x9a, 0x17, 0x0f, 0xcf, 0x92, 0x89, 0x46, 0xf8, 0x3d, 0x01, 0x00, 0x75, 0x08, 0xc6, 0x06  ; 7F0E
    db 0x76, 0x04, 0x31, 0xe9, 0x05, 0x00, 0xc6, 0x06, 0x76, 0x04, 0x32, 0xc6, 0x06, 0x77, 0x04, 0x00  ; 7F1E
    db 0xe9, 0x0d, 0x00, 0x8b, 0x46, 0x06, 0x3d, 0x01, 0x00, 0x74, 0x93, 0x3d, 0x03, 0x00, 0x74, 0x99  ; 7F2E
    db 0x8b, 0xe5, 0x5d, 0xca, 0x02, 0x00, 0x55, 0x8b, 0xec, 0x83, 0xec, 0x08, 0xe9, 0x85, 0x00, 0xc6  ; 7F3E
    db 0x06, 0x68, 0x04, 0x01, 0xc7, 0x06, 0xc6, 0x04, 0x00, 0x00, 0x83, 0x3e, 0x2a, 0x05, 0x00, 0x74  ; 7F4E
    db 0x07, 0xa1, 0x2a, 0x05, 0x01, 0x06, 0xc6, 0x04, 0x81, 0x3e, 0xc6, 0x04, 0xfa, 0x00, 0x7f, 0x08  ; 7F5E
    db 0x81, 0x3e, 0xc6, 0x04, 0x06, 0xff, 0x7d, 0x17, 0xbf, 0x01, 0x00, 0x57, 0x9a, 0x7e, 0x0f, 0xcf  ; 7F6E
    db 0x92, 0x89, 0x46, 0xf8, 0xc7, 0x06, 0xc6, 0x04, 0x00, 0x00, 0xc6, 0x06, 0x6a, 0x04, 0x01, 0x2b  ; 7F7E
    db 0xff, 0x57, 0x9a, 0x7e, 0x0f, 0xcf, 0x92, 0x89, 0x46, 0xf8, 0x3d, 0x01, 0x00, 0x75, 0x18, 0xbf  ; 7F8E
    db 0xf1, 0x90, 0x57, 0xba, 0x2b, 0x02, 0x52, 0x1e, 0xbb, 0x76, 0x04, 0x53, 0x9a, 0x6a, 0x04, 0x9b  ; 7F9E
    db 0xf5, 0x83, 0xc4, 0x04, 0xe9, 0x15, 0x00, 0xbf, 0xf1, 0x90, 0x57, 0xba, 0x2f, 0x02, 0x52, 0x1e  ; 7FAE
    db 0xbb, 0x76, 0x04, 0x53, 0x9a, 0x6a, 0x04, 0x9b, 0xf5, 0x83, 0xc4, 0x04, 0xc6, 0x06, 0x79, 0x04  ; 7FBE
    db 0x00, 0xe9, 0x13, 0x00, 0x8b, 0x46, 0x06, 0x3d, 0x01, 0x00, 0x75, 0x03, 0xe9, 0x70, 0xff, 0x3d  ; 7FCE
    db 0x03, 0x00, 0x75, 0x03, 0xe9, 0x73, 0xff, 0x8b, 0xe5, 0x5d, 0xca, 0x02, 0x00, 0xff, 0xff, 0xff  ; 7FDE
    db 0xff, 0xff, 0xff, 0xff, 0xff, 0xff, 0xff, 0xff, 0xff, 0xff, 0xff, 0xff, 0xff, 0xff, 0xff, 0xff  ; 7FEE
    db 0xff, 0xff, 0xea, 0x00, 0x00, 0x4c, 0xe6, 0xff, 0x01, 0x00, 0x02, 0x00, 0x05, 0x00, 0x00, 0x00  ; 7FFE
    db 0x09, 0x14, 0x02, 0x00, 0x04, 0x00, 0x08, 0x00, 0x00, 0x00, 0x0e, 0x14, 0x09, 0x3d, 0x35, 0x0c  ; 800E
    db 0x2d, 0x31, 0x01, 0x00, 0x21, 0x94, 0x01, 0x00, 0x02, 0x00, 0x05, 0x00, 0x00, 0x00, 0x1c, 0x19  ; 801E
    db 0x01, 0x00, 0x02, 0x00, 0x04, 0x00, 0x00, 0x00, 0x1b, 0x19, 0x02, 0x00, 0x04, 0x00, 0x08, 0x00  ; 802E
    db 0x00, 0x00, 0x1b, 0x19, 0x04, 0x00, 0x08, 0x00, 0x10, 0x00, 0x00, 0x00, 0x1b, 0x19, 0x02, 0x00  ; 803E
    db 0x04, 0x00, 0x08, 0x00, 0x00, 0x00, 0x1b, 0x19, 0x08, 0x00, 0x10, 0x00, 0x20, 0x00, 0x00, 0x00  ; 804E
    db 0x1b, 0x19, 0x2a, 0x01, 0x9f, 0x83, 0x43, 0x01, 0x9f, 0x83, 0x62, 0x01, 0x9f, 0x83, 0x96, 0x01  ; 805E
    db 0x9f, 0x83, 0x45, 0x02, 0x9f, 0x83, 0x3c, 0x03, 0x9f, 0x83, 0x5c, 0x03, 0x9f, 0x83, 0xe4, 0x03  ; 806E
    db 0x9f, 0x83, 0x89, 0x04, 0x9f, 0x83, 0x32, 0x05, 0x9f, 0x83, 0xa5, 0x06, 0x9f, 0x83, 0xaf, 0x06  ; 807E
    db 0x9f, 0x83, 0xb9, 0x06, 0x9f, 0x83, 0x50, 0x08, 0x9f, 0x83, 0x04, 0x09, 0x9f, 0x83, 0x00, 0x0a  ; 808E
    db 0x9f, 0x83, 0xe0, 0x0a, 0x9f, 0x83, 0xa9, 0x14, 0x9f, 0x83, 0x41, 0x15, 0x9f, 0x83, 0x4b, 0x15  ; 809E
    db 0x9f, 0x83, 0xcf, 0x15, 0x9f, 0x83, 0x32, 0x16, 0x9f, 0x83, 0xa8, 0x16, 0x9f, 0x83, 0x52, 0x04  ; 80AE
    db 0x9f, 0x83, 0x19, 0x00, 0x06, 0x17, 0x20, 0x16, 0x14, 0xfe, 0x0e, 0x26, 0xff, 0xff, 0x23, 0x48  ; 80BE
    db 0x00, 0xff, 0x04, 0x05, 0x06, 0x0a, 0x0b, 0x15, 0x18, 0x19, 0x09, 0x1c, 0x1d, 0x1e, 0x21, 0xff  ; 80CE
    db 0x3c, 0x22, 0x20, 0x3c, 0x3c  ; 80DE: "<" <<"
    db 0xff  ; 80E3
    db 0x40, 0x3c, 0x38, 0x34, 0x30, 0x28, 0x24, 0x20  ; 80E4: "@<840($ "
    db 0x1c, 0x18, 0x14, 0x10, 0x0c, 0x08, 0x04, 0x04, 0x00, 0x00, 0x00, 0x00, 0x01, 0x41, 0x91, 0x01  ; 80EC
    db 0x02, 0x61, 0x65, 0x00, 0x02, 0x61, 0x66, 0x00, 0x02, 0x61, 0x67, 0x00, 0x02, 0x61, 0x68, 0x00  ; 80FC
    db 0x02, 0x61, 0x69, 0x00, 0x02, 0x61, 0x6a, 0x00, 0x02, 0x61, 0x6b, 0x00, 0x02, 0x61, 0x6c, 0x00  ; 810C
    db 0x02, 0x61, 0x6d, 0x00, 0x02, 0x61, 0x97, 0x00, 0x02, 0x61, 0x98, 0x00, 0x02, 0x61, 0x99, 0x00  ; 811C
    db 0x02, 0x61, 0x9a, 0x00, 0x02, 0x61, 0x9b, 0x00, 0x02, 0x61, 0x9c, 0x00, 0x02, 0x61, 0x9d, 0x00  ; 812C
    db 0x02, 0x62, 0xc9, 0x00, 0x02, 0x62, 0xca, 0x00, 0x02, 0x62, 0xcb, 0x00, 0x02, 0x62, 0xcd, 0x00  ; 813C
    db 0x02, 0x62, 0xce, 0x00, 0x02, 0x62, 0xfb, 0x00, 0x02, 0x62, 0xfc, 0x00, 0x02, 0x62, 0xfd, 0x00  ; 814C
    db 0x02, 0x62, 0xfe, 0x00, 0x02, 0x62, 0xff, 0x00, 0x02, 0x62, 0x00, 0x01, 0x02, 0x62, 0x01, 0x01  ; 815C
    db 0x02, 0x62, 0x02, 0x01, 0x02, 0x62, 0x03, 0x01, 0x02, 0x62, 0x04, 0x01, 0x02, 0x62, 0x05, 0x01  ; 816C
    db 0x02, 0x62, 0x06, 0x01, 0x02, 0x62, 0x07, 0x01, 0x02, 0x62, 0x08, 0x01, 0x02, 0x62, 0x09, 0x01  ; 817C
    db 0x03, 0x63, 0x5f, 0x01, 0x03, 0x62, 0x60, 0x01, 0x03, 0x62, 0x61, 0x01, 0x04, 0x61, 0xc3, 0x01  ; 818C
    db 0x04, 0x61, 0xc4, 0x01, 0x04, 0x61, 0xc5, 0x01, 0x04, 0x42, 0xc6, 0x01, 0x04, 0x42, 0xc7, 0x01  ; 819C
    db 0x04, 0x42, 0xc8, 0x01, 0x04, 0x42, 0xc9, 0x01, 0x04, 0x42, 0xca, 0x01, 0x04, 0x65, 0xcb, 0x01  ; 81AC
    db 0x04, 0x65, 0xcc, 0x01, 0x05, 0x65, 0x27, 0x02, 0x05, 0x65, 0x28, 0x02, 0x05, 0x65, 0x29, 0x02  ; 81BC
    db 0x05, 0x65, 0x2a, 0x02, 0x05, 0x65, 0x2b, 0x02, 0x05, 0x65, 0x2c, 0x02, 0x05, 0x65, 0x2d, 0x02  ; 81CC
    db 0x05, 0x65, 0x2e, 0x02, 0x05, 0x65, 0x2f, 0x02, 0x05, 0x65, 0x30, 0x02, 0x05, 0x65, 0x31, 0x02  ; 81DC
    db 0x08, 0xc1, 0xef, 0x02, 0x08, 0xc2, 0xf0, 0x02, 0x08, 0xc3, 0xf1, 0x02, 0x08, 0xc4, 0xf2, 0x02  ; 81EC
    db 0x08, 0xc5, 0xf3, 0x02, 0x01, 0x31, 0x01, 0x32, 0x01, 0x35, 0x01, 0x31, 0x01, 0x32, 0x01, 0x34  ; 81FC
    db 0x01, 0x32, 0x01, 0x34, 0x01, 0x38, 0x05  ; 820C
    db 0x31, 0x35, 0x36, 0x32, 0x35  ; 8213: "15625"
    db 0x04, 0x33, 0x31, 0x32, 0x35, 0x05  ; 8218
    db 0x37, 0x38, 0x31, 0x32, 0x35  ; 821E: "78125"
    db 0x02, 0x31, 0x36, 0x01, 0x34, 0x01, 0x38, 0x02, 0x31, 0x36, 0x02, 0x33, 0x32, 0x01  ; 8223
    db 0x38, 0x54, 0x45, 0x4b, 0x2f, 0x32, 0x32, 0x33, 0x30, 0x20, 0x53, 0x59, 0x53, 0x3a, 0x30, 0x2e, 0x30, 0x2c, 0x43, 0x4f, 0x4d, 0x4d, 0x3a, 0x30, 0x2e, 0x30  ; 8231: "8TEK/2230 SYS:0.0,COMM:0.0"
    db 0x00, 0x03, 0x4f, 0x46, 0x66, 0x02, 0x4f, 0x4e, 0x00, 0x3e, 0xff, 0x8f, 0xe3, 0x4c, 0x00, 0x7c  ; 824B
    db 0x90, 0x21, 0x02, 0x1f, 0x94, 0x2b, 0xff, 0xaf, 0xe3, 0x22, 0x00, 0x7c, 0x90, 0x34, 0x02, 0x1f  ; 825B
    db 0x94, 0x2f, 0xff, 0xaf, 0xe4, 0x34, 0x00, 0x7c, 0x90, 0x47, 0x02, 0x1f, 0x94, 0x45, 0xff, 0xaf  ; 826B
    db 0xe4, 0x76, 0x00, 0x7c, 0x90, 0x5a, 0x02, 0x1f, 0x94, 0x40, 0xff, 0xaf, 0xe2, 0x5e, 0x00, 0x7c  ; 827B
    db 0x90, 0x6d, 0x02, 0x1f, 0x94, 0x15, 0xff, 0x2f, 0xc5, 0x04, 0x00, 0x7c, 0x90, 0x80, 0x02, 0x1f  ; 828B
    db 0x94, 0x3f, 0xff, 0x2f, 0xc0, 0xc8, 0x01, 0x1f, 0x94, 0xf5, 0x05, 0xc9, 0x82, 0x48, 0xff, 0xaf  ; 829B
    db 0xe2, 0x8e, 0x00, 0x7c, 0x90, 0x06, 0x02, 0xcc, 0x93, 0x5b, 0xff, 0xaf, 0xff, 0x4c, 0x01, 0xcc  ; 82AB
    db 0x93, 0x0f, 0x03, 0xcc, 0x93, 0x4d, 0xff, 0x0b, 0xff, 0xf5, 0x05, 0xc9, 0x82, 0x9f, 0x03, 0xcc  ; 82BB
    db 0x93, 0x32, 0xff, 0xaf, 0xff, 0x68, 0x00, 0xcc, 0x93, 0x5a, 0x03, 0xcc, 0x93, 0x37, 0xff, 0x0b  ; 82CB
    db 0xff, 0xf5, 0x05, 0xc9, 0x82, 0xc2, 0x03, 0xcc, 0x93, 0x51, 0xff, 0x0b, 0xfe, 0xf5, 0x05, 0xc9  ; 82DB
    db 0x82, 0xe5, 0x02, 0xcc, 0x93, 0x50, 0xff, 0x2f, 0xff, 0x8c, 0x04, 0xcc, 0x93, 0xea, 0x03, 0xcc  ; 82EB
    db 0x93, 0x44, 0xff, 0x2f, 0xe2, 0x6a, 0x00, 0x7c, 0x90, 0x86, 0x02, 0xcc, 0x93, 0x1a, 0xff, 0x0b  ; 82FB
    db 0xfe, 0xf5, 0x05, 0xc9, 0x82, 0x5c, 0x02, 0xcc, 0x93, 0x57, 0xff, 0xaf, 0xe2, 0x9a, 0x00, 0x7c  ; 830B
    db 0x90, 0x31, 0x02, 0xcc, 0x93, 0xff, 0xff, 0x2b, 0xe0, 0x94, 0x02, 0x6c, 0x85, 0xac, 0x02, 0x6c  ; 831B
    db 0x85, 0x30, 0xff, 0x0b, 0xfd, 0xf5, 0x05, 0xc9, 0x82, 0x6a, 0x01, 0x99, 0x91, 0xff, 0xff, 0x2b  ; 832B
    db 0xe0, 0xfc, 0x02, 0x6c, 0x85, 0x19, 0x03, 0x6c, 0x85, 0x59, 0xff, 0x0a, 0xff, 0xf5, 0x05, 0xc9  ; 833B
    db 0x82, 0x07, 0x00, 0x88, 0x82, 0x13, 0xff, 0x0a, 0xfe, 0xf5, 0x05, 0xc9, 0x82, 0x47, 0x01, 0x88  ; 834B
    db 0x82, 0x59, 0xff, 0x0a, 0xff, 0xf5, 0x05, 0xc9, 0x82, 0xab, 0x00, 0x88, 0x82, 0x13, 0xff, 0x0a  ; 835B
    db 0xfe, 0xf5, 0x05, 0xc9, 0x82, 0xba, 0x01, 0x88, 0x82, 0x2c, 0xff, 0x0a, 0xfe, 0xf5, 0x05, 0xc9  ; 836B
    db 0x82, 0x15, 0x03, 0x88, 0x82, 0x47, 0xff, 0x8e, 0xe2, 0xb2, 0x00, 0x7c, 0x90, 0x7a, 0x07, 0xba  ; 837B
    db 0x91, 0x4e, 0xff, 0x8e, 0xe2, 0xbe, 0x00, 0x7c, 0x90, 0xc6, 0x07, 0xba, 0x91, 0x10, 0xff, 0x8e  ; 838B
    db 0xe2, 0xa6, 0x00, 0x7c, 0x90, 0x59, 0x05, 0xba, 0x91, 0x38, 0xff, 0x8e, 0xff, 0x19, 0x06, 0xba  ; 839B
    db 0x91, 0x8a, 0x05, 0xba, 0x91, 0xfb, 0xff, 0x2f, 0xe0, 0x01, 0x00, 0xae, 0x81, 0x95, 0x09, 0x2c  ; 83AB
    db 0x80, 0x49, 0xff, 0x2b, 0xe2, 0xe8, 0x00, 0x7c, 0x90, 0x4a, 0x0f, 0x2c, 0x80, 0x4e, 0xff, 0x0b  ; 83BB
    db 0xe1, 0xf4, 0x00, 0x7c, 0x90, 0xb0, 0x0f, 0x2c, 0x80, 0x10, 0xff, 0x2b, 0xe2, 0xca, 0x00, 0x7c  ; 83CB
    db 0x90, 0x09, 0x10, 0x2c, 0x80, 0x1e, 0xff, 0x2b, 0xe3, 0xd6, 0x00, 0x7c, 0x90, 0x44, 0x10, 0x2c  ; 83DB
    db 0x80, 0x56, 0xff, 0x02, 0xff, 0xf5, 0x05, 0xc9, 0x82, 0xb0, 0x02, 0x3f, 0x82, 0x53, 0xff, 0x02  ; 83EB
    db 0xfd, 0xf5, 0x05, 0xc9, 0x82, 0x4d, 0x03, 0x3f, 0x82, 0x56, 0xff, 0x0a, 0xfb, 0xf5, 0x05, 0xc9  ; 83FB
    db 0x82, 0x0e, 0x00, 0xba, 0x91, 0x53, 0xff, 0x0a, 0xfa, 0xf5, 0x05, 0xc9, 0x82, 0x7e, 0x00, 0xba  ; 840B
    db 0x91, 0x56, 0xff, 0x0a, 0xfb, 0xf5, 0x05, 0xc9, 0x82, 0x23, 0x03, 0xba, 0x91, 0x53, 0xff, 0x0a  ; 841B
    db 0xfa, 0xf5, 0x05, 0xc9, 0x82, 0xfb, 0x00, 0xba, 0x91, 0xfb, 0xff, 0x0b, 0xe0, 0xf5, 0x05, 0xc9  ; 842B
    db 0x82, 0x1f, 0x00, 0x6c, 0x85, 0xfb, 0xff, 0x0b, 0xe0, 0xf5, 0x05, 0xc9, 0x82, 0x1f, 0x00, 0x6c  ; 843B
    db 0x85, 0x34, 0xff, 0xab, 0x60, 0x1f, 0x04, 0x6c, 0x85, 0x47, 0x04, 0x6c, 0x85, 0x33, 0xff, 0x0b  ; 844B
    db 0x40, 0x33, 0x04, 0x6c, 0x85, 0xf5, 0x05, 0xc9, 0x82, 0xfb, 0xff, 0x0b, 0xe0, 0xf5, 0x05, 0xc9  ; 845B
    db 0x82, 0x25, 0x01, 0x6c, 0x85, 0x30, 0xff, 0x02, 0xfe, 0xf5, 0x05, 0xc9, 0x82, 0x05, 0x00, 0x3f  ; 846B
    db 0x82, 0x05, 0xff, 0x0b, 0xff, 0xf5, 0x05, 0xc9, 0x82, 0x78, 0x00, 0x3f, 0x82, 0x0c, 0xff, 0x02  ; 847B
    db 0xff, 0xf5, 0x05, 0xc9, 0x82, 0x4d, 0x01, 0x3f, 0x82, 0x29, 0xff, 0x0b, 0xfe, 0xf5, 0x05, 0xc9  ; 848B
    db 0x82, 0x5f, 0x02, 0x3f, 0x82, 0x22, 0xff, 0x0b, 0xfe, 0xf5, 0x05, 0xc9, 0x82, 0x13, 0x02, 0x3f  ; 849B
    db 0x82, 0xfb, 0xff, 0x0b, 0xe0, 0xf5, 0x05, 0xc9, 0x82, 0x09, 0x02, 0x6c, 0x85, 0xfb, 0xff, 0x0f  ; 84AB
    db 0xc0, 0x71, 0x05, 0x6c, 0x85, 0xf5, 0x05, 0xc9, 0x82, 0xfb, 0xff, 0x2b, 0xc0, 0x84, 0x03, 0x6c  ; 84BB
    db 0x85, 0xf5, 0x05, 0xc9, 0x82, 0x34, 0xff, 0xab, 0xe0, 0xe3, 0x00, 0x6c, 0x85, 0x01, 0x01, 0x6c  ; 84CB
    db 0x85, 0x33, 0xff, 0x0b, 0xc0, 0xf2, 0x00, 0x6c, 0x85, 0xf5, 0x05, 0xc9, 0x82, 0xfc, 0xff, 0x2e  ; 84DB
    db 0xfd, 0xab, 0x03, 0x6c, 0x85, 0xda, 0x05, 0x1e, 0x91, 0x34, 0xff, 0xab, 0xe0, 0x90, 0x00, 0x6c  ; 84EB
    db 0x85, 0xbf, 0x00, 0x6c, 0x85, 0x33, 0xff, 0x0b, 0xc0, 0xab, 0x00, 0x6c, 0x85, 0xf5, 0x05, 0xc9  ; 84FB
    db 0x82, 0x27, 0xff, 0x8f, 0xe2, 0x24, 0x01, 0x7c, 0x90, 0x05, 0x03, 0x32, 0x85, 0x24, 0xff, 0x8f  ; 850B
    db 0xe5, 0x06, 0x01, 0x7c, 0x90, 0x83, 0x02, 0x32, 0x85, 0x4a, 0xff, 0x8f, 0xff, 0x8a, 0x01, 0x32  ; 851B
    db 0x85, 0x30, 0x03, 0x32, 0x85, 0x06, 0xff, 0x0f, 0xe2, 0xfa, 0x00, 0x7c, 0x90, 0x6d, 0x03, 0x32  ; 852B
    db 0x85, 0x4b, 0xff, 0x0f, 0xc0, 0xf7, 0x01, 0x32, 0x85, 0xf5, 0x05, 0xc9, 0x82, 0x00, 0xff, 0x0f  ; 853B
    db 0xc0, 0x0d, 0x00, 0x32, 0x85, 0xf5, 0x05, 0xc9, 0x82, 0x0e, 0xff, 0x0a, 0xff, 0xf5, 0x05, 0xc9  ; 854B
    db 0x82, 0x2d, 0x02, 0x88, 0x82, 0x0f, 0xff, 0x0a, 0xff, 0xf5, 0x05, 0xc9, 0x82, 0xa1, 0x02, 0x88  ; 855B
    db 0x82, 0x34, 0xff, 0xae, 0xe0, 0x03, 0x00, 0x23, 0x80, 0x51, 0x00, 0x23, 0x80, 0x33, 0xff, 0x0e  ; 856B
    db 0xc0, 0x2a, 0x00, 0x23, 0x80, 0xf5, 0x05, 0xc9, 0x82, 0x3d, 0xff, 0x8f, 0xe3, 0x30, 0x01, 0x7c  ; 857B
    db 0x90, 0x61, 0x03, 0xcf, 0x92, 0x02, 0xff, 0xaf, 0xe0, 0xf8, 0x04, 0xcf, 0x92, 0x37, 0x05, 0xcf  ; 858B
    db 0x92, 0x3d, 0xff, 0x06, 0xe0, 0x0c, 0x05, 0xcf, 0x92, 0xf5, 0x05, 0xc9, 0x82, 0x4e, 0xff, 0x02  ; 859B
    db 0xe1, 0x5a, 0x01, 0x7c, 0x90, 0x59, 0x00, 0x5b, 0x92, 0x10, 0xff, 0x22, 0xe2, 0x42, 0x01, 0x7c  ; 85AB
    db 0x90, 0xa0, 0x00, 0x5b, 0x92, 0x58, 0xff, 0x06, 0xfb, 0xc6, 0x00, 0x5b, 0x92, 0x69, 0x01, 0x5b  ; 85BB
    db 0x92, 0x5a, 0xff, 0x06, 0xfb, 0x23, 0x03, 0x5b, 0x92, 0x7f, 0x04, 0x5b, 0x92, 0x29, 0xff, 0x26  ; 85CB
    db 0xe2, 0x4e, 0x01, 0x7c, 0x90, 0xd1, 0x02, 0x5b, 0x92, 0x08, 0xff, 0x02, 0xff, 0xf5, 0x05, 0xc9  ; 85DB
    db 0x82, 0xce, 0x01, 0x5b, 0x92, 0x30, 0xff, 0x02, 0xfa, 0xf5, 0x05, 0xc9, 0x82, 0x67, 0x06, 0x5b  ; 85EB
    db 0x92, 0x3d, 0xff, 0x06, 0xc3, 0x60, 0x01, 0x7c, 0x90, 0xb3, 0x06, 0xcf, 0x92, 0x23, 0xff, 0x02  ; 85FB
    db 0xfd, 0xf5, 0x05, 0xc9, 0x82, 0x50, 0x07, 0xcf, 0x92, 0x39, 0xff, 0x02, 0xfd, 0xf5, 0x05, 0xc9  ; 860B
    db 0x82, 0x78, 0x08, 0xcf, 0x92, 0x25, 0xff, 0x02, 0xff, 0xf5, 0x05, 0xc9, 0x82, 0x10, 0x09, 0xcf  ; 861B
    db 0x92, 0x34, 0xff, 0xab, 0x60, 0xdb, 0x03, 0x6c, 0x85, 0xf9, 0x03, 0x6c, 0x85, 0x33, 0xff, 0x0b  ; 862B
    db 0x40, 0xea, 0x03, 0x6c, 0x85, 0xf5, 0x05, 0xc9, 0x82, 0x34, 0xff, 0xab, 0xe0, 0x38, 0x00, 0x6c  ; 863B
    db 0x85, 0x6c, 0x00, 0x6c, 0x85, 0x33, 0xff, 0x0b, 0xc0, 0x52, 0x00, 0x6c, 0x85, 0xf5, 0x05, 0xc9  ; 864B
    db 0x82, 0x3d, 0xff, 0x2f, 0xc0, 0x32, 0x09, 0xcf, 0x92, 0xf5, 0x05, 0xc9, 0x82, 0xff, 0xff, 0x2b  ; 865B
    db 0xe0, 0x5c, 0x02, 0x6c, 0x85, 0x7b, 0x02, 0x6c, 0x85, 0xfb, 0xff, 0x0b, 0xe0, 0xf5, 0x05, 0xc9  ; 866B
    db 0x82, 0xdb, 0x04, 0x6c, 0x85, 0x03, 0xff, 0x2f, 0xe0, 0x0e, 0x00, 0x99, 0x91, 0xb7, 0x00, 0x99  ; 867B
    db 0x91, 0x1c, 0xff, 0x0f, 0xc0, 0xf5, 0x05, 0xc9, 0x82, 0xf5, 0x05, 0xc9, 0x82, 0xfb, 0xff, 0x0b  ; 868B
    db 0x60, 0xf5, 0x05, 0xc9, 0x82, 0x92, 0x03, 0x6c, 0x85, 0xfc, 0xff, 0xab, 0x60, 0x6b, 0x04, 0x6c  ; 869B
    db 0x85, 0xb5, 0x04, 0x6c, 0x85, 0xfb, 0xff, 0x0b, 0xe0, 0xf5, 0x05, 0xc9, 0x82, 0xdc, 0x01, 0xcc  ; 86AB
    db 0x93, 0xfb, 0xff, 0x0b, 0xe0, 0xf5, 0x05, 0xc9, 0x82, 0xd2, 0x01, 0x99, 0x91, 0xfb, 0xff, 0x0b  ; 86BB
    db 0xe0, 0xf5, 0x05, 0xc9, 0x82, 0x61, 0x03, 0x88, 0x82, 0xfb, 0xff, 0x0f, 0xe0, 0xf5, 0x05, 0xc9  ; 86CB
    db 0x82, 0xa5, 0x05, 0x6c, 0x85, 0x5c, 0xff, 0x2b, 0xfd, 0x07, 0x00, 0xd8, 0x85, 0x36, 0x02, 0x2c  ; 86DB
    db 0x80, 0x31, 0xff, 0x2b, 0xff, 0x64, 0x00, 0x2c, 0x80, 0x0a, 0x04, 0x2c, 0x80, 0x3b, 0xff, 0x2b  ; 86EB
    db 0xff, 0xb1, 0x00, 0x2c, 0x80, 0x58, 0x04, 0x2c, 0x80, 0x3a, 0xff, 0x2b, 0xe3, 0x90, 0x01, 0x7c  ; 86FB
    db 0x90, 0x8b, 0x04, 0x2c, 0x80, 0x5e, 0xff, 0x2b, 0xff, 0xdf, 0x00, 0x2c, 0x80, 0xd7, 0x04, 0x2c  ; 870B
    db 0x80, 0x5f, 0xff, 0x2b, 0xff, 0x07, 0x00, 0xd8, 0x85, 0x91, 0x05, 0x2c, 0x80, 0x60  ; 871B
L_88729:
    jmp far [bp + di]                        ; 8729: ljmp [bp + di]
    db 0xe6, 0xa2, 0x01, 0x7c, 0x90, 0xf3, 0x05, 0x2c, 0x80, 0x5d, 0xff, 0x2b, 0xff, 0x1e, 0x01, 0x2c  ; 872B
    db 0x80, 0x3c, 0x06, 0x2c, 0x80, 0x63, 0xff, 0x2b, 0xff, 0x5d, 0x01, 0x2c, 0x80, 0xd7, 0x04, 0x2c  ; 873B
    db 0x80, 0x64, 0xff, 0x2b, 0xff, 0x9c, 0x01, 0x2c, 0x80, 0x91, 0x05, 0x2c, 0x80, 0x65, 0xff, 0x2b  ; 874B
    db 0xe3, 0xc6, 0x01, 0x7c, 0x90, 0xbf, 0x06, 0x2c, 0x80, 0x1e, 0xff, 0x2b, 0xe3, 0x7e, 0x01, 0x7c  ; 875B
    db 0x90, 0x44, 0x10, 0x2c, 0x80, 0x0b, 0xff, 0x2b, 0xe1, 0x72, 0x01, 0x7c, 0x90, 0x25, 0x07, 0x2c  ; 876B
    db 0x80, 0x0d, 0xff, 0x2b, 0xff, 0x04, 0x02, 0x2c, 0x80, 0x4a, 0x07, 0x2c, 0x80, 0x0a, 0xff, 0x2b  ; 877B
    db 0xff, 0xd2, 0x01, 0x2c, 0x80, 0x7a, 0x07, 0x2c, 0x80, 0x14, 0xff, 0x2b, 0xe1, 0x78, 0x01, 0x7c  ; 878B
    db 0x90, 0xaa, 0x07, 0x2c, 0x80, 0x26, 0xff, 0x2f, 0xe4, 0xd8, 0x01, 0x7c, 0x90, 0xf5, 0x05, 0xc9  ; 879B
    db 0x82, 0x30, 0xff, 0x2f, 0xe2, 0xf0, 0x01, 0x7c, 0x90, 0x06, 0x00, 0x80, 0x91, 0x4c, 0xff, 0x2f  ; 87AB
    db 0xfd, 0x07, 0x00, 0xd8, 0x85, 0x48, 0x01, 0x80, 0x91, 0x19, 0x2f, 0x66, 0x01, 0x1f, 0x94, 0x43  ; 87BB
    db 0x0f, 0x2b, 0x01, 0x1f, 0x94, 0x07, 0x0f, 0x2b, 0x01, 0x1f, 0x94, 0x35, 0x0f, 0x2b, 0x01, 0x1f  ; 87CB
    db 0x94, 0x01, 0x0e, 0x2b, 0x01, 0x1f, 0x94, 0x43, 0x2f, 0x3f, 0x00, 0x1f, 0x94, 0x07, 0x0e, 0x3f  ; 87DB
    db 0x00, 0x1f, 0x94, 0x01, 0x0e, 0x3f, 0x00, 0x1f, 0x94, 0x35, 0x2f, 0x74, 0x00, 0x1f, 0x94, 0x43  ; 87EB
    db 0x0f, 0x74, 0x00, 0x1f, 0x94, 0x07, 0x0e, 0x74, 0x00, 0x1f, 0x94, 0x01, 0x0e, 0x74, 0x00, 0x1f  ; 87FB
    db 0x94, 0x07, 0x2f, 0x0a, 0x00, 0x1f, 0x94, 0x43, 0x0e, 0x0a, 0x00, 0x1f, 0x94, 0x01, 0x0e, 0x0a  ; 880B
    db 0x00, 0x1f, 0x94, 0x35, 0x2f, 0x11, 0x01, 0x1f, 0x94, 0x43, 0x0f, 0xf8, 0x00, 0x1f, 0x94, 0x34  ; 881B
    db 0x2f, 0xb5, 0x02, 0xcc, 0x93, 0x33, 0x0f, 0xcd, 0x02, 0xcc, 0x93, 0x35, 0x2f, 0xb6, 0x00, 0x1f  ; 882B
    db 0x94, 0x43, 0x0f, 0xb6, 0x00, 0x1f, 0x94, 0x07, 0x0e, 0xb6, 0x00, 0x1f, 0x94, 0x01, 0x0e, 0xb6  ; 883B
    db 0x00, 0x1f, 0x94, 0x34, 0x2f, 0x1b, 0x00, 0xcc, 0x93, 0x33, 0x0f, 0x02, 0x00, 0xcc, 0x93, 0x34  ; 884B
    db 0x2f, 0x4e, 0x00, 0xcc, 0x93, 0x33, 0x0f, 0x35, 0x00, 0xcc, 0x93, 0x0e, 0x2e, 0x3b, 0x05, 0xba  ; 885B
    db 0x91, 0x0f, 0x0e, 0x4a, 0x05, 0xba, 0x91, 0x16, 0x2e, 0xea, 0x06, 0xba, 0x91, 0x17, 0x0e, 0x32  ; 886B
    db 0x07, 0xba, 0x91, 0x02, 0x2e, 0x33, 0x08, 0xba, 0x91, 0x3d, 0x0e, 0x86, 0x08, 0xba, 0x91, 0x0e  ; 887B
    db 0x2b, 0xe4, 0x0e, 0x2c, 0x80, 0x0f, 0x0b, 0xe4, 0x0e, 0x2c, 0x80, 0x09, 0x2b, 0x0c, 0x0f, 0x2c  ; 888B
    db 0x80, 0x04, 0x0b, 0x0c, 0x0f, 0x2c, 0x80, 0x28, 0x0b, 0x0c, 0x0f, 0x2c, 0x80, 0x02, 0x2b, 0x36  ; 889B
    db 0x0e, 0x2c, 0x80, 0x3d, 0x0b, 0x4a, 0x0e, 0x2c, 0x80, 0x3d, 0x2b, 0x9c, 0x0e, 0x2c, 0x80, 0x34  ; 88AB
    db 0x2e, 0x6a, 0x00, 0x32, 0x85, 0x33, 0x0e, 0x47, 0x00, 0x32, 0x85, 0x61, 0x2f, 0x3e, 0x01, 0x32  ; 88BB
    db 0x85, 0x2a, 0x0f, 0xec, 0x00, 0x32, 0x85, 0x20, 0x0f, 0x9a, 0x00, 0x32, 0x85, 0x21, 0x0f, 0xc3  ; 88CB
    db 0x00, 0x32, 0x85, 0x4f, 0x0f, 0x15, 0x01, 0x32, 0x85, 0x34, 0x2f, 0x70, 0x01, 0x32, 0x85, 0x33  ; 88DB
    db 0x0f, 0x57, 0x01, 0x32, 0x85, 0x34, 0x2f, 0x02, 0x00, 0xcf, 0x92, 0x33, 0x0f, 0x15, 0x00, 0xcf  ; 88EB
    db 0x92, 0x1d, 0x0f, 0xe2, 0x01, 0xcf, 0x92, 0x0e, 0x22, 0x71, 0x00, 0x5b, 0x92, 0x0f, 0x02, 0x71  ; 88FB
    db 0x00, 0x5b, 0x92, 0x34, 0x26, 0x33, 0x02, 0x5b, 0x92, 0x33, 0x06, 0x82, 0x02, 0x5b, 0x92, 0x3d  ; 890B
    db 0x02, 0x08, 0x00, 0x5b, 0x92, 0x2e, 0x06, 0xcc, 0x05, 0xcf, 0x92, 0x54, 0x06, 0x62, 0x05, 0xcf  ; 891B
    db 0x92, 0x36, 0x06, 0x49, 0x06, 0xcf, 0x92, 0x41, 0x2b, 0x07, 0x00, 0xd8, 0x85, 0x11, 0x2b, 0x07  ; 892B
    db 0x00, 0xd8, 0x85, 0x09, 0x2b, 0x0c, 0x0f, 0x2c, 0x80, 0x04, 0x0b, 0x0c, 0x0f, 0x2c, 0x80, 0x28  ; 893B
    db 0x0b, 0x0c, 0x0f, 0x2c, 0x80, 0x62, 0x2b, 0x0d, 0x00, 0x2c, 0x80, 0x61, 0x0b, 0x0d, 0x00, 0x2c  ; 894B
    db 0x80, 0x1f, 0x0b, 0x0d, 0x00, 0x2c, 0x80, 0x42, 0x2b, 0x1d, 0x00, 0x2c, 0x80, 0x46, 0x0b, 0x1d  ; 895B
    db 0x00, 0x2c, 0x80, 0x55, 0x0b, 0x1d, 0x00, 0x2c, 0x80, 0x59, 0x0b, 0x1d, 0x00, 0x2c, 0x80, 0x1b  ; 896B
    db 0x0b, 0x1d, 0x00, 0x2c, 0x80, 0x12, 0x0b, 0x1d, 0x00, 0x2c, 0x80, 0x55, 0x2b, 0x48, 0x00, 0x2c  ; 897B
    db 0x80, 0x59, 0x0b, 0x48, 0x00, 0x2c, 0x80, 0x1b, 0x0b, 0x48, 0x00, 0x2c, 0x80, 0x52, 0x2f, 0x7c  ; 898B
    db 0x00, 0x80, 0x91, 0x18, 0x0f, 0x7c, 0x00, 0x80, 0x91, 0x2d, 0x0f, 0x7c, 0x00, 0x80, 0x91, 0x3c  ; 899B
    db 0x0f, 0x7c, 0x00, 0x80, 0x91, 0x34, 0x2f, 0x30, 0x00, 0x80, 0x91, 0x33, 0x0f, 0x56, 0x00, 0x80  ; 89AB
    db 0x91, 0x00, 0xff, 0x08, 0x00, 0xa5, 0x90, 0x08, 0xff, 0x3a, 0x00, 0xa5, 0x90, 0x0e, 0xff, 0x68  ; 89BB
    db 0x00, 0xa5, 0x90, 0x18, 0xff, 0xa9, 0x00, 0xa5, 0x90, 0x1d, 0xff, 0xc6, 0x00, 0xa5, 0x90, 0x23  ; 89CB
    db 0xff, 0xe8, 0x00, 0xa5, 0x90, 0x26, 0xff, 0xfa, 0x00, 0xa5, 0x90, 0x28, 0xff, 0x03, 0x01, 0xa5  ; 89DB
    db 0x90, 0x2c, 0xff, 0x18, 0x01, 0xa5, 0x90, 0x00, 0xff, 0x79, 0x02, 0xa5, 0x90, 0x00, 0xff, 0x79  ; 89EB
    db 0x02, 0xa5, 0x90, 0x2d, 0xff, 0x20, 0x01, 0xa5, 0x90, 0x30, 0xff, 0x2e, 0x01, 0xa5, 0x90, 0x31  ; 89FB
    db 0xff, 0x34, 0x01, 0xa5, 0x90, 0x33, 0xff, 0x45, 0x01, 0xa5, 0x90, 0x35, 0xff, 0x4d, 0x01, 0xa5  ; 8A0B
    db 0x90, 0x00, 0xff, 0x79, 0x02, 0xa5, 0x90, 0x3c, 0xff, 0x81, 0x01, 0xa5, 0x90, 0x42, 0xff, 0xa1  ; 8A1B
    db 0x01, 0xa5, 0x90, 0x4e, 0xff, 0xe7, 0x01, 0xa5, 0x90, 0x52, 0xff, 0x07, 0x02, 0xa5, 0x90, 0x55  ; 8A2B
    db 0xff, 0x17, 0x02, 0xa5, 0x90, 0x5b, 0xff, 0x3e, 0x02, 0xa5, 0x90, 0x5d, 0xff, 0x4b, 0x02, 0xa5  ; 8A3B
    db 0x90, 0x62, 0xff, 0x66, 0x02, 0xa5, 0x90, 0x00, 0xff, 0x79, 0x02, 0xa5, 0x90, 0x05  ; 8A4B
    db 0x41, 0x42, 0x4f, 0x72, 0x74  ; 8A59: "ABOrt"
    db 0x07  ; 8A5E
    db 0x41, 0x43, 0x43, 0x70, 0x65, 0x61, 0x6b  ; 8A5F: "ACCpeak"
    db 0x03, 0x41, 0x43, 0x51, 0x03, 0x41, 0x52, 0x4d, 0x05  ; 8A66
    db 0x41, 0x53, 0x43, 0x69, 0x69  ; 8A6F: "ASCii"
    db 0x07  ; 8A74
    db 0x41, 0x53, 0x45, 0x63, 0x64, 0x69, 0x76  ; 8A75: "ASEcdiv"
    db 0x04, 0x41, 0x55, 0x54, 0x6f, 0x07  ; 8A7C
    db 0x41, 0x56, 0x45, 0x72, 0x61, 0x67, 0x65  ; 8A82: "AVErage"
    db 0x00, 0x08  ; 8A89
    db 0x42, 0x41, 0x53, 0x65, 0x67, 0x61, 0x69, 0x6e  ; 8A8B: "BASegain"
    db 0x06  ; 8A93
    db 0x42, 0x49, 0x4e, 0x61, 0x72, 0x79  ; 8A94: "BINary"
    db 0x06  ; 8A9A
    db 0x42, 0x49, 0x54, 0x2f, 0x6e, 0x72  ; 8A9B: "BIT/nr"
    db 0x06  ; 8AA1
    db 0x42, 0x4e, 0x2e, 0x46, 0x6d, 0x74  ; 8AA2: "BN.Fmt"
    db 0x07  ; 8AA8
    db 0x42, 0x53, 0x45, 0x63, 0x64, 0x69, 0x76  ; 8AA9: "BSEcdiv"
    db 0x06  ; 8AB0
    db 0x42, 0x59, 0x54, 0x2f, 0x6e, 0x72  ; 8AB1: "BYT/nr"
    db 0x00, 0x03, 0x43, 0x48, 0x31, 0x03, 0x43, 0x48, 0x32, 0x07  ; 8AB7
    db 0x43, 0x48, 0x41, 0x6e, 0x6e, 0x65, 0x6c  ; 8AC1: "CHAnnel"
    db 0x06  ; 8AC8
    db 0x43, 0x48, 0x4b, 0x73, 0x6d, 0x30  ; 8AC9: "CHKsm0"
    db 0x04, 0x43, 0x4c, 0x4b, 0x73, 0x08  ; 8ACF
    db 0x43, 0x4f, 0x55, 0x70, 0x6c, 0x69, 0x6e, 0x67  ; 8AD5: "COUpling"
    db 0x06  ; 8ADD
    db 0x43, 0x52, 0x56, 0x63, 0x68, 0x6b  ; 8ADE: "CRVchk"
    db 0x07  ; 8AE4
    db 0x43, 0x55, 0x52, 0x52, 0x65, 0x6e, 0x74  ; 8AE5: "CURRent"
    db 0x05  ; 8AEC
    db 0x43, 0x55, 0x52, 0x53, 0x31  ; 8AED: "CURS1"
    db 0x05  ; 8AF2
    db 0x43, 0x55, 0x52, 0x53, 0x32  ; 8AF3: "CURS2"
    db 0x00, 0x01, 0x44, 0x07  ; 8AF8
    db 0x44, 0x45, 0x46, 0x61, 0x75, 0x6c, 0x74  ; 8AFC: "DEFault"
    db 0x07  ; 8B03
    db 0x44, 0x49, 0x53, 0x70, 0x6c, 0x61, 0x79  ; 8B04: "DISplay"
    db 0x04, 0x44, 0x49, 0x56, 0x73, 0x04, 0x44, 0x4f, 0x4e, 0x65, 0x00, 0x05  ; 8B0B
    db 0x45, 0x4d, 0x50, 0x74, 0x79  ; 8B17: "EMPty"
    db 0x05  ; 8B1C
    db 0x45, 0x4e, 0x43, 0x64, 0x67  ; 8B1D: "ENCdg"
    db 0x03, 0x45, 0x4e, 0x56, 0x04, 0x45, 0x50, 0x53, 0x37, 0x04, 0x45, 0x50, 0x53, 0x38, 0x06  ; 8B22
    db 0x45, 0x58, 0x54, 0x63, 0x6c, 0x6b  ; 8B31: "EXTclk"
    db 0x00, 0x04, 0x46, 0x49, 0x4c, 0x6c, 0x06  ; 8B37
    db 0x46, 0x4f, 0x52, 0x6d, 0x61, 0x74  ; 8B3E: "FORmat"
    db 0x04, 0x46, 0x52, 0x45, 0x65, 0x00, 0x02, 0x47, 0x4f, 0x04, 0x47, 0x52, 0x41, 0x74, 0x00, 0x03  ; 8B44
    db 0x48, 0x45, 0x58, 0x04, 0x48, 0x4d, 0x41, 0x67, 0x04, 0x48, 0x50, 0x47, 0x6c, 0x05  ; 8B54
    db 0x48, 0x53, 0x52, 0x65, 0x63  ; 8B62: "HSRec"
    db 0x00, 0x06  ; 8B67
    db 0x49, 0x4e, 0x56, 0x65, 0x72, 0x74  ; 8B69: "INVert"
    db 0x00, 0x01, 0x4c, 0x04, 0x4c, 0x4f, 0x43, 0x6b, 0x05  ; 8B6F
    db 0x4c, 0x53, 0x52, 0x65, 0x63  ; 8B78: "LSRec"
    db 0x00, 0x04, 0x4d, 0x4f, 0x44, 0x65, 0x00, 0x05  ; 8B7D
    db 0x4e, 0x52, 0x2e, 0x50, 0x74  ; 8B85: "NR.Pt"
    db 0x09  ; 8B8A
    db 0x4e, 0x55, 0x4d, 0x73, 0x77, 0x65, 0x65, 0x70, 0x73  ; 8B8B: "NUMsweeps"
    db 0x00, 0x03, 0x4f, 0x46, 0x46, 0x02, 0x4f, 0x4e, 0x00, 0x07  ; 8B94
    db 0x50, 0x45, 0x41, 0x6b, 0x64, 0x65, 0x74  ; 8B9E: "PEAkdet"
    db 0x04, 0x50, 0x45, 0x52, 0x4d, 0x06  ; 8BA5
    db 0x50, 0x4f, 0x49, 0x6e, 0x74, 0x73  ; 8BAB: "POInts"
    db 0x08  ; 8BB1
    db 0x50, 0x4f, 0x53, 0x69, 0x74, 0x69, 0x6f, 0x6e  ; 8BB2: "POSition"
    db 0x07  ; 8BBA
    db 0x50, 0x52, 0x4f, 0x74, 0x65, 0x63, 0x74  ; 8BBB: "PROtect"
    db 0x06  ; 8BC2
    db 0x50, 0x54, 0x2e, 0x46, 0x6d, 0x74  ; 8BC3: "PT.Fmt"
    db 0x06  ; 8BC9
    db 0x50, 0x54, 0x2e, 0x4f, 0x66, 0x66  ; 8BCA: "PT.Off"
    db 0x00, 0x01, 0x52, 0x03, 0x52, 0x45, 0x46, 0x0a  ; 8BD0
    db 0x52, 0x45, 0x50, 0x65, 0x74, 0x69, 0x74, 0x69, 0x76, 0x65  ; 8BD8: "REPetitive"
    db 0x05  ; 8BE2
    db 0x52, 0x45, 0x53, 0x65, 0x74  ; 8BE3: "RESet"
    db 0x04, 0x52, 0x4f, 0x4c, 0x6c, 0x02, 0x52, 0x50, 0x00, 0x01, 0x53, 0x06  ; 8BE8
    db 0x53, 0x41, 0x4d, 0x70, 0x6c, 0x65  ; 8BF4: "SAMple"
    db 0x04, 0x53, 0x41, 0x56, 0x65, 0x04, 0x53, 0x43, 0x41, 0x6e, 0x03, 0x53, 0x45, 0x43, 0x06  ; 8BFA
    db 0x53, 0x45, 0x4c, 0x65, 0x63, 0x74  ; 8C09: "SELect"
    db 0x06  ; 8C0F
    db 0x53, 0x4d, 0x4f, 0x6f, 0x74, 0x68  ; 8C10: "SMOoth"
    db 0x06  ; 8C16
    db 0x53, 0x4f, 0x55, 0x72, 0x63, 0x65  ; 8C17: "SOUrce"
    db 0x05  ; 8C1D
    db 0x53, 0x50, 0x45, 0x65, 0x64  ; 8C1E: "SPEed"
    db 0x05  ; 8C23
    db 0x53, 0x54, 0x41, 0x72, 0x74  ; 8C24: "STArt"
    db 0x03, 0x53, 0x54, 0x52, 0x08  ; 8C29
    db 0x53, 0x57, 0x50, 0x63, 0x6f, 0x75, 0x6e, 0x74  ; 8C2E: "SWPcount"
    db 0x00, 0x06  ; 8C36
    db 0x54, 0x41, 0x52, 0x67, 0x65, 0x74  ; 8C38: "TARget"
    db 0x04, 0x54, 0x4a, 0x45, 0x74, 0x09  ; 8C3E
    db 0x54, 0x52, 0x49, 0x47, 0x43, 0x6f, 0x75, 0x6e, 0x74  ; 8C44: "TRIGCount"
    db 0x08  ; 8C4D
    db 0x54, 0x52, 0x49, 0x47, 0x4d, 0x6f, 0x64, 0x65  ; 8C4E: "TRIGMode"
    db 0x00, 0x01, 0x55, 0x05  ; 8C56
    db 0x55, 0x4e, 0x49, 0x74, 0x73  ; 8C5A: "UNIts"
    db 0x06  ; 8C5F
    db 0x55, 0x4e, 0x4c, 0x6f, 0x63, 0x6b  ; 8C60: "UNLock"
    db 0x00, 0x01, 0x56, 0x05  ; 8C66
    db 0x56, 0x41, 0x4c, 0x75, 0x65  ; 8C6A: "VALue"
    db 0x07  ; 8C6F
    db 0x56, 0x45, 0x43, 0x74, 0x6f, 0x72, 0x73  ; 8C70: "VECtors"
    db 0x05  ; 8C77
    db 0x56, 0x47, 0x41, 0x69, 0x6e  ; 8C78: "VGAin"
    db 0x05  ; 8C7D
    db 0x56, 0x4f, 0x4c, 0x74, 0x73  ; 8C7E: "VOLts"
    db 0x09  ; 8C83
    db 0x56, 0x50, 0x4f, 0x73, 0x69, 0x74, 0x69, 0x6f, 0x6e  ; 8C84: "VPOsition"
    db 0x00, 0x06  ; 8C8D
    db 0x57, 0x45, 0x49, 0x67, 0x68, 0x74  ; 8C8F: "WEIght"
    db 0x04, 0x57, 0x46, 0x49, 0x64, 0x00, 0x05  ; 8C95
    db 0x58, 0x49, 0x4e, 0x63, 0x72  ; 8C9C: "XINcr"
    db 0x05  ; 8CA1
    db 0x58, 0x4d, 0x55, 0x6c, 0x74  ; 8CA2: "XMUlt"
    db 0x04, 0x58, 0x4f, 0x46, 0x66, 0x05  ; 8CA7
    db 0x58, 0x55, 0x4e, 0x69, 0x74  ; 8CAD: "XUNit"
    db 0x02, 0x58, 0x59, 0x00, 0x01, 0x59, 0x05  ; 8CB2
    db 0x59, 0x4d, 0x55, 0x6c, 0x74  ; 8CB9: "YMUlt"
    db 0x04, 0x59, 0x4f, 0x46, 0x66, 0x05  ; 8CBE
    db 0x59, 0x55, 0x4e, 0x69, 0x74  ; 8CC4: "YUNit"
    db 0x00, 0x02, 0x41, 0x43, 0x03, 0x41, 0x44, 0x44, 0x05  ; 8CC9
    db 0x41, 0x49, 0x4e, 0x74, 0x62  ; 8CD2: "AINtb"
    db 0x03, 0x41, 0x4c, 0x54, 0x06  ; 8CD7
    db 0x41, 0x53, 0x57, 0x65, 0x65, 0x70  ; 8CDC: "ASWeep"
    db 0x06  ; 8CE2
    db 0x42, 0x53, 0x57, 0x65, 0x65, 0x70  ; 8CE3: "BSWeep"
    db 0x04, 0x43, 0x48, 0x4f, 0x70, 0x02, 0x44, 0x43, 0x03, 0x47, 0x4e, 0x44, 0x06  ; 8CE9
    db 0x4e, 0x4f, 0x52, 0x6d, 0x61, 0x6c  ; 8CF6: "NORmal"
    db 0x07  ; 8CFC
    db 0x50, 0x45, 0x52, 0x63, 0x65, 0x6e, 0x74  ; 8CFD: "PERcent"
    db 0x04, 0x50, 0x4f, 0x53, 0x54, 0x06  ; 8D04
    db 0x50, 0x50, 0x41, 0x75, 0x74, 0x6f  ; 8D0A: "PPAuto"
    db 0x03, 0x50, 0x52, 0x45, 0x07  ; 8D10
    db 0x55, 0x4e, 0x4b, 0x6e, 0x6f, 0x77, 0x6e  ; 8D15: "UNKnown"
    db 0x03, 0x03, 0x03, 0x03, 0x03, 0x03, 0x04, 0x04, 0x03, 0x04, 0x06, 0x06, 0x03, 0x03, 0x03, 0x03  ; 8D1C
    db 0x03, 0x02, 0x03, 0x03, 0x03, 0x03, 0x03, 0x03, 0x04, 0x03, 0x04, 0x04, 0x04, 0x04, 0x04, 0x03  ; 8D2C
    db 0x03, 0x03, 0x03, 0x03, 0x03, 0x03, 0x04, 0x04, 0x03, 0x03, 0x03, 0x03, 0x04, 0xff, 0x00, 0xff  ; 8D3C
    db 0x06, 0x00, 0xde, 0x90, 0x03, 0xff, 0x24, 0x00, 0xde, 0x90, 0x04, 0xff, 0x2a, 0x00, 0xde, 0x90  ; 8D4C
    db 0x08, 0xff, 0x40, 0x00, 0xde, 0x90, 0x0c, 0xff, 0x5a, 0x00, 0xde, 0x90, 0x0e, 0xff, 0x67, 0x00  ; 8D5C
    db 0xde, 0x90, 0x00, 0xff, 0x3c, 0x01, 0xde, 0x90, 0x0f, 0xff, 0x6d, 0x00, 0xde, 0x90, 0x11, 0xff  ; 8D6C
    db 0x7e, 0x00, 0xde, 0x90, 0x13, 0xff, 0x87, 0x00, 0xde, 0x90, 0x00, 0xff, 0x3c, 0x01, 0xde, 0x90  ; 8D7C
    db 0x14, 0xff, 0x8c, 0x00, 0xde, 0x90, 0x15, 0xff, 0x92, 0x00, 0xde, 0x90, 0x00, 0xff, 0x3c, 0x01  ; 8D8C
    db 0xde, 0x90, 0x16, 0xff, 0x9b, 0x00, 0xde, 0x90, 0x17, 0xff, 0xa0, 0x00, 0xde, 0x90, 0x00, 0xff  ; 8D9C
    db 0x3c, 0x01, 0xde, 0x90, 0x19, 0xff, 0xac, 0x00, 0xde, 0x90, 0x21, 0xff, 0xe9, 0x00, 0xde, 0x90  ; 8DAC
    db 0x28, 0xff, 0x17, 0x01, 0xde, 0x90, 0x00, 0xff, 0x3c, 0x01, 0xde, 0x90, 0x29, 0xff, 0x21, 0x01  ; 8DBC
    db 0xde, 0x90, 0x2a, 0xff, 0x28, 0x01, 0xde, 0x90, 0x00, 0xff, 0x3c, 0x01, 0xde, 0x90, 0x00, 0xff  ; 8DCC
    db 0x3c, 0x01, 0xde, 0x90, 0x2c, 0xff, 0x37, 0x01, 0xde, 0x90, 0x0b  ; 8DDC
    db 0x41, 0x43, 0x51, 0x75, 0x69, 0x73, 0x69, 0x74, 0x69, 0x6f, 0x6e  ; 8DE7: "ACQuisition"
    db 0x07  ; 8DF2
    db 0x41, 0x44, 0x44, 0x72, 0x65, 0x73, 0x73  ; 8DF3: "ADDress"
    db 0x08  ; 8DFA
    db 0x41, 0x54, 0x52, 0x69, 0x67, 0x67, 0x65, 0x72  ; 8DFB: "ATRigger"
    db 0x00, 0x04, 0x42, 0x59, 0x54, 0x65, 0x00, 0x03, 0x43, 0x48, 0x31, 0x03, 0x43, 0x48, 0x32, 0x06  ; 8E03
    db 0x43, 0x55, 0x52, 0x53, 0x6f, 0x72  ; 8E13: "CURSor"
    db 0x05  ; 8E19
    db 0x43, 0x55, 0x52, 0x56, 0x65  ; 8E1A: "CURVe"
    db 0x00, 0x04, 0x44, 0x41, 0x54, 0x61, 0x05  ; 8E1F
    db 0x44, 0x45, 0x4c, 0x41, 0x79  ; 8E26: "DELAy"
    db 0x06  ; 8E2B
    db 0x44, 0x45, 0x4c, 0x54, 0x41, 0x54  ; 8E2C: "DELTAT"
    db 0x06  ; 8E32
    db 0x44, 0x45, 0x4c, 0x54, 0x41, 0x56  ; 8E33: "DELTAV"
    db 0x00, 0x05  ; 8E39
    db 0x45, 0x52, 0x52, 0x6f, 0x72  ; 8E3B: "ERRor"
    db 0x05  ; 8E40
    db 0x45, 0x56, 0x45, 0x6e, 0x74  ; 8E41: "EVEnt"
    db 0x00, 0x04, 0x46, 0x4c, 0x4f, 0x77, 0x00, 0x04, 0x48, 0x45, 0x4c, 0x70, 0x0a  ; 8E46
    db 0x48, 0x4f, 0x52, 0x69, 0x7a, 0x6f, 0x6e, 0x74, 0x61, 0x6c  ; 8E53: "HORizontal"
    db 0x00, 0x02, 0x49, 0x44, 0x04, 0x49, 0x4e, 0x49, 0x74, 0x00, 0x03, 0x4a, 0x4d, 0x50, 0x00, 0x04  ; 8E5D
    db 0x4c, 0x4f, 0x4e, 0x67, 0x00, 0x07  ; 8E6D
    db 0x4d, 0x45, 0x53, 0x73, 0x61, 0x67, 0x65  ; 8E73: "MESsage"
    db 0x00, 0x03, 0x4f, 0x50, 0x43, 0x00, 0x04, 0x50, 0x4c, 0x4f, 0x74, 0x05  ; 8E7A
    db 0x50, 0x52, 0x4f, 0x42, 0x65  ; 8E86: "PROBe"
    db 0x00, 0x07  ; 8E8B
    db 0x52, 0x45, 0x41, 0x64, 0x6f, 0x75, 0x74  ; 8E8D: "REAdout"
    db 0x07  ; 8E94
    db 0x52, 0x45, 0x46, 0x44, 0x69, 0x73, 0x70  ; 8E95: "REFDisp"
    db 0x07  ; 8E9C
    db 0x52, 0x45, 0x46, 0x46, 0x72, 0x6f, 0x6d  ; 8E9D: "REFFrom"
    db 0x08  ; 8EA4
    db 0x52, 0x45, 0x46, 0x4f, 0x72, 0x6d, 0x61, 0x74  ; 8EA5: "REFOrmat"
    db 0x07  ; 8EAD
    db 0x52, 0x45, 0x46, 0x50, 0x72, 0x6f, 0x74  ; 8EAE: "REFProt"
    db 0x07  ; 8EB5
    db 0x52, 0x45, 0x46, 0x53, 0x74, 0x61, 0x74  ; 8EB6: "REFStat"
    db 0x06  ; 8EBD
    db 0x52, 0x45, 0x4d, 0x6f, 0x74, 0x65  ; 8EBE: "REMote"
    db 0x03, 0x52, 0x51, 0x53, 0x00, 0x07  ; 8EC4
    db 0x53, 0x41, 0x56, 0x65, 0x72, 0x65, 0x66  ; 8ECA: "SAVeref"
    db 0x07  ; 8ED1
    db 0x53, 0x45, 0x47, 0x6d, 0x65, 0x6e, 0x74  ; 8ED2: "SEGment"
    db 0x03, 0x53, 0x45, 0x54, 0x06  ; 8ED9
    db 0x53, 0x47, 0x4c, 0x73, 0x77, 0x70  ; 8EDE: "SGLswp"
    db 0x06  ; 8EE4
    db 0x53, 0x54, 0x41, 0x74, 0x75, 0x73  ; 8EE5: "STAtus"
    db 0x04, 0x53, 0x54, 0x4f, 0x50, 0x05  ; 8EEB
    db 0x53, 0x54, 0x4f, 0x52, 0x65  ; 8EF1: "STORe"
    db 0x00, 0x08  ; 8EF6
    db 0x54, 0x52, 0x49, 0x67, 0x67, 0x65, 0x72, 0x64  ; 8EF8: "TRIggerd"
    db 0x00, 0x05  ; 8F00
    db 0x56, 0x4d, 0x4f, 0x64, 0x65  ; 8F02: "VMOde"
    db 0x00, 0x06  ; 8F07
    db 0x57, 0x41, 0x56, 0x66, 0x72, 0x6d  ; 8F09: "WAVfrm"
    db 0x06  ; 8F0F
    db 0x57, 0x46, 0x4d, 0x70, 0x72, 0x65  ; 8F10: "WFMpre"
    db 0x00, 0x04, 0x5a, 0x5a, 0x5a, 0x5a, 0x00, 0x00  ; 8F16
    db 0x53, 0x65, 0x6c, 0x65, 0x63, 0x74, 0x20, 0x53, 0x4f, 0x55, 0x52, 0x43, 0x45  ; 8F1E: "Select SOURCE"
    db 0x00  ; 8F2B
    db 0x53, 0x65, 0x6c, 0x65, 0x63, 0x74, 0x20, 0x44, 0x45, 0x53, 0x54  ; 8F2C: "Select DEST"
    db 0x00  ; 8F37
    db 0x50, 0x72, 0x65, 0x73, 0x73, 0x20, 0x61, 0x67, 0x61, 0x69, 0x6e, 0x20, 0x74, 0x6f, 0x20, 0x43, 0x4f, 0x50, 0x59  ; 8F38: "Press again to COPY"
    db 0x00  ; 8F4B
    db 0x55, 0x73, 0x65, 0x20, 0x43, 0x55, 0x52, 0x53, 0x4f, 0x52, 0x20, 0x4b, 0x4e, 0x4f, 0x42, 0x20, 0x2f, 0x20, 0x43, 0x55, 0x52, 0x53, 0x4f, 0x52, 0x5f, 0x53, 0x45, 0x4c, 0x45, 0x43, 0x54  ; 8F4C: "Use CURSOR KNOB / CURSOR_SELECT"
    db 0x00, 0x00, 0x43, 0x4f, 0x50, 0x59, 0x00  ; 8F6B
    db 0x55, 0x73, 0x65, 0x20, 0x43, 0x55, 0x52, 0x53, 0x4f, 0x52, 0x20, 0x53, 0x45, 0x4c, 0x20, 0x74, 0x6f, 0x20, 0x70, 0x65, 0x72, 0x66, 0x6f, 0x72, 0x6d, 0x20, 0x63, 0x6f, 0x70, 0x79  ; 8F72: "Use CURSOR SEL to perform copy"
    db 0x00, 0x00  ; 8F90
    db 0x55, 0x73, 0x65, 0x20, 0x43, 0x55, 0x52, 0x53, 0x4f, 0x52, 0x20, 0x4b, 0x4e, 0x4f, 0x42, 0x20, 0x2f, 0x20, 0x43, 0x55, 0x52, 0x53, 0x4f, 0x52, 0x20, 0x53, 0x45, 0x4c, 0x45, 0x43, 0x54  ; 8F92: "Use CURSOR KNOB / CURSOR SELECT"
    db 0x00, 0x00  ; 8FB1
    db 0x44, 0x45, 0x4c, 0x45, 0x54, 0x45  ; 8FB3: "DELETE"
    db 0x00  ; 8FB9
    db 0x55, 0x73, 0x65, 0x20, 0x43, 0x55, 0x52, 0x53, 0x4f, 0x52, 0x20, 0x4b, 0x4e, 0x4f, 0x42, 0x20, 0x2f, 0x20, 0x43, 0x55, 0x52, 0x53, 0x4f, 0x52, 0x20, 0x53, 0x45, 0x4c, 0x45, 0x43, 0x54  ; 8FBA: "Use CURSOR KNOB / CURSOR SELECT"
    db 0x00, 0x00  ; 8FD9
    db 0x4c, 0x4f, 0x43, 0x4b, 0x20, 0x2f, 0x20, 0x55, 0x4e, 0x4c, 0x4f, 0x43, 0x4b  ; 8FDB: "LOCK / UNLOCK"
    db 0x00  ; 8FE8
    db 0x46, 0x49, 0x4c, 0x45, 0x20, 0x49, 0x53, 0x20, 0x4c, 0x4f, 0x43, 0x4b, 0x45, 0x44  ; 8FE9: "FILE IS LOCKED"
    db 0x00  ; 8FF7
    db 0x46, 0x49, 0x4c, 0x45, 0x20, 0x49, 0x53, 0x20, 0x55, 0x4e, 0x4c, 0x4f, 0x43, 0x4b, 0x45, 0x44  ; 8FF8: "FILE IS UNLOCKED"
    db 0x00  ; 9008
    db 0x46, 0x72, 0x65, 0x65, 0x3a  ; 9009: "Free:"
    db 0x00  ; 900E
    db 0x55, 0x6e, 0x61, 0x62, 0x6c, 0x65, 0x20, 0x74, 0x6f, 0x20, 0x72, 0x65, 0x61, 0x64, 0x20, 0x53, 0x4f, 0x55, 0x52, 0x43, 0x45  ; 900F: "Unable to read SOURCE"
    db 0x00, 0x00  ; 9024
    db 0x43, 0x6f, 0x6e, 0x66, 0x6c, 0x69, 0x63, 0x74, 0x20, 0x77, 0x69, 0x74, 0x68, 0x20, 0x43, 0x4f, 0x4d, 0x4d, 0x20, 0x63, 0x6d, 0x64  ; 9026: "Conflict with COMM cmd"
    db 0x00, 0x00  ; 903C
    db 0x55, 0x6e, 0x61, 0x62, 0x6c, 0x65, 0x20, 0x74, 0x6f, 0x20, 0x77, 0x72, 0x69, 0x74, 0x65, 0x20, 0x44, 0x45, 0x53, 0x54  ; 903E: "Unable to write DEST"
    db 0x00, 0x00  ; 9052
    db 0x45, 0x72, 0x72, 0x6f, 0x72, 0x3a, 0x20, 0x53, 0x4f, 0x55, 0x52, 0x43, 0x45, 0x20, 0x3d, 0x20, 0x44, 0x45, 0x53, 0x54  ; 9054: "Error: SOURCE = DEST"
    db 0x00, 0x00  ; 9068
    db 0x44, 0x65, 0x6c, 0x65, 0x74, 0x65, 0x20, 0x66, 0x61, 0x69, 0x6c, 0x65, 0x64  ; 906A: "Delete failed"
    db 0x00, 0x00  ; 9077
    db 0x45, 0x72, 0x72, 0x6f, 0x72, 0x3a, 0x20, 0x52, 0x65, 0x66, 0x20, 0x32, 0x20, 0x26, 0x20, 0x33, 0x20, 0x6d, 0x75, 0x73, 0x74, 0x20, 0x62, 0x65, 0x20, 0x31, 0x4b  ; 9079: "Error: Ref 2 & 3 must be 1K"
    db 0x00, 0x00  ; 9094
    db 0x4c, 0x6f, 0x63, 0x6b, 0x2f, 0x55, 0x6e, 0x6c, 0x6f, 0x63, 0x6b, 0x20, 0x66, 0x61, 0x69, 0x6c, 0x65, 0x64  ; 9096: "Lock/Unlock failed"
    db 0x00, 0x00  ; 90A8
    db 0x46, 0x69, 0x6c, 0x65, 0x20, 0x6c, 0x6f, 0x63, 0x6b, 0x65, 0x64, 0x20, 0x66, 0x72, 0x6f, 0x6d, 0x20, 0x43, 0x4f, 0x4d, 0x4d, 0x20, 0x70, 0x6f, 0x72, 0x74  ; 90AA: "File locked from COMM port"
    db 0x00, 0x00  ; 90C4
    db 0x46, 0x61, 0x69, 0x6c, 0x65, 0x64, 0x2c, 0x20, 0x66, 0x69, 0x6c, 0x65, 0x20, 0x6c, 0x6f, 0x63, 0x6b, 0x65, 0x64  ; 90C6: "Failed, file locked"
    db 0x00, 0x00  ; 90D9
    db 0x46, 0x61, 0x69, 0x6c, 0x65, 0x64, 0x2c, 0x20, 0x6d, 0x65, 0x6d, 0x6f, 0x72, 0x79, 0x20, 0x66, 0x75, 0x6c, 0x6c  ; 90DB: "Failed, memory full"
    db 0x00, 0x00  ; 90EE
    db 0x46, 0x61, 0x69, 0x6c, 0x65, 0x64, 0x2c, 0x20, 0x43, 0x4f, 0x4d, 0x4d, 0x20, 0x63, 0x6f, 0x6e, 0x66, 0x6c, 0x69, 0x63, 0x74  ; 90F0: "Failed, COMM conflict"
    db 0x00, 0x00  ; 9105
    db 0x46, 0x61, 0x69, 0x6c, 0x65, 0x64, 0x3a, 0x20, 0x46, 0x69, 0x6c, 0x65, 0x20, 0x77, 0x61, 0x73, 0x20, 0x65, 0x6d, 0x70, 0x74, 0x79  ; 9107: "Failed: File was empty"
    db 0x00, 0x00  ; 911D
    db 0x49, 0x6e, 0x74, 0x65, 0x72, 0x6e, 0x61, 0x6c, 0x20, 0x65, 0x72, 0x72, 0x6f, 0x72  ; 911F: "Internal error"
    db 0x00, 0x00, 0x41, 0x43, 0x51, 0x00, 0x52, 0x45, 0x46, 0x00, 0x52, 0x45, 0x46, 0x00, 0x4f, 0x4e  ; 912D
    db 0x20, 0x00, 0x4f, 0x46, 0x46, 0x00, 0xff  ; 913D
    db 0x54, 0x45, 0x4b, 0x2f, 0x32, 0x32  ; 9144: "TEK/22"
    db 0x00  ; 914A
    db 0x2c, 0x56, 0x38, 0x31, 0x2e, 0x31, 0x2c, 0x56, 0x45, 0x52, 0x53, 0x3a  ; 914B: ",V81.1,VERS:"
    db 0x00  ; 9157
    db 0x52, 0x45, 0x41, 0x44, 0x59  ; 9158: "READY"
    db 0x00  ; 915D
    db 0x30, 0x2e, 0x30, 0x45, 0x2b, 0x30  ; 915E: "0.0E+0"
    db 0x00  ; 9164
    db 0x30, 0x2e, 0x30, 0x45, 0x2b, 0x30  ; 9165: "0.0E+0"
    db 0x00, 0x6e, 0x15, 0x6d, 0x00, 0x6b, 0x4d, 0xff, 0x00  ; 916B
    db 0x39, 0x36, 0x33, 0x30, 0x33, 0x36  ; 9174: "963036"
    db 0xff, 0x00, 0x22, 0x41, 0x43, 0x51, 0x00, 0x22, 0x52, 0x45, 0x46, 0x00, 0x2c, 0x20, 0x00, 0x2c  ; 917A
    db 0x20, 0x00, 0x45, 0x58, 0x54, 0x00, 0x2c, 0x20, 0x00  ; 918A
    db 0x53, 0x41, 0x4d, 0x50, 0x4c, 0x45  ; 9193: "SAMPLE"
    db 0x00  ; 9199
    db 0x50, 0x45, 0x41, 0x4b, 0x44, 0x45, 0x54  ; 919A: "PEAKDET"
    db 0x00  ; 91A1
    db 0x41, 0x43, 0x43, 0x50, 0x45, 0x41, 0x4b  ; 91A2: "ACCPEAK"
    db 0x00  ; 91A9
    db 0x41, 0x56, 0x45, 0x52, 0x41, 0x47, 0x45  ; 91AA: "AVERAGE"
    db 0x00  ; 91B1
    db 0x20, 0x2d, 0x20, 0x53, 0x4d, 0x4f, 0x4f, 0x54, 0x48  ; 91B2: " - SMOOTH"
    db 0x00  ; 91BB
    db 0x2c, 0x20, 0x43, 0x52, 0x56, 0x23, 0x20  ; 91BC: ", CRV# "
    db 0x00  ; 91C3
    db 0x31, 0x2e, 0x30, 0x45, 0x2b, 0x30  ; 91C4: "1.0E+0"
    db 0x00  ; 91CA
    db 0x31, 0x2e, 0x30, 0x45, 0x2b, 0x30  ; 91CB: "1.0E+0"
    db 0x00, 0x52, 0x50, 0x00, 0x2c, 0x20, 0x00, 0x2c, 0x20, 0x00, 0x23, 0x48, 0x00  ; 91D1
    db 0x2e, 0x30, 0x45, 0x2b, 0x30  ; 91DE: ".0E+0"
    db 0x00, 0x55, 0x8b, 0xec, 0x83, 0xec, 0x08, 0x8b, 0x7e, 0x06, 0x89, 0x3e, 0xd2, 0x06, 0xc7, 0x06  ; 91E3
    db 0xce, 0x06, 0xa9, 0x05, 0x8c, 0x1e, 0xd0, 0x06, 0x80, 0x7e, 0x08, 0x00, 0x75, 0x08, 0xc4, 0x3e  ; 91F3
    db 0xce, 0x06, 0x26, 0xc6, 0x05, 0x00, 0x83, 0x3e, 0xd2, 0x06, 0x00, 0x75, 0x21, 0x9a, 0xf6, 0x04  ; 9203
    db 0x1e, 0x91, 0xbf, 0x41, 0x00, 0x57, 0x9a, 0x0e, 0x00, 0x70, 0x94, 0x89, 0x46, 0xf8, 0x9a, 0x05  ; 9213
    db 0x02, 0xa8, 0xe6, 0xff, 0x76, 0xf8, 0x9a, 0x0e, 0x00, 0x70, 0x94, 0xe9, 0x96, 0x00, 0x83, 0x3e  ; 9223
    db 0xd2, 0x06, 0x00, 0x7c, 0x07, 0x83, 0x3e, 0xd2, 0x06, 0x10, 0x7e, 0x0d, 0xc6, 0x06, 0x23, 0x06  ; 9233
    db 0x15, 0xc6, 0x06, 0xf3, 0x04, 0x00, 0xe9, 0x7b, 0x00, 0xbf, 0x41, 0x00, 0x57, 0x9a, 0x0e, 0x00  ; 9243
    db 0x70, 0x94, 0x89, 0x46, 0xf8, 0x80, 0x3e, 0x86, 0x06, 0x00, 0x75, 0x55, 0x80, 0x3e, 0x7a, 0x1b  ; 9253
    db 0x00, 0x74, 0x0d, 0xc6, 0x06, 0x86, 0x06, 0x11, 0x9a, 0x39, 0x02, 0xb6, 0xef, 0xe9, 0x32, 0x00  ; 9263
    db 0x80, 0x3e, 0x78, 0x1b, 0x00, 0x75, 0x17, 0x80, 0x3e, 0xf6, 0x1b, 0x00, 0x74, 0x08, 0xc6, 0x06  ; 9273
    db 0x86, 0x06, 0x21, 0xe9, 0x1c, 0x00, 0xc6, 0x06, 0x86, 0x06, 0x01, 0xe9, 0x14, 0x00, 0x80, 0x3e  ; 9283
    db 0xf6, 0x1b, 0x00, 0x74, 0x08, 0xc6, 0x06, 0x86, 0x06, 0x21, 0xe9, 0x05, 0x00, 0xc6, 0x06, 0x86  ; 9293
    db 0x06, 0x01, 0xc4, 0x3e, 0xdc, 0x1d, 0x26, 0xc6, 0x85, 0x3b, 0x01, 0x80, 0x9a, 0x05, 0x02, 0xa8  ; 92A3
    db 0xe6, 0xc6, 0x06, 0x88, 0x06, 0x01, 0xc7, 0x06, 0x48, 0x05, 0xff, 0xff, 0xff, 0x76, 0xf8, 0x9a  ; 92B3
    db 0x0e, 0x00, 0x70, 0x94, 0x8b, 0xe5, 0x5d, 0xca, 0x02, 0x00, 0x55, 0x8b, 0xec, 0x83, 0xec, 0x08  ; 92C3
    db 0xbf, 0x80, 0x8f, 0x57, 0x9a, 0x0e, 0x00, 0x70, 0x94, 0x89, 0x46, 0xf8, 0xff, 0x0e, 0xd2, 0x06  ; 92D3
    db 0xa1, 0xd2, 0x06, 0xba, 0x09, 0x00, 0xf7, 0xea, 0xc4, 0x7e, 0x06, 0x8b, 0xd8, 0x26, 0x8a, 0x11  ; 92E3
    db 0x80, 0xe2, 0x01, 0x80, 0xfa, 0x00, 0x74, 0x22, 0xa1, 0xd2, 0x06, 0xba, 0x09, 0x00, 0xf7, 0xea  ; 92F3
    db 0x8b, 0xd8, 0x26, 0x80, 0x21, 0xfe, 0xff, 0x76, 0x0a, 0xc4, 0x56, 0x06, 0x06, 0x52, 0xff, 0x36  ; 9303
    db 0xd2, 0x06, 0x9a, 0xe2, 0x02, 0x1e, 0x91, 0x83, 0xc4, 0x06, 0xc4, 0x3e, 0xce, 0x06, 0x26, 0x80  ; 9313
    db 0x3d, 0x00, 0x74, 0x12, 0xff, 0x36, 0xd2, 0x06, 0xc4, 0x16, 0xce, 0x06, 0x06, 0x52, 0x9a, 0x6c  ; 9323
    db 0x01, 0x1e, 0x91, 0x83, 0xc4, 0x02, 0xc6, 0x06, 0xf3, 0x04, 0x00, 0xff, 0x76, 0xf8, 0x9a, 0x0e  ; 9333
    db 0x00, 0x70, 0x94, 0x8b, 0xe5, 0x5d, 0xca, 0x04, 0x00, 0x55, 0x8b, 0xec, 0x83, 0xec, 0x18, 0xbf  ; 9343
    db 0x41, 0x00, 0x57, 0x9a, 0x0e, 0x00, 0x70, 0x94, 0x89, 0x46, 0xf2, 0xc6, 0x46, 0xf0, 0x00, 0x8b  ; 9353
    db 0x7e, 0x0a, 0x83, 0xc7, 0x13, 0x8b, 0xc7, 0xba, 0x09, 0x00, 0xf7, 0xea, 0xc4, 0x16, 0xdc, 0x1d  ; 9363
    db 0x8b, 0xda, 0x03, 0xd8, 0x89, 0x5e, 0xec, 0x8c, 0x46, 0xee, 0xc4, 0x3e, 0xdc, 0x1d, 0x8d, 0x9d  ; 9373
    db 0x3b, 0x01, 0x89, 0x5e, 0xe8, 0x8c, 0x46, 0xea, 0xc4, 0x5e, 0xe8, 0x26, 0x8a, 0x57, 0x05, 0x2a  ; 9383
    db 0xf6, 0x89, 0x56, 0xf6, 0x26, 0x8a, 0x57, 0x06, 0x2a, 0xf6, 0x89, 0x56, 0xf4, 0xd1, 0xe2, 0xd1  ; 9393
    db 0xe2, 0xd1, 0xe2, 0xd1, 0xe2, 0xd1, 0xe2, 0xd1, 0xe2, 0xd1, 0xe2, 0xd1, 0xe2, 0x03, 0x56, 0xf6  ; 93A3
    db 0x89, 0x56, 0xf4, 0x89, 0x16, 0xae, 0x06, 0xc7, 0x06, 0xb0, 0x06, 0x00, 0x00, 0x8b, 0x7e, 0x0a  ; 93B3
    db 0x83, 0xc7, 0x13, 0x57, 0xbb, 0x10, 0x00, 0x53, 0x53, 0x8b, 0x46, 0x0a, 0xba, 0x32, 0x00, 0xf7  ; 93C3
    db 0xea, 0x05, 0x55, 0x00, 0x50, 0xba, 0x08, 0x00, 0x52, 0xc4, 0x16, 0xae, 0x06, 0x06, 0x52, 0x9a  ; 93D3
    db 0x48, 0x03, 0x51, 0xe9, 0x83, 0xc4, 0x0a, 0xc7, 0x06, 0xaa, 0x06, 0x00, 0x00, 0x2b, 0xff, 0x57  ; 93E3
    db 0x9a, 0x0b, 0x00, 0x13, 0xea, 0x01, 0x06, 0xaa, 0x06, 0xe9, 0x36, 0x00, 0xa1, 0xaa, 0x06, 0x05  ; 93F3
    db 0x07, 0x00, 0x3d, 0x00, 0x01, 0x7d, 0x20, 0xbf, 0x9c, 0x35, 0xa1, 0xae, 0x06, 0x3b, 0xf8, 0x76  ; 9403
    db 0x16, 0x8a, 0x56, 0xf1, 0x2a, 0xf6, 0x81, 0xe2, 0x7f, 0x00, 0x52, 0x9a, 0x0b, 0x00, 0x13, 0xea  ; 9413
    db 0x01, 0x06, 0xaa, 0x06, 0xe9, 0x0b, 0x00, 0xc6, 0x46, 0xf0, 0x01, 0xc4, 0x7e, 0x06, 0x26, 0xc6  ; 9423
    db 0x05, 0x00, 0xc4, 0x7e, 0x06, 0xff, 0x46, 0x06, 0x26, 0x8a, 0x15, 0x88, 0x56, 0xf1, 0x80, 0xfa  ; 9433
    db 0x00, 0x75, 0xb9, 0xbb, 0x23, 0x00, 0x53, 0xbb, 0x10, 0x00, 0x53, 0x53, 0x2b, 0xc0, 0x50, 0x50  ; 9443
    db 0xc4, 0x1e, 0xae, 0x06, 0x8d, 0x7f, 0x02, 0x06, 0x57, 0x9a, 0x48, 0x03, 0x51, 0xe9, 0x83, 0xc4  ; 9453
    db 0x0a, 0xc4, 0x7e, 0xec, 0x26, 0xc6, 0x05, 0x11, 0xba, 0x80, 0x8f, 0x52, 0x9a, 0x0e, 0x00, 0x70  ; 9463
    db 0x94, 0x80, 0x7e, 0xf0, 0x00, 0x74, 0x09, 0xbf, 0x38, 0x00, 0x57, 0x9a, 0xf1, 0x01, 0x11, 0x85  ; 9473
    db 0xc7, 0x46, 0xf8, 0xff, 0xff, 0xff, 0x46, 0xf8, 0x8b, 0x7e, 0xf8, 0x80, 0xbd, 0xbc, 0x06, 0x10  ; 9483
    db 0x74, 0x05, 0x83, 0xff, 0x10, 0x7c, 0xee, 0x83, 0x7e, 0xf8, 0x10, 0x7d, 0x0c, 0x8b, 0x7e, 0x0a  ; 9493
    db 0x8b, 0xd7, 0x8b, 0x5e, 0xf8, 0x88, 0x97, 0xbc, 0x06, 0x8b, 0x7e, 0x0a, 0xc6, 0x85, 0xbc, 0x06  ; 94A3
    db 0x10, 0xff, 0x76, 0xf2, 0x9a, 0x0e, 0x00, 0x70, 0x94, 0x8b, 0xe5, 0x5d, 0xca, 0x04, 0x00, 0x55  ; 94B3
    db 0x8b, 0xec, 0x83, 0xec, 0x20, 0x8b, 0x7e, 0x06, 0x8a, 0x95, 0xbc, 0x06, 0x88, 0x56, 0xed, 0x8b  ; 94C3
    db 0xc7, 0xba, 0x09, 0x00, 0xf7, 0xea, 0xc4, 0x56, 0x08, 0x8b, 0xda, 0x03, 0xd8, 0x89, 0x5e, 0xe8  ; 94D3
    db 0x8c, 0x46, 0xea, 0x8a, 0x5e, 0xed, 0x2a, 0xff, 0x8b, 0xc3, 0x8b, 0xda, 0xba, 0x09, 0x00, 0xf7  ; 94E3
    db 0xea, 0x8b, 0xd3, 0x03, 0xd0, 0x89, 0x56, 0xe4, 0x8c, 0x46, 0xe6, 0x8d, 0xbf, 0x90, 0x00, 0x89  ; 94F3
    db 0x7e, 0xe0, 0x8c, 0x46, 0xe2, 0xc4, 0x7e, 0xe0, 0x26, 0x8a, 0x55, 0x05, 0x2a, 0xf6, 0x89, 0x56  ; 9503
    db 0xf0, 0x26, 0x8a, 0x55, 0x06, 0x2a, 0xf6, 0x89, 0x56, 0xee, 0xd1, 0xe2, 0xd1, 0xe2, 0xd1, 0xe2  ; 9513
    db 0xd1, 0xe2, 0xd1, 0xe2, 0xd1, 0xe2, 0xd1, 0xe2, 0xd1, 0xe2, 0x03, 0x56, 0xf0, 0x89, 0x56, 0xee  ; 9523
    db 0x89, 0x56, 0xf4, 0xc4, 0x5e, 0xe4, 0x26, 0x8a, 0x57, 0x05, 0x2a, 0xf6, 0x89, 0x56, 0xf0, 0x26  ; 9533
    db 0x8a, 0x47, 0x06, 0x2a, 0xe4, 0x89, 0x46, 0xee, 0xd1, 0xe0, 0xd1, 0xe0, 0xd1, 0xe0, 0xd1, 0xe0  ; 9543
    db 0xd1, 0xe0, 0xd1, 0xe0, 0xd1, 0xe0, 0xd1, 0xe0, 0x03, 0xc2, 0x89, 0x46, 0xee, 0x89, 0x46, 0xf6  ; 9553
    db 0xc7, 0x46, 0xf8, 0x00, 0x00, 0x29, 0x46, 0xf4, 0x89, 0x46, 0xf2, 0xc4, 0x7e, 0xe8, 0x26, 0x8a  ; 9563
    db 0x5d, 0x05, 0x2a, 0xff, 0x89, 0x5e, 0xf0, 0x26, 0x8a, 0x55, 0x06, 0x2a, 0xf6, 0x89, 0x56, 0xee  ; 9573
    db 0xd1, 0xe2, 0xd1, 0xe2, 0xd1, 0xe2, 0xd1, 0xe2, 0xd1, 0xe2, 0xd1, 0xe2, 0xd1, 0xe2, 0xd1, 0xe2  ; 9583
    db 0x03, 0xd3, 0x89, 0x56, 0xee, 0x29, 0x56, 0xf2, 0xc4, 0x7e, 0x08, 0x06, 0x57, 0xff, 0x76, 0xf2  ; 9593
    db 0xff, 0x76, 0x06, 0x9a, 0x0e, 0x04, 0x1e, 0x91, 0x83, 0xc4, 0x06, 0xff, 0x76, 0xf4, 0x2b, 0xff  ; 95A3
    db 0x8e, 0xc7, 0x06, 0xff, 0x76, 0xee, 0xc4, 0x56, 0xf6, 0x06, 0x52, 0x9a, 0x29, 0x00, 0xbe, 0xfb  ; 95B3
    db 0x83, 0xc4, 0x06, 0xff, 0x76, 0xf4, 0x8b, 0x7e, 0x0c, 0x2b, 0xd2, 0x8e, 0xc2, 0x8b, 0x5e, 0xee  ; 95C3
    db 0x8d, 0x01, 0x06, 0x50, 0xc4, 0x46, 0xf6, 0x8b, 0xd8, 0x03, 0xdf, 0x06, 0x53, 0x9a, 0x29, 0x00  ; 95D3
    db 0xbe, 0xfb, 0x83, 0xc4, 0x06, 0x8b, 0xe5, 0x5d, 0xca, 0x02, 0x00, 0x55, 0x8b, 0xec, 0x83, 0xec  ; 95E3
    db 0x12, 0xc7, 0x46, 0xf8, 0x00, 0x00, 0xe9, 0x03, 0x00, 0xff, 0x46, 0xf8, 0x8b, 0x7e, 0x06, 0x8b  ; 95F3
    db 0x5e, 0xf8, 0x8a, 0x97, 0xbc, 0x06, 0x2a, 0xf6, 0x3b, 0xd7, 0x74, 0x05, 0x83, 0xfb, 0x10, 0x7c  ; 9603
    db 0xe8, 0x8b, 0x7e, 0x06, 0x8a, 0x95, 0xbc, 0x06, 0x8b, 0x5e, 0xf8, 0x88, 0x97, 0xbc, 0x06, 0x8b  ; 9613
    db 0xc7, 0x88, 0x46, 0xf3, 0xe9, 0x95, 0x00, 0x8a, 0x56, 0xf3, 0x2a, 0xf6, 0x8b, 0xfa, 0x8a, 0x9d  ; 9623
    db 0xbc, 0x06, 0x88, 0x5e, 0xf3, 0x80, 0xfb, 0x10, 0x77, 0x05, 0x80, 0xfb, 0x00, 0x73, 0x09, 0xc6  ; 9633
    db 0x46, 0xf3, 0x10, 0xc6, 0x06, 0xd4, 0x06, 0x01, 0x8a, 0x56, 0xf3, 0x2a, 0xf6, 0x8b, 0xc2, 0xba  ; 9643
    db 0x09, 0x00, 0xf7, 0xea, 0xc4, 0x7e, 0x0a, 0x8b, 0xd7, 0x03, 0xd0, 0x89, 0x56, 0xee, 0x8c, 0x46  ; 9653
    db 0xf0, 0xc4, 0x5e, 0xee, 0x26, 0x8a, 0x57, 0x05, 0x2a, 0xf6, 0x89, 0x56, 0xf6, 0x26, 0x8a, 0x57  ; 9663
    db 0x06, 0x2a, 0xf6, 0x89, 0x56, 0xf4, 0xd1, 0xe2, 0xd1, 0xe2, 0xd1, 0xe2, 0xd1, 0xe2, 0xd1, 0xe2  ; 9673
    db 0xd1, 0xe2, 0xd1, 0xe2, 0xd1, 0xe2, 0x03, 0x56, 0xf6, 0x2b, 0x56, 0x08, 0x89, 0x56, 0xf4, 0x81  ; 9683
    db 0xe2, 0xff, 0x00, 0x89, 0x56, 0xf6, 0x8b, 0x7e, 0xf4, 0xd1, 0xff, 0xd1, 0xff, 0xd1, 0xff, 0xd1  ; 9693
    db 0xff, 0xd1, 0xff, 0xd1, 0xff, 0xd1, 0xff, 0xd1, 0xff, 0x89, 0x7e, 0xf4, 0x26, 0x88, 0x57, 0x05  ; 96A3
    db 0x8b, 0x7e, 0xf4, 0x8b, 0xd7, 0xc4, 0x7e, 0xee, 0x26, 0x88, 0x55, 0x06, 0x80, 0x7e, 0xf3, 0x10  ; 96B3
    db 0x74, 0x03, 0xe9, 0x62, 0xff, 0x8b, 0x7e, 0x06, 0xc6, 0x85, 0xbc, 0x06, 0xff, 0x8b, 0xe5, 0x5d  ; 96C3
    db 0xca, 0x02, 0x00, 0x55, 0x8b, 0xec, 0x83, 0xec, 0x12, 0xbf, 0x80, 0x8f, 0x57, 0x9a, 0x0e, 0x00  ; 96D3
    db 0x70, 0x94, 0x89, 0x46, 0xf6, 0xc7, 0x46, 0xee, 0xbc, 0x06, 0x8c, 0x5e, 0xf0, 0xbf, 0x41, 0x00  ; 96E3
    db 0x57, 0x9a, 0x0e, 0x00, 0x70, 0x94, 0xc4, 0x3e, 0xdc, 0x1d, 0x8d, 0x95, 0xa2, 0x00, 0x89, 0x56  ; 96F3
    db 0xf2, 0x8c, 0x46, 0xf4, 0xc7, 0x46, 0xf8, 0x12, 0x00, 0xe9, 0x18, 0x00, 0xc4, 0x7e, 0xf2, 0x83  ; 9703
    db 0x46, 0xf2, 0x09, 0x26, 0xc6, 0x05, 0x00, 0xc4, 0x5e, 0xee, 0xff, 0x46, 0xee, 0x26, 0xc6, 0x07  ; 9713
    db 0xff, 0xff, 0x46, 0xf8, 0x83, 0x7e, 0xf8, 0x24, 0x7c, 0xe2, 0x80, 0x3e, 0x86, 0x06, 0x11, 0x75  ; 9723
    db 0x08, 0xc6, 0x06, 0x68, 0x04, 0x01, 0xe9, 0x41, 0x00, 0x80, 0x3e, 0x86, 0x06, 0x21, 0x75, 0x09  ; 9733
    db 0xc7, 0x06, 0x48, 0x05, 0xff, 0xff, 0xe9, 0x31, 0x00, 0x80, 0x3e, 0x78, 0x1b, 0x00, 0x75, 0x2a  ; 9743
    db 0xc6, 0x06, 0x86, 0x06, 0x00, 0xc7, 0x06, 0x48, 0x05, 0xff, 0xff, 0xc6, 0x06, 0xf6, 0x1b, 0xff  ; 9753
    db 0xe9, 0x05, 0x00, 0x9a, 0x0c, 0x00, 0x93, 0xe6, 0x83, 0x3e, 0x48, 0x05, 0x00, 0x75, 0xf4, 0xc6  ; 9763
    db 0x06, 0xf6, 0x1b, 0x00, 0xc7, 0x06, 0x48, 0x05, 0xff, 0xff, 0xc6, 0x06, 0x86, 0x06, 0x00, 0xbf  ; 9773
    db 0x23, 0x00, 0x57, 0xbf, 0x10, 0x00, 0x57, 0x57, 0x2b, 0xd2, 0x52, 0x52, 0x2b, 0xff, 0x8e, 0xc7  ; 9783
    db 0x06, 0xbb, 0x64, 0x22, 0x53, 0x9a, 0x48, 0x03, 0x51, 0xe9, 0x83, 0xc4, 0x0a, 0xbf, 0x80, 0x8f  ; 9793
    db 0x57, 0x9a, 0x0e, 0x00, 0x70, 0x94, 0xc6, 0x06, 0xf3, 0x04, 0x00, 0xff, 0x76, 0xf6, 0x9a, 0x0e  ; 97A3
    db 0x00, 0x70, 0x94, 0x8b, 0xe5, 0x5d, 0xcb, 0x55, 0x8b, 0xec, 0x83, 0xec, 0x0e, 0xbf, 0x41, 0x00  ; 97B3
    db 0x57, 0x9a, 0x0e, 0x00, 0x70, 0x94, 0x89, 0x46, 0xf8, 0xa0, 0x86, 0x06, 0x88, 0x46, 0xf3, 0xff  ; 97C3
    db 0x76, 0xf8, 0x9a, 0x0e, 0x00, 0x70, 0x94, 0x80, 0x7e, 0xf3, 0x00, 0x74, 0x11, 0xc4, 0x3e, 0xf2  ; 97D3
    db 0x06, 0x8d, 0x95, 0x41, 0x01, 0x89, 0x56, 0xf4, 0x8c, 0x46, 0xf6, 0xe9, 0x0e, 0x00, 0xc4, 0x3e  ; 97E3
    db 0xf2, 0x06, 0x8d, 0x95, 0x3d, 0x01, 0x89, 0x56, 0xf4, 0x8c, 0x46, 0xf6, 0xc4, 0x5e, 0xf4, 0x8b  ; 97F3
    db 0xe5, 0x5d, 0xcb, 0x55, 0x8b, 0xec, 0x83, 0xec, 0x06, 0xc4, 0x3e, 0x32, 0x07, 0x26, 0x80, 0x7d  ; 9803
    db 0x16, 0x00, 0x74, 0x0d, 0xc4, 0x16, 0xf2, 0x06, 0x8b, 0xda, 0x81, 0xc3, 0x41, 0x01, 0xe9, 0x08  ; 9813
    db 0x00, 0xc4, 0x3e, 0xf2, 0x06, 0x8d, 0x9d, 0x3d, 0x01, 0x8b, 0xe5, 0x5d, 0xcb, 0x55, 0x8b, 0xec  ; 9823
    db 0x83, 0xec, 0x06, 0xbf, 0x41, 0x00, 0x57, 0x9a, 0x0e, 0x00, 0x70, 0x94, 0xc6, 0x06, 0xb4, 0x07  ; 9833
    db 0x10, 0xbf, 0x80, 0x8f, 0x57, 0x9a, 0x0e, 0x00, 0x70, 0x94, 0x80, 0x0e, 0x03, 0x06, 0x01, 0x8b  ; 9843
    db 0xe5, 0x5d, 0xcb, 0x55, 0x8b, 0xec, 0x83, 0xec, 0x06, 0xbf, 0x41, 0x00, 0x57, 0x9a, 0x0e, 0x00  ; 9853
    db 0x70, 0x94, 0xc6, 0x06, 0xb4, 0x07, 0x00, 0xbf, 0x80, 0x8f, 0x57, 0x9a, 0x0e, 0x00, 0x70, 0x94  ; 9863
    db 0x80, 0x0e, 0x03, 0x06, 0x01, 0x8b, 0xe5, 0x5d, 0xcb, 0x55, 0x8b, 0xec, 0x83, 0xec, 0x0c, 0xe9  ; 9873
    db 0x24, 0x00, 0xc6, 0x46, 0xf5, 0x20, 0xe9, 0x39, 0x00, 0xc6, 0x46, 0xf5, 0x01, 0xe9, 0x32, 0x00  ; 9883
    db 0xc6, 0x46, 0xf5, 0x02, 0xe9, 0x2b, 0x00, 0xc6, 0x46, 0xf5, 0x40, 0xe9, 0x24, 0x00, 0xc6, 0x06  ; 9893
    db 0x23, 0x06, 0x04, 0xe9, 0x9b, 0x00, 0xa0, 0xfe, 0x05, 0x2a, 0xe4, 0x3d, 0x18, 0x00, 0x74, 0xd9  ; 98A3
    db 0x3d, 0x2d, 0x00, 0x74, 0xdb, 0x3d, 0x3c, 0x00, 0x74, 0xdd, 0x3d, 0x52, 0x00, 0x74, 0xc3, 0xe9  ; 98B3
    db 0xdc, 0xff, 0xc4, 0x3e, 0x32, 0x07, 0x26, 0x8a, 0x55, 0x16, 0x2a, 0xf6, 0x89, 0x56, 0xf8, 0xbb  ; 98C3
    db 0x41, 0x00, 0x53, 0x9a, 0x0e, 0x00, 0x70, 0x94, 0x83, 0x7e, 0xf8, 0x00, 0x75, 0x05, 0xc6, 0x06  ; 98D3
    db 0xb4, 0x07, 0x10, 0xc7, 0x46, 0xf8, 0x00, 0x00, 0xa1, 0x64, 0x04, 0x89, 0x46, 0xf6, 0xe9, 0x14  ; 98E3
    db 0x00, 0x8a, 0x56, 0xf5, 0x08, 0x16, 0xb4, 0x07, 0x9a, 0x0c, 0x00, 0x93, 0xe6, 0xa1, 0x64, 0x04  ; 98F3
    db 0x39, 0x46, 0xf6, 0x75, 0x0b, 0x8b, 0x7e, 0xf8, 0xff, 0x46, 0xf8, 0x83, 0xff, 0x1e, 0x7c, 0xe1  ; 9903
    db 0x8a, 0x56, 0xf5, 0xf6, 0xd2, 0x20, 0x16, 0xb4, 0x07, 0xa1, 0x64, 0x04, 0x89, 0x46, 0xf8, 0xbf  ; 9913
    db 0x80, 0x8f, 0x57, 0x9a, 0x0e, 0x00, 0x70, 0x94, 0x8b, 0x7e, 0xf8, 0x39, 0x7e, 0xf6, 0x75, 0x0c  ; 9923
    db 0xba, 0x36, 0x00, 0x52, 0x9a, 0xf1, 0x01, 0x11, 0x85, 0xe9, 0x05, 0x00, 0x80, 0x0e, 0x03, 0x06  ; 9933
    db 0x01, 0x8b, 0xe5, 0x5d, 0xcb, 0x55, 0x8b, 0xec, 0x83, 0xec, 0x0a, 0xbf, 0x41, 0x00, 0x57, 0x9a  ; 9943
    db 0x0e, 0x00, 0x70, 0x94, 0xa1, 0x64, 0x04, 0xd1, 0xe0, 0xd1, 0xe0, 0xd1, 0xe0, 0xd1, 0xe0, 0xc4  ; 9953
    db 0x3e, 0x10, 0x1d, 0x8b, 0xd8, 0x26, 0xc4, 0x11, 0x89, 0x56, 0xf6, 0x8c, 0x46, 0xf8, 0xbf, 0x80  ; 9963
    db 0x8f, 0x57, 0x9a, 0x0e, 0x00, 0x70, 0x94, 0xbf, 0x22, 0x00, 0x57, 0x9a, 0xb1, 0x05, 0xc9, 0x82  ; 9973
    db 0xc4, 0x7e, 0xf6, 0x06, 0x57, 0x9a, 0x71, 0x00, 0xc9, 0x82, 0xbf, 0x22, 0x00, 0x57, 0x9a, 0xb1  ; 9983
    db 0x05, 0xc9, 0x82, 0x2b, 0xdb, 0x8e, 0xc3, 0x8b, 0xe5, 0x5d, 0xcb, 0x55, 0x8b, 0xec, 0x83, 0xec  ; 9993
    db 0x0a, 0xc7, 0x46, 0xf8, 0x00, 0x00, 0xbf, 0x41, 0x00, 0x57, 0x9a, 0x0e, 0x00, 0x70, 0x94, 0x89  ; 99A3
    db 0x46, 0xf6, 0xa0, 0x73, 0x1b, 0x24, 0x02, 0x3c, 0x00, 0x74, 0x5a, 0x80, 0x3e, 0x78, 0x1b, 0x00  ; 99B3
    db 0x74, 0x1b, 0xa1, 0x22, 0x02, 0x25, 0x01, 0x00, 0x3d, 0x00, 0x00, 0x74, 0x08, 0x9a, 0xe0, 0x03  ; 99C3
    db 0xa8, 0xe6, 0xe9, 0x45, 0x00, 0xc7, 0x46, 0xf8, 0x33, 0x00, 0xe9, 0x3d, 0x00, 0xa0, 0x73, 0x1b  ; 99D3
    db 0x24, 0x10, 0x3c, 0x00, 0x74, 0x08, 0xc7, 0x46, 0xf8, 0x33, 0x00, 0xe9, 0x24, 0x00, 0xa0, 0x57  ; 99E3
    db 0x02, 0x24, 0xfd, 0x8a, 0xd8, 0xb8, 0xde, 0x07, 0xba, 0x00, 0x40, 0x8b, 0xf8, 0x8e, 0xc2, 0x26  ; 99F3
    db 0x88, 0x1d, 0xb8, 0xde, 0x07, 0xba, 0x00, 0x40, 0x8b, 0xd8, 0x8e, 0xc2, 0xa0, 0x57, 0x02, 0x26  ; 9A03
    db 0x88, 0x07, 0xe9, 0x05, 0x00, 0xc7, 0x46, 0xf8, 0x1b, 0x00, 0xff, 0x76, 0xf6, 0x9a, 0x0e, 0x00  ; 9A13
    db 0x70, 0x94, 0x83, 0x7e, 0xf8, 0x1b, 0x75, 0x0a, 0x8a, 0x56, 0xf8, 0x88, 0x16, 0x23, 0x06, 0xe9  ; 9A23
    db 0x0e, 0x00, 0x83, 0x7e, 0xf8, 0x00, 0x74, 0x08, 0xff, 0x76, 0xf8, 0x9a, 0xf1, 0x01, 0x11, 0x85  ; 9A33
    db 0x8b, 0xe5, 0x5d, 0xcb, 0x55, 0x8b, 0xec, 0x83, 0xec, 0x10, 0xbf, 0x41, 0x00, 0x57, 0x9a, 0x0e  ; 9A43
    db 0x00, 0x70, 0x94, 0x89, 0x46, 0xf8, 0xa1, 0x22, 0x02, 0x89, 0x46, 0xf6, 0xa0, 0x78, 0x1b, 0x88  ; 9A53
    db 0x46, 0xf1, 0xa0, 0x73, 0x1b, 0x88, 0x46, 0xf0, 0xff, 0x76, 0xf8, 0x9a, 0x0e, 0x00, 0x70, 0x94  ; 9A63
    db 0x8a, 0x56, 0xf0, 0x80, 0xe2, 0x02, 0x80, 0xfa, 0x00, 0x74, 0x5f, 0x80, 0x7e, 0xf1, 0x00, 0x74  ; 9A73
    db 0x2d, 0x8b, 0x7e, 0xf6, 0x81, 0xe7, 0x01, 0x00, 0x83, 0xff, 0x00, 0x74, 0x11, 0xc4, 0x3e, 0xf2  ; 9A83
    db 0x06, 0x8d, 0x95, 0xb8, 0x00, 0x89, 0x56, 0xf2, 0x8c, 0x46, 0xf4, 0xe9, 0x52, 0x00, 0xc4, 0x3e  ; 9A93
    db 0xf2, 0x06, 0x8d, 0x55, 0x12, 0x89, 0x56, 0xf2, 0x8c, 0x46, 0xf4, 0xe9, 0x42, 0x00, 0x8a, 0x56  ; 9AA3
    db 0xf0, 0x80, 0xe2, 0x10, 0x80, 0xfa, 0x00, 0x74, 0x10, 0xc4, 0x3e, 0xf2, 0x06, 0x8d, 0x55, 0x12  ; 9AB3
    db 0x89, 0x56, 0xf2, 0x8c, 0x46, 0xf4, 0xe9, 0x0e, 0x00, 0xc4, 0x3e, 0xf2, 0x06, 0x8d, 0x95, 0xb8  ; 9AC3
    db 0x00, 0x89, 0x56, 0xf2, 0x8c, 0x46, 0xf4, 0xe9, 0x16, 0x00, 0xe9, 0x00, 0x00, 0xbf, 0x36, 0x00  ; 9AD3
    db 0x57, 0x9a, 0xf1, 0x01, 0x11, 0x85, 0xc7, 0x46, 0xf2, 0x00, 0x00, 0xc7, 0x46, 0xf4, 0x00, 0x00  ; 9AE3
    db 0xc4, 0x5e, 0xf2, 0x8b, 0xe5, 0x5d, 0xcb, 0x55, 0x8b, 0xec, 0x83, 0xec, 0x0e, 0xbf, 0x41, 0x00  ; 9AF3
    db 0x57, 0x9a, 0x0e, 0x00, 0x70, 0x94, 0x89, 0x46, 0xf8, 0xa0, 0x73, 0x1b, 0x88, 0x46, 0xf7, 0xff  ; 9B03
    db 0x76, 0xf8, 0x9a, 0x0e, 0x00, 0x70, 0x94, 0x80, 0x7e, 0xf7, 0x00, 0x75, 0x11, 0xc4, 0x3e, 0xf2  ; 9B13
    db 0x06, 0x8d, 0x95, 0x9d, 0x02, 0x89, 0x56, 0xf2, 0x8c, 0x46, 0xf4, 0xe9, 0x2a, 0x00, 0x8a, 0x56  ; 9B23
    db 0xf7, 0x80, 0xe2, 0x01, 0x80, 0xfa, 0x00, 0x74, 0x11, 0xc4, 0x3e, 0xf2, 0x06, 0x8d, 0x95, 0xb1  ; 9B33
    db 0x02, 0x89, 0x56, 0xf2, 0x8c, 0x46, 0xf4, 0xe9, 0x0e, 0x00, 0xc4, 0x3e, 0xe6, 0x06, 0x8d, 0x95  ; 9B43
    db 0xf7, 0x00, 0x89, 0x56, 0xf2, 0x8c, 0x46, 0xf4, 0xc4, 0x5e, 0xf2, 0x8b, 0xe5, 0x5d, 0xcb, 0x55  ; 9B53
    db 0x8b, 0xec, 0x83, 0xec, 0x0e, 0xbf, 0x41, 0x00, 0x57, 0x9a, 0x0e, 0x00, 0x70, 0x94, 0x89, 0x46  ; 9B63
    db 0xf8, 0xa0, 0x74, 0x1b, 0x88, 0x46, 0xf7, 0xff, 0x76, 0xf8, 0x9a, 0x0e, 0x00, 0x70, 0x94, 0x80  ; 9B73
    db 0x7e, 0xf7, 0x00, 0x74, 0x11, 0xc4, 0x3e, 0xf2, 0x06, 0x8d, 0x95, 0x3d, 0x01, 0x89, 0x56, 0xf2  ; 9B83
    db 0x8c, 0x46, 0xf4, 0xe9, 0x0e, 0x00, 0xc4, 0x3e, 0xf2, 0x06, 0x8d, 0x95, 0x41, 0x01, 0x89, 0x56  ; 9B93
    db 0xf2, 0x8c, 0x46, 0xf4, 0xc4, 0x5e, 0xf2, 0x8b, 0xe5, 0x5d, 0xcb, 0x55, 0x8b, 0xec, 0x83, 0xec  ; 9BA3
    db 0x12, 0xbf, 0x41, 0x00, 0x57, 0x9a, 0x0e, 0x00, 0x70, 0x94, 0x89, 0x46, 0xf8, 0x80, 0x3e, 0x78  ; 9BB3
    db 0x1b, 0x00, 0x74, 0x34, 0x50, 0x9a, 0x0e, 0x00, 0x70, 0x94, 0xe9, 0x05, 0x00, 0x9a, 0x30, 0x0c  ; 9BC3
    db 0xc9, 0x82, 0x80, 0x3e, 0xbb, 0x06, 0x00, 0x75, 0xf4, 0x8d, 0x7e, 0xee, 0x16, 0x57, 0x1e, 0xba  ; 9BD3
    db 0x93, 0x06, 0x52, 0x9a, 0x46, 0x09, 0x34, 0xea, 0x83, 0xc4, 0x04, 0x8d, 0x7e, 0xee, 0x16, 0x57  ; 9BE3
    db 0x9a, 0xeb, 0x03, 0x3f, 0x82, 0xe9, 0x11, 0x00, 0xff, 0x76, 0xf8, 0x9a, 0x0e, 0x00, 0x70, 0x94  ; 9BF3
    db 0xc6, 0x06, 0x23, 0x06, 0x1b, 0xc6, 0x46, 0xee, 0x00, 0x8d, 0x7e, 0xee, 0x16, 0x57, 0x9a, 0x71  ; 9C03
    db 0x00, 0xc9, 0x82, 0x2b, 0xdb, 0x8e, 0xc3, 0x8b, 0xe5, 0x5d, 0xcb, 0x55, 0x8b, 0xec, 0x83, 0xec  ; 9C13
    db 0x0c, 0xbf, 0x41, 0x00, 0x57, 0x9a, 0x0e, 0x00, 0x70, 0x94, 0x89, 0x46, 0xf8, 0x80, 0x3e, 0x78  ; 9C23
    db 0x1b, 0x00, 0x74, 0x46, 0xa1, 0x70, 0x05, 0xd1, 0xe0, 0xd1, 0xe0, 0xd1, 0xe0, 0xd1, 0xe0, 0x8b  ; 9C33
    db 0xf8, 0x80, 0xbd, 0x8e, 0x01, 0x19, 0x75, 0x19, 0xff, 0x76, 0xf8, 0x9a, 0x0e, 0x00, 0x70, 0x94  ; 9C43
    db 0xc4, 0x3e, 0xf2, 0x06, 0x8d, 0x95, 0xb3, 0x00, 0x89, 0x56, 0xf4, 0x8c, 0x46, 0xf6, 0xe9, 0x30  ; 9C53
    db 0x00, 0xff, 0x76, 0xf8, 0x9a, 0x0e, 0x00, 0x70, 0x94, 0xc4, 0x3e, 0xf2, 0x06, 0x8d, 0x95, 0xac  ; 9C63
    db 0x01, 0x89, 0x56, 0xf4, 0x8c, 0x46, 0xf6, 0xe9, 0x17, 0x00, 0xff, 0x76, 0xf8, 0x9a, 0x0e, 0x00  ; 9C73
    db 0x70, 0x94, 0xc6, 0x06, 0x23, 0x06, 0x1b, 0xc7, 0x46, 0xf4, 0x00, 0x00, 0xc7, 0x46, 0xf6, 0x00  ; 9C83
    db 0x00, 0xc4, 0x5e, 0xf4, 0x8b, 0xe5, 0x5d, 0xcb, 0x55, 0x8b, 0xec, 0x83, 0xec, 0x1e, 0xa0, 0x92  ; 9C93
    db 0x06, 0x88, 0x46, 0xf1, 0xbf, 0x41, 0x00, 0x57, 0x9a, 0x0e, 0x00, 0x70, 0x94, 0x89, 0x46, 0xf8  ; 9CA3
    db 0xa1, 0x70, 0x05, 0xd1, 0xe0, 0x89, 0x46, 0xf6, 0xa1, 0x70, 0x05, 0xd1, 0xe0, 0xd1, 0xe0, 0xd1  ; 9CB3
    db 0xe0, 0xd1, 0xe0, 0xbf, 0x8c, 0x01, 0x03, 0xf8, 0x89, 0x7e, 0xe2, 0x8c, 0x5e, 0xe4, 0x8b, 0x46  ; 9CC3
    db 0xf6, 0xba, 0x0a, 0x00, 0xf7, 0xea, 0x8b, 0xd8, 0x8a, 0x97, 0x18, 0x1c, 0x88, 0x56, 0xf0, 0x8b  ; 9CD3
    db 0x7e, 0xf6, 0x47, 0x8b, 0xc7, 0xba, 0x0a, 0x00, 0xf7, 0xea, 0x8b, 0xf8, 0x8a, 0x95, 0x18, 0x1c  ; 9CE3
    db 0x88, 0x56, 0xef, 0xc4, 0x7e, 0xe2, 0x26, 0x8a, 0x45, 0x03, 0x2a, 0xe4, 0x0d, 0xf4, 0x00, 0x3d  ; 9CF3
    db 0xf4, 0x00, 0x74, 0x0e, 0x26, 0x8a, 0x45, 0x03, 0x2a, 0xe4, 0x25, 0x0b, 0x00, 0x3d, 0x01, 0x00  ; 9D03
    db 0x75, 0x52, 0x8b, 0x7e, 0xf6, 0x47, 0x8b, 0xc7, 0xba, 0x0a, 0x00, 0xf7, 0xea, 0xba, 0x14, 0x1c  ; 9D13
    db 0x03, 0xd0, 0x89, 0x56, 0xe6, 0x8c, 0x5e, 0xe8, 0x8b, 0x46, 0xf6, 0xba, 0x0a, 0x00, 0xf7, 0xea  ; 9D23
    db 0xba, 0x14, 0x1c, 0x03, 0xd0, 0x89, 0x56, 0xea, 0x8c, 0x5e, 0xec, 0x80, 0x7e, 0xf1, 0x00, 0x74  ; 9D33
    db 0x74, 0xc4, 0x5e, 0xe2, 0x26, 0x8a, 0x57, 0x03, 0x2a, 0xf6, 0x81, 0xca, 0xf4, 0x00, 0x81, 0xfa  ; 9D43
    db 0xf4, 0x00, 0x74, 0x61, 0xc6, 0x46, 0xf1, 0x00, 0xba, 0x36, 0x00, 0x52, 0x9a, 0xf1, 0x01, 0x11  ; 9D53
    db 0x85, 0xe9, 0x51, 0x00, 0xc4, 0x7e, 0xe2, 0x26, 0x8a, 0x55, 0x03, 0x2a, 0xf6, 0x81, 0xe2, 0x0b  ; 9D63
    db 0x00, 0x83, 0xfa, 0x02, 0x75, 0x42, 0x8b, 0x56, 0xf6, 0x42, 0x8b, 0xc2, 0xba, 0x0a, 0x00, 0xf7  ; 9D73
    db 0xea, 0xba, 0x14, 0x1c, 0x03, 0xd0, 0x89, 0x56, 0xea, 0x8c, 0x5e, 0xec, 0x8b, 0x46, 0xf6, 0xba  ; 9D83
    db 0x0a, 0x00, 0xf7, 0xea, 0xba, 0x14, 0x1c, 0x03, 0xd0, 0x89, 0x56, 0xe6, 0x8c, 0x5e, 0xe8, 0x80  ; 9D93
    db 0x7e, 0xf1, 0x00, 0x75, 0x0d, 0xc6, 0x46, 0xf1, 0x01, 0xbb, 0x36, 0x00, 0x53, 0x9a, 0xf1, 0x01  ; 9DA3
    db 0x11, 0x85, 0xe9, 0x00, 0x00, 0xe9, 0x5b, 0x00, 0x80, 0x7e, 0xf1, 0x00, 0x74, 0x2c, 0x8b, 0x7e  ; 9DB3
    db 0xf6, 0x47, 0x8b, 0xc7, 0xba, 0x0a, 0x00, 0xf7, 0xea, 0xba, 0x14, 0x1c, 0x03, 0xd0, 0x89, 0x56  ; 9DC3
    db 0xea, 0x8c, 0x5e, 0xec, 0x8b, 0x46, 0xf6, 0xba, 0x0a, 0x00, 0xf7, 0xea, 0xba, 0x14, 0x1c, 0x03  ; 9DD3
    db 0xd0, 0x89, 0x56, 0xe6, 0x8c, 0x5e, 0xe8, 0xe9, 0x29, 0x00, 0x8b, 0x7e, 0xf6, 0x47, 0x8b, 0xc7  ; 9DE3
    db 0xba, 0x0a, 0x00, 0xf7, 0xea, 0xba, 0x14, 0x1c, 0x03, 0xd0, 0x89, 0x56, 0xe6, 0x8c, 0x5e, 0xe8  ; 9DF3
    db 0x8b, 0x46, 0xf6, 0xba, 0x0a, 0x00, 0xf7, 0xea, 0xba, 0x14, 0x1c, 0x03, 0xd0, 0x89, 0x56, 0xea  ; 9E03
    db 0x8c, 0x5e, 0xec, 0x80, 0x3e, 0x78, 0x1b, 0x00, 0x74, 0x65, 0xc4, 0x7e, 0xe2, 0x26, 0x8a, 0x55  ; 9E13
    db 0x03, 0x2a, 0xf6, 0x81, 0xca, 0xf4, 0x00, 0x81, 0xfa, 0xf4, 0x00, 0x75, 0x08, 0x8a, 0x56, 0xef  ; 9E23
    db 0x38, 0x56, 0xf0, 0x75, 0x4a, 0xc4, 0x7e, 0xea, 0x26, 0x8a, 0x55, 0x06, 0x80, 0xe2, 0x01, 0x80  ; 9E33
    db 0xfa, 0x00, 0x74, 0x22, 0xc4, 0x5e, 0xe6, 0x26, 0x8a, 0x57, 0x06, 0x80, 0xe2, 0x01, 0x80, 0xfa  ; 9E43
    db 0x00, 0x75, 0x2f, 0xc4, 0x7e, 0xe2, 0x26, 0x8a, 0x55, 0x03, 0x2a, 0xf6, 0x81, 0xca, 0xf4, 0x00  ; 9E53
    db 0x81, 0xfa, 0xf4, 0x00, 0x75, 0x1c, 0xff, 0x76, 0xf8, 0x9a, 0x0e, 0x00, 0x70, 0x94, 0xc4, 0x3e  ; 9E63
    db 0xf2, 0x06, 0x8d, 0x95, 0xa4, 0x02, 0x89, 0x56, 0xf2, 0x8c, 0x46, 0xf4, 0xe9, 0x33, 0x00, 0xe9  ; 9E73
    db 0x19, 0x00, 0xff, 0x76, 0xf8, 0x9a, 0x0e, 0x00, 0x70, 0x94, 0xc4, 0x3e, 0xf2, 0x06, 0x8d, 0x95  ; 9E83
    db 0x25, 0x02, 0x89, 0x56, 0xf2, 0x8c, 0x46, 0xf4, 0xe9, 0x17, 0x00, 0xff, 0x76, 0xf8, 0x9a, 0x0e  ; 9E93
    db 0x00, 0x70, 0x94, 0xc6, 0x06, 0x23, 0x06, 0x1b, 0xc7, 0x46, 0xf2, 0x00, 0x00, 0xc7, 0x46, 0xf4  ; 9EA3
    db 0x00, 0x00, 0x8a, 0x56, 0xf1, 0x88, 0x16, 0x92, 0x06, 0xc4, 0x5e, 0xf2, 0x8b, 0xe5, 0x5d, 0xcb  ; 9EB3
    db 0x55, 0x8b, 0xec, 0x83, 0xec, 0x2a, 0xa0, 0x92, 0x06, 0x88, 0x46, 0xdd, 0xbf, 0x41, 0x00, 0x57  ; 9EC3
    db 0x9a, 0x0e, 0x00, 0x70, 0x94, 0x89, 0x46, 0xf6, 0xa1, 0x70, 0x05, 0xd1, 0xe0, 0xd1, 0xe0, 0xd1  ; 9ED3
    db 0xe0, 0xd1, 0xe0, 0xbf, 0x8c, 0x01, 0x03, 0xf8, 0x89, 0x7e, 0xd6, 0x8c, 0x5e, 0xd8, 0xa1, 0x70  ; 9EE3
    db 0x05, 0xd1, 0xe0, 0x89, 0x46, 0xf8, 0xba, 0x0e, 0x00, 0xf7, 0xea, 0xba, 0x74, 0x05, 0x03, 0xd0  ; 9EF3
    db 0x89, 0x56, 0xf0, 0x8c, 0x5e, 0xf2, 0x8b, 0x5e, 0xf8, 0x43, 0x8b, 0xc3, 0xba, 0x0e, 0x00, 0xf7  ; 9F03
    db 0xea, 0xbf, 0x74, 0x05, 0x03, 0xf8, 0x89, 0x7e, 0xec, 0x8c, 0x5e, 0xee, 0x8b, 0x46, 0xf8, 0xba  ; 9F13
    db 0x0a, 0x00, 0xf7, 0xea, 0x8b, 0xf8, 0x8a, 0x95, 0x18, 0x1c, 0x88, 0x56, 0xdc, 0x8b, 0xc3, 0xba  ; 9F23
    db 0x0a, 0x00, 0xf7, 0xea, 0x8b, 0xf8, 0x8a, 0x95, 0x18, 0x1c, 0x88, 0x56, 0xdb, 0xb8, 0x80, 0x8f  ; 9F33
    db 0x50, 0x9a, 0x0e, 0x00, 0x70, 0x94, 0xe9, 0x05, 0x00, 0x9a, 0x30, 0x0c, 0xc9, 0x82, 0x80, 0x3e  ; 9F43
    db 0xbb, 0x06, 0x00, 0x75, 0xf4, 0xc4, 0x7e, 0xd6, 0x26, 0x8a, 0x55, 0x03, 0x2a, 0xf6, 0x81, 0xca  ; 9F53
    db 0xf4, 0x00, 0x81, 0xfa, 0xf4, 0x00, 0x74, 0x0f, 0x26, 0x8a, 0x55, 0x03, 0x2a, 0xf6, 0x81, 0xe2  ; 9F63
    db 0x0b, 0x00, 0x83, 0xfa, 0x01, 0x75, 0x3b, 0x8d, 0x7e, 0xde, 0x16, 0x57, 0x1e, 0xba, 0x9d, 0x06  ; 9F73
    db 0x52, 0x9a, 0x46, 0x09, 0x34, 0xea, 0x83, 0xc4, 0x04, 0x80, 0x7e, 0xdd, 0x00, 0x74, 0x77, 0xc4  ; 9F83
    db 0x7e, 0xd6, 0x26, 0x8a, 0x55, 0x03, 0x2a, 0xf6, 0x81, 0xca, 0xf4, 0x00, 0x81, 0xfa, 0xf4, 0x00  ; 9F93
    db 0x74, 0x64, 0xc6, 0x46, 0xdd, 0x00, 0xba, 0x36, 0x00, 0x52, 0x9a, 0xf1, 0x01, 0x11, 0x85, 0xe9  ; 9FA3
    db 0x54, 0x00, 0xc4, 0x7e, 0xd6, 0x26, 0x8a, 0x55, 0x03, 0x2a, 0xf6, 0x81, 0xe2, 0x0b, 0x00, 0x83  ; 9FB3
    db 0xfa, 0x02, 0x75, 0x28, 0x8d, 0x56, 0xde, 0x16, 0x52, 0x1e, 0xbb, 0xa7, 0x06, 0x53, 0x9a, 0x46  ; 9FC3
    db 0x09, 0x34, 0xea, 0x83, 0xc4, 0x04, 0x80, 0x7e, 0xdd, 0x00, 0x75, 0x0d, 0xc6, 0x46, 0xdd, 0x01  ; 9FD3
    db 0xbf, 0x36, 0x00, 0x57, 0x9a, 0xf1, 0x01, 0x11, 0x85, 0xe9, 0x1a, 0x00, 0x80, 0x7e, 0xdd, 0x00  ; 9FE3
    db 0x74, 0x1a, 0x8d, 0x7e, 0xde, 0x16, 0x57, 0x1e, 0xba, 0xa7, 0x06, 0x52, 0x9a, 0x46, 0x09, 0x34  ; 9FF3
    db 0xea, 0x83, 0xc4, 0x04, 0xeb, 0x03, 0xe9, 0x15, 0x00, 0xe9, 0xfa, 0xff, 0x8d, 0x7e, 0xde, 0x16  ; A003
    db 0x57, 0x1e, 0xba, 0x9d, 0x06, 0x52, 0x9a, 0x46, 0x09, 0x34, 0xea, 0x83, 0xc4, 0x04, 0xbf, 0x41  ; A013
    db 0x00, 0x57, 0x9a, 0x0e, 0x00, 0x70, 0x94, 0xc7, 0x46, 0xf4, 0x00, 0x00, 0x80, 0x3e, 0x78, 0x1b  ; A023
    db 0x00, 0x74, 0x6b, 0xc4, 0x7e, 0xd6, 0x26, 0x8a, 0x55, 0x03, 0x2a, 0xf6, 0x81, 0xca, 0xf4, 0x00  ; A033
    db 0x81, 0xfa, 0xf4, 0x00, 0x75, 0x08, 0x8a, 0x56, 0xdb, 0x38, 0x56, 0xdc, 0x75, 0x50, 0x8b, 0x7e  ; A043
    db 0xf8, 0x8a, 0x56, 0xdd, 0x2a, 0xf6, 0x03, 0xfa, 0x8b, 0xc7, 0xba, 0x0a, 0x00, 0xf7, 0xea, 0xba  ; A053
    db 0x14, 0x1c, 0x03, 0xd0, 0x89, 0x56, 0xe8, 0x8c, 0x5e, 0xea, 0xc4, 0x5e, 0xf0, 0x26, 0x83, 0x7f  ; A063
    db 0x02, 0x00, 0x74, 0x0a, 0xc4, 0x7e, 0xec, 0x26, 0x83, 0x7d, 0x02, 0x00, 0x75, 0x13, 0xc4, 0x7e  ; A073
    db 0xe8, 0x26, 0x80, 0x7d, 0x07, 0x00, 0x75, 0x09, 0xba, 0x34, 0x00, 0x52, 0x9a, 0xf1, 0x01, 0x11  ; A083
    db 0x85, 0x8d, 0x7e, 0xde, 0x16, 0x57, 0x9a, 0xeb, 0x03, 0x3f, 0x82, 0xe9, 0x0c, 0x00, 0xe9, 0x00  ; A093
    db 0x00, 0xc7, 0x46, 0xf4, 0x1b, 0x00, 0xc6, 0x46, 0xde, 0x00, 0xff, 0x76, 0xf6, 0x9a, 0x0e, 0x00  ; A0A3
    db 0x70, 0x94, 0x83, 0x7e, 0xf4, 0x00, 0x74, 0x07, 0x8a, 0x56, 0xf4, 0x88, 0x16, 0x23, 0x06, 0x8a  ; A0B3
    db 0x56, 0xdd, 0x88, 0x16, 0x92, 0x06, 0x8d, 0x7e, 0xde, 0x16, 0x57, 0x9a, 0x71, 0x00, 0xc9, 0x82  ; A0C3
    db 0x2b, 0xdb, 0x8e, 0xc3, 0x8b, 0xe5, 0x5d, 0xcb, 0x55, 0x8b, 0xec, 0x83, 0xec, 0x06, 0xc6, 0x06  ; A0D3
    db 0x92, 0x06, 0x00, 0x8b, 0xe5, 0x5d, 0xcb, 0x55, 0x8b, 0xec, 0x83, 0xec, 0x06, 0xc6, 0x06, 0x92  ; A0E3
    db 0x06, 0x01, 0x8b, 0xe5, 0x5d, 0xcb, 0x55, 0x8b, 0xec, 0x83, 0xec, 0x0a, 0x80, 0x3e, 0x92, 0x06  ; A0F3
    db 0x00, 0x74, 0x10, 0xc4, 0x3e, 0xf2, 0x06, 0x8d, 0x55, 0x64, 0x89, 0x56, 0xf6, 0x8c, 0x46, 0xf8  ; A103
    db 0xe9, 0x0d, 0x00, 0xc4, 0x3e, 0xf2, 0x06, 0x8d, 0x55, 0x60, 0x89, 0x56, 0xf6, 0x8c, 0x46, 0xf8  ; A113
    db 0xc4, 0x5e, 0xf6, 0x8b, 0xe5, 0x5d, 0xcb, 0x55, 0x8b, 0xec, 0x83, 0xec, 0x10, 0xbf, 0x41, 0x00  ; A123
    db 0x57, 0x9a, 0x0e, 0x00, 0x70, 0x94, 0x89, 0x46, 0xf8, 0xa1, 0x70, 0x05, 0xd1, 0xe0, 0x89, 0x46  ; A133
    db 0xf6, 0xba, 0x0e, 0x00, 0xf7, 0xea, 0xbf, 0x74, 0x05, 0x03, 0xf8, 0x89, 0x7e, 0xf0, 0x8c, 0x5e  ; A143
    db 0xf2, 0xa1, 0x70, 0x05, 0xd1, 0xe0, 0xd1, 0xe0, 0xd1, 0xe0, 0xd1, 0xe0, 0x8b, 0xd8, 0x8a, 0x97  ; A153
    db 0x8c, 0x01, 0x80, 0xe2, 0x01, 0x80, 0xfa, 0x00, 0x74, 0x19, 0xa1, 0x70, 0x05, 0xd1, 0xe0, 0xd1  ; A163
    db 0xe0, 0xd1, 0xe0, 0xd1, 0xe0, 0x8b, 0xd8, 0x8a, 0x97, 0x8c, 0x01, 0x80, 0xe2, 0x40, 0x80, 0xfa  ; A173
    db 0x00, 0x74, 0x11, 0xc4, 0x7e, 0xf0, 0x26, 0x8b, 0x55, 0x02, 0xd1, 0xfa, 0xd1, 0xfa, 0x89, 0x56  ; A183
    db 0xf4, 0xe9, 0x0a, 0x00, 0xc4, 0x7e, 0xf0, 0x26, 0x8b, 0x55, 0x02, 0x89, 0x56, 0xf4, 0xff, 0x76  ; A193
    db 0xf8, 0x9a, 0x0e, 0x00, 0x70, 0x94, 0xff, 0x76, 0xf4, 0x9a, 0x44, 0x11, 0x2c, 0x80, 0x2b, 0xdb  ; A1A3
    db 0x8e, 0xc3, 0x8b, 0xe5, 0x5d, 0xcb, 0x55, 0x8b, 0xec, 0x83, 0xec, 0x12, 0x51, 0x9a, 0x1a, 0x0a  ; A1B3
    db 0xc9, 0x82, 0x89, 0x46, 0xf2, 0x80, 0x3e, 0x23, 0x06, 0x00, 0x75, 0x6b, 0xbf, 0x41, 0x00, 0x57  ; A1C3
    db 0x9a, 0x0e, 0x00, 0x70, 0x94, 0x89, 0x46, 0xf8, 0xa1, 0x70, 0x05, 0xd1, 0xe0, 0x89, 0x46, 0xf4  ; A1D3
    db 0xba, 0x0e, 0x00, 0xf7, 0xea, 0xbf, 0x74, 0x05, 0x03, 0xf8, 0x89, 0x7e, 0xee, 0x8c, 0x5e, 0xf0  ; A1E3
    db 0xc7, 0x46, 0xf6, 0x00, 0x00, 0xa1, 0x70, 0x05, 0xd1, 0xe0, 0xd1, 0xe0, 0xd1, 0xe0, 0xd1, 0xe0  ; A1F3
    db 0x8b, 0xd8, 0x8a, 0x97, 0x8c, 0x01, 0x80, 0xe2, 0x01, 0x80, 0xfa, 0x00, 0x74, 0x19, 0xa1, 0x70  ; A203
    db 0x05, 0xd1, 0xe0, 0xd1, 0xe0, 0xd1, 0xe0, 0xd1, 0xe0, 0x8b, 0xd8, 0x8a, 0x97, 0x8c, 0x01, 0x80  ; A213
    db 0xe2, 0x40, 0x80, 0xfa, 0x00, 0x74, 0x18, 0x81, 0x7e, 0xf2, 0xff, 0x03, 0x7f, 0x0c, 0xb9, 0x02  ; A223
    db 0x00, 0xd3, 0x66, 0xf2, 0xe9, 0x08, 0x00, 0xe9, 0x48, 0x00, 0xc7, 0x46, 0xf2, 0xfc, 0x0f, 0x83  ; A233
    db 0x7e, 0xf2, 0x00, 0x7c, 0x07, 0x81, 0x7e, 0xf2, 0xff, 0x0f, 0x7e, 0x08, 0xc7, 0x46, 0xf6, 0x15  ; A243
    db 0x00, 0xe9, 0x16, 0x00, 0xa1, 0x70, 0x05, 0xd1, 0xe0, 0x8b, 0xf8, 0x81, 0x8d, 0x5a, 0x05, 0x00  ; A253
    db 0x01, 0xc4, 0x5e, 0xee, 0x8b, 0x56, 0xf2, 0x26, 0x89, 0x17, 0xbf, 0x00, 0x01, 0x57, 0x9a, 0xe1  ; A263
    db 0x09, 0xba, 0x91, 0xff, 0x76, 0xf8, 0x9a, 0x0e, 0x00, 0x70, 0x94, 0x8a, 0x56, 0xf6, 0x88, 0x16  ; A273
    db 0x23, 0x06, 0x59, 0x8b, 0xe5, 0x5d, 0xcb, 0x55, 0x8b, 0xec, 0x83, 0xec, 0x08, 0xbf, 0x41, 0x00  ; A283
    db 0x57, 0x9a, 0x0e, 0x00, 0x70, 0x94, 0x89, 0x46, 0xf8, 0x8b, 0x3e, 0x70, 0x05, 0x80, 0xbd, 0x69  ; A293
    db 0x05, 0x00, 0x74, 0x1f, 0xa1, 0x70, 0x05, 0xd1, 0xe0, 0x8b, 0xd8, 0x81, 0x8f, 0x5a, 0x05, 0x80  ; A2A3
    db 0x00, 0xba, 0x80, 0x00, 0x52, 0x9a, 0xe1, 0x09, 0xba, 0x91, 0x8b, 0x3e, 0x70, 0x05, 0xc6, 0x85  ; A2B3
    db 0x69, 0x05, 0x00, 0xff, 0x76, 0xf8, 0x9a, 0x0e, 0x00, 0x70, 0x94, 0x8b, 0xe5, 0x5d, 0xcb, 0x55  ; A2C3
    db 0x8b, 0xec, 0x83, 0xec, 0x08, 0xbf, 0x41, 0x00, 0x57, 0x9a, 0x0e, 0x00, 0x70, 0x94, 0x89, 0x46  ; A2D3
    db 0xf8, 0x8b, 0x3e, 0x70, 0x05, 0x80, 0xbd, 0x69, 0x05, 0x00, 0x75, 0x1f, 0xa1, 0x70, 0x05, 0xd1  ; A2E3
    db 0xe0, 0x8b, 0xd8, 0x81, 0x8f, 0x5a, 0x05, 0x80, 0x00, 0xba, 0x80, 0x00, 0x52, 0x9a, 0xe1, 0x09  ; A2F3
    db 0xba, 0x91, 0x8b, 0x3e, 0x70, 0x05, 0xc6, 0x85, 0x69, 0x05, 0x01, 0xff, 0x76, 0xf8, 0x9a, 0x0e  ; A303
    db 0x00, 0x70, 0x94, 0x8b, 0xe5, 0x5d, 0xcb, 0x55, 0x8b, 0xec, 0x83, 0xec, 0x0c, 0xbf, 0x41, 0x00  ; A313
    db 0x57, 0x9a, 0x0e, 0x00, 0x70, 0x94, 0x89, 0x46, 0xf8, 0x8b, 0x3e, 0x70, 0x05, 0x8a, 0x95, 0x69  ; A323
    db 0x05, 0x2a, 0xf6, 0x89, 0x56, 0xf6, 0xa0, 0x78, 0x1b, 0x2a, 0xe4, 0x89, 0x46, 0xf4, 0xff, 0x76  ; A333
    db 0xf8, 0x9a, 0x0e, 0x00, 0x70, 0x94, 0x83, 0x7e, 0xf6, 0x00, 0x74, 0x0b, 0xc4, 0x3e, 0xf2, 0x06  ; A343
    db 0x8d, 0x9d, 0x9a, 0x00, 0xe9, 0x08, 0x00, 0xc4, 0x3e, 0xf2, 0x06, 0x8d, 0x9d, 0x94, 0x00, 0x8b  ; A353
    db 0xe5, 0x5d, 0xcb, 0x55, 0x8b, 0xec, 0x83, 0xec, 0x0a, 0xbf, 0x41, 0x00, 0x57, 0x9a, 0x0e, 0x00  ; A363
    db 0x70, 0x94, 0x89, 0x46, 0xf6, 0xa1, 0x70, 0x05, 0x89, 0x46, 0xf8, 0xff, 0x76, 0xf6, 0x9a, 0x0e  ; A373
    db 0x00, 0x70, 0x94, 0xe9, 0x28, 0x00, 0xc4, 0x3e, 0xf2, 0x06, 0x8d, 0x95, 0x7b, 0x01, 0x06, 0x52  ; A383
    db 0x9a, 0x0b, 0x01, 0xc9, 0x82, 0x8b, 0x7e, 0xf8, 0x83, 0xc7, 0x30, 0x57, 0x9a, 0xb1, 0x05, 0xc9  ; A393
    db 0x82, 0xe9, 0x24, 0x00, 0xc4, 0x3e, 0xf2, 0x06, 0x8d, 0x5d, 0x0e, 0xe9, 0x1e, 0x00, 0x8b, 0x46  ; A3A3
    db 0xf8, 0x3d, 0x01, 0x00, 0x74, 0xd0, 0x3d, 0x02, 0x00, 0x74, 0xcb, 0x3d, 0x03, 0x00, 0x74, 0xc6  ; A3B3
    db 0x3d, 0x04, 0x00, 0x74, 0xc1, 0xe9, 0xdc, 0xff, 0x2b, 0xdb, 0x8e, 0xc3, 0x8b, 0xe5, 0x5d, 0xcb  ; A3C3
    db 0x55, 0x8b, 0xec, 0x83, 0xec, 0x0a, 0xbf, 0x41, 0x00, 0x57, 0x9a, 0x0e, 0x00, 0x70, 0x94, 0x89  ; A3D3
    db 0x46, 0xf8, 0xa1, 0x70, 0x05, 0x89, 0x46, 0xf6, 0xc7, 0x06, 0x70, 0x05, 0x00, 0x00, 0xa1, 0x70  ; A3E3
    db 0x05, 0xd1, 0xe0, 0x8b, 0xf8, 0x81, 0x8d, 0x5a, 0x05, 0x00, 0x08, 0x8b, 0x56, 0xf6, 0xd1, 0xe2  ; A3F3
    db 0x8b, 0xda, 0x81, 0x8f, 0x5a, 0x05, 0x00, 0x08, 0x81, 0x0e, 0x48, 0x05, 0x7f, 0x46, 0xba, 0x00  ; A403
    db 0x08, 0x52, 0x9a, 0xe1, 0x09, 0xba, 0x91, 0xff, 0x76, 0xf8, 0x9a, 0x0e, 0x00, 0x70, 0x94, 0x8b  ; A413
    db 0xe5, 0x5d, 0xcb, 0x55, 0x8b, 0xec, 0x83, 0xec, 0x0e, 0xa1, 0x00, 0x06, 0x89, 0x46, 0xf2, 0xbf  ; A423
    db 0x41, 0x00, 0x57, 0x9a, 0x0e, 0x00, 0x70, 0x94, 0x89, 0x46, 0xf8, 0x83, 0x7e, 0xf2, 0x04, 0x75  ; A433
    db 0x12, 0xa0, 0x9c, 0x01, 0x2a, 0xe4, 0x25, 0x41, 0x00, 0x3d, 0x01, 0x00, 0x75, 0x05, 0xc7, 0x46  ; A443
    db 0xf2, 0x01, 0x00, 0xc7, 0x46, 0xf6, 0x00, 0x00, 0x83, 0x7e, 0xf2, 0x00, 0x7e, 0x59, 0x83, 0x7e  ; A453
    db 0xf2, 0x04, 0x7d, 0x53, 0x8b, 0x7e, 0xf2, 0xd1, 0xe7, 0x8a, 0x95, 0xe3, 0x1b, 0x8b, 0x5e, 0xf2  ; A463
    db 0xd1, 0xe3, 0x8a, 0x87, 0xe2, 0x1b, 0x0a, 0xc2, 0x24, 0x01, 0x3c, 0x00, 0x74, 0x39, 0xa1, 0x70  ; A473
    db 0x05, 0x89, 0x46, 0xf4, 0x8b, 0x7e, 0xf2, 0x89, 0x3e, 0x70, 0x05, 0xa1, 0x70, 0x05, 0xd1, 0xe0  ; A483
    db 0x8b, 0xd8, 0x81, 0x8f, 0x5a, 0x05, 0x00, 0x08, 0x8b, 0x56, 0xf4, 0xd1, 0xe2, 0x8b, 0xfa, 0x81  ; A493
    db 0x8d, 0x5a, 0x05, 0x00, 0x08, 0x81, 0x0e, 0x48, 0x05, 0x7f, 0x46, 0xba, 0x00, 0x08, 0x52, 0x9a  ; A4A3
    db 0xe1, 0x09, 0xba, 0x91, 0xe9, 0x05, 0x00, 0xc7, 0x46, 0xf6, 0x1b, 0x00, 0xff, 0x76, 0xf8, 0x9a  ; A4B3
    db 0x0e, 0x00, 0x70, 0x94, 0x8a, 0x56, 0xf6, 0x88, 0x16, 0x23, 0x06, 0x8b, 0xe5, 0x5d, 0xcb, 0x55  ; A4C3
    db 0x8b, 0xec, 0x83, 0xec, 0x12, 0xc7, 0x46, 0xf2, 0x5e, 0x06, 0x8c, 0x5e, 0xf4, 0xbf, 0x80, 0x8f  ; A4D3
    db 0x57, 0x9a, 0x0e, 0x00, 0x70, 0x94, 0x89, 0x46, 0xf0, 0xe9, 0x2c, 0x00, 0xc7, 0x46, 0xf6, 0x93  ; A4E3
    db 0x06, 0x8c, 0x5e, 0xf8, 0xe9, 0x38, 0x00, 0xc7, 0x46, 0xf6, 0x9d, 0x06, 0x8c, 0x5e, 0xf8, 0xe9  ; A4F3
    db 0x2d, 0x00, 0xc7, 0x46, 0xf6, 0xa7, 0x06, 0x8c, 0x5e, 0xf8, 0xe9, 0x22, 0x00, 0xc7, 0x46, 0xf6  ; A503
    db 0xb1, 0x06, 0x8c, 0x5e, 0xf8, 0xe9, 0x17, 0x00, 0x8b, 0x46, 0x06, 0x3d, 0x00, 0x00, 0x74, 0xcc  ; A513
    db 0x3d, 0x01, 0x00, 0x74, 0xd2, 0x3d, 0x02, 0x00, 0x74, 0xd8, 0x3d, 0x03, 0x00, 0x74, 0xde, 0xc6  ; A523
    db 0x06, 0xbb, 0x06, 0x01, 0xc7, 0x46, 0xee, 0x00, 0x00, 0xc4, 0x7e, 0xf2, 0x8b, 0x5e, 0xee, 0xff  ; A533
    db 0x46, 0xee, 0x26, 0x80, 0x39, 0x00, 0x75, 0xf1, 0x8b, 0x5e, 0xee, 0x26, 0xc6, 0x01, 0xff, 0xc4  ; A543
    db 0x56, 0xf6, 0x06, 0x52, 0xc4, 0x46, 0xf2, 0x06, 0x50, 0x9a, 0x46, 0x09, 0x34, 0xea, 0x83, 0xc4  ; A553
    db 0x04, 0xc4, 0x7e, 0xf6, 0x8b, 0x5e, 0xee, 0x26, 0xc6, 0x01, 0xff, 0xc6, 0x06, 0xbb, 0x06, 0x00  ; A563
    db 0xff, 0x76, 0xf0, 0x9a, 0x0e, 0x00, 0x70, 0x94, 0x8b, 0xe5, 0x5d, 0xca, 0x02, 0x00, 0x55, 0x8b  ; A573
    db 0xec, 0x83, 0xec, 0x06, 0x80, 0x3e, 0x78, 0x1b, 0x00, 0x74, 0x23, 0xe9, 0x05, 0x00, 0x9a, 0x0c  ; A583
    db 0x00, 0x93, 0xe6, 0x8b, 0x7e, 0x06, 0xa1, 0xae, 0x03, 0x8b, 0x16, 0x70, 0x05, 0xd1, 0xe2, 0x8b  ; A593
    db 0xda, 0x8b, 0x97, 0x5a, 0x05, 0x0b, 0xd0, 0x23, 0xd7, 0x83, 0xfa, 0x00, 0x75, 0xe0, 0x8b, 0xe5  ; A5A3
    db 0x5d, 0xca, 0x02, 0x00, 0xff, 0x55, 0x8b, 0xec, 0x83, 0xec, 0x06, 0x83, 0x3e, 0x00, 0x06, 0x04  ; A5B3
    db 0x7f, 0x07, 0x83, 0x3e, 0x00, 0x06, 0x01, 0x7d, 0x08, 0xc6, 0x06, 0x23, 0x06, 0x15, 0xe9, 0x31  ; A5C3
    db 0x00, 0x83, 0x3e, 0x00, 0x06, 0x04, 0x75, 0x15, 0x81, 0x26, 0xf8, 0x04, 0x01, 0x00, 0x81, 0x0e  ; A5D3
    db 0xf8, 0x04, 0x02, 0x00, 0xa1, 0x00, 0x06, 0xa3, 0xfa, 0x04, 0xe9, 0x15, 0x00, 0x81, 0x26, 0xf8  ; A5E3
    db 0x04, 0x01, 0x00, 0xa1, 0x00, 0x06, 0xd1, 0xe0, 0x09, 0x06, 0xf8, 0x04, 0xa1, 0x00, 0x06, 0xa3  ; A5F3
    db 0xfa, 0x04, 0x8b, 0xe5, 0x5d, 0xcb, 0x55, 0x8b, 0xec, 0x83, 0xec, 0x06, 0xa1, 0xfa, 0x04, 0xa3  ; A603
    db 0x00, 0x06, 0xc4, 0x3e, 0xf2, 0x06, 0x8d, 0x9d, 0x7b, 0x01, 0x8b, 0xe5, 0x5d, 0xcb, 0x55, 0x8b  ; A613
    db 0xec, 0x83, 0xec, 0x06, 0x80, 0x3e, 0xfe, 0x05, 0x0e, 0x75, 0x09, 0x81, 0x26, 0xf8, 0x04, 0xfe  ; A623
    db 0xff, 0xe9, 0x15, 0x00, 0x80, 0x3e, 0xfe, 0x05, 0x0f, 0x75, 0x09, 0x81, 0x0e, 0xf8, 0x04, 0x01  ; A633
    db 0x00, 0xe9, 0x05, 0x00, 0xc6, 0x06, 0x23, 0x06, 0x15, 0x8b, 0xe5, 0x5d, 0xcb, 0x55, 0x8b, 0xec  ; A643
    db 0x83, 0xec, 0x06, 0xa1, 0xf8, 0x04, 0x25, 0x01, 0x00, 0x3d, 0x00, 0x00, 0x75, 0x0a, 0xc4, 0x3e  ; A653
    db 0xf2, 0x06, 0x8d, 0x5d, 0x60, 0xe9, 0x07, 0x00, 0xc4, 0x3e, 0xf2, 0x06, 0x8d, 0x5d, 0x64, 0x8b  ; A663
    db 0xe5, 0x5d, 0xcb, 0x55, 0x8b, 0xec, 0x83, 0xec, 0x5e, 0xa1, 0xf8, 0x04, 0x89, 0x46, 0xf8, 0xa1  ; A673
    db 0xf8, 0x04, 0xd1, 0xf8, 0x89, 0x46, 0xf0, 0x8d, 0x7e, 0xa2, 0x16, 0x57, 0x50, 0x9a, 0x9b, 0x0c  ; A683
    db 0xeb, 0x85, 0x83, 0xc4, 0x04, 0x89, 0x46, 0xf4, 0x3d, 0x00, 0x00, 0x74, 0x0a, 0xc6, 0x06, 0x23  ; A693
    db 0x06, 0x1b, 0x2b, 0xc0, 0xe9, 0x6b, 0x00, 0x8a, 0x56, 0xa5, 0x80, 0xe2, 0x08, 0x80, 0xfa, 0x00  ; A6A3
    db 0x74, 0x08, 0xc6, 0x06, 0x23, 0x06, 0x1b, 0xe9, 0x58, 0x00, 0x2b, 0xff, 0x57, 0x9a, 0xaa, 0x0a  ; A6B3
    db 0xc9, 0x82, 0x89, 0x46, 0xf6, 0x3d, 0x00, 0x00, 0x7c, 0x07, 0x80, 0x3e, 0x7e, 0x05, 0x00, 0x74  ; A6C3
    db 0x08, 0xc6, 0x06, 0x23, 0x06, 0x15, 0xe9, 0x39, 0x00, 0xbf, 0x41, 0x00, 0x57, 0x9a, 0x0e, 0x00  ; A6D3
    db 0x70, 0x94, 0x89, 0x46, 0xf2, 0xff, 0x76, 0xf6, 0xff, 0x76, 0xf8, 0x9a, 0x65, 0x03, 0x13, 0xf3  ; A6E3
    db 0x83, 0xc4, 0x02, 0x89, 0x46, 0xf4, 0xbf, 0x80, 0x8f, 0x57, 0x9a, 0x0e, 0x00, 0x70, 0x94, 0x89  ; A6F3
    db 0x46, 0xf2, 0x83, 0x7e, 0xf4, 0x00, 0x74, 0x05, 0xc6, 0x06, 0x23, 0x06, 0x1b, 0x80, 0x0e, 0x03  ; A703
    db 0x06, 0x01, 0x8b, 0xe5, 0x5d, 0xcb, 0x55, 0x8b, 0xec, 0x83, 0xec, 0x5a, 0xa1, 0xf8, 0x04, 0xd1  ; A713
    db 0xf8, 0x89, 0x46, 0xaa, 0x8d, 0x7e, 0xac, 0x16, 0x57, 0x50, 0x9a, 0x9b, 0x0c, 0xeb, 0x85, 0x83  ; A723
    db 0xc4, 0x04, 0x89, 0x46, 0xa6, 0x3d, 0x00, 0x00, 0x74, 0x0c, 0xc6, 0x06, 0x23, 0x06, 0x1b, 0x2b  ; A733
    db 0xdb, 0x8e, 0xc3, 0xe9, 0x31, 0x00, 0xa1, 0xf8, 0x04, 0x25, 0x01, 0x00, 0x3d, 0x00, 0x00, 0x75  ; A743
    db 0x0b, 0x8a, 0x56, 0xc3, 0x2a, 0xf6, 0x89, 0x56, 0xa8, 0xe9, 0x08, 0x00, 0x8a, 0x56, 0xcd, 0x2a  ; A753
    db 0xf6, 0x89, 0x56, 0xa8, 0xbf, 0x09, 0x00, 0x57, 0xff, 0x76, 0xa8, 0x9a, 0xb0, 0x11, 0x2c, 0x80  ; A763
    db 0x83, 0xc4, 0x02, 0x2b, 0xdb, 0x8e, 0xc3, 0x8b, 0xe5, 0x5d, 0xcb, 0x55, 0x8b, 0xec, 0x83, 0xec  ; A773
    db 0x5a, 0xa1, 0xf8, 0x04, 0xd1, 0xf8, 0x89, 0x46, 0xa8, 0x8d, 0x7e, 0xac, 0x16, 0x57, 0x50, 0x9a  ; A783
    db 0x9b, 0x0c, 0xeb, 0x85, 0x83, 0xc4, 0x04, 0x89, 0x46, 0xaa, 0x3d, 0x00, 0x00, 0x74, 0x0c, 0xc6  ; A793
    db 0x06, 0x23, 0x06, 0x1b, 0x2b, 0xdb, 0x8e, 0xc3, 0xe9, 0x31, 0x00, 0xa1, 0xf8, 0x04, 0x25, 0x01  ; A7A3
    db 0x00, 0x3d, 0x00, 0x00, 0x75, 0x0b, 0x8a, 0x56, 0xc2, 0x2a, 0xf6, 0x89, 0x56, 0xa6, 0xe9, 0x08  ; A7B3
    db 0x00, 0x8a, 0x56, 0xcc, 0x2a, 0xf6, 0x89, 0x56, 0xa6, 0xbf, 0x09, 0x00, 0x57, 0xff, 0x76, 0xa6  ; A7C3
    db 0x9a, 0xb0, 0x11, 0x2c, 0x80, 0x83, 0xc4, 0x02, 0x2b, 0xdb, 0x8e, 0xc3, 0x8b, 0xe5, 0x5d, 0xcb  ; A7D3
    db 0x55, 0x8b, 0xec, 0x83, 0xec, 0x58, 0xa1, 0xf8, 0x04, 0xd1, 0xf8, 0x89, 0x46, 0xf8, 0x8d, 0x7e  ; A7E3
    db 0xaa, 0x16, 0x57, 0x50, 0x9a, 0x9b, 0x0c, 0xeb, 0x85, 0x83, 0xc4, 0x04, 0x89, 0x46, 0xa8, 0x8a  ; A7F3
    db 0x56, 0xad, 0x80, 0xe2, 0x08, 0x80, 0xfa, 0x00, 0x75, 0x05, 0x3d, 0x00, 0x00, 0x74, 0x08, 0xc6  ; A803
    db 0x06, 0x23, 0x06, 0x1b, 0xe9, 0x14, 0x00, 0xbf, 0x0a, 0x00, 0x57, 0xff, 0x76, 0xf8, 0x9a, 0x30  ; A813
    db 0x05, 0x13, 0xf3, 0x83, 0xc4, 0x02, 0x80, 0x0e, 0x03, 0x06, 0x01, 0x8b, 0xe5, 0x5d, 0xcb, 0x55  ; A823
    db 0x8b, 0xec, 0x83, 0xec, 0x58, 0xa1, 0xf8, 0x04, 0xd1, 0xf8, 0x89, 0x46, 0xf8, 0x8d, 0x7e, 0xaa  ; A833
    db 0x16, 0x57, 0x50, 0x9a, 0x9b, 0x0c, 0xeb, 0x85, 0x83, 0xc4, 0x04, 0x89, 0x46, 0xa8, 0x8a, 0x56  ; A843
    db 0xad, 0x80, 0xe2, 0x08, 0x80, 0xfa, 0x00, 0x75, 0x05, 0x3d, 0x00, 0x00, 0x74, 0x08, 0xc6, 0x06  ; A853
    db 0x23, 0x06, 0x1b, 0xe9, 0x14, 0x00, 0xbf, 0x01, 0x00, 0x57, 0xff, 0x76, 0xf8, 0x9a, 0x30, 0x05  ; A863
    db 0x13, 0xf3, 0x83, 0xc4, 0x02, 0x80, 0x0e, 0x03, 0x06, 0x01, 0x8b, 0xe5, 0x5d, 0xcb, 0x55, 0x8b  ; A873
    db 0xec, 0x83, 0xec, 0x58, 0xa1, 0xf8, 0x04, 0xd1, 0xf8, 0x89, 0x46, 0xa8, 0x8d, 0x7e, 0xac, 0x16  ; A883
    db 0x57, 0x50, 0x9a, 0x9b, 0x0c, 0xeb, 0x85, 0x83, 0xc4, 0x04, 0x89, 0x46, 0xaa, 0x3d, 0x00, 0x00  ; A893
    db 0x74, 0x0c, 0xc6, 0x06, 0x23, 0x06, 0x1b, 0x2b, 0xdb, 0x8e, 0xc3, 0xe9, 0x1e, 0x00, 0x8a, 0x56  ; A8A3
    db 0xac, 0x80, 0xe2, 0x08, 0x80, 0xfa, 0x00, 0x74, 0x0b, 0xc4, 0x3e, 0xf2, 0x06, 0x8d, 0x9d, 0x41  ; A8B3
    db 0x01, 0xe9, 0x08, 0x00, 0xc4, 0x3e, 0xf2, 0x06, 0x8d, 0x9d, 0x3d, 0x01, 0x8b, 0xe5, 0x5d, 0xcb  ; A8C3
    db 0x55, 0x8b, 0xec, 0x83, 0xec, 0x66, 0xa1, 0xf8, 0x04, 0xd1, 0xf8, 0x89, 0x46, 0xa2, 0xa1, 0xf8  ; A8D3
    db 0x04, 0x25, 0x01, 0x00, 0x89, 0x46, 0xf8, 0xa1, 0xf8, 0x04, 0x89, 0x46, 0x9e, 0x9a, 0x7b, 0x0b  ; A8E3
    db 0xc9, 0x82, 0x89, 0x46, 0xa0, 0x3d, 0x10, 0x27, 0x7e, 0x08, 0xc6, 0x06, 0x23, 0x06, 0x15, 0xe9  ; A8F3
    db 0x26, 0x01, 0x8d, 0x7e, 0xa6, 0x16, 0x57, 0xff, 0x76, 0xa2, 0x9a, 0x9b, 0x0c, 0xeb, 0x85, 0x83  ; A903
    db 0xc4, 0x04, 0x89, 0x46, 0xa4, 0x3d, 0x00, 0x00, 0x74, 0x08, 0xc6, 0x06, 0x23, 0x06, 0x1b, 0xe9  ; A913
    db 0x06, 0x01, 0x83, 0x7e, 0xf8, 0x00, 0x75, 0x1b, 0x8b, 0x7e, 0xb8, 0x89, 0x7e, 0xf6, 0x8a, 0x56  ; A923
    db 0xbc, 0x2a, 0xf6, 0x89, 0x56, 0x9c, 0x8a, 0x5e, 0xbd, 0x2a, 0xff, 0x2b, 0xd3, 0x89, 0x56, 0x9a  ; A933
    db 0xe9, 0x89, 0x00, 0x8b, 0x7e, 0xc2, 0x89, 0x7e, 0xf6, 0x8a, 0x56, 0xc6, 0x2a, 0xf6, 0x89, 0x56  ; A943
    db 0x9c, 0x8a, 0x5e, 0xc7, 0x2a, 0xff, 0x2b, 0xd3, 0x89, 0x56, 0x9a, 0xe9, 0x6e, 0x00, 0x8b, 0x46  ; A953
    db 0x9c, 0x99, 0xbf, 0x03, 0x00, 0xf7, 0xff, 0x83, 0xfa, 0x01, 0x75, 0x13, 0x8b, 0x56, 0xa0, 0xd1  ; A963
    db 0xe2, 0x8b, 0xc2, 0x99, 0xbb, 0x05, 0x00, 0xf7, 0xfb, 0x89, 0x46, 0xa0, 0xe9, 0x62, 0x00, 0x8b  ; A973
    db 0x46, 0xa0, 0x99, 0xbf, 0x02, 0x00, 0xf7, 0xff, 0x89, 0x46, 0xa0, 0xe9, 0x53, 0x00, 0x8b, 0x46  ; A983
    db 0x9c, 0x99, 0xbf, 0x03, 0x00, 0xf7, 0xff, 0x83, 0xfa, 0x01, 0x75, 0x0f, 0x8b, 0x46, 0xa0, 0x99  ; A993
    db 0xbb, 0x05, 0x00, 0xf7, 0xfb, 0x89, 0x46, 0xa0, 0xe9, 0x0c, 0x00, 0x8b, 0x46, 0xa0, 0x99, 0xbf  ; A9A3
    db 0x04, 0x00, 0xf7, 0xff, 0x89, 0x46, 0xa0, 0xe9, 0x27, 0x00, 0x8b, 0x46, 0xa0, 0x99, 0xbf, 0x0a  ; A9B3
    db 0x00, 0xf7, 0xff, 0x89, 0x46, 0xa0, 0xe9, 0x18, 0x00, 0xe9, 0x15, 0x00, 0x8b, 0x46, 0x9a, 0x3d  ; A9C3
    db 0x01, 0x00, 0x74, 0x8a, 0x3d, 0x02, 0x00, 0x74, 0xb5, 0x3d, 0x03, 0x00, 0x74, 0xdc, 0xe9, 0xe8  ; A9D3
    db 0xff, 0x81, 0x7e, 0xa0, 0xff, 0x00, 0x7f, 0x07, 0x81, 0x7e, 0xa0, 0x01, 0xff, 0x7d, 0x08, 0xc6  ; A9E3
    db 0x06, 0x23, 0x06, 0x15, 0xe9, 0x31, 0x00, 0x8b, 0x7e, 0xa0, 0x29, 0x7e, 0xf6, 0xba, 0x41, 0x00  ; A9F3
    db 0x52, 0x9a, 0x0e, 0x00, 0x70, 0x94, 0x89, 0x46, 0xf4, 0xff, 0x76, 0xf6, 0xff, 0x76, 0x9e, 0x9a  ; AA03
    db 0xbc, 0x01, 0x13, 0xf3, 0x83, 0xc4, 0x02, 0xbf, 0x80, 0x8f, 0x57, 0x9a, 0x0e, 0x00, 0x70, 0x94  ; AA13
    db 0x89, 0x46, 0xf4, 0x80, 0x0e, 0x03, 0x06, 0x01, 0x8b, 0xe5, 0x5d, 0xcb, 0x55, 0x8b, 0xec, 0x83  ; AA23
    db 0xec, 0x70, 0xa1, 0xf8, 0x04, 0xd1, 0xf8, 0x89, 0x46, 0xa8, 0xa1, 0xf8, 0x04, 0x25, 0x01, 0x00  ; AA33
    db 0x89, 0x46, 0xa4, 0x8d, 0x7e, 0xac, 0x16, 0x57, 0xff, 0x76, 0xa8, 0x9a, 0x9b, 0x0c, 0xeb, 0x85  ; AA43
    db 0x83, 0xc4, 0x04, 0x89, 0x46, 0xaa, 0x3d, 0x00, 0x00, 0x74, 0x0c, 0xc6, 0x06, 0x23, 0x06, 0x1b  ; AA53
    db 0x2b, 0xdb, 0x8e, 0xc3, 0xe9, 0xa9, 0x01, 0x83, 0x7e, 0xa4, 0x00, 0x75, 0x20, 0x8b, 0x7e, 0xbe  ; AA63
    db 0x8b, 0x56, 0xc0, 0x2b, 0xd7, 0x89, 0x56, 0xa6, 0x8a, 0x5e, 0xc2, 0x2a, 0xff, 0x89, 0x5e, 0x92  ; AA73
    db 0x8a, 0x46, 0xc3, 0x2a, 0xe4, 0x2b, 0xd8, 0x89, 0x5e, 0x90, 0xe9, 0x87, 0x00, 0x8b, 0x7e, 0xc8  ; AA83
    db 0x8b, 0x56, 0xca, 0x2b, 0xd7, 0x89, 0x56, 0xa6, 0x8a, 0x5e, 0xcc, 0x2a, 0xff, 0x89, 0x5e, 0x92  ; AA93
    db 0x8a, 0x46, 0xcd, 0x2a, 0xe4, 0x2b, 0xd8, 0x89, 0x5e, 0x90, 0xe9, 0x67, 0x00, 0x8b, 0x46, 0x92  ; AAA3
    db 0x99, 0xbf, 0x03, 0x00, 0xf7, 0xff, 0x83, 0xfa, 0x01, 0x75, 0x14, 0x8b, 0x46, 0xa6, 0xba, 0x05  ; AAB3
    db 0x00, 0xf7, 0xea, 0x99, 0xbb, 0x02, 0x00, 0xf7, 0xfb, 0x89, 0x46, 0xa6, 0xe9, 0x5a, 0x00, 0x8b  ; AAC3
    db 0x7e, 0xa6, 0xd1, 0xe7, 0x89, 0x7e, 0xa6, 0xe9, 0x4f, 0x00, 0x8b, 0x46, 0x92, 0x99, 0xbf, 0x03  ; AAD3
    db 0x00, 0xf7, 0xff, 0x83, 0xfa, 0x01, 0x75, 0x0e, 0x8b, 0x46, 0xa6, 0xba, 0x05, 0x00, 0xf7, 0xea  ; AAE3
    db 0x89, 0x46, 0xa6, 0xe9, 0x0a, 0x00, 0x8b, 0x7e, 0xa6, 0xd1, 0xe7, 0xd1, 0xe7, 0x89, 0x7e, 0xa6  ; AAF3
    db 0xe9, 0x26, 0x00, 0x8b, 0x46, 0xa6, 0xba, 0x0a, 0x00, 0xf7, 0xea, 0x89, 0x46, 0xa6, 0xe9, 0x18  ; AB03
    db 0x00, 0xe9, 0x15, 0x00, 0x8b, 0x46, 0x90, 0x3d, 0x01, 0x00, 0x74, 0x91, 0x3d, 0x02, 0x00, 0x74  ; AB13
    db 0xb9, 0x3d, 0x03, 0x00, 0x74, 0xdd, 0xe9, 0xe8, 0xff, 0x83, 0x7e, 0xa6, 0x00, 0x7f, 0x0f, 0x8b  ; AB23
    db 0x7e, 0xa6, 0xf7, 0xdf, 0x89, 0x7e, 0xa6, 0xc6, 0x46, 0x94, 0x2b, 0xe9, 0x04, 0x00, 0xc6, 0x46  ; AB33
    db 0x94, 0x2d, 0x8b, 0x46, 0xa6, 0x99, 0xbf, 0x19, 0x00, 0xf7, 0xff, 0x89, 0x46, 0xa2, 0x8b, 0x46  ; AB43
    db 0xa6, 0x99, 0xf7, 0xff, 0x89, 0x56, 0xa0, 0xd1, 0xe2, 0xd1, 0xe2, 0x89, 0x56, 0xa0, 0xc7, 0x46  ; AB53
    db 0x9e, 0x01, 0x00, 0x83, 0x7e, 0xa2, 0x64, 0x7c, 0x20, 0x8b, 0x46, 0xa2, 0x99, 0xbb, 0x64, 0x00  ; AB63
    db 0xf7, 0xfb, 0x05, 0x30, 0x00, 0x8b, 0xd0, 0xff, 0x46, 0x9e, 0xbf, 0x01, 0x00, 0x88, 0x53, 0x94  ; AB73
    db 0x8b, 0x46, 0xa2, 0x99, 0xf7, 0xfb, 0x89, 0x56, 0xa2, 0x83, 0x7e, 0xa2, 0x0a, 0x7d, 0x06, 0x83  ; AB83
    db 0x7e, 0x9e, 0x01, 0x7e, 0x17, 0x8b, 0x46, 0xa2, 0x99, 0xbf, 0x0a, 0x00, 0xf7, 0xff, 0x05, 0x30  ; AB93
    db 0x00, 0x8b, 0xd0, 0x8b, 0x7e, 0x9e, 0xff, 0x46, 0x9e, 0x88, 0x53, 0x94, 0x8b, 0x46, 0xa2, 0x99  ; ABA3
    db 0xbf, 0x0a, 0x00, 0xf7, 0xff, 0x83, 0xc2, 0x30, 0x8b, 0xda, 0x8b, 0x7e, 0x9e, 0xff, 0x46, 0x9e  ; ABB3
    db 0x88, 0x5b, 0x94, 0x8b, 0x7e, 0x9e, 0xff, 0x46, 0x9e, 0xc6, 0x43, 0x94, 0x2e, 0x8b, 0x46, 0xa0  ; ABC3
    db 0x99, 0xbb, 0x0a, 0x00, 0xf7, 0xfb, 0x05, 0x30, 0x00, 0x8b, 0xd0, 0x8b, 0x7e, 0x9e, 0xff, 0x46  ; ABD3
    db 0x9e, 0x88, 0x53, 0x94, 0x8b, 0x46, 0xa0, 0x99, 0xf7, 0xfb, 0x83, 0xc2, 0x30, 0x8b, 0xc2, 0x8b  ; ABE3
    db 0x7e, 0x9e, 0xff, 0x46, 0x9e, 0x88, 0x43, 0x94, 0x8b, 0x7e, 0x9e, 0xff, 0x46, 0x9e, 0xc6, 0x43  ; ABF3
    db 0x94, 0x00, 0x8d, 0x46, 0x94, 0x16, 0x50, 0x9a, 0x71, 0x00, 0xc9, 0x82, 0x2b, 0xdb, 0x8e, 0xc3  ; AC03
    db 0x8b, 0xe5, 0x5d, 0xcb, 0x55, 0x8b, 0xec, 0x83, 0xec, 0x5e, 0xa1, 0xf8, 0x04, 0xd1, 0xf8, 0x89  ; AC13
    db 0x46, 0xf4, 0x8d, 0x7e, 0xa6, 0x16, 0x57, 0x50, 0x9a, 0x9b, 0x0c, 0xeb, 0x85, 0x83, 0xc4, 0x04  ; AC23
    db 0x89, 0x46, 0xf6, 0x3d, 0x00, 0x00, 0x74, 0x0c, 0xc6, 0x06, 0x23, 0x06, 0x1b, 0x2b, 0xdb, 0x8e  ; AC33
    db 0xc3, 0xe9, 0xa7, 0x00, 0x8a, 0x56, 0xa9, 0x2a, 0xf6, 0x81, 0xe2, 0x0f, 0x00, 0x89, 0x56, 0xf8  ; AC43
    db 0xe9, 0x64, 0x00, 0xc4, 0x3e, 0xf2, 0x06, 0x8d, 0x95, 0x75, 0x02, 0x89, 0x56, 0xa2, 0x8c, 0x46  ; AC53
    db 0xa4, 0xe9, 0x84, 0x00, 0xc4, 0x3e, 0xf2, 0x06, 0x8d, 0x55, 0x60, 0x89, 0x56, 0xa2, 0x8c, 0x46  ; AC63
    db 0xa4, 0xe9, 0x74, 0x00, 0xc4, 0x3e, 0xf2, 0x06, 0x8d, 0x55, 0x64, 0x89, 0x56, 0xa2, 0x8c, 0x46  ; AC73
    db 0xa4, 0xe9, 0x64, 0x00, 0xc4, 0x3e, 0xf2, 0x06, 0x8d, 0x95, 0x7f, 0x02, 0x89, 0x56, 0xa2, 0x8c  ; AC83
    db 0x46, 0xa4, 0xe9, 0x53, 0x00, 0xc4, 0x3e, 0xf2, 0x06, 0x8d, 0x95, 0x91, 0x02, 0x89, 0x56, 0xa2  ; AC93
    db 0x8c, 0x46, 0xa4, 0xe9, 0x42, 0x00, 0xc4, 0x3e, 0xf2, 0x06, 0x8d, 0x95, 0x5a, 0x02, 0x89, 0x56  ; ACA3
    db 0xa2, 0x8c, 0x46, 0xa4, 0xe9, 0x31, 0x00, 0x8b, 0x46, 0xf8, 0x3d, 0x00, 0x00, 0x74, 0x94, 0x3d  ; ACB3
    db 0x01, 0x00, 0x74, 0xa0, 0x3d, 0x02, 0x00, 0x74, 0xab, 0x3d, 0x03, 0x00, 0x74, 0xb6, 0x3d, 0x04  ; ACC3
    db 0x00, 0x75, 0x03, 0xe9, 0x7d, 0xff, 0x3d, 0x05, 0x00, 0x74, 0x89, 0x3d, 0x06, 0x00, 0x74, 0x94  ; ACD3
    db 0x3d, 0x07, 0x00, 0x74, 0xb0, 0xe9, 0xbe, 0xff, 0xc4, 0x5e, 0xa2, 0x8b, 0xe5, 0x5d, 0xcb, 0x55  ; ACE3
    db 0x8b, 0xec, 0x83, 0xec, 0x06, 0xbf, 0x01, 0x00, 0x57, 0x9a, 0x27, 0x00, 0xcf, 0x92, 0x8b, 0xe5  ; ACF3
    db 0x5d, 0xcb, 0x55, 0x8b, 0xec, 0x83, 0xec, 0x06, 0x2b, 0xff, 0x57, 0x9a, 0x27, 0x00, 0xcf, 0x92  ; AD03
    db 0x8b, 0xe5, 0x5d, 0xcb, 0x55, 0x8b, 0xec, 0x83, 0xec, 0x62, 0xc4, 0x3e, 0x32, 0x07, 0x26, 0x80  ; AD13
    db 0x7d, 0x1f, 0x14, 0x75, 0x08, 0xc6, 0x06, 0x23, 0x06, 0x1e, 0xe9, 0x9c, 0x01, 0x83, 0x3e, 0xf8  ; AD23
    db 0x05, 0x00, 0x75, 0x17, 0x80, 0x3e, 0xff, 0x05, 0x00, 0x75, 0x08, 0xc6, 0x06, 0x23, 0x06, 0x07  ; AD33
    db 0xe9, 0x05, 0x00, 0xc6, 0x06, 0x23, 0x06, 0x15, 0xe9, 0x7e, 0x01, 0xc7, 0x46, 0xf6, 0x01, 0x00  ; AD43
    db 0xe9, 0x2f, 0x01, 0xc7, 0x46, 0xf6, 0x04, 0x00, 0xc7, 0x46, 0xf8, 0x01, 0x00, 0x8d, 0x7e, 0xa8  ; AD53
    db 0x16, 0x57, 0xba, 0x01, 0x00, 0x52, 0x9a, 0x9b, 0x0c, 0xeb, 0x85, 0x83, 0xc4, 0x04, 0x89, 0x46  ; AD63
    db 0xa4, 0x3d, 0x00, 0x00, 0x74, 0x08, 0xc6, 0x06, 0x23, 0x06, 0x1b, 0xe9, 0x4b, 0x01, 0x83, 0x7e  ; AD73
    db 0xf6, 0x04, 0x75, 0x0b, 0x8a, 0x56, 0xa8, 0x80, 0xe2, 0x01, 0x80, 0xfa, 0x00, 0x75, 0x11, 0x83  ; AD83
    db 0x7e, 0xf6, 0x01, 0x75, 0x57, 0x8a, 0x56, 0xa8, 0x80, 0xe2, 0x01, 0x80, 0xfa, 0x00, 0x75, 0x4c  ; AD93
    db 0x83, 0x7e, 0x06, 0x00, 0x74, 0x23, 0xbf, 0x41, 0x00, 0x57, 0x9a, 0x0e, 0x00, 0x70, 0x94, 0x89  ; ADA3
    db 0x46, 0xa6, 0xff, 0x76, 0xf8, 0x9a, 0x06, 0x00, 0xe6, 0xf8, 0xbf, 0x80, 0x8f, 0x57, 0x9a, 0x0e  ; ADB3
    db 0x00, 0x70, 0x94, 0x89, 0x46, 0xa6, 0xe9, 0xdf, 0x00, 0xbf, 0x41, 0x00, 0x57, 0x9a, 0x0e, 0x00  ; ADC3
    db 0x70, 0x94, 0x89, 0x46, 0xa6, 0xff, 0x76, 0xf8, 0x9a, 0x94, 0x03, 0x08, 0xf0, 0xbf, 0x80, 0x8f  ; ADD3
    db 0x57, 0x9a, 0x0e, 0x00, 0x70, 0x94, 0x89, 0x46, 0xa6, 0xe9, 0xbc, 0x00, 0xc6, 0x06, 0x23, 0x06  ; ADE3
    db 0x22, 0xe9, 0xb4, 0x00, 0xa1, 0xf8, 0x05, 0x89, 0x46, 0xf8, 0xd1, 0xe0, 0x89, 0x46, 0xa2, 0x40  ; ADF3
    db 0x89, 0x46, 0xa0, 0xc4, 0x3e, 0x32, 0x07, 0x8b, 0xd8, 0x26, 0x8a, 0x51, 0x7e, 0x2a, 0xf6, 0xc4  ; AE03
    db 0x3e, 0x32, 0x07, 0x8b, 0x5e, 0xa2, 0x26, 0x8a, 0x41, 0x7e, 0x2a, 0xe4, 0x0b, 0xc2, 0x25, 0x02  ; AE13
    db 0x00, 0x3d, 0x00, 0x00, 0x75, 0x08, 0xc6, 0x06, 0x23, 0x06, 0x1b, 0xe9, 0x7a, 0x00, 0x83, 0x7e  ; AE23
    db 0x06, 0x00, 0x74, 0x23, 0xbf, 0x41, 0x00, 0x57, 0x9a, 0x0e, 0x00, 0x70, 0x94, 0x89, 0x46, 0xa6  ; AE33
    db 0xff, 0x76, 0xf8, 0x9a, 0x06, 0x00, 0xe6, 0xf8, 0xbf, 0x80, 0x8f, 0x57, 0x9a, 0x0e, 0x00, 0x70  ; AE43
    db 0x94, 0x89, 0x46, 0xa6, 0xe9, 0x20, 0x00, 0xbf, 0x41, 0x00, 0x57, 0x9a, 0x0e, 0x00, 0x70, 0x94  ; AE53
    db 0x89, 0x46, 0xa6, 0xff, 0x76, 0xf8, 0x9a, 0x94, 0x03, 0x08, 0xf0, 0xbf, 0x80, 0x8f, 0x57, 0x9a  ; AE63
    db 0x0e, 0x00, 0x70, 0x94, 0x89, 0x46, 0xa6, 0xe9, 0x2e, 0x00, 0xc6, 0x06, 0x23, 0x06, 0x15, 0xe9  ; AE73
    db 0x26, 0x00, 0xa1, 0xf8, 0x05, 0x3d, 0x01, 0x00, 0x75, 0x03, 0xe9, 0xcb, 0xfe, 0x3d, 0x02, 0x00  ; AE83
    db 0x75, 0x03, 0xe9, 0x5f, 0xff, 0x3d, 0x03, 0x00, 0x75, 0x03, 0xe9, 0x57, 0xff, 0x3d, 0x04, 0x00  ; AE93
    db 0x75, 0x03, 0xe9, 0xae, 0xfe, 0xe9, 0xd2, 0xff, 0xc4, 0x3e, 0x36, 0x07, 0x26, 0x81, 0x0d, 0x00  ; AEA3
    db 0x02, 0xba, 0x41, 0x00, 0x52, 0x9a, 0x0e, 0x00, 0x70, 0x94, 0x81, 0x0e, 0x5a, 0x05, 0x00, 0x02  ; AEB3
    db 0xbf, 0x80, 0x8f, 0x57, 0x9a, 0x0e, 0x00, 0x70, 0x94, 0x8b, 0xe5, 0x5d, 0xca, 0x02, 0x00, 0x55  ; AEC3
    db 0x8b, 0xec, 0x83, 0xec, 0x0e, 0xc4, 0x3e, 0x32, 0x07, 0x26, 0x80, 0x7d, 0x1f, 0x14, 0x75, 0x08  ; AED3
    db 0xc6, 0x06, 0x23, 0x06, 0x1e, 0xe9, 0x9b, 0x00, 0x83, 0x3e, 0xf8, 0x05, 0x01, 0x7c, 0x22, 0x83  ; AEE3
    db 0x3e, 0xf8, 0x05, 0x03, 0x7f, 0x1b, 0xa1, 0xf8, 0x05, 0x89, 0x46, 0xf8, 0xc7, 0x46, 0xf4, 0x01  ; AEF3
    db 0x00, 0xbf, 0x01, 0x00, 0x57, 0x50, 0x9a, 0x9a, 0x02, 0xcf, 0x92, 0x83, 0xc4, 0x02, 0xe9, 0x72  ; AF03
    db 0x00, 0x83, 0x3e, 0xf8, 0x05, 0x04, 0x75, 0x1d, 0xc7, 0x46, 0xf8, 0x01, 0x00, 0xc7, 0x46, 0xf4  ; AF13
    db 0x04, 0x00, 0xbf, 0x04, 0x00, 0x57, 0xba, 0x01, 0x00, 0x52, 0x9a, 0x9a, 0x02, 0xcf, 0x92, 0x83  ; AF23
    db 0xc4, 0x02, 0xe9, 0x4e, 0x00, 0x83, 0x3e, 0xf8, 0x05, 0x05, 0x7c, 0x33, 0x83, 0x3e, 0xf8, 0x05  ; AF33
    db 0x1e, 0x7f, 0x2c, 0xff, 0x36, 0xf8, 0x05, 0x9a, 0x2c, 0x0e, 0xcf, 0x92, 0x88, 0x46, 0xf7, 0x2a  ; AF43
    db 0xe4, 0x50, 0x9a, 0xe5, 0x07, 0x71, 0x94, 0x89, 0x46, 0xf2, 0x3d, 0x00, 0x00, 0x74, 0x08, 0xc6  ; AF53
    db 0x06, 0x23, 0x06, 0x1b, 0xe9, 0x1c, 0x00, 0x80, 0x0e, 0x03, 0x06, 0x01, 0xe9, 0x14, 0x00, 0x80  ; AF63
    db 0x3e, 0xff, 0x05, 0x00, 0x75, 0x08, 0xc6, 0x06, 0x23, 0x06, 0x07, 0xe9, 0x05, 0x00, 0xc6, 0x06  ; AF73
    db 0x23, 0x06, 0x15, 0x8b, 0xe5, 0x5d, 0xcb, 0x55, 0x8b, 0xec, 0x83, 0xec, 0x58, 0x83, 0x7e, 0x06  ; AF83
    db 0x02, 0x74, 0x06, 0x83, 0x7e, 0x06, 0x03, 0x75, 0x2a, 0xbf, 0x41, 0x00, 0x57, 0x9a, 0x0e, 0x00  ; AF93
    db 0x70, 0x94, 0x89, 0x46, 0xaa, 0xff, 0x76, 0x06, 0x9a, 0x94, 0x03, 0x08, 0xf0, 0xff, 0x76, 0x06  ; AFA3
    db 0x9a, 0xc4, 0x00, 0xe6, 0xf8, 0xff, 0x76, 0xaa, 0x9a, 0x0e, 0x00, 0x70, 0x94, 0x89, 0x46, 0xa8  ; AFB3
    db 0xe9, 0x64, 0x00, 0x8d, 0x7e, 0xac, 0x16, 0x57, 0xff, 0x76, 0x06, 0x9a, 0x9b, 0x0c, 0xeb, 0x85  ; AFC3
    db 0x83, 0xc4, 0x04, 0x83, 0x7e, 0x08, 0x04, 0x75, 0x0b, 0x8a, 0x56, 0xac, 0x80, 0xe2, 0x01, 0x80  ; AFD3
    db 0xfa, 0x00, 0x75, 0x11, 0x83, 0x7e, 0x08, 0x01, 0x75, 0x35, 0x8a, 0x56, 0xac, 0x80, 0xe2, 0x01  ; AFE3
    db 0x80, 0xfa, 0x00, 0x75, 0x2a, 0xbf, 0x41, 0x00, 0x57, 0x9a, 0x0e, 0x00, 0x70, 0x94, 0x89, 0x46  ; AFF3
    db 0xaa, 0xff, 0x76, 0x06, 0x9a, 0x94, 0x03, 0x08, 0xf0, 0xff, 0x76, 0x06, 0x9a, 0xc4, 0x00, 0xe6  ; B003
    db 0xf8, 0xff, 0x76, 0xaa, 0x9a, 0x0e, 0x00, 0x70, 0x94, 0x89, 0x46, 0xa8, 0xe9, 0x08, 0x00, 0xc6  ; B013
    db 0x06, 0x23, 0x06, 0x22, 0xe9, 0x21, 0x00, 0xc4, 0x3e, 0x36, 0x07, 0x26, 0x81, 0x0d, 0x00, 0x02  ; B023
    db 0xba, 0x41, 0x00, 0x52, 0x9a, 0x0e, 0x00, 0x70, 0x94, 0x81, 0x0e, 0x5a, 0x05, 0x00, 0x02, 0xbf  ; B033
    db 0x80, 0x8f, 0x57, 0x9a, 0x0e, 0x00, 0x70, 0x94, 0x8b, 0xe5, 0x5d, 0xca, 0x02, 0x00, 0x55, 0x8b  ; B043
    db 0xec, 0x83, 0xec, 0x64, 0xc4, 0x3e, 0x32, 0x07, 0x26, 0x80, 0x7d, 0x1f, 0x1e, 0x74, 0x20, 0x80  ; B053
    db 0x3e, 0xf7, 0x05, 0x00, 0x75, 0x06, 0xc7, 0x06, 0xf8, 0x05, 0x04, 0x00, 0x83, 0x3e, 0xf8, 0x05  ; B063
    db 0x04, 0x74, 0x19, 0xc6, 0x06, 0x23, 0x06, 0x15, 0x2b, 0xdb, 0x8e, 0xc3, 0xe9, 0x62, 0x01, 0x80  ; B073
    db 0x3e, 0xf7, 0x05, 0x00, 0x75, 0x06, 0xc7, 0x06, 0xf8, 0x05, 0x01, 0x00, 0x83, 0x3e, 0xf8, 0x05  ; B083
    db 0x1e, 0x7e, 0x0c, 0xc6, 0x06, 0x23, 0x06, 0x15, 0x2b, 0xdb, 0x8e, 0xc3, 0xe9, 0x42, 0x01, 0xc7  ; B093
    db 0x46, 0xf2, 0x01, 0x00, 0xe9, 0xea, 0x00, 0xc7, 0x46, 0xf2, 0x04, 0x00, 0xc7, 0x46, 0xf8, 0x01  ; B0A3
    db 0x00, 0xbf, 0x01, 0x00, 0xd1, 0xe7, 0x89, 0x7e, 0xf6, 0x47, 0x89, 0x7e, 0xf4, 0x8d, 0x56, 0x9e  ; B0B3
    db 0x16, 0x52, 0xbb, 0x01, 0x00, 0x53, 0x9a, 0x9b, 0x0c, 0xeb, 0x85, 0x83, 0xc4, 0x04, 0x89, 0x46  ; B0C3
    db 0x9c, 0x3d, 0x00, 0x00, 0x74, 0x08, 0xc7, 0x46, 0xee, 0x00, 0x00, 0xe9, 0xd3, 0x00, 0x83, 0x7e  ; B0D3
    db 0xf2, 0x04, 0x75, 0x0b, 0x8a, 0x56, 0x9e, 0x80, 0xe2, 0x01, 0x80, 0xfa, 0x00, 0x75, 0x11, 0x83  ; B0E3
    db 0x7e, 0xf2, 0x01, 0x75, 0x31, 0x8a, 0x56, 0x9e, 0x80, 0xe2, 0x01, 0x80, 0xfa, 0x00, 0x75, 0x26  ; B0F3
    db 0xc4, 0x3e, 0x32, 0x07, 0x8b, 0x5e, 0xf4, 0x26, 0x8a, 0x51, 0x7e, 0x2a, 0xf6, 0x81, 0xe2, 0x03  ; B103
    db 0x00, 0xc4, 0x3e, 0x32, 0x07, 0x8b, 0x5e, 0xf6, 0x26, 0x8a, 0x41, 0x7e, 0x2a, 0xe4, 0x0b, 0xc2  ; B113
    db 0x89, 0x46, 0xee, 0xe9, 0x8b, 0x00, 0xc7, 0x46, 0xee, 0x00, 0x00, 0xe9, 0x83, 0x00, 0xa1, 0xf8  ; B123
    db 0x05, 0x89, 0x46, 0xf8, 0xd1, 0xe0, 0x89, 0x46, 0xf6, 0x40, 0x89, 0x46, 0xf4, 0xc4, 0x3e, 0x32  ; B133
    db 0x07, 0x8b, 0xd8, 0x26, 0x8a, 0x51, 0x7e, 0x2a, 0xf6, 0x81, 0xe2, 0x03, 0x00, 0xc4, 0x3e, 0x32  ; B143
    db 0x07, 0x8b, 0x5e, 0xf6, 0x26, 0x8a, 0x41, 0x7e, 0x2a, 0xe4, 0x0b, 0xc2, 0x89, 0x46, 0xee, 0xe9  ; B153
    db 0x4f, 0x00, 0xff, 0x36, 0xf8, 0x05, 0x9a, 0x2c, 0x0e, 0xcf, 0x92, 0x88, 0x46, 0xf1, 0x2a, 0xe4  ; B163
    db 0x50, 0x9a, 0x57, 0x09, 0x71, 0x94, 0x89, 0x46, 0xec, 0x25, 0x02, 0x00, 0x3d, 0x00, 0x00, 0x74  ; B173
    db 0x08, 0xc7, 0x46, 0xee, 0x02, 0x00, 0xe9, 0x05, 0x00, 0xc7, 0x46, 0xee, 0x00, 0x00, 0xe9, 0x20  ; B183
    db 0x00, 0xa1, 0xf8, 0x05, 0x3d, 0x01, 0x00, 0x75, 0x03, 0xe9, 0x10, 0xff, 0x3d, 0x02, 0x00, 0x74  ; B193
    db 0x8d, 0x3d, 0x03, 0x00, 0x74, 0x88, 0x3d, 0x04, 0x00, 0x75, 0x03, 0xe9, 0xf9, 0xfe, 0xe9, 0xb1  ; B1A3
    db 0xff, 0x8b, 0x7e, 0xee, 0x81, 0xe7, 0x02, 0x00, 0x83, 0xff, 0x00, 0x75, 0x0b, 0xc4, 0x3e, 0xf2  ; B1B3
    db 0x06, 0x8d, 0x9d, 0xbe, 0x00, 0xe9, 0x19, 0x00, 0x83, 0x7e, 0xee, 0x02, 0x75, 0x0b, 0xc4, 0x3e  ; B1C3
    db 0xf2, 0x06, 0x8d, 0x9d, 0x3d, 0x01, 0xe9, 0x08, 0x00, 0xc4, 0x3e, 0xf2, 0x06, 0x8d, 0x9d, 0x41  ; B1D3
    db 0x01, 0x8b, 0xe5, 0x5d, 0xcb, 0x55, 0x8b, 0xec, 0x83, 0xec, 0x06, 0xc6, 0x06, 0xf6, 0x04, 0x00  ; B1E3
    db 0x80, 0x0e, 0x03, 0x06, 0x01, 0x8b, 0xe5, 0x5d, 0xcb, 0x55, 0x8b, 0xec, 0x83, 0xec, 0x06, 0x83  ; B1F3
    db 0x3e, 0xf8, 0x05, 0x1e, 0x7f, 0x07, 0x83, 0x3e, 0xf8, 0x05, 0x01, 0x7d, 0x08, 0xc6, 0x06, 0x23  ; B203
    db 0x06, 0x15, 0xe9, 0x06, 0x00, 0xa0, 0xf8, 0x05, 0xa2, 0xf6, 0x04, 0x80, 0x0e, 0x03, 0x06, 0x01  ; B213
    db 0x8b, 0xe5, 0x5d, 0xcb, 0x55, 0x8b, 0xec, 0x83, 0xec, 0x06, 0xa0, 0xf6, 0x04, 0x2a, 0xe4, 0xa3  ; B223
    db 0xf8, 0x05, 0x80, 0x3e, 0xf6, 0x04, 0x00, 0x75, 0x0a, 0xc4, 0x3e, 0xf2, 0x06, 0x8d, 0x5d, 0x0e  ; B233
    db 0xe9, 0x08, 0x00, 0xc4, 0x3e, 0xf2, 0x06, 0x8d, 0x9d, 0x7b, 0x01, 0x8b, 0xe5, 0x5d, 0xcb, 0x55  ; B243
    db 0x8b, 0xec, 0x83, 0xec, 0x0a, 0x83, 0x3e, 0xf8, 0x05, 0x1e, 0x7f, 0x07, 0x83, 0x3e, 0xf8, 0x05  ; B253
    db 0x04, 0x7f, 0x08, 0xc6, 0x06, 0x23, 0x06, 0x15, 0xe9, 0x4a, 0x00, 0xff, 0x36, 0xf8, 0x05, 0x9a  ; B263
    db 0x2c, 0x0e, 0xcf, 0x92, 0x88, 0x46, 0xf9, 0x2a, 0xe4, 0x50, 0x9a, 0x8e, 0x0e, 0xcf, 0x92, 0x89  ; B273
    db 0x46, 0xf6, 0x9a, 0x16, 0x1a, 0x71, 0x94, 0x3d, 0x00, 0x00, 0x75, 0x24, 0x8b, 0x46, 0xf6, 0xba  ; B283
    db 0x0c, 0x00, 0xf7, 0xea, 0xc4, 0x3e, 0x3e, 0x07, 0x8b, 0xd8, 0x26, 0x80, 0x61, 0x0a, 0xbb, 0xc4  ; B293
    db 0x3e, 0x46, 0x07, 0x26, 0xc7, 0x05, 0x00, 0x00, 0x80, 0x0e, 0x03, 0x06, 0x01, 0xe9, 0x05, 0x00  ; B2A3
    db 0xc6, 0x06, 0x23, 0x06, 0x21, 0x8b, 0xe5, 0x5d, 0xcb, 0x55, 0x8b, 0xec, 0x83, 0xec, 0x0a, 0x83  ; B2B3
    db 0x3e, 0xf8, 0x05, 0x1e, 0x7f, 0x07, 0x83, 0x3e, 0xf8, 0x05, 0x04, 0x7f, 0x08, 0xc6, 0x06, 0x23  ; B2C3
    db 0x06, 0x15, 0xe9, 0x5d, 0x00, 0xff, 0x36, 0xf8, 0x05, 0x9a, 0x2c, 0x0e, 0xcf, 0x92, 0x88, 0x46  ; B2D3
    db 0xf9, 0x2a, 0xe4, 0x50, 0x9a, 0x8e, 0x0e, 0xcf, 0x92, 0x89, 0x46, 0xf6, 0x9a, 0x16, 0x1a, 0x71  ; B2E3
    db 0x94, 0x3d, 0x00, 0x00, 0x75, 0x37, 0x8b, 0x46, 0xf6, 0xba, 0x0c, 0x00, 0xf7, 0xea, 0xc4, 0x3e  ; B2F3
    db 0x3e, 0x07, 0x8b, 0xd8, 0x26, 0x80, 0x61, 0x0a, 0xbf, 0x8b, 0x46, 0xf6, 0xba, 0x0c, 0x00, 0xf7  ; B303
    db 0xea, 0xc4, 0x3e, 0x3e, 0x07, 0x8b, 0xd8, 0x26, 0x80, 0x49, 0x0a, 0x04, 0xc4, 0x3e, 0x46, 0x07  ; B313
    db 0x26, 0xc7, 0x05, 0x00, 0x00, 0x80, 0x0e, 0x03, 0x06, 0x01, 0xe9, 0x05, 0x00, 0xc6, 0x06, 0x23  ; B323
    db 0x06, 0x21, 0x8b, 0xe5, 0x5d, 0xcb, 0x55, 0x8b, 0xec, 0x83, 0xec, 0x0a, 0x83, 0x3e, 0xf8, 0x05  ; B333
    db 0x1e, 0x7f, 0x07, 0x83, 0x3e, 0xf8, 0x05, 0x04, 0x7f, 0x08, 0xc6, 0x06, 0x23, 0x06, 0x15, 0xe9  ; B343
    db 0x4a, 0x00, 0xff, 0x36, 0xf8, 0x05, 0x9a, 0x2c, 0x0e, 0xcf, 0x92, 0x88, 0x46, 0xf9, 0x2a, 0xe4  ; B353
    db 0x50, 0x9a, 0x8e, 0x0e, 0xcf, 0x92, 0x89, 0x46, 0xf6, 0x9a, 0x16, 0x1a, 0x71, 0x94, 0x3d, 0x00  ; B363
    db 0x00, 0x75, 0x24, 0x8b, 0x46, 0xf6, 0xba, 0x0c, 0x00, 0xf7, 0xea, 0xc4, 0x3e, 0x3e, 0x07, 0x8b  ; B373
    db 0xd8, 0x26, 0x80, 0x49, 0x0a, 0x44, 0xc4, 0x3e, 0x46, 0x07, 0x26, 0xc7, 0x05, 0x00, 0x00, 0x80  ; B383
    db 0x0e, 0x03, 0x06, 0x01, 0xe9, 0x05, 0x00, 0xc6, 0x06, 0x23, 0x06, 0x21, 0x8b, 0xe5, 0x5d, 0xcb  ; B393
    db 0x55, 0x8b, 0xec, 0x83, 0xec, 0x0c, 0x83, 0x3e, 0xf8, 0x05, 0x1e, 0x7f, 0x07, 0x83, 0x3e, 0xf8  ; B3A3
    db 0x05, 0x01, 0x7d, 0x0c, 0xc6, 0x06, 0x23, 0x06, 0x15, 0x2b, 0xdb, 0x8e, 0xc3, 0xe9, 0x79, 0x00  ; B3B3
    db 0x83, 0x3e, 0xf8, 0x05, 0x01, 0x7c, 0x12, 0x83, 0x3e, 0xf8, 0x05, 0x04, 0x7f, 0x0b, 0xc4, 0x3e  ; B3C3
    db 0xf2, 0x06, 0x8d, 0x9d, 0x07, 0x02, 0xe9, 0x60, 0x00, 0xff, 0x36, 0xf8, 0x05, 0x9a, 0x2c, 0x0e  ; B3D3
    db 0xcf, 0x92, 0x88, 0x46, 0xf7, 0x2a, 0xe4, 0x50, 0x9a, 0x8e, 0x0e, 0xcf, 0x92, 0x89, 0x46, 0xf4  ; B3E3
    db 0xba, 0x0c, 0x00, 0xf7, 0xea, 0xc4, 0x3e, 0x3e, 0x07, 0x8b, 0xd8, 0x26, 0x8a, 0x51, 0x0a, 0x2a  ; B3F3
    db 0xf6, 0x89, 0x56, 0xf8, 0x81, 0xe2, 0x04, 0x00, 0x83, 0xfa, 0x00, 0x75, 0x0d, 0xc4, 0x16, 0xf2  ; B403
    db 0x06, 0x8b, 0xda, 0x81, 0xc3, 0x07, 0x02, 0xe9, 0x1f, 0x00, 0x8b, 0x7e, 0xf8, 0x81, 0xe7, 0x40  ; B413
    db 0x00, 0x83, 0xff, 0x00, 0x75, 0x0b, 0xc4, 0x3e, 0xf2, 0x06, 0x8d, 0x9d, 0x1a, 0x01, 0xe9, 0x08  ; B423
    db 0x00, 0xc4, 0x3e, 0xf2, 0x06, 0x8d, 0x9d, 0x4d, 0x01, 0x8b, 0xe5, 0x5d, 0xcb, 0x55, 0x8b, 0xec  ; B433
    db 0x83, 0xec, 0x7c, 0x8d, 0x7e, 0x8a, 0x16, 0x57, 0xba, 0x01, 0x00, 0x52, 0x9a, 0x9b, 0x0c, 0xeb  ; B443
    db 0x85, 0x83, 0xc4, 0x04, 0x89, 0x46, 0x84, 0x3d, 0x00, 0x00, 0x75, 0x6c, 0x8a, 0x56, 0x8a, 0x2a  ; B453
    db 0xf6, 0x81, 0xe2, 0x01, 0x00, 0x83, 0xfa, 0x00, 0x74, 0x2f, 0x8b, 0x7e, 0xc4, 0x03, 0x7e, 0xca  ; B463
    db 0x89, 0x7e, 0x88, 0xd1, 0xff, 0xd1, 0xff, 0xd1, 0xff, 0xd1, 0xff, 0xd1, 0xff, 0xd1, 0xff, 0xd1  ; B473
    db 0xff, 0xd1, 0xff, 0xd1, 0xff, 0xd1, 0xff, 0x8b, 0xd7, 0x80, 0xc2, 0x30, 0x88, 0x56, 0x87, 0xc6  ; B483
    db 0x46, 0xda, 0x30, 0x88, 0x56, 0xdd, 0xe9, 0x3a, 0x00, 0x8b, 0x7e, 0xc4, 0x03, 0x7e, 0xca, 0x89  ; B493
    db 0x7e, 0x88, 0xd1, 0xff, 0xd1, 0xff, 0xd1, 0xff, 0xd1, 0xff, 0xd1, 0xff, 0xd1, 0xff, 0xd1, 0xff  ; B4A3
    db 0xd1, 0xff, 0xd1, 0xff, 0xd1, 0xff, 0x8b, 0xd7, 0x80, 0xc2, 0x30, 0x88, 0x56, 0x87, 0xc6, 0x46  ; B4B3
    db 0xdd, 0x30, 0x88, 0x56, 0xda, 0xe9, 0x0b, 0x00, 0xe9, 0x00, 0x00, 0xc6, 0x46, 0xdd, 0x30, 0xc6  ; B4C3
    db 0x46, 0xda, 0x30, 0xc7, 0x46, 0xd8, 0x01, 0x00, 0xe9, 0x52, 0x00, 0x8d, 0x7e, 0x8a, 0x16, 0x57  ; B4D3
    db 0x8b, 0x56, 0xd8, 0x42, 0x52, 0x9a, 0x9b, 0x0c, 0xeb, 0x85, 0x83, 0xc4, 0x04, 0x89, 0x46, 0x84  ; B4E3
    db 0x3d, 0x00, 0x00, 0x75, 0x2e, 0x8b, 0x7e, 0xc4, 0x03, 0x7e, 0xca, 0x89, 0x7e, 0x88, 0xd1, 0xff  ; B4F3
    db 0xd1, 0xff, 0xd1, 0xff, 0xd1, 0xff, 0xd1, 0xff, 0xd1, 0xff, 0xd1, 0xff, 0xd1, 0xff, 0xd1, 0xff  ; B503
    db 0xd1, 0xff, 0x8b, 0xd7, 0x80, 0xc2, 0x30, 0x88, 0x56, 0x87, 0x8b, 0x7e, 0xd8, 0x88, 0x53, 0xda  ; B513
    db 0xe9, 0x07, 0x00, 0x8b, 0x7e, 0xd8, 0xc6, 0x43, 0xda, 0x30, 0xff, 0x46, 0xd8, 0x83, 0x7e, 0xd8  ; B523
    db 0x02, 0x7e, 0xa8, 0x8d, 0x7e, 0xde, 0x16, 0x57, 0x9a, 0x9b, 0x19, 0x71, 0x94, 0xc6, 0x46, 0xf8  ; B533
    db 0x00, 0xbf, 0x22, 0x00, 0x57, 0x9a, 0xb1, 0x05, 0xc9, 0x82, 0x8d, 0x7e, 0xda, 0x16, 0x57, 0x9a  ; B543
    db 0x71, 0x00, 0xc9, 0x82, 0xbf, 0x22, 0x00, 0x57, 0x9a, 0xb1, 0x05, 0xc9, 0x82, 0x2b, 0xdb, 0x8e  ; B553
    db 0xc3, 0x8b, 0xe5, 0x5d, 0xcb, 0x55, 0x8b, 0xec, 0x83, 0xec, 0x2c, 0xc7, 0x46, 0xd6, 0x00, 0x00  ; B563
    db 0xe9, 0x0a, 0x00, 0x8b, 0x7e, 0xd6, 0xc6, 0x43, 0xda, 0x55, 0xff, 0x46, 0xd6, 0x83, 0x7e, 0xd6  ; B573
    db 0x03, 0x7e, 0xf0, 0xc6, 0x46, 0xd9, 0x61, 0xc7, 0x46, 0xd6, 0x04, 0x00, 0xe9, 0x40, 0x00, 0x8a  ; B583
    db 0x56, 0xd9, 0x2a, 0xf6, 0x52, 0x9a, 0x57, 0x09, 0x71, 0x94, 0x89, 0x46, 0xd4, 0x81, 0x66, 0xd4  ; B593
    db 0x44, 0x00, 0x83, 0x7e, 0xd4, 0x00, 0x75, 0x0a, 0x8b, 0x7e, 0xd6, 0xc6, 0x43, 0xda, 0x55, 0xe9  ; B5A3
    db 0x17, 0x00, 0x83, 0x7e, 0xd4, 0x04, 0x75, 0x0a, 0x8b, 0x7e, 0xd6, 0xc6, 0x43, 0xda, 0x4c, 0xe9  ; B5B3
    db 0x07, 0x00, 0x8b, 0x7e, 0xd6, 0xc6, 0x43, 0xda, 0x50, 0xfe, 0x46, 0xd9, 0xff, 0x46, 0xd6, 0x83  ; B5C3
    db 0x7e, 0xd6, 0x1d, 0x7e, 0xba, 0xc6, 0x46, 0xf8, 0x00, 0xbf, 0x22, 0x00, 0x57, 0x9a, 0xb1, 0x05  ; B5D3
    db 0xc9, 0x82, 0x8d, 0x7e, 0xda, 0x16, 0x57, 0x9a, 0x71, 0x00, 0xc9, 0x82, 0xbf, 0x22, 0x00, 0x57  ; B5E3
    db 0x9a, 0xb1, 0x05, 0xc9, 0x82, 0x2b, 0xdb, 0x8e, 0xc3, 0x8b, 0xe5, 0x5d, 0xcb, 0x55, 0x8b, 0xec  ; B5F3
    db 0x83, 0xec, 0x06, 0xc4, 0x3e, 0x46, 0x07, 0x26, 0x8b, 0x45, 0x06, 0x99, 0xbb, 0x00, 0x04, 0xf7  ; B603
    db 0xfb, 0x50, 0x9a, 0x44, 0x11, 0x2c, 0x80, 0x2b, 0xdb, 0x8e, 0xc3, 0x8b, 0xe5, 0x5d, 0xcb, 0x55  ; B613
    db 0x8b, 0xec, 0x83, 0xec, 0x20, 0xc4, 0x3e, 0x32, 0x07, 0x26, 0x80, 0x7d, 0x1f, 0x1e, 0x74, 0x32  ; B623
    db 0x80, 0x3e, 0xf7, 0x05, 0x00, 0x74, 0x1d, 0x83, 0x3e, 0xf8, 0x05, 0x04, 0x74, 0x16, 0x83, 0x3e  ; B633
    db 0xf8, 0x05, 0x01, 0x74, 0x0f, 0x83, 0x3e, 0xf8, 0x05, 0x00, 0x74, 0x08, 0xc6, 0x06, 0x23, 0x06  ; B643
    db 0x15, 0xe9, 0xca, 0x02, 0xc7, 0x06, 0xf8, 0x05, 0x04, 0x00, 0xc6, 0x06, 0xf6, 0x04, 0x00, 0xe9  ; B653
    db 0x2c, 0x00, 0x80, 0x3e, 0xf7, 0x05, 0x04, 0x75, 0x0e, 0x83, 0x3e, 0xf8, 0x05, 0x1e, 0x7f, 0x07  ; B663
    db 0x83, 0x3e, 0xf8, 0x05, 0x01, 0x7d, 0x17, 0x80, 0x3e, 0xf7, 0x05, 0x00, 0x75, 0x08, 0xc6, 0x06  ; B673
    db 0x23, 0x06, 0x07, 0xe9, 0x05, 0x00, 0xc6, 0x06, 0x23, 0x06, 0x15, 0xe9, 0x90, 0x02, 0x80, 0x3e  ; B683
    db 0xf6, 0x04, 0x01, 0x75, 0x07, 0x83, 0x3e, 0xf8, 0x05, 0x04, 0x74, 0x0e, 0x80, 0x3e, 0xf6, 0x04  ; B693
    db 0x04, 0x75, 0x0f, 0x83, 0x3e, 0xf8, 0x05, 0x01, 0x75, 0x08, 0xc6, 0x06, 0x23, 0x06, 0x15, 0xe9  ; B6A3
    db 0x6c, 0x02, 0xa0, 0xf6, 0x04, 0x2a, 0xe4, 0x50, 0x9a, 0x2c, 0x0e, 0xcf, 0x92, 0x88, 0x46, 0xf9  ; B6B3
    db 0xff, 0x36, 0xf8, 0x05, 0x9a, 0x2c, 0x0e, 0xcf, 0x92, 0x88, 0x46, 0xf1, 0x80, 0x3e, 0xf6, 0x04  ; B6C3
    db 0x04, 0x73, 0x0b, 0xa0, 0xf6, 0x04, 0x2a, 0xe4, 0x89, 0x46, 0xf6, 0xe9, 0x14, 0x00, 0x80, 0x3e  ; B6D3
    db 0xf6, 0x04, 0x04, 0x75, 0x08, 0xc7, 0x46, 0xf6, 0x01, 0x00, 0xe9, 0x05, 0x00, 0xc7, 0x46, 0xf6  ; B6E3
    db 0x00, 0x00, 0x83, 0x3e, 0xf8, 0x05, 0x04, 0x7d, 0x09, 0xa1, 0xf8, 0x05, 0x89, 0x46, 0xee, 0xe9  ; B6F3
    db 0x14, 0x00, 0x83, 0x3e, 0xf8, 0x05, 0x04, 0x75, 0x08, 0xc7, 0x46, 0xee, 0x01, 0x00, 0xe9, 0x05  ; B703
    db 0x00, 0xc7, 0x46, 0xee, 0x00, 0x00, 0x80, 0x3e, 0xf6, 0x04, 0x01, 0x74, 0x07, 0x83, 0x3e, 0xf8  ; B713
    db 0x05, 0x01, 0x75, 0x08, 0xc7, 0x46, 0xe2, 0x01, 0x00, 0xe9, 0x1b, 0x00, 0x80, 0x3e, 0xf6, 0x04  ; B723
    db 0x04, 0x74, 0x07, 0x83, 0x3e, 0xf8, 0x05, 0x04, 0x75, 0x08, 0xc7, 0x46, 0xe2, 0x04, 0x00, 0xe9  ; B733
    db 0x05, 0x00, 0xc7, 0x46, 0xe2, 0x00, 0x00, 0x80, 0x0e, 0x03, 0x06, 0x01, 0x80, 0x3e, 0xf6, 0x04  ; B743
    db 0x00, 0x75, 0x46, 0x83, 0x3e, 0xf8, 0x05, 0x01, 0x7c, 0x07, 0x83, 0x3e, 0xf8, 0x05, 0x04, 0x7e  ; B753
    db 0x08, 0xc6, 0x06, 0x23, 0x06, 0x15, 0xe9, 0xb5, 0x01, 0xbf, 0x03, 0x00, 0x57, 0x9a, 0x0a, 0x00  ; B763
    db 0xc2, 0xf0, 0x3d, 0x00, 0x00, 0x75, 0x1a, 0xff, 0x76, 0xee, 0xff, 0x76, 0xe2, 0x9a, 0x35, 0x0c  ; B773
    db 0xcf, 0x92, 0x83, 0xc4, 0x02, 0xbf, 0x03, 0x00, 0x57, 0x9a, 0x61, 0x00, 0xc2, 0xf0, 0xe9, 0x05  ; B783
    db 0x00, 0xc6, 0x06, 0x23, 0x06, 0x1b, 0xe9, 0x85, 0x01, 0x83, 0x7e, 0xf6, 0x00, 0x74, 0x6d, 0x8b  ; B793
    db 0x7e, 0xf6, 0xd1, 0xe7, 0x89, 0x7e, 0xf4, 0x47, 0x89, 0x7e, 0xf2, 0xc4, 0x1e, 0x32, 0x07, 0x26  ; B7A3
    db 0x8a, 0x51, 0x7e, 0x2a, 0xf6, 0xc4, 0x1e, 0x32, 0x07, 0x8b, 0x7e, 0xf4, 0x26, 0x8a, 0x41, 0x7e  ; B7B3
    db 0x2a, 0xe4, 0x0b, 0xc2, 0x25, 0x02, 0x00, 0x3d, 0x00, 0x00, 0x74, 0x4b, 0xb8, 0x41, 0x00, 0x50  ; B7C3
    db 0x9a, 0x0e, 0x00, 0x70, 0x94, 0x89, 0x46, 0xe4, 0x8b, 0x7e, 0xf6, 0xd1, 0xe7, 0xd1, 0xe7, 0xd1  ; B7D3
    db 0xe7, 0xd1, 0xe7, 0x8a, 0x95, 0x8c, 0x01, 0x2a, 0xf6, 0x89, 0x56, 0xe0, 0xbb, 0x80, 0x8f, 0x53  ; B7E3
    db 0x9a, 0x0e, 0x00, 0x70, 0x94, 0x89, 0x46, 0xe4, 0x8b, 0x7e, 0xe0, 0x81, 0xe7, 0x01, 0x00, 0x83  ; B7F3
    db 0xff, 0x00, 0x74, 0x0b, 0xc7, 0x46, 0xe8, 0x04, 0x00, 0xe9, 0x66, 0x00, 0xe9, 0x10, 0x00, 0xc7  ; B803
    db 0x46, 0xe8, 0x01, 0x00, 0xe9, 0x5b, 0x00, 0xc6, 0x06, 0x23, 0x06, 0x1b, 0xe9, 0xff, 0x00, 0x8d  ; B813
    db 0x7e, 0xe6, 0x16, 0x57, 0x8a, 0x56, 0xf9, 0x2a, 0xf6, 0x52, 0x9a, 0x0c, 0x00, 0x71, 0x94, 0x83  ; B823
    db 0xc4, 0x04, 0x89, 0x5e, 0xea, 0x8c, 0x46, 0xec, 0x8c, 0xc7, 0x0b, 0xfb, 0x74, 0x06, 0x83, 0x7e  ; B833
    db 0xe6, 0x00, 0x74, 0x08, 0xc6, 0x06, 0x23, 0x06, 0x1b, 0xe9, 0xd2, 0x00, 0xc4, 0x7e, 0xea, 0x26  ; B843
    db 0x8a, 0x15, 0x80, 0xe2, 0x01, 0x80, 0xfa, 0x00, 0x74, 0x08, 0xc7, 0x46, 0xe8, 0x04, 0x00, 0xe9  ; B853
    db 0x05, 0x00, 0xc7, 0x46, 0xe8, 0x01, 0x00, 0x8a, 0x56, 0xf9, 0x2a, 0xf6, 0x52, 0x9a, 0x8c, 0x06  ; B863
    db 0x71, 0x94, 0x83, 0x7e, 0xe2, 0x00, 0x74, 0x56, 0x83, 0x7e, 0xe8, 0x04, 0x75, 0x06, 0x83, 0x7e  ; B873
    db 0xe2, 0x04, 0x74, 0x0c, 0x83, 0x7e, 0xe8, 0x01, 0x75, 0x3c, 0x83, 0x7e, 0xe2, 0x01, 0x75, 0x36  ; B883
    db 0xbf, 0x03, 0x00, 0x57, 0x9a, 0x0a, 0x00, 0xc2, 0xf0, 0x89, 0x46, 0xe6, 0x3d, 0x00, 0x00, 0x75  ; B893
    db 0x60, 0x8d, 0x7e, 0xe6, 0x16, 0x57, 0x8a, 0x56, 0xf1, 0x2a, 0xf6, 0x52, 0x8a, 0x5e, 0xf9, 0x2a  ; B8A3
    db 0xff, 0x53, 0x9a, 0x59, 0x17, 0xeb, 0x85, 0x83, 0xc4, 0x06, 0xbf, 0x03, 0x00, 0x57, 0x9a, 0x61  ; B8B3
    db 0x00, 0xc2, 0xf0, 0xe9, 0x3b, 0x00, 0xc6, 0x06, 0x23, 0x06, 0x1b, 0xe9, 0x50, 0x00, 0xbf, 0x03  ; B8C3
    db 0x00, 0x57, 0x9a, 0x0a, 0x00, 0xc2, 0xf0, 0x89, 0x46, 0xe6, 0x3d, 0x00, 0x00, 0x75, 0x22, 0x8d  ; B8D3
    db 0x7e, 0xe6, 0x16, 0x57, 0x8a, 0x56, 0xf1, 0x2a, 0xf6, 0x52, 0x8a, 0x5e, 0xf9, 0x2a, 0xff, 0x53  ; B8E3
    db 0x9a, 0x59, 0x17, 0xeb, 0x85, 0x83, 0xc4, 0x06, 0xbf, 0x03, 0x00, 0x57, 0x9a, 0x61, 0x00, 0xc2  ; B8F3
    db 0xf0, 0x83, 0x7e, 0xe6, 0x00, 0x74, 0x08, 0xc6, 0x06, 0x23, 0x06, 0x1b, 0xe9, 0x0f, 0x00, 0x83  ; B903
    db 0x7e, 0xee, 0x00, 0x74, 0x09, 0xc4, 0x3e, 0x36, 0x07, 0x26, 0x81, 0x0d, 0x00, 0x02, 0x8b, 0xe5  ; B913
    db 0x5d, 0xcb, 0x55, 0x8b, 0xec, 0x83, 0xec, 0x0e, 0xc4, 0x3e, 0x32, 0x07, 0x26, 0x8a, 0x55, 0x0e  ; B923
    db 0x88, 0x56, 0xf3, 0xbb, 0x41, 0x00, 0x53, 0x9a, 0x0e, 0x00, 0x70, 0x94, 0x89, 0x46, 0xf8, 0xa0  ; B933
    db 0x8c, 0x01, 0x2a, 0xe4, 0x89, 0x46, 0xf6, 0xbf, 0x80, 0x8f, 0x57, 0x9a, 0x0e, 0x00, 0x70, 0x94  ; B943
    db 0x89, 0x46, 0xf8, 0x83, 0x7e, 0x06, 0x04, 0x75, 0x0c, 0x8b, 0x7e, 0xf6, 0x81, 0xe7, 0x01, 0x00  ; B953
    db 0x83, 0xff, 0x00, 0x75, 0x0c, 0x83, 0x7e, 0x06, 0x01, 0x74, 0x06, 0x83, 0x7e, 0x06, 0x00, 0x75  ; B963
    db 0x78, 0x83, 0x7e, 0x06, 0x01, 0x75, 0x3a, 0x83, 0x7e, 0x08, 0x01, 0x75, 0x34, 0xbf, 0x41, 0x00  ; B973
    db 0x57, 0x9a, 0x0e, 0x00, 0x70, 0x94, 0x89, 0x46, 0xf8, 0xbf, 0x01, 0x00, 0x57, 0x57, 0x2b, 0xd2  ; B983
    db 0x52, 0x9a, 0x0e, 0x00, 0x06, 0xf7, 0x83, 0xc4, 0x04, 0xbf, 0x80, 0x8f, 0x57, 0x9a, 0x0e, 0x00  ; B993
    db 0x70, 0x94, 0x89, 0x46, 0xf8, 0xc4, 0x3e, 0x36, 0x07, 0x26, 0x81, 0x0d, 0x00, 0x02, 0xe9, 0x62  ; B9A3
    db 0x01, 0x83, 0x7e, 0x06, 0x04, 0x75, 0x78, 0x83, 0x7e, 0x08, 0x01, 0x75, 0x72, 0xbf, 0x41, 0x00  ; B9B3
    db 0x57, 0x9a, 0x0e, 0x00, 0x70, 0x94, 0x89, 0x46, 0xf8, 0xbf, 0x02, 0x00, 0x57, 0x9a, 0x94, 0x03  ; B9C3
    db 0x08, 0xf0, 0xbf, 0x03, 0x00, 0x57, 0x9a, 0x94, 0x03, 0x08, 0xf0, 0xbf, 0x02, 0x00, 0x57, 0x9a  ; B9D3
    db 0xc4, 0x00, 0xe6, 0xf8, 0xbf, 0x03, 0x00, 0xeb, 0x03, 0xe9, 0x22, 0x01, 0x57, 0x9a, 0xc4, 0x00  ; B9E3
    db 0xe6, 0xf8, 0xbf, 0x01, 0x00, 0x57, 0x9a, 0x35, 0x00, 0xc6, 0x97, 0xe9, 0x05, 0x00, 0x9a, 0x0c  ; B9F3
    db 0x00, 0x93, 0xe6, 0xbf, 0x01, 0x00, 0x57, 0x9a, 0x0e, 0x00, 0xc6, 0x97, 0x3d, 0x00, 0x00, 0x75  ; BA03
    db 0xed, 0xbf, 0x04, 0x00, 0x57, 0xbf, 0x01, 0x00, 0x57, 0x2b, 0xff, 0x57, 0x9a, 0x0e, 0x00, 0x06  ; BA13
    db 0xf7, 0x83, 0xc4, 0x04, 0xbf, 0x80, 0x8f, 0x57, 0x9a, 0x0e, 0x00, 0x70, 0x94, 0xeb, 0x03, 0xe9  ; BA23
    db 0x0f, 0x00, 0x89, 0x46, 0xf8, 0xc4, 0x3e, 0x36, 0x07, 0x26, 0x81, 0x0d, 0x00, 0x02, 0xe9, 0xd2  ; BA33
    db 0x00, 0xc4, 0x3e, 0x32, 0x07, 0x26, 0x8a, 0x95, 0x80, 0x00, 0x80, 0xe2, 0x02, 0x80, 0xfa, 0x00  ; BA43
    db 0x75, 0x11, 0xc4, 0x1e, 0x32, 0x07, 0x26, 0x8a, 0x97, 0x81, 0x00, 0x80, 0xe2, 0x02, 0x80, 0xfa  ; BA53
    db 0x00, 0x74, 0x75, 0xbf, 0x41, 0x00, 0x57, 0x9a, 0x0e, 0x00, 0x70, 0x94, 0x89, 0x46, 0xf8, 0xa0  ; BA63
    db 0x9c, 0x01, 0x2a, 0xe4, 0x89, 0x46, 0xf6, 0xbf, 0x80, 0x8f, 0x57, 0x9a, 0x0e, 0x00, 0x70, 0x94  ; BA73
    db 0x89, 0x46, 0xf8, 0x8b, 0x7e, 0xf6, 0x81, 0xe7, 0x01, 0x00, 0x83, 0xff, 0x00, 0x74, 0x49, 0xbf  ; BA83
    db 0x41, 0x00, 0x57, 0x9a, 0x0e, 0x00, 0x70, 0x94, 0x89, 0x46, 0xf8, 0xbf, 0x01, 0x00, 0x57, 0x9a  ; BA93
    db 0x94, 0x03, 0x08, 0xf0, 0xbf, 0x01, 0x00, 0x57, 0x9a, 0xc4, 0x00, 0xe6, 0xf8, 0xbf, 0x01, 0x00  ; BAA3
    db 0x57, 0x9a, 0x35, 0x00, 0xc6, 0x97, 0xe9, 0x05, 0x00, 0x9a, 0x0c, 0x00, 0x93, 0xe6, 0xbf, 0x01  ; BAB3
    db 0x00, 0x57, 0x9a, 0x0e, 0x00, 0xc6, 0x97, 0x3d, 0x00, 0x00, 0x75, 0xed, 0xbf, 0x80, 0x8f, 0x57  ; BAC3
    db 0x9a, 0x0e, 0x00, 0x70, 0x94, 0x89, 0x46, 0xf8, 0xbf, 0x41, 0x00, 0x57, 0x9a, 0x0e, 0x00, 0x70  ; BAD3
    db 0x94, 0x89, 0x46, 0xf8, 0xbf, 0x01, 0x00, 0x57, 0xff, 0x76, 0x08, 0x2b, 0xff, 0x57, 0x9a, 0x0e  ; BAE3
    db 0x00, 0x06, 0xf7, 0x83, 0xc4, 0x04, 0xbf, 0x80, 0x8f, 0x57, 0x9a, 0x0e, 0x00, 0x70, 0x94, 0x89  ; BAF3
    db 0x46, 0xf8, 0xc4, 0x3e, 0x36, 0x07, 0x26, 0x81, 0x0d, 0x00, 0x02, 0xe9, 0x05, 0x00, 0xc6, 0x06  ; BB03
    db 0x23, 0x06, 0x1b, 0x8b, 0xe5, 0x5d, 0xca, 0x02, 0x00, 0x55, 0x8b, 0xec, 0x83, 0xec, 0x08, 0xe9  ; BB13
    db 0x31, 0x00, 0xc6, 0x46, 0xf9, 0x00, 0xe9, 0x49, 0x00, 0xc6, 0x46, 0xf9, 0x01, 0xe9, 0x42, 0x00  ; BB23
    db 0xc6, 0x46, 0xf9, 0x02, 0xe9, 0x3b, 0x00, 0xc6, 0x46, 0xf9, 0x03, 0xe9, 0x34, 0x00, 0xc6, 0x46  ; BB33
    db 0xf9, 0x01, 0xe9, 0x2d, 0x00, 0x8b, 0x7e, 0x06, 0x83, 0xc7, 0x5c, 0x8b, 0xd7, 0x88, 0x56, 0xf9  ; BB43
    db 0xe9, 0x1f, 0x00, 0x8b, 0x46, 0x06, 0x3d, 0x00, 0x00, 0x74, 0xc7, 0x3d, 0x01, 0x00, 0x74, 0xc9  ; BB53
    db 0x3d, 0x02, 0x00, 0x74, 0xcb, 0x3d, 0x03, 0x00, 0x74, 0xcd, 0x3d, 0x04, 0x00, 0x74, 0xcf, 0xe9  ; BB63
    db 0xd3, 0xff, 0x8a, 0x46, 0xf9, 0x8b, 0xe5, 0x5d, 0xca, 0x02, 0x00, 0x55, 0x8b, 0xec, 0x83, 0xec  ; BB73
    db 0x08, 0x80, 0x7e, 0x06, 0x61, 0x72, 0x06, 0x80, 0x7e, 0x06, 0x7a, 0x76, 0x08, 0xc7, 0x46, 0xf8  ; BB83
    db 0xff, 0xff, 0xe9, 0x0b, 0x00, 0x8a, 0x56, 0x06, 0x2a, 0xf6, 0x83, 0xc2, 0x9f, 0x89, 0x56, 0xf8  ; BB93
    db 0x8b, 0x46, 0xf8, 0x8b, 0xe5, 0x5d, 0xca, 0x02, 0x00, 0x55, 0x8b, 0xec, 0x83, 0xec, 0x0c, 0xbf  ; BBA3
    db 0x80, 0x8f, 0x57, 0x9a, 0x0e, 0x00, 0x70, 0x94, 0x89, 0x46, 0xf8, 0xa0, 0xf4, 0x04, 0x2a, 0xe4  ; BBB3
    db 0x03, 0x46, 0x06, 0x89, 0x46, 0xf4, 0x3d, 0x00, 0x00, 0x7d, 0x08, 0xc7, 0x46, 0xf4, 0x04, 0x00  ; BBC3
    db 0xe9, 0x0b, 0x00, 0x83, 0x7e, 0xf4, 0x04, 0x7e, 0x05, 0xc7, 0x46, 0xf4, 0x00, 0x00, 0x8b, 0x7e  ; BBD3
    db 0xf4, 0xa0, 0xf4, 0x04, 0x2a, 0xe4, 0x3b, 0xc7, 0x74, 0x06, 0x8b, 0xd7, 0x88, 0x16, 0xf4, 0x04  ; BBE3
    db 0xff, 0x76, 0xf8, 0x9a, 0x0e, 0x00, 0x70, 0x94, 0x89, 0x46, 0xf6, 0x8b, 0x46, 0xf4, 0x8b, 0xe5  ; BBF3
    db 0x5d, 0xca, 0x02, 0x00, 0x55, 0x8b, 0xec, 0x83, 0xec, 0x0c, 0xbf, 0x80, 0x8f, 0x57, 0x9a, 0x0e  ; BC03
    db 0x00, 0x70, 0x94, 0x89, 0x46, 0xf8, 0xa0, 0x9a, 0x05, 0x24, 0x01, 0x3c, 0x00, 0x74, 0x08, 0xc7  ; BC13
    db 0x46, 0xf4, 0x02, 0x00, 0xe9, 0x05, 0x00, 0xc7, 0x46, 0xf4, 0x01, 0x00, 0x83, 0x7e, 0x06, 0x00  ; BC23
    db 0x74, 0x0f, 0xbf, 0x03, 0x00, 0x2b, 0x7e, 0xf4, 0x89, 0x3e, 0xf8, 0x05, 0x9a, 0x6b, 0x04, 0x6c  ; BC33
    db 0x85, 0xa0, 0x9a, 0x05, 0x24, 0x01, 0x3c, 0x00, 0x74, 0x08, 0xc7, 0x46, 0xf4, 0x02, 0x00, 0xe9  ; BC43
    db 0x05, 0x00, 0xc7, 0x46, 0xf4, 0x01, 0x00, 0xff, 0x76, 0xf8, 0x9a, 0x0e, 0x00, 0x70, 0x94, 0x89  ; BC53
    db 0x46, 0xf6, 0x8b, 0x46, 0xf4, 0x8b, 0xe5, 0x5d, 0xca, 0x02, 0x00, 0x55, 0x8b, 0xec, 0x83, 0xec  ; BC63
    db 0x0c, 0xbf, 0x80, 0x8f, 0x57, 0x9a, 0x0e, 0x00, 0x70, 0x94, 0x89, 0x46, 0xf8, 0x83, 0x7e, 0x06  ; BC73
    db 0x00, 0x74, 0x14, 0x80, 0x3e, 0x5b, 0x04, 0x00, 0x74, 0x08, 0xc6, 0x06, 0x5b, 0x04, 0x00, 0xe9  ; BC83
    db 0x05, 0x00, 0xc6, 0x06, 0x5b, 0x04, 0xff, 0x80, 0x3e, 0x5b, 0x04, 0x00, 0x74, 0x08, 0xc7, 0x46  ; BC93
    db 0xf4, 0x01, 0x00, 0xe9, 0x05, 0x00, 0xc7, 0x46, 0xf4, 0x00, 0x00, 0xff, 0x76, 0xf8, 0x9a, 0x0e  ; BCA3
    db 0x00, 0x70, 0x94, 0x89, 0x46, 0xf6, 0x8b, 0x46, 0xf4, 0x8b, 0xe5, 0x5d, 0xca, 0x02, 0x00, 0x55  ; BCB3
    db 0x8b, 0xec, 0x83, 0xec, 0x06, 0x2b, 0xff, 0x57, 0xba, 0x0d, 0x00, 0x52, 0x9a, 0xb2, 0x02, 0x1f  ; BCC3
    db 0x94, 0x83, 0xc4, 0x02, 0x8b, 0xe5, 0x5d, 0xcb, 0x55, 0x8b, 0xec, 0x83, 0xec, 0x06, 0xbf, 0x01  ; BCD3
    db 0x00, 0x57, 0xba, 0x0d, 0x00, 0x52, 0x9a, 0xb2, 0x02, 0x1f, 0x94, 0x83, 0xc4, 0x02, 0x8b, 0xe5  ; BCE3
    db 0x5d, 0xcb, 0x55, 0x8b, 0xec, 0x83, 0xec, 0x06, 0x2b, 0xff, 0x57, 0xba, 0x0a, 0x00, 0x52, 0x9a  ; BCF3
    db 0xb2, 0x02, 0x1f, 0x94, 0x83, 0xc4, 0x02, 0x8b, 0xe5, 0x5d, 0xcb, 0x55, 0x8b, 0xec, 0x83, 0xec  ; BD03
    db 0x06, 0xbf, 0x01, 0x00, 0x57, 0xbf, 0x0a, 0x00, 0x57, 0x9a, 0xb2, 0x02, 0x1f, 0x94, 0x83, 0xc4  ; BD13
    db 0x02, 0x8b, 0xe5, 0x5d, 0xcb, 0x55, 0x8b, 0xec, 0x83, 0xec, 0x0a, 0x80, 0x3e, 0xff, 0x05, 0x00  ; BD23
    db 0x75, 0x0e, 0xc4, 0x3e, 0x32, 0x07, 0x26, 0xc7, 0x85, 0x8c, 0x00, 0x00, 0x00, 0xe9, 0xc0, 0x00  ; BD33
    db 0x80, 0x3e, 0x7e, 0x05, 0x00, 0x74, 0x33, 0xc6, 0x06, 0x23, 0x06, 0x15, 0xe9, 0xb6, 0x00, 0xff  ; BD43
    db 0x06, 0x7c, 0x05, 0x2b, 0xff, 0x57, 0x57, 0x57, 0xba, 0x0a, 0x00, 0x52, 0xa1, 0x78, 0x05, 0x8b  ; BD53
    db 0x16, 0x7a, 0x05, 0x9a, 0x1d, 0x01, 0x72, 0xe7, 0xa3, 0x78, 0x05, 0x89, 0x16, 0x7a, 0x05, 0x9a  ; BD63
    db 0x33, 0x00, 0x72, 0xe7, 0x75, 0x04, 0x89, 0x3e, 0x7c, 0x05, 0x2b, 0xff, 0x57, 0xba, 0xff, 0x07  ; BD73
    db 0x52, 0xa1, 0x78, 0x05, 0x8b, 0x16, 0x7a, 0x05, 0x9a, 0x33, 0x00, 0x72, 0xe7, 0x72, 0xc0, 0x83  ; BD83
    db 0x3e, 0x7c, 0x05, 0x00, 0x7c, 0xb9, 0xa1, 0x78, 0x05, 0x89, 0x46, 0xf8, 0xa1, 0x7c, 0x05, 0x89  ; BD93
    db 0x46, 0xf6, 0xe9, 0x1a, 0x00, 0x2b, 0xff, 0x57, 0xba, 0x0a, 0x00, 0x52, 0xa1, 0x78, 0x05, 0x8b  ; BDA3
    db 0x16, 0x7a, 0x05, 0x9a, 0x5d, 0x00, 0x72, 0xe7, 0xa3, 0x78, 0x05, 0x89, 0x16, 0x7a, 0x05, 0x8b  ; BDB3
    db 0x7e, 0xf6, 0xff, 0x4e, 0xf6, 0x83, 0xff, 0x00, 0x7f, 0xdb, 0xbf, 0x0f, 0x00, 0x57, 0xba, 0x3f  ; BDC3
    db 0x42, 0x52, 0xa1, 0x78, 0x05, 0x8b, 0x16, 0x7a, 0x05, 0x9a, 0x33, 0x00, 0x72, 0xe7, 0x73, 0x08  ; BDD3
    db 0xc6, 0x06, 0x23, 0x06, 0x15, 0xe9, 0x1d, 0x00, 0x8b, 0x7e, 0xf8, 0xd1, 0xe7, 0xd1, 0xe7, 0xd1  ; BDE3
    db 0xe7, 0xd1, 0xe7, 0x0b, 0x3e, 0x7c, 0x05, 0xc4, 0x1e, 0x32, 0x07, 0x26, 0x89, 0xbf, 0x8c, 0x00  ; BDF3
    db 0x80, 0x0e, 0x03, 0x06, 0x03, 0x8b, 0xe5, 0x5d, 0xcb, 0x55, 0x8b, 0xec, 0x83, 0xec, 0x0c, 0x80  ; BE03
    db 0x0e, 0x03, 0x06, 0x03, 0x80, 0x3e, 0xff, 0x05, 0x00, 0x75, 0x0e, 0xc4, 0x3e, 0x32, 0x07, 0x26  ; BE13
    db 0xc7, 0x85, 0x8a, 0x00, 0x00, 0x02, 0xe9, 0x6c, 0x00, 0x9a, 0x1a, 0x0a, 0xc9, 0x82, 0x89, 0x46  ; BE23
    db 0xf4, 0x80, 0x3e, 0x23, 0x06, 0x00, 0x75, 0x5d, 0x3d, 0x00, 0x01, 0x7f, 0x05, 0x3d, 0x00, 0x00  ; BE33
    db 0x7f, 0x08, 0xc6, 0x06, 0x23, 0x06, 0x15, 0xe9, 0x4b, 0x00, 0xc7, 0x46, 0xf6, 0x00, 0x01, 0xc7  ; BE43
    db 0x46, 0xf8, 0x08, 0x00, 0xe9, 0x2d, 0x00, 0x8b, 0x7e, 0xf4, 0x39, 0x7e, 0xf6, 0x75, 0x1f, 0x8b  ; BE53
    db 0x56, 0xf8, 0xd1, 0xe2, 0xd1, 0xe2, 0xd1, 0xe2, 0xd1, 0xe2, 0xd1, 0xe2, 0xd1, 0xe2, 0xd1, 0xe2  ; BE63
    db 0xd1, 0xe2, 0xc4, 0x3e, 0x32, 0x07, 0x26, 0x89, 0x95, 0x8a, 0x00, 0xe9, 0x0c, 0x00, 0xd1, 0x7e  ; BE73
    db 0xf6, 0xff, 0x4e, 0xf8, 0x83, 0x7e, 0xf8, 0x00, 0x7d, 0xcd, 0x83, 0x7e, 0xf8, 0x00, 0x7d, 0x05  ; BE83
    db 0xc6, 0x06, 0x23, 0x06, 0x15, 0x8b, 0xe5, 0x5d, 0xcb, 0x55, 0x8b, 0xec, 0x83, 0xec, 0x06, 0xc4  ; BE93
    db 0x3e, 0x32, 0x07, 0x26, 0x80, 0x7d, 0x14, 0x00, 0x74, 0x0d, 0xc4, 0x16, 0xf2, 0x06, 0x8b, 0xda  ; BEA3
    db 0x81, 0xc3, 0x41, 0x01, 0xe9, 0x08, 0x00, 0xc4, 0x3e, 0xf2, 0x06, 0x8d, 0x9d, 0x3d, 0x01, 0x8b  ; BEB3
    db 0xe5, 0x5d, 0xcb, 0x55, 0x8b, 0xec, 0x83, 0xec, 0x06, 0xbf, 0x0d, 0x00, 0x57, 0x9a, 0x98, 0x02  ; BEC3
    db 0x1f, 0x94, 0x3d, 0x01, 0x00, 0x75, 0x0b, 0xc4, 0x3e, 0xf2, 0x06, 0x8d, 0x9d, 0x41, 0x01, 0xe9  ; BED3
    db 0x08, 0x00, 0xc4, 0x3e, 0xf2, 0x06, 0x8d, 0x9d, 0x3d, 0x01, 0x8b, 0xe5, 0x5d, 0xcb, 0x55, 0x8b  ; BEE3
    db 0xec, 0x83, 0xec, 0x06, 0xbf, 0x0a, 0x00, 0x57, 0x9a, 0x98, 0x02, 0x1f, 0x94, 0x3d, 0x01, 0x00  ; BEF3
    db 0x75, 0x0b, 0xc4, 0x3e, 0xf2, 0x06, 0x8d, 0x9d, 0x41, 0x01, 0xe9, 0x08, 0x00, 0xc4, 0x3e, 0xf2  ; BF03
    db 0x06, 0x8d, 0x9d, 0x3d, 0x01, 0x8b, 0xe5, 0x5d, 0xcb, 0x55, 0x8b, 0xec, 0x83, 0xec, 0x06, 0xc4  ; BF13
    db 0x3e, 0x32, 0x07, 0x26, 0x80, 0x7d, 0x17, 0x00, 0x74, 0x0d, 0xc4, 0x16, 0xf2, 0x06, 0x8b, 0xda  ; BF23
    db 0x81, 0xc3, 0x90, 0x01, 0xe9, 0x08, 0x00, 0xc4, 0x3e, 0xf2, 0x06, 0x8d, 0x9d, 0xa7, 0x01, 0x8b  ; BF33
    db 0xe5, 0x5d, 0xcb, 0x55, 0x8b, 0xec, 0x83, 0xec, 0x06, 0xc4, 0x3e, 0x32, 0x07, 0x26, 0x8a, 0x55  ; BF43
    db 0x12, 0x80, 0xe2, 0x02, 0x80, 0xfa, 0x00, 0x74, 0x0d, 0xc4, 0x16, 0xf2, 0x06, 0x8b, 0xda, 0x81  ; BF53
    db 0xc3, 0x41, 0x01, 0xe9, 0x08, 0x00, 0xc4, 0x3e, 0xf2, 0x06, 0x8d, 0x9d, 0x3d, 0x01, 0x8b, 0xe5  ; BF63
    db 0x5d, 0xcb, 0x55, 0x8b, 0xec, 0x83, 0xec, 0x06, 0xc4, 0x3e, 0x32, 0x07, 0x26, 0x80, 0x4d, 0x12  ; BF73
    db 0x02, 0x80, 0x0e, 0x03, 0x06, 0x01, 0x8b, 0xe5, 0x5d, 0xcb, 0x55, 0x8b, 0xec, 0x83, 0xec, 0x06  ; BF83
    db 0xc4, 0x3e, 0x32, 0x07, 0x26, 0x80, 0x65, 0x12, 0xfd, 0x80, 0x0e, 0x03, 0x06, 0x03, 0x8b, 0xe5  ; BF93
    db 0x5d, 0xcb, 0x55, 0x8b, 0xec, 0x83, 0xec, 0x06, 0xc4, 0x3e, 0x32, 0x07, 0x26, 0x80, 0x7d, 0x1e  ; BFA3
    db 0x00, 0x74, 0x0d, 0xc4, 0x16, 0xf2, 0x06, 0x8b, 0xda, 0x81, 0xc3, 0xb8, 0x02, 0xe9, 0x08, 0x00  ; BFB3
    db 0xc4, 0x3e, 0xf2, 0x06, 0x8d, 0x9d, 0xac, 0x02, 0x8b, 0xe5, 0x5d, 0xcb, 0x55, 0x8b, 0xec, 0x83  ; BFC3
    db 0xec, 0x08, 0x51, 0xc4, 0x3e, 0x32, 0x07, 0x26, 0x8b, 0x95, 0x8a, 0x00, 0xd1, 0xfa, 0xd1, 0xfa  ; BFD3
    db 0xd1, 0xfa, 0xd1, 0xfa, 0xd1, 0xfa, 0xd1, 0xfa, 0xd1, 0xfa, 0xd1, 0xfa, 0x89, 0x56, 0xf8, 0x83  ; BFE3
    db 0xfa, 0x00, 0x74, 0x0d, 0x8b, 0xca, 0xbb, 0x01, 0x00, 0xd3, 0xe3, 0x89, 0x5e, 0xea, 0x00, 0x00  ; BFF3
    db 0x4c, 0xe6, 0xff, 0x01, 0x00, 0x02, 0x00, 0x05, 0x00, 0x00, 0x00, 0x09, 0x14, 0x02, 0x00, 0x04  ; C003
    db 0x00, 0x08, 0x00, 0x00, 0x00, 0x0e, 0x14, 0x09, 0x3d, 0x35, 0x0c, 0x2d, 0x31, 0x01, 0x00, 0x21  ; C013
    db 0x94, 0x01, 0x00, 0x02, 0x00, 0x05, 0x00, 0x00, 0x00, 0x1c, 0x19, 0x01, 0x00, 0x02, 0x00, 0x04  ; C023
    db 0x00, 0x00, 0x00, 0x1b, 0x19, 0x02, 0x00, 0x04, 0x00, 0x08, 0x00, 0x00, 0x00, 0x8b, 0xf7, 0xe9  ; C033
    db 0x09, 0x00, 0xbf, 0x30, 0x00, 0x57, 0x9a, 0xb1, 0x05, 0xc9, 0x82, 0x8b, 0xfe, 0x4e, 0x83, 0xff  ; C043
    db 0x00, 0x7f, 0xef, 0x2b, 0xdb, 0x8e, 0xc3, 0x5e, 0x8b, 0xe5, 0x5d, 0xcb, 0x55, 0x8b, 0xec, 0x83  ; C053
    db 0xec, 0x06, 0xc4, 0x3e, 0x32, 0x07, 0x26, 0x8b, 0x85, 0x8e, 0x00, 0x26, 0x8b, 0x95, 0x90, 0x00  ; C063
    db 0x52, 0x50, 0x9a, 0xcb, 0x01, 0xc9, 0x82, 0x2b, 0xdb, 0x8e, 0xc3, 0x8b, 0xe5, 0x5d, 0xcb, 0x55  ; C073
    db 0x8b, 0xec, 0x83, 0xec, 0x08, 0xc4, 0x3e, 0x32, 0x07, 0x26, 0x8a, 0x55, 0x0c, 0x2a, 0xf6, 0x8b  ; C083
    db 0xc2, 0xba, 0x00, 0x04, 0xf7, 0xea, 0x89, 0x46, 0xf8, 0x50, 0x9a, 0x44, 0x11, 0x2c, 0x80, 0x2b  ; C093
    db 0xdb, 0x8e, 0xc3, 0x8b, 0xe5, 0x5d, 0xcb, 0x55, 0x8b, 0xec, 0x83, 0xec, 0x08, 0xc4, 0x3e, 0x32  ; C0A3
    db 0x07, 0x26, 0x80, 0x7d, 0x0c, 0x01, 0x75, 0x42, 0xc4, 0x1e, 0x32, 0x07, 0x26, 0x80, 0x7f, 0x1e  ; C0B3
    db 0x00, 0x75, 0x19, 0xc4, 0x3e, 0x32, 0x07, 0x26, 0x8b, 0x95, 0x88, 0x00, 0xd1, 0xfa, 0xd1, 0xfa  ; C0C3
    db 0xd1, 0xfa, 0x81, 0xe2, 0xfc, 0xff, 0x89, 0x56, 0xf8, 0xe9, 0x5d, 0x00, 0xc4, 0x3e, 0x32, 0x07  ; C0D3
    db 0x26, 0x8b, 0x95, 0x88, 0x00, 0xd1, 0xfa, 0xd1, 0xfa, 0xd1, 0xfa, 0x81, 0xe2, 0xfc, 0xff, 0xbb  ; C0E3
    db 0x00, 0x04, 0x2b, 0xda, 0x89, 0x5e, 0xf8, 0xe9, 0x3f, 0x00, 0xc4, 0x3e, 0x32, 0x07, 0x26, 0x80  ; C0F3
    db 0x7d, 0x1e, 0x00, 0x75, 0x19, 0xc4, 0x1e, 0x32, 0x07, 0x26, 0x8b, 0x97, 0x88, 0x00, 0xd1, 0xfa  ; C103
    db 0xd1, 0xfa, 0xd1, 0xfa, 0xd1, 0xe2, 0xd1, 0xe2, 0x89, 0x56, 0xf8, 0xe9, 0x1b, 0x00, 0xc4, 0x3e  ; C113
    db 0x32, 0x07, 0x26, 0x8b, 0x95, 0x88, 0x00, 0xd1, 0xfa, 0xd1, 0xfa, 0xd1, 0xfa, 0xd1, 0xe2, 0xd1  ; C123
    db 0xe2, 0xbb, 0x00, 0x10, 0x2b, 0xda, 0x89, 0x5e, 0xf8, 0xff, 0x76, 0xf8, 0x9a, 0x44, 0x11, 0x2c  ; C133
    db 0x80, 0x2b, 0xdb, 0x8e, 0xc3, 0x8b, 0xe5, 0x5d, 0xcb, 0x55, 0x8b, 0xec, 0x83, 0xec, 0x0c, 0x51  ; C143
    db 0xc7, 0x46, 0xf6, 0x00, 0x04, 0xc7, 0x46, 0xf4, 0x00, 0x02, 0x9a, 0x1a, 0x0a, 0xc9, 0x82, 0x89  ; C153
    db 0x46, 0xf8, 0x80, 0x3e, 0x23, 0x06, 0x00, 0x75, 0x6c, 0xc4, 0x3e, 0x32, 0x07, 0x26, 0x80, 0x7d  ; C163
    db 0x0c, 0x04, 0x75, 0x0e, 0xb9, 0x02, 0x00, 0xd3, 0x7e, 0xf8, 0x81, 0x66, 0xf8, 0xfe, 0xff, 0xe9  ; C173
    db 0x05, 0x00, 0x81, 0x66, 0xf8, 0xfc, 0xff, 0xc4, 0x3e, 0x32, 0x07, 0x26, 0x80, 0x7d, 0x1e, 0x00  ; C183
    db 0x75, 0x2b, 0x8b, 0x56, 0xf4, 0x39, 0x56, 0xf8, 0x7f, 0x06, 0x83, 0x7e, 0xf8, 0x00, 0x7d, 0x08  ; C193
    db 0xc6, 0x06, 0x23, 0x06, 0x15, 0xe9, 0x2d, 0x00, 0x8b, 0x7e, 0xf8, 0xd1, 0xe7, 0xd1, 0xe7, 0xd1  ; C1A3
    db 0xe7, 0xc4, 0x1e, 0x32, 0x07, 0x26, 0x89, 0xbf, 0x88, 0x00, 0xe9, 0x30, 0x00, 0x8b, 0x7e, 0xf6  ; C1B3
    db 0x39, 0x7e, 0xf8, 0x7d, 0x08, 0x8b, 0x56, 0xf4, 0x39, 0x56, 0xf8, 0x7d, 0x0b, 0xc6, 0x06, 0x23  ; C1C3
    db 0x06, 0x04, 0xe9, 0x00, 0x00, 0xe9, 0x1a, 0x00, 0x8b, 0x7e, 0xf6, 0x2b, 0x7e, 0xf8, 0xd1, 0xe7  ; C1D3
    db 0xd1, 0xe7, 0xd1, 0xe7, 0xc4, 0x1e, 0x32, 0x07, 0x26, 0x89, 0xbf, 0x88, 0x00, 0x80, 0x0e, 0x03  ; C1E3
    db 0x06, 0x03, 0x59, 0x8b, 0xe5, 0x5d, 0xcb, 0x55, 0x8b, 0xec, 0x83, 0xec, 0x06, 0x56, 0x80, 0x3e  ; C1F3
    db 0xfe, 0x05, 0x07, 0x75, 0x06, 0xbe, 0x02, 0x00, 0xe9, 0x0f, 0x00, 0x80, 0x3e, 0xfe, 0x05, 0x01  ; C203
    db 0x75, 0x06, 0xbe, 0x01, 0x00, 0xe9, 0x02, 0x00, 0x2b, 0xf6, 0x56, 0xbf, 0x3a, 0x00, 0x57, 0x9a  ; C213
    db 0xb2, 0x02, 0x1f, 0x94, 0x83, 0xc4, 0x02, 0x5e, 0x8b, 0xe5, 0x5d, 0xcb, 0x55, 0x8b, 0xec, 0x83  ; C223
    db 0xec, 0x06, 0x56, 0x80, 0x3e, 0xfe, 0x05, 0x07, 0x75, 0x06, 0xbe, 0x02, 0x00, 0xe9, 0x0f, 0x00  ; C233
    db 0x80, 0x3e, 0xfe, 0x05, 0x01, 0x75, 0x06, 0xbe, 0x01, 0x00, 0xe9, 0x02, 0x00, 0x2b, 0xf6, 0x56  ; C243
    db 0xbf, 0x41, 0x00, 0x57, 0x9a, 0xb2, 0x02, 0x1f, 0x94, 0x83, 0xc4, 0x02, 0x5e, 0x8b, 0xe5, 0x5d  ; C253
    db 0xcb, 0x55, 0x8b, 0xec, 0x83, 0xec, 0x06, 0x56, 0x80, 0x3e, 0xfe, 0x05, 0x07, 0x75, 0x06, 0xbe  ; C263
    db 0x02, 0x00, 0xe9, 0x1c, 0x00, 0x80, 0x3e, 0xfe, 0x05, 0x01, 0x75, 0x06, 0xbe, 0x01, 0x00, 0xe9  ; C273
    db 0x0f, 0x00, 0x80, 0x3e, 0xfe, 0x05, 0x43, 0x75, 0x05, 0x2b, 0xf6, 0xe9, 0x03, 0x00, 0xbe, 0x03  ; C283
    db 0x00, 0x56, 0xbf, 0x48, 0x00, 0x57, 0x9a, 0xb2, 0x02, 0x1f, 0x94, 0x83, 0xc4, 0x02, 0x5e, 0x8b  ; C293
    db 0xe5, 0x5d, 0xcb, 0x55, 0x8b, 0xec, 0x83, 0xec, 0x06, 0x56, 0x80, 0x3e, 0xfe, 0x05, 0x01, 0x75  ; C2A3
    db 0x06, 0xbe, 0x01, 0x00, 0xe9, 0x1c, 0x00, 0x80, 0x3e, 0xfe, 0x05, 0x07, 0x75, 0x06, 0xbe, 0x02  ; C2B3
    db 0x00, 0xe9, 0x0f, 0x00, 0x80, 0x3e, 0xfe, 0x05, 0x43, 0x75, 0x05, 0x2b, 0xf6, 0xe9, 0x03, 0x00  ; C2C3
    db 0xbe, 0x03, 0x00, 0x56, 0xbf, 0x50, 0x00, 0x57, 0x9a, 0xb2, 0x02, 0x1f, 0x94, 0x83, 0xc4, 0x02  ; C2D3
    db 0x5e, 0x8b, 0xe5, 0x5d, 0xcb, 0x55, 0x8b, 0xec, 0x83, 0xec, 0x06, 0x2b, 0xff, 0x57, 0xba, 0x58  ; C2E3
    db 0x00, 0x52, 0x9a, 0xb2, 0x02, 0x1f, 0x94, 0x83, 0xc4, 0x02, 0x8b, 0xe5, 0x5d, 0xcb, 0x55, 0x8b  ; C2F3
    db 0xec, 0x83, 0xec, 0x06, 0xbf, 0x01, 0x00, 0x57, 0xbf, 0x58, 0x00, 0x57, 0x9a, 0xb2, 0x02, 0x1f  ; C303
    db 0x94, 0x83, 0xc4, 0x02, 0x8b, 0xe5, 0x5d, 0xcb, 0x55, 0x8b, 0xec, 0x83, 0xec, 0x06, 0x56, 0x80  ; C313
    db 0x3e, 0xfe, 0x05, 0x43, 0x75, 0x05, 0x2b, 0xf6, 0xe9, 0x1d, 0x00, 0x80, 0x3e, 0xfe, 0x05, 0x35  ; C323
    db 0x75, 0x06, 0xbe, 0x03, 0x00, 0xe9, 0x10, 0x00, 0x80, 0x3e, 0xfe, 0x05, 0x07, 0x75, 0x06, 0xbe  ; C333
    db 0x02, 0x00, 0xe9, 0x03, 0x00, 0xbe, 0x01, 0x00, 0x56, 0x9a, 0xd2, 0x04, 0x1f, 0x94, 0x5e, 0x8b  ; C343
    db 0xe5, 0x5d, 0xcb, 0x55, 0x8b, 0xec, 0x83, 0xec, 0x0a, 0x9a, 0x69, 0x03, 0x1f, 0x94, 0x89, 0x46  ; C353
    db 0xf8, 0xe9, 0x20, 0x00, 0xc7, 0x46, 0xf6, 0x02, 0x00, 0xe9, 0x37, 0x00, 0xc7, 0x46, 0xf6, 0x00  ; C363
    db 0x00, 0xe9, 0x2f, 0x00, 0xc7, 0x46, 0xf6, 0x03, 0x00, 0xe9, 0x27, 0x00, 0xc7, 0x46, 0xf6, 0x03  ; C373
    db 0x00, 0xe9, 0x1f, 0x00, 0x8b, 0x46, 0xf8, 0x3d, 0x3a, 0x00, 0x74, 0xd8, 0x3d, 0x41, 0x00, 0x74  ; C383
    db 0xdb, 0x3d, 0x48, 0x00, 0x74, 0xde, 0x3d, 0x50, 0x00, 0x74, 0xd9, 0x3d, 0x58, 0x00, 0x74, 0xd4  ; C393
    db 0xe9, 0xd9, 0xff, 0xff, 0x76, 0xf6, 0xff, 0x76, 0xf8, 0x9a, 0xb2, 0x02, 0x1f, 0x94, 0x83, 0xc4  ; C3A3
    db 0x02, 0x8b, 0xe5, 0x5d, 0xcb, 0x55, 0x8b, 0xec, 0x83, 0xec, 0x06, 0xbf, 0x02, 0x00, 0x57, 0xbf  ; C3B3
    db 0x3a, 0x00, 0x57, 0x9a, 0xb2, 0x02, 0x1f, 0x94, 0x83, 0xc4, 0x02, 0x2b, 0xff, 0x57, 0xba, 0x41  ; C3C3
    db 0x00, 0x52, 0x9a, 0xb2, 0x02, 0x1f, 0x94, 0x83, 0xc4, 0x02, 0xbf, 0x03, 0x00, 0x57, 0xba, 0x48  ; C3D3
    db 0x00, 0x52, 0x9a, 0xb2, 0x02, 0x1f, 0x94, 0x83, 0xc4, 0x02, 0xbf, 0x01, 0x00, 0x57, 0xbf, 0x58  ; C3E3
    db 0x00, 0x57, 0x9a, 0xb2, 0x02, 0x1f, 0x94, 0x83, 0xc4, 0x02, 0xbf, 0x03, 0x00, 0x57, 0xbf, 0x50  ; C3F3
    db 0x00, 0x57, 0x9a, 0xb2, 0x02, 0x1f, 0x94, 0x83, 0xc4, 0x02, 0x8b, 0xe5, 0x5d, 0xcb, 0x55, 0x8b  ; C403
    db 0xec, 0x83, 0xec, 0x06, 0xbf, 0x3a, 0x00, 0x57, 0x9a, 0xe5, 0x02, 0x1f, 0x94, 0x8b, 0xe5, 0x5d  ; C413
    db 0xcb, 0x55, 0x8b, 0xec, 0x83, 0xec, 0x06, 0xbf, 0x41, 0x00, 0x57, 0x9a, 0xe5, 0x02, 0x1f, 0x94  ; C423
    db 0x8b, 0xe5, 0x5d, 0xcb, 0x55, 0x8b, 0xec, 0x83, 0xec, 0x06, 0xbf, 0x48, 0x00, 0x57, 0x9a, 0xe5  ; C433
    db 0x02, 0x1f, 0x94, 0x8b, 0xe5, 0x5d, 0xcb, 0x55, 0x8b, 0xec, 0x83, 0xec, 0x06, 0xbf, 0x50, 0x00  ; C443
    db 0x57, 0x9a, 0xe5, 0x02, 0x1f, 0x94, 0x8b, 0xe5, 0x5d, 0xcb, 0x55, 0x8b, 0xec, 0x83, 0xec, 0x06  ; C453
    db 0xbf, 0x58, 0x00, 0x57, 0x9a, 0xe5, 0x02, 0x1f, 0x94, 0x8b, 0xe5, 0x5d, 0xcb, 0x55, 0x8b, 0xec  ; C463
    db 0x83, 0xec, 0x08, 0x9a, 0x69, 0x03, 0x1f, 0x94, 0x89, 0x46, 0xf8, 0x50, 0x9a, 0xe5, 0x02, 0x1f  ; C473
    db 0x94, 0x8b, 0xe5, 0x5d, 0xcb, 0x55, 0x8b, 0xec, 0x83, 0xec, 0x06, 0xc4, 0x3e, 0x3a, 0x07, 0x8b  ; C483
    db 0x5e, 0x06, 0x26, 0x8a, 0x11, 0x2a, 0xf6, 0x8b, 0xc2, 0x8b, 0xe5, 0x5d, 0xca, 0x02, 0x00, 0x55  ; C493
    db 0x8b, 0xec, 0x83, 0xec, 0x06, 0x8a, 0x56, 0x08, 0xc4, 0x3e, 0x3a, 0x07, 0x8b, 0x5e, 0x06, 0x26  ; C4A3
    db 0x88, 0x11, 0xc4, 0x3e, 0x36, 0x07, 0x26, 0xc7, 0x05, 0xff, 0xff, 0x80, 0x0e, 0x03, 0x06, 0x01  ; C4B3
    db 0x80, 0x3e, 0x04, 0x06, 0x00, 0x75, 0x05, 0x80, 0x0e, 0x03, 0x06, 0x02, 0x8b, 0xe5, 0x5d, 0xca  ; C4C3
    db 0x02, 0x00, 0x55, 0x8b, 0xec, 0x83, 0xec, 0x0c, 0xff, 0x76, 0x06, 0x9a, 0x98, 0x02, 0x1f, 0x94  ; C4D3
    db 0x89, 0x46, 0xf8, 0x83, 0x7e, 0x06, 0x58, 0x75, 0x4f, 0x3d, 0x00, 0x00, 0x74, 0x4a, 0xc7, 0x46  ; C4E3
    db 0xf8, 0x03, 0x00, 0xe9, 0x42, 0x00, 0xc4, 0x3e, 0xf2, 0x06, 0x8d, 0x55, 0x06, 0x89, 0x56, 0xf4  ; C4F3
    db 0x8c, 0x46, 0xf6, 0xe9, 0x47, 0x00, 0xc4, 0x3e, 0xf2, 0x06, 0x8d, 0x55, 0x29, 0x89, 0x56, 0xf4  ; C503
    db 0x8c, 0x46, 0xf6, 0xe9, 0x37, 0x00, 0xc4, 0x3e, 0xf2, 0x06, 0x8d, 0x95, 0x45, 0x01, 0x89, 0x56  ; C513
    db 0xf4, 0x8c, 0x46, 0xf6, 0xe9, 0x26, 0x00, 0xc4, 0x3e, 0xf2, 0x06, 0x8d, 0x95, 0x9b, 0x01, 0x89  ; C523
    db 0x56, 0xf4, 0x8c, 0x46, 0xf6, 0xe9, 0x15, 0x00, 0x8b, 0x46, 0xf8, 0x3d, 0x01, 0x00, 0x74, 0xb6  ; C533
    db 0x3d, 0x02, 0x00, 0x74, 0xc1, 0x3d, 0x03, 0x00, 0x74, 0xcc, 0xe9, 0xda, 0xff, 0xc4, 0x5e, 0xf4  ; C543
    db 0x8b, 0xe5, 0x5d, 0xca, 0x02, 0x00, 0x55, 0x8b, 0xec, 0x83, 0xec, 0x08, 0xc7, 0x46, 0xf8, 0x48  ; C553
    db 0x00, 0xc4, 0x3e, 0x32, 0x07, 0x26, 0x80, 0x7d, 0x28, 0x13, 0x72, 0x2e, 0xc4, 0x1e, 0x32, 0x07  ; C563
    db 0x26, 0x80, 0x7f, 0x17, 0x00, 0x75, 0x13, 0xc4, 0x3e, 0x32, 0x07, 0x26, 0x8a, 0x55, 0x0f, 0x2a  ; C573
    db 0xf6, 0x81, 0xe2, 0x03, 0x00, 0x83, 0xfa, 0x01, 0x75, 0x08, 0xc7, 0x46, 0xf8, 0x58, 0x00, 0xe9  ; C583
    db 0x33, 0x00, 0xc7, 0x46, 0xf8, 0x50, 0x00, 0xe9, 0x2b, 0x00, 0xc4, 0x3e, 0x32, 0x07, 0x26, 0x80  ; C593
    db 0x7d, 0x28, 0x08, 0x72, 0x08, 0xc7, 0x46, 0xf8, 0x48, 0x00, 0xe9, 0x18, 0x00, 0xc4, 0x3e, 0x32  ; C5A3
    db 0x07, 0x26, 0x80, 0x7d, 0x28, 0x06, 0x72, 0x08, 0xc7, 0x46, 0xf8, 0x41, 0x00, 0xe9, 0x05, 0x00  ; C5B3
    db 0xc7, 0x46, 0xf8, 0x3a, 0x00, 0x8b, 0x46, 0xf8, 0x8b, 0xe5, 0x5d, 0xcb, 0x55, 0x8b, 0xec, 0x83  ; C5C3
    db 0xec, 0x0a, 0x83, 0x7e, 0x08, 0x00, 0x75, 0x07, 0xc6, 0x46, 0xf9, 0x01, 0xe9, 0x1e, 0x00, 0x83  ; C5D3
    db 0x7e, 0x08, 0x02, 0x75, 0x07, 0xc6, 0x46, 0xf9, 0x04, 0xe9, 0x11, 0x00, 0x83, 0x7e, 0x08, 0x03  ; C5E3
    db 0x75, 0x07, 0xc6, 0x46, 0xf9, 0x08, 0xe9, 0x04, 0x00, 0xc6, 0x46, 0xf9, 0x02, 0xc4, 0x3e, 0x32  ; C5F3
    db 0x07, 0x26, 0x80, 0x7d, 0x1f, 0x14, 0x74, 0x66, 0xe9, 0x35, 0x00, 0x8a, 0x56, 0xf9, 0x2a, 0xf6  ; C603
    db 0x81, 0xe2, 0x07, 0x00, 0x89, 0x56, 0xf6, 0xe9, 0x9c, 0x00, 0x8a, 0x56, 0xf9, 0x2a, 0xf6, 0x81  ; C613
    db 0xe2, 0x0f, 0x00, 0x89, 0x56, 0xf6, 0xe9, 0x8d, 0x00, 0x8a, 0x56, 0xf9, 0x2a, 0xf6, 0x81, 0xe2  ; C623
    db 0x09, 0x00, 0x89, 0x56, 0xf6, 0xe9, 0x7e, 0x00, 0xc7, 0x46, 0xf6, 0x00, 0x00, 0xe9, 0x76, 0x00  ; C633
    db 0x8b, 0x46, 0x06, 0x3d, 0x3a, 0x00, 0x74, 0xc3, 0x3d, 0x41, 0x00, 0x74, 0xbe, 0x3d, 0x48, 0x00  ; C643
    db 0x74, 0xc8, 0x3d, 0x50, 0x00, 0x74, 0xc3, 0x3d, 0x58, 0x00, 0x74, 0xcd, 0xe9, 0xd9, 0xff, 0x8a  ; C653
    db 0x56, 0xf9, 0x2a, 0xf6, 0x81, 0xe2, 0x04, 0x00, 0x89, 0x56, 0xf6, 0xe9, 0x48, 0x00, 0xe9, 0x26  ; C663
    db 0x00, 0x8a, 0x56, 0xf9, 0x2a, 0xf6, 0x81, 0xe2, 0x01, 0x00, 0x89, 0x56, 0xf6, 0xe9, 0x36, 0x00  ; C673
    db 0x8a, 0x56, 0xf9, 0x2a, 0xf6, 0x81, 0xe2, 0x09, 0x00, 0x89, 0x56, 0xf6, 0xe9, 0x27, 0x00, 0xc7  ; C683
    db 0x46, 0xf6, 0x00, 0x00, 0xe9, 0x1f, 0x00, 0x8b, 0x46, 0x06, 0x3d, 0x3a, 0x00, 0x74, 0xc0, 0x3d  ; C693
    db 0x41, 0x00, 0x74, 0xcd, 0x3d, 0x48, 0x00, 0x74, 0xd7, 0x3d, 0x50, 0x00, 0x74, 0xd2, 0x3d, 0x58  ; C6A3
    db 0x00, 0x74, 0xcd, 0xe9, 0xd9, 0xff, 0x8b, 0x46, 0xf6, 0x8b, 0xe5, 0x5d, 0xca, 0x02, 0x00, 0x55  ; C6B3
    db 0x8b, 0xec, 0x83, 0xec, 0x08, 0x9a, 0x69, 0x03, 0x1f, 0x94, 0x89, 0x46, 0xf8, 0xff, 0x76, 0x06  ; C6C3
    db 0x50, 0x9a, 0xdf, 0x03, 0x1f, 0x94, 0x83, 0xc4, 0x02, 0x3d, 0x00, 0x00, 0x74, 0x22, 0x83, 0x7e  ; C6D3
    db 0xf8, 0x58, 0x75, 0x0b, 0x83, 0x7e, 0x06, 0x03, 0x75, 0x05, 0xc7, 0x46, 0x06, 0x01, 0x00, 0xff  ; C6E3
    db 0x76, 0x06, 0xff, 0x76, 0xf8, 0x9a, 0xb2, 0x02, 0x1f, 0x94, 0x83, 0xc4, 0x02, 0xe9, 0x05, 0x00  ; C6F3
    db 0xc6, 0x06, 0x23, 0x06, 0x04, 0x8b, 0xe5, 0x5d, 0xca, 0x02, 0x00, 0x55, 0x8b, 0xec, 0x1e, 0x8e  ; C703
    db 0x5e, 0x06, 0x58, 0x8b, 0xe5, 0x5d, 0xca, 0x02, 0x00, 0x55, 0x8b, 0xec, 0x83, 0xec, 0x16, 0xbf  ; C713
    db 0x80, 0x8f, 0x57, 0x9a, 0x0e, 0x00, 0x70, 0x94, 0x89, 0x46, 0xf0, 0x8a, 0x56, 0x06, 0x2a, 0xf6  ; C723
    db 0x83, 0xc2, 0x9f, 0x89, 0x56, 0xf8, 0x8b, 0xc2, 0xba, 0x0c, 0x00, 0xf7, 0xea, 0xc4, 0x3e, 0x3e  ; C733
    db 0x07, 0x8b, 0xd8, 0x26, 0x8a, 0x51, 0x0a, 0x88, 0x56, 0xf7, 0xff, 0x76, 0xf8, 0x9a, 0x9a, 0x0a  ; C743
    db 0x71, 0x94, 0x89, 0x46, 0xf4, 0x8a, 0x56, 0xf7, 0x80, 0xe2, 0x02, 0x80, 0xfa, 0x00, 0x74, 0x76  ; C753
    db 0xbf, 0x41, 0x00, 0x57, 0x9a, 0x0e, 0x00, 0x70, 0x94, 0x89, 0x46, 0xee, 0x9a, 0x1f, 0x00, 0xd1  ; C763
    db 0xe5, 0xbf, 0x80, 0x8f, 0x57, 0x9a, 0x0e, 0x00, 0x70, 0x94, 0x89, 0x46, 0xee, 0x8a, 0x56, 0xf7  ; C773
    db 0x80, 0xe2, 0x10, 0x80, 0xfa, 0x00, 0x75, 0x15, 0xc4, 0x3e, 0x46, 0x07, 0x26, 0x83, 0x7d, 0x04  ; C783
    db 0x00, 0x75, 0x0a, 0xc4, 0x1e, 0x46, 0x07, 0x26, 0x83, 0x3f, 0x00, 0x74, 0x0b, 0xc7, 0x06, 0x90  ; C793
    db 0x06, 0xf4, 0x00, 0xc7, 0x46, 0xf2, 0x01, 0x00, 0xc7, 0x06, 0x90, 0x06, 0xfa, 0x00, 0xc7, 0x46  ; C7A3
    db 0xf2, 0x00, 0x00, 0x8b, 0x46, 0xf8, 0xba, 0x0c, 0x00, 0xf7, 0xea, 0xc4, 0x3e, 0x3e, 0x07, 0x8b  ; C7B3
    db 0xd8, 0x26, 0x80, 0x49, 0x0a, 0x08, 0x8b, 0x46, 0xf8, 0xba, 0x0c, 0x00, 0xf7, 0xea, 0xc4, 0x3e  ; C7C3
    db 0x3e, 0x07, 0x8b, 0xd8, 0xeb, 0x03, 0xe9, 0x5c, 0x00, 0x26, 0xff, 0x41, 0x08, 0xc4, 0x3e, 0x46  ; C7D3
    db 0x07, 0x26, 0xff, 0x45, 0x02, 0xba, 0x41, 0x00, 0x52, 0x9a, 0x0e, 0x00, 0x70, 0x94, 0x89, 0x46  ; C7E3
    db 0xee, 0x9a, 0x18, 0x00, 0xd1, 0xe5, 0xbf, 0x80, 0x8f, 0x57, 0x9a, 0x0e, 0x00, 0x70, 0x94, 0x89  ; C7F3
    db 0x46, 0xee, 0x8b, 0x7e, 0xf4, 0x0b, 0x7e, 0xf2, 0xc4, 0x5e, 0x08, 0x26, 0x89, 0x3f, 0x8b, 0x46  ; C803
    db 0xf8, 0xba, 0x4e, 0x00, 0xf7, 0xea, 0xc4, 0x3e, 0x42, 0x07, 0x8b, 0xd7, 0x03, 0xd0, 0x89, 0x56  ; C813
    db 0xea, 0x8c, 0x46, 0xec, 0xff, 0x76, 0xf0, 0x9a, 0x0e, 0x00, 0x70, 0x94, 0x89, 0x46, 0xee, 0xc4  ; C823
    db 0x5e, 0xea, 0xe9, 0x1d, 0x00, 0xc7, 0x06, 0x90, 0x06, 0x17, 0x01, 0xc4, 0x7e, 0x08, 0x26, 0xc7  ; C833
    db 0x05, 0x02, 0x00, 0xff, 0x76, 0xf0, 0x9a, 0x0e, 0x00, 0x70, 0x94, 0x89, 0x46, 0xee, 0x2b, 0xdb  ; C843
    db 0x8e, 0xc3, 0x8b, 0xe5, 0x5d, 0xca, 0x02, 0x00, 0x55, 0x8b, 0xec, 0x83, 0xec, 0x1e, 0x56, 0x51  ; C853
    db 0xbf, 0x41, 0x00, 0x57, 0x9a, 0x0e, 0x00, 0x70, 0x94, 0x89, 0x46, 0xe8, 0x9a, 0x16, 0x1a, 0x71  ; C863
    db 0x94, 0xc4, 0x7e, 0x0c, 0x26, 0x89, 0x05, 0x26, 0x83, 0x3d, 0x01, 0x75, 0x18, 0xc7, 0x06, 0x90  ; C873
    db 0x06, 0x4d, 0x01, 0xff, 0x76, 0xe8, 0x9a, 0x0e, 0x00, 0x70, 0x94, 0x89, 0x46, 0xe6, 0x2b, 0xdb  ; C883
    db 0x8e, 0xc3, 0xe9, 0xfc, 0x04, 0x8a, 0x56, 0x06, 0x2a, 0xf6, 0x83, 0xc2, 0x9f, 0x89, 0x56, 0xf8  ; C893
    db 0x8b, 0xc2, 0xba, 0x4e, 0x00, 0xf7, 0xea, 0xc4, 0x3e, 0x42, 0x07, 0x8b, 0xd7, 0x03, 0xd0, 0x89  ; C8A3
    db 0x56, 0xf4, 0x8c, 0x46, 0xf6, 0x8b, 0x46, 0xf8, 0xba, 0x0c, 0x00, 0xf7, 0xea, 0xc4, 0x1e, 0x3e  ; C8B3
    db 0x07, 0x8b, 0xf8, 0x26, 0x8a, 0x51, 0x0a, 0x2a, 0xf6, 0x89, 0x56, 0xea, 0xc4, 0x16, 0x4a, 0x07  ; C8C3
    db 0x8c, 0xc0, 0xc4, 0x1e, 0x46, 0x07, 0x8b, 0xfa, 0x26, 0x03, 0x7f, 0x08, 0x89, 0x7e, 0xec, 0x89  ; C8D3
    db 0x46, 0xee, 0x8b, 0x7e, 0xea, 0x81, 0xe7, 0x04, 0x00, 0x83, 0xff, 0x00, 0x74, 0x2b, 0xc7, 0x06  ; C8E3
    db 0x90, 0x06, 0x65, 0x01, 0x8c, 0xc0, 0xc4, 0x7e, 0x0c, 0x26, 0xc7, 0x05, 0x40, 0x00, 0xc4, 0x3e  ; C8F3
    db 0x46, 0x07, 0x26, 0xc7, 0x05, 0x00, 0x00, 0xff, 0x76, 0xe8, 0x9a, 0x0e, 0x00, 0x70, 0x94, 0x89  ; C903
    db 0x46, 0xe6, 0x2b, 0xdb, 0x8e, 0xc3, 0xe9, 0x78, 0x04, 0x8b, 0x7e, 0xea, 0x81, 0xe7, 0x02, 0x00  ; C913
    db 0x83, 0xff, 0x00, 0x74, 0x77, 0xc7, 0x06, 0x90, 0x06, 0x72, 0x01, 0xc4, 0x7e, 0x08, 0x26, 0x8b  ; C923
    db 0x55, 0x3a, 0x26, 0x03, 0x55, 0x40, 0x8c, 0xc0, 0xc4, 0x5e, 0xf4, 0x26, 0x8b, 0x77, 0x3a, 0x26  ; C933
    db 0x03, 0x77, 0x40, 0x3b, 0xd6, 0x75, 0x75, 0xc7, 0x06, 0x90, 0x06, 0x77, 0x01, 0x8c, 0xc6, 0x26  ; C943
    db 0xc4, 0x57, 0x36, 0x89, 0x56, 0xf0, 0x8c, 0x46, 0xf2, 0xbf, 0x4e, 0x00, 0x57, 0x56, 0x53, 0xc4  ; C953
    db 0x7e, 0x08, 0x06, 0x57, 0x9a, 0x29, 0x00, 0xbe, 0xfb, 0x83, 0xc4, 0x06, 0xc4, 0x7e, 0xf0, 0x8c  ; C963
    db 0xc2, 0xc4, 0x76, 0xf4, 0x26, 0x89, 0x7c, 0x36, 0x26, 0x89, 0x54, 0x38, 0x26, 0x8b, 0x5c, 0x3a  ; C973
    db 0x8d, 0x01, 0x26, 0x89, 0x44, 0x3c, 0x26, 0x89, 0x54, 0x3e, 0x8b, 0x46, 0xf8, 0xba, 0x0c, 0x00  ; C983
    db 0xf7, 0xea, 0xc4, 0x16, 0x3e, 0x07, 0x8b, 0xfa, 0x8b, 0xd8, 0xeb, 0x03, 0xe9, 0x55, 0x02, 0x26  ; C993
    db 0x8b, 0x31, 0xc4, 0x7e, 0xf4, 0x26, 0x03, 0x75, 0x3a, 0x8c, 0xc2, 0xc4, 0x1e, 0x3e, 0x07, 0x8b  ; C9A3
    db 0xcf, 0x8b, 0xf8, 0x26, 0x89, 0x71, 0x04, 0xc4, 0x76, 0xf4, 0xeb, 0x03, 0xe9, 0x5f, 0x00, 0x26  ; C9B3
    db 0x8b, 0x5c, 0x3a, 0xc4, 0x36, 0x3e, 0x07, 0x8b, 0xd3, 0x8b, 0xdf, 0x26, 0x89, 0x50, 0x02, 0xc4  ; C9C3
    db 0x76, 0xf4, 0x26, 0x8b, 0x4c, 0x40, 0xc4, 0x36, 0x3e, 0x07, 0x26, 0x89, 0x48, 0x06, 0xc4, 0x76  ; C9D3
    db 0x0c, 0x26, 0xc7, 0x04, 0x00, 0x00, 0xc4, 0x36, 0x3e, 0x07, 0x26, 0x80, 0x48, 0x0a, 0x10, 0xc4  ; C9E3
    db 0x36, 0x46, 0x07, 0x26, 0xff, 0x44, 0x04, 0xc4, 0x36, 0x46, 0x07, 0x26, 0xc7, 0x04, 0x00, 0x00  ; C9F3
    db 0xc4, 0x7e, 0xf4, 0x26, 0xc4, 0x55, 0x36, 0x89, 0x56, 0xe2, 0x8c, 0x46, 0xe4, 0xff, 0x76, 0xe8  ; CA03
    db 0x9a, 0x0e, 0x00, 0x70, 0x94, 0x89, 0x46, 0xe6, 0xc4, 0x5e, 0xe2, 0xe9, 0x73, 0x03, 0xc7, 0x06  ; CA13
    db 0x90, 0x06, 0xa5, 0x01, 0xc4, 0x7e, 0x08, 0x26, 0x8b, 0x75, 0x3a, 0x26, 0x03, 0x75, 0x40, 0x8c  ; CA23
    db 0xc1, 0xc4, 0x56, 0xf4, 0x8b, 0xda, 0x26, 0x8b, 0x47, 0x3a, 0x26, 0x8b, 0x57, 0x40, 0x03, 0xc2  ; CA33
    db 0xc4, 0x1e, 0x46, 0x07, 0x26, 0x03, 0x47, 0x06, 0x3b, 0xf0, 0x7f, 0x77, 0xc7, 0x06, 0x90, 0x06  ; CA43
    db 0xaa, 0x01, 0x06, 0x57, 0x53, 0xff, 0x76, 0xf8, 0x9a, 0x71, 0x16, 0x71, 0x94, 0xc4, 0x3e, 0x4a  ; CA53
    db 0x07, 0x8c, 0xc2, 0xc4, 0x36, 0x46, 0x07, 0x8b, 0xdf, 0x26, 0x03, 0x5c, 0x08, 0x89, 0x5e, 0xec  ; CA63
    db 0x89, 0x56, 0xee, 0x8b, 0x46, 0xf8, 0xba, 0x0c, 0x00, 0xf7, 0xea, 0x8c, 0xc2, 0xc4, 0x3e, 0x3e  ; CA73
    db 0x07, 0x8b, 0xd8, 0x26, 0x80, 0x61, 0x0a, 0xfe, 0x8b, 0x46, 0xf8, 0xba, 0x0c, 0x00, 0xf7, 0xea  ; CA83
    db 0xc4, 0x3e, 0x3e, 0x07, 0x8b, 0xd8, 0x26, 0x80, 0x49, 0x0a, 0x02, 0xba, 0x4e, 0x00, 0x52, 0xc4  ; CA93
    db 0x56, 0xf4, 0x06, 0x52, 0xc4, 0x76, 0x08, 0x06, 0x56, 0x9a, 0x29, 0x00, 0xbe, 0xfb, 0x83, 0xc4  ; CAA3
    db 0x06, 0xc4, 0x7e, 0xec, 0x8c, 0xc2, 0xc4, 0x5e, 0xf4, 0x26, 0x89, 0x7f, 0x36, 0x26, 0x89, 0x57  ; CAB3
    db 0x38, 0xeb, 0x03, 0xe9, 0x05, 0x01, 0x26, 0x8b, 0x4f, 0x3a, 0x8b, 0xc7, 0x03, 0xc1, 0x26, 0x89  ; CAC3
    db 0x47, 0x3c, 0x26, 0x89, 0x57, 0x3e, 0xc4, 0x36, 0x46, 0x07, 0x26, 0x8b, 0x54, 0x08, 0x8b, 0x46  ; CAD3
    db 0xf8, 0x8b, 0xfa, 0xba, 0x0c, 0x00, 0xf7, 0xea, 0xc4, 0x1e, 0x3e, 0x07, 0x8b, 0xf0, 0x26, 0x89  ; CAE3
    db 0x38, 0xc4, 0x1e, 0x46, 0x07, 0x26, 0x8b, 0x57, 0x08, 0xc4, 0x7e, 0xf4, 0x26, 0x03, 0x55, 0x3a  ; CAF3
    db 0x8b, 0x46, 0xf8, 0x8b, 0xca, 0xba, 0x0c, 0x00, 0xf7, 0xea, 0x8c, 0xc2, 0xc4, 0x36, 0x3e, 0x07  ; CB03
    db 0x8b, 0xd8, 0x26, 0x89, 0x48, 0x04, 0xc4, 0x76, 0xf4, 0x26, 0x8b, 0x4c, 0x3a, 0x8b, 0x46, 0xf8  ; CB13
    db 0x8e, 0xc2, 0xba, 0x0c, 0x00, 0xf7, 0xea, 0xc4, 0x3e, 0x3e, 0x07, 0x8b, 0xd8, 0x26, 0x89, 0x49  ; CB23
    db 0x02, 0xc4, 0x7e, 0xf4, 0x26, 0x8b, 0x55, 0x40, 0x8b, 0x46, 0xf8, 0x8b, 0xfa, 0xba, 0x0c, 0x00  ; CB33
    db 0xf7, 0xea, 0xc4, 0x36, 0x3e, 0x07, 0x8b, 0xd8, 0x26, 0x89, 0x78, 0x06, 0xc4, 0x56, 0xf4, 0x8b  ; CB43
    db 0xf2, 0x26, 0x8b, 0x4c, 0x3a, 0x26, 0x03, 0x4c, 0x40, 0x8c, 0xc2, 0xc4, 0x3e, 0x46, 0x07, 0x26  ; CB53
    db 0x01, 0x4d, 0x08, 0xc4, 0x7e, 0xf4, 0x26, 0x8b, 0x45, 0x3a, 0x26, 0x03, 0x45, 0x40, 0x8c, 0xc1  ; CB63
    db 0xc4, 0x1e, 0x46, 0x07, 0x26, 0x29, 0x47, 0x06, 0xc4, 0x76, 0x0c, 0x26, 0xc7, 0x04, 0x00, 0x00  ; CB73
    db 0x8b, 0x46, 0xf8, 0xba, 0x0c, 0x00, 0xf7, 0xea, 0xc4, 0x3e, 0x3e, 0x07, 0x8b, 0xd8, 0x26, 0x80  ; CB83
    db 0x49, 0x0a, 0x10, 0xc4, 0x3e, 0x46, 0x07, 0x26, 0xff, 0x45, 0x04, 0xc4, 0x3e, 0x46, 0x07, 0x26  ; CB93
    db 0xc7, 0x05, 0x00, 0x00, 0xc4, 0x7e, 0xf4, 0x26, 0xc4, 0x55, 0x36, 0x89, 0x56, 0xe2, 0x8c, 0x46  ; CBA3
    db 0xe4, 0xff, 0x76, 0xe8, 0x9a, 0x0e, 0x00, 0x70, 0x94, 0x89, 0x46, 0xe6, 0xc4, 0x5e, 0xe2, 0x83  ; CBB3
    db 0xc4, 0x02, 0x83, 0xc4, 0x02, 0x83, 0xc4, 0x02, 0xe9, 0xc6, 0x01, 0xc7, 0x06, 0x90, 0x06, 0xdd  ; CBC3
    db 0x01, 0xc4, 0x7e, 0x0c, 0x26, 0xc7, 0x05, 0x04, 0x00, 0xc4, 0x36, 0x46, 0x07, 0x26, 0xc7, 0x04  ; CBD3
    db 0x00, 0x00, 0xff, 0x76, 0xe8, 0x9a, 0x0e, 0x00, 0x70, 0x94, 0x89, 0x46, 0xe6, 0x2b, 0xdb, 0x8e  ; CBE3
    db 0xc3, 0xe9, 0x9d, 0x01, 0xc7, 0x06, 0x90, 0x06, 0xec, 0x01, 0xc4, 0x7e, 0x08, 0x26, 0x8b, 0x75  ; CBF3
    db 0x3a, 0x26, 0x03, 0x75, 0x40, 0x8c, 0xc2, 0xc4, 0x1e, 0x46, 0x07, 0x26, 0x8b, 0x4f, 0x06, 0x3b  ; CC03
    db 0xf1, 0x7f, 0x78, 0xc7, 0x06, 0x90, 0x06, 0xf0, 0x01, 0x57, 0x52, 0xb9, 0x4e, 0x00, 0x51, 0xc4  ; CC13
    db 0x4e, 0xf4, 0x06, 0x51, 0x52, 0x57, 0x9a, 0x29, 0x00, 0xbe, 0xfb, 0x83, 0xc4, 0x06, 0xc4, 0x7e  ; CC23
    db 0xec, 0x8c, 0xc2, 0xc4, 0x76, 0xf4, 0x26, 0x89, 0x7c, 0x36, 0x26, 0x89, 0x54, 0x38, 0x26, 0x8b  ; CC33
    db 0x5c, 0x3a, 0x8d, 0x01, 0x26, 0x89, 0x44, 0x3c, 0x26, 0x89, 0x54, 0x3e, 0x8b, 0x46, 0xf8, 0xba  ; CC43
    db 0x0c, 0x00, 0xf7, 0xea, 0xc4, 0x36, 0x3e, 0x07, 0x8b, 0xd8, 0x26, 0x80, 0x48, 0x0a, 0x10, 0x8b  ; CC53
    db 0x46, 0xf8, 0xba, 0x0c, 0x00, 0xf7, 0xea, 0xc4, 0x3e, 0x3e, 0x07, 0x8b, 0xd8, 0x26, 0x80, 0x61  ; CC63
    db 0x0a, 0xfe, 0x8b, 0x46, 0xf8, 0xba, 0x0c, 0x00, 0xf7, 0xea, 0xc4, 0x3e, 0x3e, 0x07, 0x8b, 0xd8  ; CC73
    db 0x26, 0x80, 0x49, 0x0a, 0x02, 0xc4, 0x36, 0x46, 0x07, 0xeb, 0x03, 0xe9, 0xdd, 0x00, 0x26, 0xff  ; CC83
    db 0x44, 0x04, 0xc4, 0x16, 0x46, 0x07, 0x8b, 0xfa, 0x26, 0x8b, 0x4d, 0x08, 0x8b, 0x46, 0xf8, 0xba  ; CC93
    db 0x0c, 0x00, 0xf7, 0xea, 0xc4, 0x3e, 0x3e, 0x07, 0x8b, 0xd8, 0x26, 0x89, 0x09, 0xc4, 0x16, 0x46  ; CCA3
    db 0x07, 0x8b, 0xfa, 0x26, 0x8b, 0x75, 0x08, 0xc4, 0x7e, 0xf4, 0x26, 0x03, 0x75, 0x3a, 0x8b, 0x46  ; CCB3
    db 0xf8, 0xba, 0x0c, 0x00, 0xf7, 0xea, 0x8c, 0xc2, 0xc4, 0x1e, 0x3e, 0x07, 0x8b, 0xcf, 0x8b, 0xf8  ; CCC3
    db 0x26, 0x89, 0x71, 0x04, 0xc4, 0x76, 0xf4, 0x26, 0x8b, 0x5c, 0x3a, 0x8b, 0x46, 0xf8, 0x8e, 0xc2  ; CCD3
    db 0xba, 0x0c, 0x00, 0xf7, 0xea, 0xc4, 0x3e, 0x3e, 0x07, 0x8b, 0xd3, 0x8b, 0xd8, 0x26, 0x89, 0x51  ; CCE3
    db 0x02, 0xc4, 0x7e, 0xf4, 0x26, 0x8b, 0x75, 0x40, 0x8b, 0x46, 0xf8, 0xba, 0x0c, 0x00, 0xf7, 0xea  ; CCF3
    db 0xc4, 0x3e, 0x3e, 0x07, 0x8b, 0xd8, 0x26, 0x89, 0x71, 0x06, 0xc4, 0x56, 0xf4, 0x8b, 0xfa, 0x26  ; CD03
    db 0x8b, 0x4d, 0x3a, 0x26, 0x03, 0x4d, 0x40, 0x8c, 0xc0, 0xc4, 0x3e, 0x46, 0x07, 0x26, 0x01, 0x4d  ; CD13
    db 0x08, 0xc4, 0x76, 0xf4, 0x26, 0x8b, 0x7c, 0x3a, 0x26, 0x03, 0x7c, 0x40, 0x8c, 0xc1, 0xc4, 0x1e  ; CD23
    db 0x46, 0x07, 0x26, 0x29, 0x7f, 0x06, 0xc4, 0x5e, 0x0c, 0x26, 0xc7, 0x07, 0x00, 0x00, 0xc4, 0x1e  ; CD33
    db 0x46, 0x07, 0x26, 0xc7, 0x07, 0x00, 0x00, 0xc4, 0x7e, 0xf4, 0x26, 0xc4, 0x7d, 0x36, 0x89, 0x7e  ; CD43
    db 0xe2, 0x8c, 0x46, 0xe4, 0xff, 0x76, 0xe8, 0x9a, 0x0e, 0x00, 0x70, 0x94, 0x89, 0x46, 0xe6, 0xc4  ; CD53
    db 0x5e, 0xe2, 0x83, 0xc4, 0x02, 0x83, 0xc4, 0x02, 0xe9, 0x26, 0x00, 0xc7, 0x06, 0x90, 0x06, 0x1a  ; CD63
    db 0x02, 0xc4, 0x7e, 0x0c, 0x26, 0xc7, 0x05, 0x04, 0x00, 0xc4, 0x36, 0x46, 0x07, 0x26, 0xc7, 0x04  ; CD73
    db 0x00, 0x00, 0xff, 0x76, 0xe8, 0x9a, 0x0e, 0x00, 0x70, 0x94, 0x89, 0x46, 0xe6, 0x2b, 0xdb, 0x8e  ; CD83
    db 0xc3, 0x59, 0x5e, 0x8b, 0xe5, 0x5d, 0xca, 0x02, 0x00, 0x55, 0x8b, 0xec, 0x83, 0xec, 0x10, 0x80  ; CD93
    db 0x7e, 0x06, 0x61, 0x72, 0x06, 0x80, 0x7e, 0x06, 0x7a, 0x76, 0x05, 0x2b, 0xc0, 0xe9, 0x3c, 0x01  ; CDA3
    db 0xbf, 0x80, 0x8f, 0x57, 0x9a, 0x0e, 0x00, 0x70, 0x94, 0x89, 0x46, 0xf2, 0x8a, 0x56, 0x06, 0x2a  ; CDB3
    db 0xf6, 0x83, 0xc2, 0x9f, 0x89, 0x56, 0xf6, 0x8b, 0xc2, 0xba, 0x0c, 0x00, 0xf7, 0xea, 0xc4, 0x3e  ; CDC3
    db 0x3e, 0x07, 0x8b, 0xd8, 0x26, 0x8a, 0x51, 0x0a, 0x2a, 0xf6, 0x89, 0x56, 0xf4, 0x81, 0xe2, 0x18  ; CDD3
    db 0x00, 0x83, 0xfa, 0x00, 0x75, 0x11, 0xff, 0x76, 0xf2, 0x9a, 0x0e, 0x00, 0x70, 0x94, 0x89, 0x46  ; CDE3
    db 0xf0, 0xb8, 0x08, 0x00, 0xe9, 0xf5, 0x00, 0x8b, 0x7e, 0xf4, 0x81, 0xe7, 0x08, 0x00, 0x83, 0xff  ; CDF3
    db 0x00, 0x74, 0x76, 0xff, 0x76, 0xf6, 0x9a, 0x9a, 0x0a, 0x71, 0x94, 0x89, 0x46, 0xf8, 0xbf, 0x41  ; CE03
    db 0x00, 0x57, 0x9a, 0x0e, 0x00, 0x70, 0x94, 0x89, 0x46, 0xf0, 0x9a, 0x1f, 0x00, 0xd1, 0xe5, 0xbf  ; CE13
    db 0x80, 0x8f, 0x57, 0x9a, 0x0e, 0x00, 0x70, 0x94, 0x89, 0x46, 0xf0, 0xc4, 0x3e, 0x46, 0x07, 0x26  ; CE23
    db 0xff, 0x4d, 0x02, 0x8b, 0x46, 0xf6, 0xba, 0x0c, 0x00, 0xf7, 0xea, 0xc4, 0x1e, 0x3e, 0x07, 0x8b  ; CE33
    db 0xf8, 0x26, 0xff, 0x49, 0x08, 0x8b, 0x46, 0xf6, 0xba, 0x0c, 0x00, 0xf7, 0xea, 0xc4, 0x1e, 0x3e  ; CE43
    db 0x07, 0x8b, 0xf8, 0x26, 0x83, 0x79, 0x08, 0x00, 0x75, 0x09, 0xc4, 0x1e, 0x3e, 0x07, 0x26, 0x80  ; CE53
    db 0x61, 0x0a, 0xf7, 0xbf, 0x41, 0x00, 0x57, 0x9a, 0x0e, 0x00, 0x70, 0x94, 0x89, 0x46, 0xf0, 0x9a  ; CE63
    db 0x18, 0x00, 0xd1, 0xe5, 0xff, 0x76, 0xf2, 0xeb, 0x03, 0xe9, 0x0e, 0x00, 0x9a, 0x0e, 0x00, 0x70  ; CE73
    db 0x94, 0x89, 0x46, 0xf0, 0x8b, 0x46, 0xf8, 0xe9, 0x62, 0x00, 0xff, 0x76, 0xf6, 0x9a, 0xb2, 0x09  ; CE83
    db 0x71, 0x94, 0x89, 0x46, 0xf8, 0xbf, 0x41, 0x00, 0x57, 0x9a, 0x0e, 0x00, 0x70, 0x94, 0x89, 0x46  ; CE93
    db 0xf0, 0x9a, 0x1f, 0x00, 0xd1, 0xe5, 0xbf, 0x80, 0x8f, 0x57, 0x9a, 0x0e, 0x00, 0x70, 0x94, 0x89  ; CEA3
    db 0x46, 0xf0, 0x8b, 0x46, 0xf6, 0xba, 0x0c, 0x00, 0xf7, 0xea, 0xc4, 0x3e, 0x3e, 0x07, 0x8b, 0xd8  ; CEB3
    db 0x26, 0x80, 0x61, 0x0a, 0xef, 0xc4, 0x3e, 0x46, 0x07, 0x26, 0xff, 0x4d, 0x04, 0xba, 0x41, 0x00  ; CEC3
    db 0x52, 0x9a, 0x0e, 0x00, 0x70, 0x94, 0x89, 0x46, 0xf0, 0x9a, 0x18, 0x00, 0xd1, 0xe5, 0xff, 0x76  ; CED3
    db 0xf2, 0x9a, 0x0e, 0x00, 0x70, 0x94, 0x89, 0x46, 0xf0, 0x8b, 0x46, 0xf8, 0x8b, 0xe5, 0x5d, 0xca  ; CEE3
    db 0x02, 0x00, 0x55, 0x8b, 0xec, 0x83, 0xec, 0x0e, 0xbf, 0x80, 0x8f, 0x57, 0x9a, 0x0e, 0x00, 0x70  ; CEF3
    db 0x94, 0x89, 0x46, 0xf6, 0x8b, 0x7e, 0x06, 0x83, 0xc7, 0x9f, 0x89, 0x7e, 0xf8, 0x83, 0xff, 0x00  ; CF03
    db 0x7c, 0x05, 0x83, 0xff, 0x1a, 0x7c, 0x08, 0xc7, 0x46, 0xf2, 0x10, 0x00, 0xe9, 0xa4, 0x00, 0x9a  ; CF13
    db 0x16, 0x1a, 0x71, 0x94, 0x89, 0x46, 0xf2, 0x3d, 0x00, 0x00, 0x75, 0x76, 0x8b, 0x46, 0xf8, 0xba  ; CF23
    db 0x0c, 0x00, 0xf7, 0xea, 0xc4, 0x3e, 0x3e, 0x07, 0x8b, 0xd8, 0x26, 0x8a, 0x51, 0x0a, 0x2a, 0xf6  ; CF33
    db 0x81, 0xe2, 0x01, 0x00, 0x83, 0xfa, 0x00, 0x75, 0x1b, 0xc4, 0x3e, 0x3e, 0x07, 0x26, 0x8a, 0x51  ; CF43
    db 0x0a, 0x80, 0xe2, 0x04, 0x80, 0xfa, 0x00, 0x75, 0x0b, 0xff, 0x76, 0xf8, 0x9a, 0x71, 0x16, 0x71  ; CF53
    db 0x94, 0xe9, 0x4e, 0x00, 0x8b, 0x46, 0xf8, 0xba, 0x0c, 0x00, 0xf7, 0xea, 0xc4, 0x3e, 0x3e, 0x07  ; CF63
    db 0x8b, 0xd8, 0x26, 0x8a, 0x51, 0x0a, 0x80, 0xe2, 0x04, 0x80, 0xfa, 0x00, 0x74, 0x08, 0x81, 0x4e  ; CF73
    db 0xf2, 0x40, 0x00, 0xe9, 0x2c, 0x00, 0x8b, 0x46, 0xf8, 0xba, 0x0c, 0x00, 0xf7, 0xea, 0xc4, 0x3e  ; CF83
    db 0x3e, 0x07, 0x8b, 0xd8, 0x26, 0x8a, 0x51, 0x0a, 0x80, 0xe2, 0x01, 0x80, 0xfa, 0x00, 0x74, 0x0d  ; CF93
    db 0xeb, 0x03, 0xe9, 0x19, 0x00, 0x81, 0x4e, 0xf2, 0x02, 0x00, 0xe9, 0x05, 0x00, 0x81, 0x4e, 0xf2  ; CFA3
    db 0x20, 0x00, 0xc4, 0x3e, 0x46, 0x07, 0x26, 0xc7, 0x05, 0x00, 0x00, 0xe9, 0x05, 0x00, 0xc7, 0x46  ; CFB3
    db 0xf2, 0x01, 0x00, 0xff, 0x76, 0xf6, 0x9a, 0x0e, 0x00, 0x70, 0x94, 0x89, 0x46, 0xf4, 0x8b, 0x46  ; CFC3
    db 0xf2, 0x8b, 0xe5, 0x5d, 0xca, 0x02, 0x00, 0x55, 0x8b, 0xec, 0x83, 0xec, 0x0e, 0xbf, 0x80, 0x8f  ; CFD3
    db 0x57, 0x9a, 0x0e, 0x00, 0x70, 0x94, 0x89, 0x46, 0xf6, 0x8b, 0x7e, 0x06, 0x83, 0xc7, 0x9f, 0x89  ; CFE3
    db 0x7e, 0xf8, 0x83, 0xff, 0x00, 0x7c, 0x05, 0x83, 0xff, 0x1a, 0x7c, 0x08, 0xc7, 0x46, 0xf2, 0x10  ; CFF3
    db 0x00, 0xe9, 0x4c, 0x00, 0x9a, 0x16, 0x1a, 0x71, 0x94, 0x89, 0x46, 0xf2, 0x3d, 0x00, 0x00, 0x75  ; D003
    db 0x31, 0x8b, 0x46, 0xf8, 0xba, 0x0c, 0x00, 0xf7, 0xea, 0xc4, 0x3e, 0x3e, 0x07, 0x8b, 0xd8, 0x26  ; D013
    db 0x8a, 0x51, 0x0a, 0x2a, 0xf6, 0x81, 0xe2, 0x40, 0x00, 0x83, 0xfa, 0x00, 0x75, 0x0c, 0xc4, 0x3e  ; D023
    db 0x3e, 0x07, 0x26, 0x80, 0x71, 0x0a, 0x04, 0xe9, 0x0d, 0x00, 0xc7, 0x46, 0xf2, 0x00, 0x04, 0xe9  ; D033
    db 0x05, 0x00, 0xc7, 0x46, 0xf2, 0x01, 0x00, 0xc4, 0x3e, 0x46, 0x07, 0x26, 0xc7, 0x05, 0x00, 0x00  ; D043
    db 0xff, 0x76, 0xf6, 0x9a, 0x0e, 0x00, 0x70, 0x94, 0x89, 0x46, 0xf4, 0x8b, 0x46, 0xf2, 0x8b, 0xe5  ; D053
    db 0x5d, 0xca, 0x02, 0x00, 0x55, 0x8b, 0xec, 0x83, 0xec, 0x0e, 0xbf, 0x80, 0x8f, 0x57, 0x9a, 0x0e  ; D063
    db 0x00, 0x70, 0x94, 0x89, 0x46, 0xf6, 0x80, 0x7e, 0x06, 0x61, 0x72, 0x2a, 0x80, 0x7e, 0x06, 0x7a  ; D073
    db 0x77, 0x24, 0x8a, 0x56, 0x06, 0x2a, 0xf6, 0x83, 0xc2, 0x9f, 0x89, 0x56, 0xf8, 0x8b, 0xc2, 0xba  ; D083
    db 0x0c, 0x00, 0xf7, 0xea, 0xc4, 0x3e, 0x3e, 0x07, 0x8b, 0xd8, 0x26, 0x8a, 0x51, 0x0a, 0x2a, 0xf6  ; D093
    db 0x89, 0x56, 0xf4, 0xe9, 0x05, 0x00, 0xc7, 0x46, 0xf4, 0x00, 0x00, 0xff, 0x76, 0xf6, 0x9a, 0x0e  ; D0A3
    db 0x00, 0x70, 0x94, 0x89, 0x46, 0xf2, 0x8b, 0x46, 0xf4, 0x8b, 0xe5, 0x5d, 0xca, 0x02, 0x00, 0x55  ; D0B3
    db 0x8b, 0xec, 0x83, 0xec, 0x0c, 0x56, 0x51, 0x8b, 0x46, 0x06, 0xba, 0x4e, 0x00, 0xf7, 0xea, 0xc4  ; D0C3
    db 0x3e, 0x42, 0x07, 0x8b, 0xd8, 0x26, 0x8b, 0x51, 0x3a, 0xc4, 0x3e, 0x42, 0x07, 0x26, 0x03, 0x51  ; D0D3
    db 0x40, 0x89, 0x56, 0xf8, 0x8b, 0x46, 0x06, 0xba, 0x0c, 0x00, 0xf7, 0xea, 0x8c, 0xc2, 0xc4, 0x36  ; D0E3
    db 0x3e, 0x07, 0x8b, 0xcb, 0x8b, 0xd8, 0x26, 0x8b, 0x00, 0x89, 0x46, 0xf6, 0x57, 0x52, 0xff, 0x76  ; D0F3
    db 0xf8, 0xc4, 0x36, 0x4a, 0x07, 0x8b, 0xce, 0x03, 0xc8, 0x06, 0x51, 0x9a, 0x4a, 0x19, 0x71, 0x94  ; D103
    db 0x83, 0xc4, 0x02, 0x88, 0x46, 0xf5, 0xbf, 0x4c, 0x00, 0x57, 0x8b, 0x46, 0x06, 0xba, 0x4e, 0x00  ; D113
    db 0xf7, 0xea, 0xc4, 0x3e, 0x42, 0x07, 0x8b, 0xd7, 0x03, 0xd0, 0x06, 0x52, 0x9a, 0x4a, 0x19, 0x71  ; D123
    db 0x94, 0x83, 0xc4, 0x02, 0x88, 0x46, 0xf4, 0xbf, 0x08, 0x00, 0x57, 0x8b, 0x46, 0x06, 0xba, 0x0c  ; D133
    db 0x00, 0xf7, 0xea, 0xc4, 0x3e, 0x3e, 0x07, 0x8b, 0xf7, 0x03, 0xf0, 0x06, 0x56, 0x9a, 0x4a, 0x19  ; D143
    db 0x71, 0x94, 0x83, 0xc4, 0x02, 0x00, 0x46, 0xf4, 0x8a, 0x56, 0xf5, 0x8b, 0x46, 0x06, 0x8a, 0xca  ; D153
    db 0xba, 0x0c, 0x00, 0xf7, 0xea, 0xc4, 0x3e, 0x3e, 0x07, 0x8b, 0xd8, 0x26, 0x88, 0x49, 0x0b, 0x8a  ; D163
    db 0x56, 0xf4, 0x8b, 0x46, 0x06, 0x8a, 0xca, 0xba, 0x4e, 0x00, 0xf7, 0xea, 0xc4, 0x36, 0x42, 0x07  ; D173
    db 0x8b, 0xd8, 0x26, 0x88, 0x48, 0x4c, 0x8b, 0x46, 0x06, 0xba, 0x0c, 0x00, 0xf7, 0xea, 0xc4, 0x3e  ; D183
    db 0x3e, 0x07, 0x8b, 0xd8, 0x26, 0x80, 0x61, 0x0a, 0xdf, 0x83, 0xc4, 0x02, 0x83, 0xc4, 0x02, 0x59  ; D193
    db 0x5e, 0x8b, 0xe5, 0x5d, 0xca, 0x02, 0x00, 0x55, 0x8b, 0xec, 0x83, 0xec, 0x2a, 0x56, 0x51, 0xc7  ; D1A3
    db 0x46, 0xe6, 0x00, 0x00, 0x8b, 0x46, 0x06, 0xba, 0x0c, 0x00, 0xf7, 0xea, 0xc4, 0x3e, 0x3e, 0x07  ; D1B3
    db 0x8b, 0xd8, 0x26, 0x8b, 0x11, 0x89, 0x56, 0xe2, 0xc4, 0x3e, 0x4a, 0x07, 0x8b, 0xc7, 0x03, 0xc2  ; D1C3
    db 0x89, 0x46, 0xf2, 0x8c, 0x46, 0xf4, 0x8b, 0x46, 0x06, 0xba, 0x0c, 0x00, 0xf7, 0xea, 0xc4, 0x3e  ; D1D3
    db 0x3e, 0x07, 0x8b, 0xd8, 0x26, 0x8b, 0x51, 0x04, 0x89, 0x56, 0xe0, 0xc4, 0x3e, 0x4a, 0x07, 0x8b  ; D1E3
    db 0xc7, 0x03, 0xc2, 0x89, 0x46, 0xee, 0x8c, 0x46, 0xf0, 0x8b, 0x46, 0x06, 0xba, 0x4e, 0x00, 0xf7  ; D1F3
    db 0xea, 0xc4, 0x3e, 0x42, 0x07, 0x8b, 0xd8, 0x26, 0xc4, 0x51, 0x36, 0x89, 0x56, 0xdc, 0x8c, 0x46  ; D203
    db 0xde, 0xc4, 0x3e, 0x42, 0x07, 0x26, 0xc4, 0x79, 0x3c, 0x89, 0x7e, 0xd8, 0x8c, 0x46, 0xda, 0xc4  ; D213
    db 0x56, 0xf2, 0x8c, 0xc0, 0xc4, 0x7e, 0xdc, 0x3b, 0xd7, 0x75, 0x18, 0x8c, 0xc7, 0x3b, 0xc7, 0x75  ; D223
    db 0x12, 0xc4, 0x56, 0xee, 0x8c, 0xc3, 0xc4, 0x7e, 0xd8, 0x3b, 0xd7, 0x75, 0x06, 0x8c, 0xc7, 0x3b  ; D233
    db 0xdf, 0x74, 0x0b, 0xc7, 0x06, 0x90, 0x06, 0x87, 0x03, 0x81, 0x4e, 0xe6, 0x01, 0x00, 0x83, 0x7e  ; D243
    db 0xe2, 0x00, 0x7c, 0x14, 0x81, 0x7e, 0xe2, 0x00, 0x68, 0x7f, 0x0d, 0x83, 0x7e, 0xe0, 0x00, 0x7c  ; D253
    db 0x07, 0x81, 0x7e, 0xe0, 0x00, 0x68, 0x7e, 0x0b, 0xc7, 0x06, 0x90, 0x06, 0x8f, 0x03, 0x81, 0x4e  ; D263
    db 0xe6, 0x01, 0x00, 0x8b, 0x46, 0x06, 0xba, 0x0c, 0x00, 0xf7, 0xea, 0xc4, 0x3e, 0x3e, 0x07, 0x8b  ; D273
    db 0xd8, 0x26, 0x8b, 0x51, 0x02, 0x89, 0x56, 0xec, 0xc4, 0x3e, 0x3e, 0x07, 0x26, 0x8b, 0x51, 0x06  ; D283
    db 0x89, 0x56, 0xea, 0x8b, 0x7e, 0xec, 0x03, 0xfa, 0x89, 0x7e, 0xe8, 0x8b, 0x7e, 0xec, 0x8b, 0x46  ; D293
    db 0x06, 0xba, 0x4e, 0x00, 0xf7, 0xea, 0xc4, 0x1e, 0x42, 0x07, 0x8b, 0xf0, 0x26, 0x8b, 0x50, 0x3a  ; D2A3
    db 0x3b, 0xfa, 0x75, 0x0f, 0x8b, 0x56, 0xea, 0xc4, 0x1e, 0x42, 0x07, 0x26, 0x8b, 0x78, 0x40, 0x3b  ; D2B3
    db 0xd7, 0x74, 0x0b, 0xc7, 0x06, 0x90, 0x06, 0x9b, 0x03, 0x81, 0x4e, 0xe6, 0x02, 0x00, 0x81, 0x7e  ; D2C3
    db 0xe8, 0x00, 0x20, 0x7f, 0x1f, 0x81, 0x7e, 0xe8, 0x00, 0x04, 0x7c, 0x18, 0x8b, 0x7e, 0xe8, 0x81  ; D2D3
    db 0xe7, 0xff, 0x03, 0x83, 0xff, 0x00, 0x75, 0x0c, 0x8b, 0x7e, 0xe2, 0x03, 0x7e, 0xe8, 0x81, 0xff  ; D2E3
    db 0x00, 0x68, 0x7e, 0x0b, 0xc7, 0x06, 0x90, 0x06, 0xab, 0x03, 0x81, 0x4e, 0xe6, 0x02, 0x00, 0x8b  ; D2F3
    db 0x46, 0x06, 0xba, 0x0c, 0x00, 0xf7, 0xea, 0xc4, 0x3e, 0x3e, 0x07, 0x8b, 0xd8, 0x26, 0x8a, 0x51  ; D303
    db 0x0a, 0x2a, 0xf6, 0x89, 0x56, 0xd6, 0x81, 0xe2, 0x01, 0x00, 0x83, 0xfa, 0x00, 0x74, 0x11, 0x8b  ; D313
    db 0x76, 0xd6, 0x81, 0xe6, 0xfa, 0xff, 0x83, 0xfe, 0x00, 0x74, 0x05, 0x81, 0x4e, 0xe6, 0x80, 0x00  ; D323
    db 0x8b, 0x7e, 0xd6, 0x81, 0xe7, 0x02, 0x00, 0x83, 0xff, 0x00, 0x74, 0x11, 0x8b, 0x7e, 0xd6, 0x81  ; D333
    db 0xe7, 0x80, 0x00, 0x83, 0xff, 0x00, 0x74, 0x05, 0x81, 0x4e, 0xe6, 0x80, 0x00, 0x8b, 0x7e, 0xd6  ; D343
    db 0x81, 0xe7, 0x18, 0x00, 0x83, 0xff, 0x00, 0x75, 0x15, 0x8b, 0x46, 0x06, 0xba, 0x0c, 0x00, 0xf7  ; D353
    db 0xea, 0xc4, 0x3e, 0x3e, 0x07, 0x8b, 0xd8, 0x26, 0x83, 0x79, 0x08, 0x00, 0x74, 0x05, 0x81, 0x4e  ; D363
    db 0xe6, 0x00, 0x02, 0x83, 0x7e, 0xe6, 0x00, 0x74, 0x07, 0x81, 0x7e, 0xe6, 0x00, 0x02, 0x75, 0x76  ; D373
    db 0x8b, 0x46, 0x06, 0xba, 0x4e, 0x00, 0xf7, 0xea, 0xc4, 0x3e, 0x42, 0x07, 0x8b, 0xd8, 0x26, 0x8b  ; D383
    db 0x71, 0x3a, 0xc4, 0x3e, 0x42, 0x07, 0x26, 0x03, 0x71, 0x40, 0x89, 0x76, 0xf8, 0x8b, 0x46, 0x06  ; D393
    db 0xba, 0x0c, 0x00, 0xf7, 0xea, 0x8c, 0xc2, 0xc4, 0x36, 0x3e, 0x07, 0x8b, 0xcb, 0x8b, 0xd8, 0x26  ; D3A3
    db 0x8b, 0x00, 0x89, 0x46, 0xe4, 0x57, 0x52, 0xff, 0x76, 0xf8, 0xc4, 0x36, 0x4a, 0x07, 0x8b, 0xce  ; D3B3
    db 0x03, 0xc8, 0x06, 0x51, 0x9a, 0x4a, 0x19, 0x71, 0x94, 0x83, 0xc4, 0x02, 0x88, 0x46, 0xf7, 0xbf  ; D3C3
    db 0x4c, 0x00, 0x57, 0x8b, 0x46, 0x06, 0xba, 0x4e, 0x00, 0xf7, 0xea, 0xc4, 0x3e, 0x42, 0x07, 0x8b  ; D3D3
    db 0xd7, 0x03, 0xd0, 0x06, 0x52, 0x9a, 0x4a, 0x19, 0x71, 0x94, 0x83, 0xc4, 0x02, 0x88, 0x46, 0xf6  ; D3E3
    db 0xbf, 0x08, 0x00, 0x57, 0xeb, 0x03, 0xe9, 0x6f, 0x00, 0x8b, 0x46, 0x06, 0xba, 0x0c, 0x00, 0xf7  ; D3F3
    db 0xea, 0xc4, 0x3e, 0x3e, 0x07, 0x8b, 0xf7, 0x03, 0xf0, 0x06, 0x56, 0x9a, 0x4a, 0x19, 0x71, 0x94  ; D403
    db 0x83, 0xc4, 0x02, 0x00, 0x46, 0xf6, 0x83, 0xc4, 0x02, 0x83, 0xc4, 0x02, 0x8a, 0x56, 0xf7, 0x8b  ; D413
    db 0x46, 0x06, 0x8a, 0xca, 0xba, 0x0c, 0x00, 0xf7, 0xea, 0xc4, 0x3e, 0x3e, 0x07, 0x8b, 0xd8, 0x26  ; D423
    db 0x8a, 0x51, 0x0b, 0x3a, 0xca, 0x74, 0x0b, 0xc7, 0x06, 0x90, 0x06, 0xef, 0x03, 0x81, 0x4e, 0xe6  ; D433
    db 0x04, 0x00, 0x8a, 0x56, 0xf6, 0x8b, 0x46, 0x06, 0x8a, 0xca, 0xba, 0x4e, 0x00, 0xf7, 0xea, 0xc4  ; D443
    db 0x3e, 0x42, 0x07, 0x8b, 0xd8, 0x26, 0x8a, 0x51, 0x4c, 0x3a, 0xca, 0x74, 0x0b, 0x81, 0x4e, 0xe6  ; D453
    db 0x80, 0x00, 0xc7, 0x06, 0x90, 0x06, 0xf6, 0x03, 0x8b, 0x46, 0xe6, 0x59, 0x5e, 0x8b, 0xe5, 0x5d  ; D463
    db 0xca, 0x02, 0x00, 0x55, 0x8b, 0xec, 0x81, 0xec, 0xb8, 0x00, 0x56, 0x51, 0xbf, 0x80, 0x8f, 0x57  ; D473
    db 0x9a, 0x0e, 0x00, 0x70, 0x94, 0x89, 0x86, 0x4c, 0xff, 0xc4, 0x3e, 0x46, 0x07, 0x26, 0xc7, 0x45  ; D483
    db 0x0c, 0x00, 0x00, 0xc4, 0x1e, 0x46, 0x07, 0x26, 0xc7, 0x47, 0x0a, 0x00, 0x00, 0xc7, 0x86, 0x50  ; D493
    db 0xff, 0x00, 0x00, 0xc4, 0x3e, 0x46, 0x07, 0x26, 0x83, 0x3d, 0x00, 0x74, 0x1b, 0xc4, 0x3e, 0x46  ; D4A3
    db 0x07, 0x26, 0xff, 0x45, 0x0c, 0xc4, 0x3e, 0x46, 0x07, 0x26, 0x81, 0x4d, 0x0a, 0x00, 0x01, 0xc4  ; D4B3
    db 0x3e, 0x46, 0x07, 0x26, 0xc7, 0x05, 0x00, 0x00, 0xc4, 0x3e, 0x46, 0x07, 0x26, 0x83, 0x7d, 0x02  ; D4C3
    db 0x00, 0x75, 0x0b, 0xc4, 0x1e, 0x46, 0x07, 0x26, 0x83, 0x7f, 0x04, 0x00, 0x74, 0x26, 0xc4, 0x3e  ; D4D3
    db 0x46, 0x07, 0x26, 0xff, 0x45, 0x0c, 0xc4, 0x1e, 0x46, 0x07, 0x26, 0x81, 0x4f, 0x0a, 0x00, 0x02  ; D4E3
    db 0xc4, 0x3e, 0x46, 0x07, 0x26, 0xc7, 0x45, 0x04, 0x00, 0x00, 0xc4, 0x3e, 0x46, 0x07, 0x26, 0xc7  ; D4F3
    db 0x45, 0x02, 0x00, 0x00, 0xc7, 0x86, 0x56, 0xff, 0x00, 0x00, 0xe9, 0xed, 0x01, 0x8b, 0x86, 0x56  ; D503
    db 0xff, 0xba, 0x06, 0x00, 0xf7, 0xea, 0x8b, 0xf8, 0xc6, 0x83, 0x62, 0xff, 0x00, 0x8b, 0x86, 0x56  ; D513
    db 0xff, 0xba, 0x0c, 0x00, 0xf7, 0xea, 0xc4, 0x1e, 0x3e, 0x07, 0x8b, 0xf8, 0x26, 0x8a, 0x51, 0x0a  ; D523
    db 0x80, 0xe2, 0x01, 0x80, 0xfa, 0x00, 0x74, 0x75, 0xc4, 0x1e, 0x3e, 0x07, 0x26, 0x83, 0x39, 0x00  ; D533
    db 0x75, 0x69, 0xc4, 0x1e, 0x3e, 0x07, 0x26, 0x83, 0x79, 0x04, 0x00, 0x75, 0x5e, 0xc4, 0x1e, 0x3e  ; D543
    db 0x07, 0x26, 0x83, 0x79, 0x02, 0x00, 0x75, 0x53, 0xc4, 0x1e, 0x3e, 0x07, 0x26, 0x83, 0x79, 0x04  ; D553
    db 0x00, 0x75, 0x48, 0xc4, 0x1e, 0x3e, 0x07, 0x26, 0x83, 0x79, 0x08, 0x00, 0x75, 0x3d, 0x8b, 0x86  ; D563
    db 0x56, 0xff, 0xba, 0x4e, 0x00, 0xf7, 0xea, 0xc4, 0x1e, 0x42, 0x07, 0x8b, 0xf8, 0x26, 0x8b, 0x51  ; D573
    db 0x36, 0x26, 0x0b, 0x51, 0x38, 0x75, 0x24, 0xc4, 0x1e, 0x42, 0x07, 0x26, 0x83, 0x79, 0x3a, 0x00  ; D583
    db 0x75, 0x19, 0xc4, 0x1e, 0x42, 0x07, 0x26, 0x8b, 0x51, 0x3c, 0x26, 0x0b, 0x51, 0x3e, 0x75, 0x0b  ; D593
    db 0xc4, 0x1e, 0x42, 0x07, 0x26, 0x83, 0x79, 0x40, 0x00, 0x74, 0x78, 0xeb, 0x03, 0xe9, 0xbe, 0x00  ; D5A3
    db 0xc7, 0x06, 0x90, 0x06, 0x44, 0x04, 0x8b, 0x86, 0x56, 0xff, 0xba, 0x0c, 0x00, 0xf7, 0xea, 0xc4  ; D5B3
    db 0x3e, 0x3e, 0x07, 0x8b, 0xd8, 0x26, 0xc7, 0x01, 0x00, 0x00, 0x8b, 0x86, 0x56, 0xff, 0xba, 0x0c  ; D5C3
    db 0x00, 0xf7, 0xea, 0xc4, 0x3e, 0x3e, 0x07, 0x8b, 0xd8, 0x26, 0xc7, 0x41, 0x04, 0x00, 0x00, 0x8b  ; D5D3
    db 0x86, 0x56, 0xff, 0xba, 0x0c, 0x00, 0xf7, 0xea, 0xc4, 0x3e, 0x3e, 0x07, 0x8b, 0xd8, 0x26, 0xc7  ; D5E3
    db 0x41, 0x02, 0x00, 0x00, 0x8b, 0x86, 0x56, 0xff, 0xba, 0x0c, 0x00, 0xf7, 0xea, 0xc4, 0x3e, 0x3e  ; D5F3
    db 0x07, 0x8b, 0xd8, 0x26, 0xc7, 0x41, 0x04, 0x00, 0x00, 0x8b, 0x86, 0x56, 0xff, 0xba, 0x0c, 0x00  ; D603
    db 0xf7, 0xea, 0xc4, 0x3e, 0x3e, 0x07, 0x8b, 0xd8, 0x26, 0xc7, 0x41, 0x08, 0x00, 0x00, 0x2b, 0xd2  ; D613
    db 0x52, 0xeb, 0x03, 0xe9, 0xd0, 0x00, 0xbf, 0x4e, 0x00, 0x57, 0x8b, 0x86, 0x56, 0xff, 0xba, 0x4e  ; D623
    db 0x00, 0xf7, 0xea, 0xc4, 0x3e, 0x42, 0x07, 0x8b, 0xd7, 0x03, 0xd0, 0x06, 0x52, 0x9a, 0x77, 0x19  ; D633
    db 0x71, 0x94, 0x83, 0xc4, 0x04, 0xc4, 0x3e, 0x46, 0x07, 0x26, 0xff, 0x45, 0x0c, 0xc4, 0x1e, 0x46  ; D643
    db 0x07, 0x26, 0x81, 0x4f, 0x0a, 0x80, 0x00, 0x8b, 0x86, 0x56, 0xff, 0xba, 0x0c, 0x00, 0xf7, 0xea  ; D653
    db 0xc4, 0x3e, 0x3e, 0x07, 0x8b, 0xd8, 0x26, 0xc6, 0x41, 0x0a, 0x01, 0xe9, 0x88, 0x00, 0xff, 0xb6  ; D663
    db 0x56, 0xff, 0x9a, 0x9a, 0x0a, 0x71, 0x94, 0x89, 0x86, 0x4e, 0xff, 0x3d, 0x00, 0x00, 0x74, 0x76  ; D673
    db 0xc7, 0x06, 0x90, 0x06, 0x59, 0x04, 0xc4, 0x3e, 0x46, 0x07, 0x26, 0xff, 0x45, 0x0c, 0x8b, 0x96  ; D683
    db 0x4e, 0xff, 0xc4, 0x1e, 0x46, 0x07, 0x26, 0x09, 0x57, 0x0a, 0x8b, 0x96, 0x4e, 0xff, 0x81, 0xe2  ; D693
    db 0xfb, 0xfd, 0x83, 0xfa, 0x00, 0x74, 0x12, 0xc7, 0x06, 0x90, 0x06, 0x62, 0x04, 0xff, 0xb6, 0x56  ; D6A3
    db 0xff, 0x9a, 0xd9, 0x1a, 0x71, 0x94, 0xe9, 0x3d, 0x00, 0x8b, 0x86, 0x56, 0xff, 0xba, 0x0c, 0x00  ; D6B3
    db 0xf7, 0xea, 0xc4, 0x3e, 0x3e, 0x07, 0x8b, 0xd8, 0x26, 0x80, 0x49, 0x0a, 0x20, 0x8b, 0x86, 0x56  ; D6C3
    db 0xff, 0xba, 0x0c, 0x00, 0xf7, 0xea, 0xc4, 0x3e, 0x3e, 0x07, 0x8b, 0xd8, 0x26, 0x80, 0x61, 0x0a  ; D6D3
    db 0xe7, 0x8b, 0x86, 0x56, 0xff, 0xba, 0x0c, 0x00, 0xf7, 0xea, 0xc4, 0x3e, 0x3e, 0x07, 0x8b, 0xd8  ; D6E3
    db 0x26, 0xc7, 0x41, 0x08, 0x00, 0x00, 0xff, 0x86, 0x56, 0xff, 0x83, 0xbe, 0x56, 0xff, 0x1a, 0x7d  ; D6F3
    db 0x03, 0xe9, 0x09, 0xfe, 0xc7, 0x86, 0x48, 0xff, 0x00, 0x00, 0xc7, 0x86, 0x56, 0xff, 0x00, 0x00  ; D703
    db 0xe9, 0x60, 0x00, 0x8b, 0x86, 0x56, 0xff, 0xba, 0x0c, 0x00, 0xf7, 0xea, 0xc4, 0x3e, 0x3e, 0x07  ; D713
    db 0x8b, 0xd8, 0x26, 0x8a, 0x51, 0x0a, 0x80, 0xe2, 0x02, 0x80, 0xfa, 0x00, 0x74, 0x41, 0xc4, 0x3e  ; D723
    db 0x3e, 0x07, 0x26, 0x8b, 0x11, 0x8b, 0x86, 0x48, 0xff, 0x8b, 0xfa, 0xba, 0x06, 0x00, 0xf7, 0xea  ; D733
    db 0x8b, 0xf0, 0x89, 0xba, 0x5e, 0xff, 0x8b, 0x96, 0x56, 0xff, 0x8b, 0x86, 0x48, 0xff, 0x8b, 0xf2  ; D743
    db 0xba, 0x06, 0x00, 0xf7, 0xea, 0x8b, 0xf8, 0x89, 0xb3, 0x60, 0xff, 0x8b, 0x86, 0x48, 0xff, 0xba  ; D753
    db 0x06, 0x00, 0xf7, 0xea, 0x8b, 0xf8, 0xc6, 0x83, 0x62, 0xff, 0x00, 0xff, 0x86, 0x48, 0xff, 0xff  ; D763
    db 0x86, 0x56, 0xff, 0x83, 0xbe, 0x56, 0xff, 0x1a, 0x7c, 0x99, 0x83, 0xbe, 0x48, 0xff, 0x01, 0x7e  ; D773
    db 0x77, 0xc7, 0x86, 0x56, 0xff, 0x00, 0x00, 0xe9, 0xdc, 0x00, 0xc7, 0x86, 0x54, 0xff, 0x00, 0x00  ; D783
    db 0xe9, 0xbd, 0x00, 0x8b, 0x86, 0x54, 0xff, 0xba, 0x06, 0x00, 0xf7, 0xea, 0x8b, 0xf8, 0x8b, 0xb3  ; D793
    db 0x5e, 0xff, 0x8b, 0x96, 0x54, 0xff, 0x42, 0x8b, 0xc2, 0xba, 0x06, 0x00, 0xf7, 0xea, 0x8b, 0xf8  ; D7A3
    db 0x8b, 0x93, 0x5e, 0xff, 0x3b, 0xf2, 0x7e, 0x77, 0x8b, 0x86, 0x54, 0xff, 0xba, 0x06, 0x00, 0xf7  ; D7B3
    db 0xea, 0x89, 0xb6, 0x58, 0xff, 0x8b, 0xf8, 0x8b, 0x93, 0x60, 0xff, 0x89, 0x96, 0x5a, 0xff, 0x8a  ; D7C3
    db 0x9b, 0x62, 0xff, 0x88, 0x9e, 0x5c, 0xff, 0x8b, 0xb6, 0x54, 0xff, 0x46, 0x8b, 0xc6, 0xba, 0x06  ; D7D3
    db 0x00, 0xf7, 0xea, 0x8b, 0xf0, 0x8b, 0x92, 0x5e, 0xff, 0x89, 0x93, 0x5e, 0xff, 0x8b, 0x9e, 0x54  ; D7E3
    db 0xff, 0x43, 0x8b, 0x9a, 0x60, 0xff, 0xeb, 0x03, 0xe9, 0x0a, 0x02, 0x89, 0x9b, 0x60, 0xff, 0x8b  ; D7F3
    db 0x96, 0x54, 0xff, 0x42, 0x8a, 0x92, 0x62, 0xff, 0x88, 0x93, 0x62, 0xff, 0x8b, 0x9e, 0x58, 0xff  ; D803
    db 0x8b, 0x96, 0x54, 0xff, 0x42, 0x89, 0x9a, 0x5e, 0xff, 0x8b, 0x96, 0x5a, 0xff, 0x8b, 0x9e, 0x54  ; D813
    db 0xff, 0x43, 0x8b, 0xc3, 0x8b, 0xda, 0xba, 0x06, 0x00, 0xf7, 0xea, 0x8b, 0xf8, 0xeb, 0x03, 0xe9  ; D823
    db 0x1a, 0x00, 0x89, 0x9b, 0x60, 0xff, 0x8a, 0x96, 0x5c, 0xff, 0x8b, 0x86, 0x54, 0xff, 0x40, 0x8a  ; D833
    db 0xda, 0xba, 0x06, 0x00, 0xf7, 0xea, 0x8b, 0xf8, 0x88, 0x9b, 0x62, 0xff, 0xff, 0x86, 0x54, 0xff  ; D843
    db 0x8b, 0xbe, 0x48, 0xff, 0x2b, 0xbe, 0x56, 0xff, 0x4f, 0x39, 0xbe, 0x54, 0xff, 0x7d, 0x03, 0xe9  ; D853
    db 0x31, 0xff, 0xff, 0x86, 0x56, 0xff, 0x8b, 0xbe, 0x48, 0xff, 0x39, 0xbe, 0x56, 0xff, 0x7d, 0x03  ; D863
    db 0xe9, 0x17, 0xff, 0x83, 0xbe, 0x5e, 0xff, 0x00, 0x74, 0x12, 0xc4, 0x36, 0x46, 0x07, 0x26, 0x81  ; D873
    db 0x4c, 0x0a, 0x10, 0x00, 0xc4, 0x3e, 0x46, 0x07, 0x26, 0xff, 0x45, 0x0c, 0xc7, 0x86, 0x56, 0xff  ; D883
    db 0x00, 0x00, 0xe9, 0xd6, 0x00, 0x8b, 0x86, 0x56, 0xff, 0xba, 0x06, 0x00, 0xf7, 0xea, 0x8b, 0xf8  ; D893
    db 0x8b, 0xb3, 0x5e, 0xff, 0xc4, 0x16, 0x3e, 0x07, 0x8b, 0x83, 0x60, 0xff, 0x8b, 0xda, 0xba, 0x0c  ; D8A3
    db 0x00, 0xf7, 0xea, 0x8b, 0xf8, 0x26, 0x03, 0x71, 0x02, 0x8c, 0xc0, 0xc4, 0x16, 0x3e, 0x07, 0x8b  ; D8B3
    db 0xc8, 0x8b, 0x86, 0x56, 0xff, 0x52, 0xba, 0x06, 0x00, 0xf7, 0xea, 0x5b, 0x26, 0x03, 0x71, 0x06  ; D8C3
    db 0x89, 0xb6, 0x52, 0xff, 0x8b, 0x96, 0x56, 0xff, 0x42, 0x8b, 0xc8, 0x8b, 0xc2, 0xba, 0x06, 0x00  ; D8D3
    db 0xf7, 0xea, 0x8b, 0xd7, 0x8b, 0xf8, 0x8b, 0x83, 0x5e, 0xff, 0x3b, 0xf0, 0x75, 0x09, 0xc7, 0x06  ; D8E3
    db 0x90, 0x06, 0xbc, 0x04, 0xe9, 0x70, 0x00, 0x8b, 0xbe, 0x52, 0xff, 0x8b, 0xb6, 0x56, 0xff, 0x46  ; D8F3
    db 0x8b, 0xc6, 0xba, 0x06, 0x00, 0xf7, 0xea, 0x8b, 0xf0, 0x8b, 0x92, 0x5e, 0xff, 0x3b, 0xfa, 0x7e  ; D903
    db 0x3e, 0xc7, 0x06, 0x90, 0x06, 0xc5, 0x04, 0xc4, 0x1e, 0x46, 0x07, 0x26, 0x81, 0x4f, 0x0a, 0x08  ; D913
    db 0x00, 0xc4, 0x3e, 0x46, 0x07, 0x26, 0xff, 0x45, 0x0c, 0x8b, 0x86, 0x56, 0xff, 0xba, 0x06, 0x00  ; D923
    db 0xf7, 0xea, 0x8b, 0xf8, 0x80, 0x8b, 0x62, 0xff, 0x01, 0x8b, 0x96, 0x56, 0xff, 0x42, 0x8b, 0xc2  ; D933
    db 0xba, 0x06, 0x00, 0xf7, 0xea, 0x8b, 0xf8, 0x80, 0x8b, 0x62, 0xff, 0x01, 0xe9, 0x18, 0x00, 0xc7  ; D943
    db 0x06, 0x90, 0x06, 0xd3, 0x04, 0xc4, 0x3e, 0x46, 0x07, 0x26, 0x81, 0x4d, 0x0a, 0x10, 0x00, 0xc4  ; D953
    db 0x36, 0x46, 0x07, 0x26, 0xff, 0x44, 0x0c, 0xff, 0x86, 0x56, 0xff, 0x8b, 0xbe, 0x48, 0xff, 0x4f  ; D963
    db 0x39, 0xbe, 0x56, 0xff, 0x7d, 0x03, 0xe9, 0x1c, 0xff, 0x89, 0xbe, 0x56, 0xff, 0x8b, 0xc7, 0xba  ; D973
    db 0x06, 0x00, 0xf7, 0xea, 0x8b, 0xf0, 0x8b, 0x92, 0x5e, 0xff, 0xc4, 0x0e, 0x3e, 0x07, 0x8b, 0x82  ; D983
    db 0x60, 0xff, 0x8b, 0xda, 0xba, 0x0c, 0x00, 0xf7, 0xea, 0x8b, 0xf9, 0x8b, 0xd3, 0x8b, 0xd8, 0x26  ; D993
    db 0x03, 0x51, 0x02, 0x8c, 0xc0, 0xc4, 0x0e, 0x3e, 0x07, 0x8b, 0xf9, 0x26, 0x03, 0x51, 0x06, 0x89  ; D9A3
    db 0x96, 0x52, 0xff, 0x8c, 0xc0, 0xc4, 0x3e, 0x46, 0x07, 0x57, 0x26, 0x8b, 0x7d, 0x08, 0x83, 0xc4  ; D9B3
    db 0x02, 0x3b, 0xd7, 0x75, 0x09, 0xc7, 0x06, 0x90, 0x06, 0xe7, 0x04, 0xe9, 0xb1, 0x00, 0xc7, 0x06  ; D9C3
    db 0x90, 0x06, 0xee, 0x04, 0x8b, 0x86, 0x56, 0xff, 0xba, 0x06, 0x00, 0xf7, 0xea, 0x8b, 0xf8, 0x80  ; D9D3
    db 0x8b, 0x62, 0xff, 0x01, 0xc4, 0x36, 0x46, 0x07, 0x26, 0x81, 0x4c, 0x0a, 0x20, 0x00, 0xc4, 0x1e  ; D9E3
    db 0x46, 0x07, 0x26, 0xff, 0x47, 0x0c, 0x8b, 0x96, 0x52, 0xff, 0xc4, 0x36, 0x46, 0x07, 0x26, 0x89  ; D9F3
    db 0x54, 0x08, 0xe9, 0x7a, 0x00, 0x83, 0xbe, 0x48, 0xff, 0x01, 0x75, 0x6a, 0x8b, 0xbe, 0x5e, 0xff  ; DA03
    db 0xc4, 0x36, 0x3e, 0x07, 0x8b, 0x86, 0x60, 0xff, 0xba, 0x0c, 0x00, 0xf7, 0xea, 0x8b, 0xd8, 0x26  ; DA13
    db 0x8b, 0x50, 0x02, 0x03, 0xfa, 0xc4, 0x0e, 0x3e, 0x07, 0x8b, 0xf1, 0x26, 0x03, 0x78, 0x06, 0x89  ; DA23
    db 0xbe, 0x52, 0xff, 0x8c, 0xc2, 0xc4, 0x36, 0x46, 0x07, 0x26, 0x8b, 0x44, 0x08, 0x3b, 0xf8, 0x75  ; DA33
    db 0x09, 0xc7, 0x06, 0x90, 0x06, 0x06, 0x05, 0xe9, 0x29, 0x00, 0xc7, 0x06, 0x90, 0x06, 0x0b, 0x05  ; DA43
    db 0x80, 0x8e, 0x62, 0xff, 0x01, 0xc4, 0x3e, 0x46, 0x07, 0x26, 0x81, 0x4d, 0x0a, 0x20, 0x00, 0xc4  ; DA53
    db 0x36, 0x46, 0x07, 0x26, 0xff, 0x44, 0x0c, 0x8b, 0x96, 0x52, 0xff, 0xc4, 0x1e, 0x46, 0x07, 0x26  ; DA63
    db 0x89, 0x57, 0x08, 0xe9, 0x09, 0x00, 0xe9, 0x00, 0x00, 0xc7, 0x06, 0x90, 0x06, 0x19, 0x05, 0xc4  ; DA73
    db 0x3e, 0x46, 0x07, 0x26, 0x8b, 0x75, 0x08, 0xc4, 0x1e, 0x46, 0x07, 0x26, 0x03, 0x77, 0x06, 0x81  ; DA83
    db 0xfe, 0x00, 0x68, 0x75, 0x09, 0xc7, 0x06, 0x90, 0x06, 0x23, 0x05, 0xe9, 0x2b, 0x00, 0xc7, 0x06  ; DA93
    db 0x90, 0x06, 0x28, 0x05, 0xc4, 0x3e, 0x46, 0x07, 0x26, 0x81, 0x4d, 0x0a, 0x40, 0x00, 0xc4, 0x36  ; DAA3
    db 0x46, 0x07, 0x26, 0xff, 0x44, 0x0c, 0xc4, 0x1e, 0x46, 0x07, 0xba, 0x00, 0x68, 0x26, 0x2b, 0x57  ; DAB3
    db 0x08, 0xc4, 0x3e, 0x46, 0x07, 0x26, 0x89, 0x55, 0x06, 0xc4, 0x3e, 0x46, 0x07, 0x26, 0x83, 0x7d  ; DAC3
    db 0x0c, 0x06, 0x7e, 0x1e, 0xc7, 0x06, 0x90, 0x06, 0x33, 0x05, 0x9a, 0x59, 0x18, 0x71, 0x94, 0xff  ; DAD3
    db 0xb6, 0x4c, 0xff, 0x9a, 0x0e, 0x00, 0x70, 0x94, 0x89, 0x86, 0x4a, 0xff, 0xb8, 0xff, 0xff, 0xe9  ; DAE3
    db 0x6e, 0x00, 0xc4, 0x3e, 0x46, 0x07, 0x26, 0x83, 0x7d, 0x0a, 0x00, 0x74, 0x4e, 0xff, 0xb6, 0x48  ; DAF3
    db 0xff, 0x8d, 0xb6, 0x5e, 0xff, 0x16, 0x56, 0x9a, 0x59, 0x14, 0x71, 0x94, 0x83, 0xc4, 0x02, 0x3d  ; DB03
    db 0x00, 0x00, 0x74, 0x1e, 0xc7, 0x06, 0x90, 0x06, 0x40, 0x05, 0x9a, 0x59, 0x18, 0x71, 0x94, 0xff  ; DB13
    db 0xb6, 0x4c, 0xff, 0x9a, 0x0e, 0x00, 0x70, 0x94, 0x89, 0x86, 0x4a, 0xff, 0xb8, 0xff, 0xff, 0xe9  ; DB23
    db 0x2e, 0x00, 0xc7, 0x06, 0x90, 0x06, 0x47, 0x05, 0xff, 0xb6, 0x4c, 0xff, 0x9a, 0x0e, 0x00, 0x70  ; DB33
    db 0x94, 0x89, 0x86, 0x4a, 0xff, 0xb8, 0x01, 0x00, 0xe9, 0x15, 0x00, 0xff, 0xb6, 0x4c, 0xff, 0x9a  ; DB43
    db 0x0e, 0x00, 0x70, 0x94, 0x89, 0x86, 0x4a, 0xff, 0xc7, 0x06, 0x90, 0x06, 0x4f, 0x05, 0x2b, 0xc0  ; DB53
    db 0x59, 0x5e, 0x8b, 0xe5, 0x5d, 0xcb, 0x55, 0x8b, 0xec, 0x83, 0xec, 0x22, 0x56, 0x51, 0xc7, 0x46  ; DB63
    db 0xf0, 0x00, 0x00, 0xc7, 0x46, 0xe0, 0x00, 0x00, 0xc7, 0x46, 0xde, 0x00, 0x68, 0xc7, 0x46, 0xf6  ; DB73
    db 0x00, 0x00, 0xe9, 0xb4, 0x01, 0x8b, 0x46, 0xf6, 0xba, 0x06, 0x00, 0xf7, 0xea, 0xc4, 0x7e, 0x06  ; DB83
    db 0x8b, 0xd8, 0x26, 0x8b, 0x51, 0x02, 0x89, 0x56, 0xf4, 0x8b, 0x56, 0xf0, 0x26, 0x39, 0x11, 0x76  ; DB93
    db 0x70, 0x26, 0x80, 0x79, 0x04, 0x00, 0x75, 0x69, 0xc7, 0x06, 0x90, 0x06, 0x85, 0x05, 0x8b, 0x46  ; DBA3
    db 0xf4, 0xba, 0x0c, 0x00, 0xf7, 0xea, 0xc4, 0x3e, 0x3e, 0x07, 0x8b, 0xd8, 0x26, 0x8b, 0x51, 0x02  ; DBB3
    db 0x89, 0x56, 0xec, 0xc4, 0x3e, 0x3e, 0x07, 0x26, 0x8b, 0x51, 0x06, 0x89, 0x56, 0xea, 0x8b, 0x7e  ; DBC3
    db 0xec, 0x03, 0xfa, 0x89, 0x7e, 0xee, 0xc4, 0x3e, 0x3e, 0x07, 0x26, 0x8b, 0x11, 0x89, 0x56, 0xf2  ; DBD3
    db 0xc4, 0x3e, 0x4a, 0x07, 0x8b, 0xc7, 0x03, 0xc2, 0x89, 0x46, 0xe6, 0x8c, 0x46, 0xe8, 0x8b, 0x56  ; DBE3
    db 0xf0, 0xc4, 0x1e, 0x4a, 0x07, 0x8b, 0xc3, 0x03, 0xc2, 0x89, 0x46, 0xe2, 0x8c, 0x46, 0xe4, 0x03  ; DBF3
    db 0x56, 0xee, 0x8b, 0x7e, 0xde, 0x3b, 0xd7, 0x76, 0x0b, 0xc7, 0x46, 0xe0, 0x01, 0x00, 0xe9, 0x33  ; DC03
    db 0x01, 0xe9, 0xbd, 0x00, 0xc7, 0x46, 0xf8, 0x00, 0x00, 0xe9, 0x19, 0x00, 0xc4, 0x7e, 0xe2, 0xff  ; DC13
    db 0x46, 0xe2, 0x8c, 0xc2, 0xc4, 0x5e, 0xe6, 0xff, 0x46, 0xe6, 0x26, 0x8a, 0x07, 0x8e, 0xc2, 0x26  ; DC23
    db 0x88, 0x05, 0xff, 0x46, 0xf8, 0x8b, 0x7e, 0xee, 0x39, 0x7e, 0xf8, 0x72, 0xdf, 0x8b, 0x56, 0xf0  ; DC33
    db 0x8b, 0x46, 0xf4, 0x8b, 0xda, 0xba, 0x0c, 0x00, 0xf7, 0xea, 0xc4, 0x3e, 0x3e, 0x07, 0x8b, 0xd3  ; DC43
    db 0x8b, 0xd8, 0x26, 0x89, 0x11, 0x8b, 0x7e, 0xf0, 0x03, 0x7e, 0xec, 0x8b, 0x46, 0xf4, 0xba, 0x0c  ; DC53
    db 0x00, 0xf7, 0xea, 0xc4, 0x1e, 0x3e, 0x07, 0x8b, 0xf0, 0x26, 0x89, 0x78, 0x04, 0x8b, 0x56, 0xf0  ; DC63
    db 0xc4, 0x3e, 0x4a, 0x07, 0x8b, 0x46, 0xf4, 0x8b, 0xf2, 0xba, 0x4e, 0x00, 0xf7, 0xea, 0x8b, 0xd7  ; DC73
    db 0x03, 0xd6, 0x8c, 0xc1, 0xc4, 0x1e, 0x42, 0x07, 0x56, 0x8b, 0xf0, 0x26, 0x89, 0x50, 0x36, 0x26  ; DC83
    db 0x89, 0x48, 0x38, 0x8b, 0x56, 0xf0, 0x03, 0x56, 0xec, 0xc4, 0x0e, 0x4a, 0x07, 0x8b, 0x46, 0xf4  ; DC93
    db 0x8b, 0xf2, 0xba, 0x4e, 0x00, 0xf7, 0xea, 0x8b, 0xf9, 0x03, 0xfe, 0x8c, 0xc2, 0xc4, 0x1e, 0x42  ; DCA3
    db 0x07, 0x57, 0x8b, 0xf8, 0x58, 0x26, 0x89, 0x41, 0x3c, 0x26, 0x89, 0x51, 0x3e, 0xff, 0x76, 0xf4  ; DCB3
    db 0x9a, 0xb2, 0x09, 0x71, 0x94, 0x8b, 0x7e, 0xee, 0x01, 0x7e, 0xf0, 0x83, 0xc4, 0x02, 0xe9, 0x65  ; DCC3
    db 0x00, 0x8b, 0x46, 0xf6, 0xba, 0x06, 0x00, 0xf7, 0xea, 0xc4, 0x7e, 0x06, 0x8b, 0xd8, 0x26, 0x80  ; DCD3
    db 0x79, 0x04, 0x00, 0x74, 0x19, 0xc7, 0x06, 0x90, 0x06, 0xaa, 0x05, 0xff, 0x76, 0xf4, 0x9a, 0xd9  ; DCE3
    db 0x1a, 0x71, 0x94, 0xff, 0x76, 0xf4, 0x9a, 0xb2, 0x09, 0x71, 0x94, 0xe9, 0x38, 0x00, 0x8b, 0x46  ; DCF3
    db 0xf4, 0xba, 0x0c, 0x00, 0xf7, 0xea, 0xc4, 0x3e, 0x3e, 0x07, 0x8b, 0xd8, 0x26, 0x8b, 0x71, 0x02  ; DD03
    db 0x89, 0x76, 0xec, 0xc4, 0x3e, 0x3e, 0x07, 0x26, 0x8b, 0x51, 0x06, 0x89, 0x56, 0xea, 0x03, 0xf2  ; DD13
    db 0x89, 0x76, 0xee, 0x01, 0x76, 0xf0, 0x8b, 0x4e, 0xde, 0x39, 0x4e, 0xf0, 0x76, 0x08, 0xc7, 0x46  ; DD23
    db 0xe0, 0x01, 0x00, 0xe9, 0x0e, 0x00, 0xff, 0x46, 0xf6, 0x8b, 0x7e, 0x0a, 0x39, 0x7e, 0xf6, 0x7d  ; DD33
    db 0x03, 0xe9, 0x41, 0xfe, 0x8b, 0x7e, 0xde, 0x39, 0x7e, 0xf0, 0x77, 0x22, 0xc7, 0x06, 0x90, 0x06  ; DD43
    db 0xd1, 0x05, 0x8b, 0x76, 0xf0, 0xc4, 0x3e, 0x46, 0x07, 0x26, 0x89, 0x75, 0x08, 0x8b, 0x56, 0xde  ; DD53
    db 0x2b, 0x56, 0xf0, 0xc4, 0x1e, 0x46, 0x07, 0x26, 0x89, 0x57, 0x06, 0xe9, 0x05, 0x00, 0xc7, 0x46  ; DD63
    db 0xe0, 0x01, 0x00, 0x8b, 0x46, 0xe0, 0x59, 0x5e, 0x8b, 0xe5, 0x5d, 0xca, 0x04, 0x00, 0x55, 0x8b  ; DD73
    db 0xec, 0x83, 0xec, 0x1e, 0x56, 0x51, 0x8b, 0x46, 0x06, 0xba, 0x0c, 0x00, 0xf7, 0xea, 0xc4, 0x3e  ; DD83
    db 0x3e, 0x07, 0x8b, 0xd8, 0x26, 0xc6, 0x41, 0x0a, 0x01, 0x8b, 0x46, 0x06, 0xba, 0x4e, 0x00, 0xf7  ; DD93
    db 0xea, 0xc4, 0x3e, 0x42, 0x07, 0x8b, 0xd8, 0x26, 0xc4, 0x51, 0x36, 0x89, 0x56, 0xf6, 0x8c, 0x46  ; DDA3
    db 0xf8, 0x8b, 0x46, 0x06, 0xba, 0x0c, 0x00, 0xf7, 0xea, 0xc4, 0x3e, 0x3e, 0x07, 0x8b, 0xd8, 0x26  ; DDB3
    db 0x8b, 0x11, 0x89, 0x56, 0xee, 0xc4, 0x3e, 0x3e, 0x07, 0x26, 0x8b, 0x51, 0x02, 0x89, 0x56, 0xea  ; DDC3
    db 0xc4, 0x3e, 0x3e, 0x07, 0x26, 0x8b, 0x51, 0x06, 0x89, 0x56, 0xe8, 0x8b, 0x7e, 0xea, 0x03, 0xfa  ; DDD3
    db 0x89, 0x7e, 0xe6, 0x89, 0x7e, 0xe2, 0x8b, 0x56, 0xee, 0x03, 0xd7, 0x89, 0x56, 0xf0, 0xe9, 0x3a  ; DDE3
    db 0x01, 0xc7, 0x46, 0xec, 0x00, 0x00, 0xe9, 0x2b, 0x00, 0x8b, 0x46, 0xec, 0xba, 0x0c, 0x00, 0xf7  ; DDF3
    db 0xea, 0x8b, 0x7e, 0xf0, 0xc4, 0x1e, 0x3e, 0x07, 0x8b, 0xf0, 0x26, 0x39, 0x38, 0x75, 0x12, 0xc4  ; DE03
    db 0x3e, 0x3e, 0x07, 0x8b, 0xde, 0x26, 0x8a, 0x51, 0x0a, 0x80, 0xe2, 0x02, 0x80, 0xfa, 0x00, 0x75  ; DE13
    db 0x09, 0xff, 0x46, 0xec, 0x83, 0x7e, 0xec, 0x1a, 0x7c, 0xcf, 0xc4, 0x3e, 0x4a, 0x07, 0x8b, 0xf7  ; DE23
    db 0x03, 0x76, 0xf0, 0x89, 0x76, 0xf2, 0x8c, 0x46, 0xf4, 0xc4, 0x16, 0x4a, 0x07, 0x8b, 0xda, 0x03  ; DE33
    db 0x5e, 0xee, 0x89, 0x5e, 0xf6, 0x8c, 0x46, 0xf8, 0x8b, 0x46, 0xec, 0xba, 0x0c, 0x00, 0xf7, 0xea  ; DE43
    db 0xc4, 0x36, 0x3e, 0x07, 0x8b, 0xd8, 0x26, 0x8b, 0x50, 0x02, 0x89, 0x56, 0xea, 0xc4, 0x3e, 0x3e  ; DE53
    db 0x07, 0x26, 0x8b, 0x71, 0x06, 0x89, 0x76, 0xe8, 0x03, 0xd6, 0x89, 0x56, 0xe6, 0xc7, 0x46, 0xe4  ; DE63
    db 0x00, 0x00, 0xe9, 0x19, 0x00, 0xc4, 0x7e, 0xf6, 0xff, 0x46, 0xf6, 0x8c, 0xc2, 0xc4, 0x76, 0xf2  ; DE73
    db 0xff, 0x46, 0xf2, 0x26, 0x8a, 0x1c, 0x8e, 0xc2, 0x26, 0x88, 0x1d, 0xff, 0x46, 0xe4, 0x8b, 0x7e  ; DE83
    db 0xe6, 0x39, 0x7e, 0xe4, 0x7c, 0xdf, 0x8b, 0x76, 0xee, 0x8b, 0x46, 0xec, 0xba, 0x0c, 0x00, 0xf7  ; DE93
    db 0xea, 0xc4, 0x3e, 0x3e, 0x07, 0x8b, 0xd8, 0x26, 0x89, 0x31, 0x03, 0x76, 0xea, 0x8b, 0x46, 0xec  ; DEA3
    db 0xba, 0x0c, 0x00, 0xf7, 0xea, 0xc4, 0x3e, 0x3e, 0x07, 0x8b, 0xd8, 0x26, 0x89, 0x71, 0x04, 0xc4  ; DEB3
    db 0x16, 0x4a, 0x07, 0x8b, 0x7e, 0xee, 0x8b, 0x46, 0xec, 0x8b, 0xf2, 0xba, 0x4e, 0x00, 0xf7, 0xea  ; DEC3
    db 0x8b, 0xd6, 0x03, 0xd7, 0x8c, 0xc1, 0xc4, 0x1e, 0x42, 0x07, 0x57, 0x8b, 0xf8, 0x26, 0x89, 0x51  ; DED3
    db 0x36, 0x26, 0x89, 0x49, 0x38, 0x8b, 0x56, 0xee, 0x8b, 0x4e, 0xea, 0xc4, 0x1e, 0x4a, 0x07, 0x03  ; DEE3
    db 0xd1, 0x8b, 0x46, 0xec, 0x8b, 0xfa, 0xba, 0x4e, 0x00, 0xf7, 0xea, 0x8d, 0x11, 0x8c, 0xc1, 0xc4  ; DEF3
    db 0x36, 0x42, 0x07, 0x53, 0x8b, 0xd8, 0x26, 0x89, 0x50, 0x3c, 0x26, 0x89, 0x48, 0x3e, 0x8b, 0x76  ; DF03
    db 0xe6, 0x01, 0x76, 0xee, 0x8b, 0x7e, 0xee, 0x03, 0x7e, 0xe2, 0x89, 0x7e, 0xf0, 0xff, 0x76, 0xec  ; DF13
    db 0x9a, 0xb2, 0x09, 0x71, 0x94, 0x83, 0xc4, 0x02, 0x83, 0xc4, 0x02, 0x8b, 0x7e, 0xee, 0x03, 0x7e  ; DF23
    db 0xe2, 0xc4, 0x36, 0x46, 0x07, 0x26, 0x8b, 0x54, 0x08, 0x3b, 0xfa, 0x7d, 0x03, 0xe9, 0xb1, 0xfe  ; DF33
    db 0x8b, 0x4e, 0xee, 0xc4, 0x1e, 0x46, 0x07, 0x26, 0x89, 0x4f, 0x08, 0x8b, 0x56, 0xe2, 0xc4, 0x36  ; DF43
    db 0x46, 0x07, 0x26, 0x01, 0x54, 0x06, 0xff, 0x76, 0x06, 0x9a, 0xd9, 0x1a, 0x71, 0x94, 0x59, 0x5e  ; DF53
    db 0x8b, 0xe5, 0x5d, 0xca, 0x02, 0x00, 0x55, 0x8b, 0xec, 0x83, 0xec, 0x0c, 0xbf, 0x80, 0x8f, 0x57  ; DF63
    db 0x9a, 0x0e, 0x00, 0x70, 0x94, 0x89, 0x46, 0xf6, 0xc7, 0x46, 0xf8, 0x00, 0x00, 0xe9, 0x79, 0x00  ; DF73
    db 0x8b, 0x46, 0xf8, 0xba, 0x0c, 0x00, 0xf7, 0xea, 0xc4, 0x3e, 0x3e, 0x07, 0x8b, 0xd8, 0x26, 0xc7  ; DF83
    db 0x01, 0x00, 0x00, 0x8b, 0x46, 0xf8, 0xba, 0x0c, 0x00, 0xf7, 0xea, 0xc4, 0x3e, 0x3e, 0x07, 0x8b  ; DF93
    db 0xd8, 0x26, 0xc7, 0x41, 0x02, 0x00, 0x00, 0x8b, 0x46, 0xf8, 0xba, 0x0c, 0x00, 0xf7, 0xea, 0xc4  ; DFA3
    db 0x3e, 0x3e, 0x07, 0x8b, 0xd8, 0x26, 0xc7, 0x41, 0x04, 0x00, 0x00, 0x8b, 0x46, 0xf8, 0xba, 0x0c  ; DFB3
    db 0x00, 0xf7, 0xea, 0xc4, 0x3e, 0x3e, 0x07, 0x8b, 0xd8, 0x26, 0xc7, 0x41, 0x06, 0x00, 0x00, 0x8b  ; DFC3
    db 0x46, 0xf8, 0xba, 0x0c, 0x00, 0xf7, 0xea, 0xc4, 0x3e, 0x3e, 0x07, 0x8b, 0xd8, 0x26, 0xc7, 0x41  ; DFD3
    db 0x08, 0x00, 0x00, 0x8b, 0x46, 0xf8, 0xba, 0x0c, 0x00, 0xf7, 0xea, 0xc4, 0x3e, 0x3e, 0x07, 0x8b  ; DFE3
    db 0xd8, 0x26, 0xc6, 0x41, 0x0a, 0x01, 0xff, 0x46, 0xf8, 0x83, 0x7e, 0xf8, 0x1a, 0x7d, 0x03, 0xe9  ; DFF3
    db 0x7e, 0xff, 0x2b, 0xff, 0x57, 0xba, 0xec, 0x07, 0x52, 0xc4, 0x1e, 0x42, 0x07, 0x06, 0x53, 0x9a  ; E003
    db 0x77, 0x19, 0x71, 0x94, 0x83, 0xc4, 0x04, 0xc4, 0x3e, 0x46, 0x07, 0x26, 0xc7, 0x05, 0x00, 0x00  ; E013
    db 0xc4, 0x1e, 0x46, 0x07, 0x26, 0xc7, 0x47, 0x02, 0x00, 0x00, 0xc4, 0x3e, 0x46, 0x07, 0x26, 0xc7  ; E023
    db 0x45, 0x04, 0x00, 0x00, 0xc4, 0x3e, 0x46, 0x07, 0x26, 0xc7, 0x45, 0x06, 0x00, 0x68, 0xc4, 0x3e  ; E033
    db 0x46, 0x07, 0x26, 0xc7, 0x45, 0x08, 0x00, 0x00, 0xff, 0x76, 0xf6, 0x9a, 0x0e, 0x00, 0x70, 0x94  ; E043
    db 0x89, 0x46, 0xf4, 0x8b, 0xe5, 0x5d, 0xcb, 0x55, 0x8b, 0xec, 0x83, 0xec, 0x08, 0xc6, 0x46, 0xf9  ; E053
    db 0x00, 0xe9, 0x0c, 0x00, 0xc4, 0x7e, 0x06, 0xff, 0x46, 0x06, 0x26, 0x8a, 0x15, 0x00, 0x56, 0xf9  ; E063
    db 0x8b, 0x7e, 0x0a, 0xff, 0x4e, 0x0a, 0x83, 0xff, 0x00, 0x7f, 0xe9, 0x8a, 0x46, 0xf9, 0x8b, 0xe5  ; E073
    db 0x5d, 0xca, 0x04, 0x00, 0x55, 0x8b, 0xec, 0x83, 0xec, 0x06, 0xe9, 0x0c, 0x00, 0xc4, 0x7e, 0x06  ; E083
    db 0xff, 0x46, 0x06, 0x8a, 0x56, 0x0c, 0x26, 0x88, 0x15, 0xff, 0x4e, 0x0a, 0x83, 0x7e, 0x0a, 0x00  ; E093
    db 0x7f, 0xeb, 0x8b, 0xe5, 0x5d, 0xca, 0x04, 0x00, 0x55, 0x8b, 0xec, 0x83, 0xec, 0x14, 0xbf, 0x80  ; E0A3
    db 0x8f, 0x57, 0x9a, 0x0e, 0x00, 0x70, 0x94, 0x89, 0x46, 0xee, 0xc7, 0x46, 0xf8, 0x00, 0x00, 0xe9  ; E0B3
    db 0x4a, 0x00, 0x8b, 0x46, 0xf8, 0xba, 0x4e, 0x00, 0xf7, 0xea, 0xc4, 0x3e, 0x42, 0x07, 0x8b, 0xd7  ; E0C3
    db 0x03, 0xd0, 0x89, 0x56, 0xf0, 0x8c, 0x46, 0xf2, 0xc4, 0x5e, 0xf0, 0x26, 0x8b, 0x57, 0x3a, 0x26  ; E0D3
    db 0x03, 0x57, 0x40, 0x89, 0x56, 0xf6, 0xd1, 0xfa, 0xd1, 0xfa, 0xd1, 0xfa, 0xd1, 0xfa, 0xd1, 0xfa  ; E0E3
    db 0xd1, 0xfa, 0xd1, 0xfa, 0xd1, 0xfa, 0xd1, 0xfa, 0xd1, 0xfa, 0x80, 0xc2, 0x30, 0x88, 0x56, 0xf5  ; E0F3
    db 0xc4, 0x7e, 0x06, 0xff, 0x46, 0x06, 0x26, 0x88, 0x15, 0xff, 0x46, 0xf8, 0x83, 0x7e, 0xf8, 0x1a  ; E103
    db 0x7c, 0xb0, 0xff, 0x76, 0xee, 0x9a, 0x0e, 0x00, 0x70, 0x94, 0x89, 0x46, 0xec, 0x8b, 0xe5, 0x5d  ; E113
    db 0xca, 0x04, 0x00, 0x55, 0x8b, 0xec, 0x83, 0xec, 0x0c, 0xbf, 0x41, 0x00, 0x57, 0x9a, 0x0e, 0x00  ; E123
    db 0x70, 0x94, 0x89, 0x46, 0xf6, 0x9a, 0x1f, 0x00, 0xd1, 0xe5, 0xbf, 0x80, 0x8f, 0x57, 0x9a, 0x0e  ; E133
    db 0x00, 0x70, 0x94, 0x89, 0x46, 0xf4, 0xc4, 0x3e, 0x46, 0x07, 0x26, 0x83, 0x7d, 0x02, 0x00, 0x75  ; E143
    db 0x2c, 0xc4, 0x1e, 0x46, 0x07, 0x26, 0x83, 0x7f, 0x04, 0x00, 0x75, 0x21, 0xc4, 0x3e, 0x46, 0x07  ; E153
    db 0x26, 0x83, 0x3d, 0x00, 0x75, 0x17, 0xc7, 0x06, 0x90, 0x06, 0xd9, 0x06, 0xc7, 0x46, 0xf8, 0x00  ; E163
    db 0x00, 0xc4, 0x3e, 0x46, 0x07, 0x26, 0xc7, 0x05, 0x01, 0x00, 0xe9, 0x0b, 0x00, 0xc7, 0x06, 0x90  ; E173
    db 0x06, 0xe4, 0x06, 0xc7, 0x46, 0xf8, 0x01, 0x00, 0xbf, 0x41, 0x00, 0x57, 0x9a, 0x0e, 0x00, 0x70  ; E183
    db 0x94, 0x89, 0x46, 0xf4, 0x9a, 0x18, 0x00, 0xd1, 0xe5, 0xbf, 0x80, 0x8f, 0x57, 0x9a, 0x0e, 0x00  ; E193
    db 0x70, 0x94, 0x89, 0x46, 0xf4, 0x8b, 0x46, 0xf8, 0x8b, 0xe5, 0x5d, 0xcb, 0x55, 0x8b, 0xec, 0x83  ; E1A3
    db 0xec, 0x0a, 0xbf, 0x80, 0x8f, 0x57, 0x9a, 0x0e, 0x00, 0x70, 0x94, 0x89, 0x46, 0xf8, 0xbf, 0x0e  ; E1B3
    db 0x00, 0x57, 0xc4, 0x7e, 0x06, 0x06, 0x57, 0xc4, 0x16, 0x46, 0x07, 0x06, 0x52, 0x9a, 0x29, 0x00  ; E1C3
    db 0xbe, 0xfb, 0x83, 0xc4, 0x06, 0xff, 0x76, 0xf8, 0x9a, 0x0e, 0x00, 0x70, 0x94, 0x89, 0x46, 0xf6  ; E1D3
    db 0x8b, 0xe5, 0x5d, 0xca, 0x04, 0x00, 0x55, 0x8b, 0xec, 0x83, 0xec, 0x06, 0x8b, 0x46, 0x06, 0xba  ; E1E3
    db 0x0c, 0x00, 0xf7, 0xea, 0xc4, 0x3e, 0x3e, 0x07, 0x8b, 0xd8, 0x26, 0xc7, 0x01, 0x00, 0x00, 0x8b  ; E1F3
    db 0x46, 0x06, 0xba, 0x0c, 0x00, 0xf7, 0xea, 0xc4, 0x3e, 0x3e, 0x07, 0x8b, 0xd8, 0x26, 0xc7, 0x41  ; E203
    db 0x04, 0x00, 0x00, 0x8b, 0x46, 0x06, 0xba, 0x0c, 0x00, 0xf7, 0xea, 0xc4, 0x3e, 0x3e, 0x07, 0x8b  ; E213
    db 0xd8, 0x26, 0xc7, 0x41, 0x02, 0x00, 0x00, 0x8b, 0x46, 0x06, 0xba, 0x0c, 0x00, 0xf7, 0xea, 0xc4  ; E223
    db 0x3e, 0x3e, 0x07, 0x8b, 0xd8, 0x26, 0xc7, 0x41, 0x06, 0x00, 0x00, 0x8b, 0x46, 0x06, 0xba, 0x0c  ; E233
    db 0x00, 0xf7, 0xea, 0xc4, 0x3e, 0x3e, 0x07, 0x8b, 0xd8, 0x26, 0xc7, 0x41, 0x08, 0x00, 0x00, 0x8b  ; E243
    db 0x46, 0x06, 0xba, 0x0c, 0x00, 0xf7, 0xea, 0xc4, 0x3e, 0x3e, 0x07, 0x8b, 0xd8, 0x26, 0xc6, 0x41  ; E253
    db 0x0a, 0x01, 0x2b, 0xd2, 0x52, 0xbf, 0x4e, 0x00, 0x57, 0x8b, 0x46, 0x06, 0xba, 0x4e, 0x00, 0xf7  ; E263
    db 0xea, 0xc4, 0x3e, 0x42, 0x07, 0x8b, 0xd7, 0x03, 0xd0, 0x06, 0x52, 0x9a, 0x77, 0x19, 0x71, 0x94  ; E273
    db 0x83, 0xc4, 0x04, 0x8b, 0xe5, 0x5d, 0xca, 0x02, 0x00, 0x55, 0x8b, 0xec, 0x83, 0xec, 0x08, 0xbf  ; E283
    db 0x80, 0x8f, 0x57, 0x9a, 0x0e, 0x00, 0x70, 0x94, 0x89, 0x46, 0xf8, 0x9a, 0x03, 0x00, 0x13, 0x80  ; E293
    db 0xbf, 0x80, 0x8f, 0x57, 0x9a, 0x0e, 0x00, 0x70, 0x94, 0x9a, 0x06, 0x00, 0xe6, 0x85, 0x9a, 0x42  ; E2A3
    db 0x00, 0x28, 0x96, 0xff, 0x76, 0xf8, 0x9a, 0x0e, 0x00, 0x70, 0x94, 0x8b, 0xe5, 0x5d, 0xcb, 0x55  ; E2B3
    db 0x8b, 0xec, 0x83, 0xec, 0x08, 0xc4, 0x3e, 0xe2, 0x06, 0x26, 0xc6, 0x45, 0x03, 0x00, 0xc4, 0x1e  ; E2C3
    db 0xda, 0x06, 0x26, 0x8a, 0x17, 0x88, 0x56, 0xf9, 0xc4, 0x3e, 0xe2, 0x06, 0x26, 0xc6, 0x45, 0x03  ; E2D3
    db 0x01, 0xc4, 0x3e, 0xda, 0x06, 0x26, 0x8a, 0x15, 0x30, 0x56, 0xf9, 0x8a, 0x56, 0xf9, 0x80, 0xe2  ; E2E3
    db 0x40, 0x80, 0xfa, 0x00, 0x74, 0x1d, 0x8a, 0x56, 0xf9, 0x80, 0xe2, 0x80, 0x80, 0xfa, 0x00, 0x75  ; E2F3
    db 0x12, 0xc6, 0x06, 0x29, 0x06, 0x00, 0xc4, 0x1e, 0x32, 0x07, 0x26, 0xc6, 0x87, 0x96, 0x00, 0x00  ; E303
    db 0xe9, 0x3f, 0x00, 0x8a, 0x56, 0xf9, 0x80, 0xe2, 0x40, 0x80, 0xfa, 0x00, 0x75, 0x1d, 0x8a, 0x56  ; E313
    db 0xf9, 0x80, 0xe2, 0x80, 0x80, 0xfa, 0x00, 0x74, 0x12, 0xc6, 0x06, 0x29, 0x06, 0xff, 0xc4, 0x3e  ; E323
    db 0x32, 0x07, 0x26, 0xc6, 0x85, 0x96, 0x00, 0xff, 0xe9, 0x17, 0x00, 0xc4, 0x3e, 0x32, 0x07, 0x26  ; E333
    db 0xc6, 0x85, 0x95, 0x00, 0x00, 0xc4, 0x1e, 0x32, 0x07, 0x26, 0xc6, 0x87, 0x96, 0x00, 0x00, 0xe9  ; E343
    db 0x3e, 0x02, 0xc6, 0x06, 0x5a, 0x04, 0x00, 0xc6, 0x06, 0x03, 0x00, 0x00, 0xc6, 0x06, 0x52, 0x04  ; E353
    db 0x00, 0xc6, 0x06, 0x53, 0x04, 0x00, 0xc6, 0x06, 0x90, 0x05, 0x80, 0xc6, 0x06, 0x0c, 0x00, 0x00  ; E363
    db 0x80, 0x3e, 0x29, 0x06, 0x00, 0x74, 0x78, 0xc4, 0x3e, 0xd6, 0x06, 0x26, 0xc6, 0x45, 0x03, 0x80  ; E373
    db 0x9a, 0x01, 0x05, 0x28, 0x96, 0xa0, 0xf0, 0x04, 0x2a, 0xe4, 0x25, 0x1f, 0x00, 0x3d, 0x1f, 0x00  ; E383
    db 0x74, 0x60, 0xa0, 0xf1, 0x04, 0x24, 0x40, 0x3c, 0x00, 0x74, 0x06, 0xbf, 0x40, 0x00, 0xe9, 0x02  ; E393
    db 0x00, 0x2b, 0xff, 0x57, 0xa0, 0xf1, 0x04, 0x24, 0x80, 0x3c, 0x00, 0x74, 0x06, 0xba, 0x20, 0x00  ; E3A3
    db 0xe9, 0x02, 0x00, 0x2b, 0xd2, 0x5f, 0x0b, 0xd7, 0xa0, 0xf0, 0x04, 0x2a, 0xe4, 0x25, 0x1f, 0x00  ; E3B3
    db 0x0b, 0xc2, 0x8b, 0xd0, 0xc4, 0x3e, 0xd6, 0x06, 0x26, 0x88, 0x55, 0x04, 0xc4, 0x1e, 0xd6, 0x06  ; E3C3
    db 0x26, 0xc6, 0x47, 0x03, 0x07, 0xc4, 0x3e, 0xd6, 0x06, 0x26, 0xc6, 0x45, 0x03, 0x84, 0xc6, 0x06  ; E3D3
    db 0x87, 0x05, 0x00, 0xc6, 0x06, 0x80, 0x05, 0x80, 0xc6, 0x06, 0x06, 0x00, 0x80, 0xeb, 0x06, 0xe9  ; E3E3
    db 0xc4, 0x00, 0xe9, 0x96, 0x01, 0x9a, 0x5b, 0x01, 0x11, 0x85, 0xa0, 0xf1, 0x04, 0x24, 0x80, 0x3c  ; E3F3
    db 0x00, 0x74, 0x08, 0xc6, 0x06, 0x1c, 0x06, 0x00, 0xe9, 0x0a, 0x00, 0xc6, 0x06, 0x06, 0x00, 0x01  ; E403
    db 0x9a, 0x5b, 0x01, 0x11, 0x85, 0x9a, 0xb1, 0x0b, 0xf5, 0x96, 0xa0, 0xf1, 0x04, 0x24, 0x20, 0x3c  ; E413
    db 0x00, 0x74, 0x09, 0xc4, 0x3e, 0xd6, 0x06, 0x26, 0xc6, 0x45, 0x03, 0x83, 0xc4, 0x3e, 0xd6, 0x06  ; E423
    db 0x26, 0xc6, 0x05, 0x37, 0xc4, 0x1e, 0xd6, 0x06, 0x26, 0xc6, 0x47, 0x01, 0x8d, 0x2b, 0xd2, 0x52  ; E433
    db 0x9a, 0x00, 0x00, 0x06, 0x80, 0xc6, 0x06, 0xa3, 0x05, 0x00, 0xc4, 0x3e, 0xd6, 0x06, 0x26, 0xc6  ; E443
    db 0x45, 0x03, 0x00, 0xa0, 0xf1, 0x04, 0x24, 0x80, 0x3c, 0x00, 0x74, 0x09, 0xc4, 0x1e, 0xd6, 0x06  ; E453
    db 0x26, 0xc6, 0x47, 0x03, 0x89, 0xa0, 0xf1, 0x04, 0x24, 0x40, 0x3c, 0x00, 0x74, 0x0e, 0xc4, 0x3e  ; E463
    db 0xd6, 0x06, 0x26, 0xc6, 0x45, 0x03, 0x8a, 0xc6, 0x06, 0xa3, 0x05, 0xff, 0xc4, 0x3e, 0xd6, 0x06  ; E473
    db 0x26, 0x8a, 0x55, 0x02, 0x80, 0xe2, 0x04, 0xc4, 0x1e, 0xd6, 0x06, 0x26, 0x8a, 0x47, 0x02, 0x24  ; E483
    db 0x02, 0x0a, 0xc2, 0x3c, 0x00, 0x74, 0x0d, 0xc4, 0x3e, 0x32, 0x07, 0x26, 0x80, 0x8d, 0x97, 0x00  ; E493
    db 0x0a, 0xe9, 0x0a, 0x00, 0xc4, 0x3e, 0x32, 0x07, 0x26, 0x80, 0xa5, 0x97, 0x00, 0xfd, 0x9a, 0x41  ; E4A3
    db 0x0d, 0xc9, 0x82, 0xe9, 0xd5, 0x00, 0xbf, 0xff, 0xff, 0x57, 0x9a, 0x3b, 0x00, 0x06, 0x80, 0xc6  ; E4B3
    db 0x06, 0x9c, 0x05, 0x00, 0xc4, 0x3e, 0xd6, 0x06, 0x26, 0xc6, 0x45, 0x02, 0x00, 0xc6, 0x06, 0x9a  ; E4C3
    db 0x05, 0x00, 0xc6, 0x06, 0x9f, 0x05, 0x00, 0xc6, 0x06, 0x9b, 0x05, 0x40, 0xc6, 0x06, 0x5e, 0x04  ; E4D3
    db 0xff, 0x9a, 0x67, 0x04, 0x28, 0x96, 0x80, 0x3e, 0xec, 0x04, 0x1f, 0x74, 0x50, 0xc6, 0x06, 0x5d  ; E4E3
    db 0x04, 0x00, 0xc6, 0x06, 0x5c, 0x04, 0x00, 0xa0, 0xec, 0x04, 0x2a, 0xe4, 0xc4, 0x3e, 0x16, 0x07  ; E4F3
    db 0x8b, 0xd8, 0x26, 0x8a, 0x11, 0x80, 0xca, 0x02, 0x88, 0x16, 0x9f, 0x05, 0xc4, 0x3e, 0x1a, 0x07  ; E503
    db 0xa0, 0xed, 0x04, 0x2a, 0xe4, 0x8b, 0xd8, 0x26, 0x8a, 0x11, 0x80, 0xe2, 0x3f, 0x88, 0x16, 0x9a  ; E513
    db 0x05, 0xc6, 0x06, 0x9c, 0x05, 0x67, 0x9a, 0xb1, 0x0b, 0xf5, 0x96, 0xc6, 0x06, 0x7f, 0x05, 0x80  ; E523
    db 0xc6, 0x06, 0x90, 0x05, 0x80, 0xc6, 0x06, 0x80, 0x05, 0x80, 0xe9, 0x20, 0x00, 0xc4, 0x3e, 0xe2  ; E533
    db 0x06, 0x26, 0xc6, 0x05, 0x00, 0xc6, 0x06, 0x97, 0x05, 0xff, 0xc4, 0x1e, 0xe2, 0x06, 0x26, 0xc6  ; E543
    db 0x47, 0x01, 0x00, 0xc6, 0x06, 0x96, 0x05, 0xff, 0xc6, 0x06, 0x55, 0x04, 0xff, 0xa0, 0x9f, 0x05  ; E553
    db 0xc4, 0x3e, 0xd6, 0x06, 0x26, 0x88, 0x45, 0x03, 0xa0, 0x9a, 0x05, 0xc4, 0x1e, 0xd6, 0x06, 0x26  ; E563
    db 0x88, 0x47, 0x01, 0xa0, 0x9c, 0x05, 0xc4, 0x3e, 0xd6, 0x06, 0x26, 0x88, 0x45, 0x02, 0x2b, 0xd2  ; E573
    db 0x52, 0x9a, 0x3b, 0x00, 0x06, 0x80, 0xc6, 0x06, 0xa3, 0x05, 0x00, 0x9a, 0x80, 0x05, 0x28, 0x96  ; E583
    db 0x8b, 0xe5, 0x5d, 0xcb, 0x55, 0x8b, 0xec, 0x83, 0xec, 0x06, 0xc7, 0x06, 0x3c, 0x04, 0x0f, 0x00  ; E593
    db 0x8c, 0x1e, 0x3e, 0x04, 0xc7, 0x06, 0x38, 0x04, 0x0f, 0x00, 0x8c, 0x1e, 0x3a, 0x04, 0xc7, 0x06  ; E5A3
    db 0x34, 0x04, 0x0f, 0x00, 0x8c, 0x1e, 0x36, 0x04, 0xc7, 0x06, 0x68, 0x04, 0x6c, 0x04, 0x8c, 0x1e  ; E5B3
    db 0x6a, 0x04, 0xc7, 0x06, 0x64, 0x04, 0x6c, 0x04, 0x8c, 0x1e, 0x66, 0x04, 0xc7, 0x06, 0x44, 0x04  ; E5C3
    db 0x00, 0x00, 0xc7, 0x06, 0x46, 0x04, 0x00, 0x00, 0xc7, 0x06, 0x40, 0x04, 0x00, 0x00, 0xc7, 0x06  ; E5D3
    db 0x42, 0x04, 0x00, 0x00, 0xc6, 0x06, 0x01, 0x00, 0x00, 0xc6, 0x06, 0x00, 0x00, 0x00, 0xc6, 0x06  ; E5E3
    db 0x54, 0x04, 0x00, 0xc6, 0x06, 0x03, 0x00, 0x00, 0xc6, 0x06, 0x51, 0x04, 0x00, 0xc6, 0x06, 0x02  ; E5F3
    db 0x00, 0x00, 0x80, 0x3e, 0x29, 0x06, 0x00, 0x74, 0x24, 0x9a, 0x4e, 0x05, 0x87, 0x96, 0xa0, 0xf1  ; E603
    db 0x04, 0x2a, 0xe4, 0x25, 0x20, 0x00, 0x3d, 0x00, 0x00, 0x75, 0x09, 0xc4, 0x3e, 0xd6, 0x06, 0x26  ; E613
    db 0xc6, 0x45, 0x03, 0x03, 0xc4, 0x3e, 0xd6, 0x06, 0x26, 0xc6, 0x45, 0x03, 0x02, 0x8b, 0xe5, 0x5d  ; E623
    db 0xcb, 0x55, 0x8b, 0xec, 0x83, 0xec, 0x06, 0xc6, 0x06, 0x54, 0x04, 0x00, 0xc6, 0x06, 0x59, 0x04  ; E633
    db 0x00, 0xc6, 0x06, 0x8f, 0x06, 0x00, 0xc6, 0x06, 0x55, 0x04, 0xff, 0xc7, 0x06, 0x48, 0x04, 0xaf  ; E643
    db 0x00, 0x8c, 0x1e, 0x4a, 0x04, 0xc7, 0x06, 0x4c, 0x04, 0xaf, 0x00, 0x8c, 0x1e, 0x4e, 0x04, 0xc6  ; E653
    db 0x06, 0x57, 0x04, 0x00, 0xc6, 0x06, 0x56, 0x04, 0x00, 0xc6, 0x06, 0x58, 0x04, 0x00, 0x80, 0x3e  ; E663
    db 0x29, 0x06, 0x00, 0x74, 0x0c, 0xc4, 0x3e, 0xd6, 0x06, 0x26, 0xc6, 0x45, 0x03, 0x05, 0xe9, 0x0e  ; E673
    db 0x00, 0xc4, 0x3e, 0xe2, 0x06, 0x26, 0xc6, 0x45, 0x01, 0x00, 0xc6, 0x06, 0x96, 0x05, 0xff, 0x8b  ; E683
    db 0xe5, 0x5d, 0xcb, 0x55, 0x8b, 0xec, 0x83, 0xec, 0x06, 0xc7, 0x06, 0x82, 0x05, 0x86, 0x05, 0x8c  ; E693
    db 0x1e, 0x84, 0x05, 0xe9, 0x0c, 0x00, 0xc4, 0x3e, 0x82, 0x05, 0x26, 0xc6, 0x05, 0x00, 0xff, 0x06  ; E6A3
    db 0x82, 0x05, 0xc4, 0x3e, 0x82, 0x05, 0xba, 0x86, 0x05, 0x83, 0xc2, 0x0a, 0x3b, 0xfa, 0x75, 0xe6  ; E6B3
    db 0x8c, 0xdb, 0x8c, 0xc0, 0x3b, 0xc3, 0x75, 0xde, 0x80, 0x3e, 0x29, 0x06, 0x00, 0x74, 0x0c, 0x80  ; E6C3
    db 0x3e, 0x80, 0x05, 0x01, 0x74, 0x05, 0x9a, 0xb5, 0x09, 0xf5, 0x96, 0xc6, 0x06, 0x81, 0x05, 0x80  ; E6D3
    db 0x8b, 0xe5, 0x5d, 0xcb, 0x55, 0x8b, 0xec, 0x83, 0xec, 0x08, 0xc4, 0x3e, 0xde, 0x06, 0x26, 0x8a  ; E6E3
    db 0x15, 0xf6, 0xd2, 0x88, 0x56, 0xf9, 0x2a, 0xf6, 0x81, 0xe2, 0x0f, 0x00, 0x83, 0xfa, 0x0f, 0x75  ; E6F3
    db 0x05, 0xb3, 0x1f, 0xe9, 0x08, 0x00, 0x8a, 0x56, 0xf9, 0x80, 0xe2, 0x0f, 0x8a, 0xda, 0x88, 0x1e  ; E703
    db 0xec, 0x04, 0x8a, 0x56, 0xf9, 0x80, 0xe2, 0x10, 0x80, 0xfa, 0x00, 0x75, 0x08, 0xc6, 0x06, 0xed  ; E713
    db 0x04, 0x00, 0xe9, 0x1a, 0x00, 0x8a, 0x56, 0xf9, 0x2a, 0xf6, 0x81, 0xe2, 0x60, 0x00, 0xd1, 0xfa  ; E723
    db 0xd1, 0xfa, 0xd1, 0xfa, 0xd1, 0xfa, 0xd1, 0xfa, 0x42, 0x8b, 0xda, 0x88, 0x1e, 0xed, 0x04, 0xc4  ; E733
    db 0x3e, 0xda, 0x06, 0x26, 0x8a, 0x15, 0x2a, 0xf6, 0x81, 0xe2, 0x08, 0x00, 0x83, 0xfa, 0x00, 0x75  ; E743
    db 0x06, 0xbf, 0x01, 0x00, 0xe9, 0x02, 0x00, 0x2b, 0xff, 0x8b, 0xd7, 0x88, 0x16, 0xef, 0x04, 0xc4  ; E753
    db 0x3e, 0xda, 0x06, 0x26, 0x8a, 0x1d, 0x2a, 0xff, 0xf7, 0xd3, 0xd1, 0xfb, 0xd1, 0xfb, 0xd1, 0xfb  ; E763
    db 0xd1, 0xfb, 0x81, 0xe3, 0x03, 0x00, 0x88, 0x1e, 0x61, 0x04, 0x8b, 0xe5, 0x5d, 0xcb, 0x55, 0x8b  ; E773
    db 0xec, 0x83, 0xec, 0x08, 0xc4, 0x3e, 0xde, 0x06, 0x26, 0x8a, 0x15, 0xf6, 0xd2, 0x88, 0x56, 0xf9  ; E783
    db 0x80, 0xe2, 0x1f, 0x88, 0x16, 0xf0, 0x04, 0xc4, 0x1e, 0xda, 0x06, 0x26, 0x8a, 0x07, 0x24, 0x08  ; E793
    db 0x3c, 0x00, 0x74, 0x05, 0x2b, 0xdb, 0xe9, 0x03, 0x00, 0xbb, 0x40, 0x00, 0x53, 0x8a, 0x56, 0xf9  ; E7A3
    db 0x80, 0xe2, 0x40, 0x80, 0xfa, 0x00, 0x74, 0x06, 0xbf, 0x80, 0x00, 0xe9, 0x02, 0x00, 0x2b, 0xff  ; E7B3
    db 0x5a, 0x0b, 0xfa, 0x57, 0x8a, 0x56, 0xf9, 0x80, 0xe2, 0x20, 0x80, 0xfa, 0x00, 0x74, 0x06, 0xba  ; E7C3
    db 0x20, 0x00, 0xe9, 0x02, 0x00, 0x2b, 0xd2, 0x5f, 0x0b, 0xd7, 0x88, 0x16, 0xf1, 0x04, 0xc4, 0x3e  ; E7D3
    db 0xda, 0x06, 0x26, 0x8a, 0x1d, 0x2a, 0xff, 0xf7, 0xd3, 0xd1, 0xfb, 0xd1, 0xfb, 0xd1, 0xfb, 0xd1  ; E7E3
    db 0xfb, 0x81, 0xe3, 0x03, 0x00, 0x88, 0x1e, 0x61, 0x04, 0x8b, 0xe5, 0x5d, 0xcb, 0x55, 0x8b, 0xec  ; E7F3
    db 0x83, 0xec, 0x0a, 0xbf, 0x80, 0x8f, 0x57, 0x9a, 0x08, 0x00, 0x07, 0xf0, 0x89, 0x46, 0xf8, 0xe9  ; E803
    db 0x2e, 0x00, 0xc6, 0x46, 0xf7, 0x01, 0xe9, 0x3e, 0x00, 0xc6, 0x46, 0xf7, 0x03, 0x80, 0x3e, 0x29  ; E813
    db 0x06, 0x00, 0x75, 0x0b, 0x80, 0x3e, 0xed, 0x04, 0x00, 0x74, 0x04, 0xc6, 0x46, 0xf7, 0x02, 0xe9  ; E823
    db 0x25, 0x00, 0xc6, 0x46, 0xf7, 0x04, 0xe9, 0x1e, 0x00, 0xc6, 0x46, 0xf7, 0x00, 0xe9, 0x17, 0x00  ; E833
    db 0xa0, 0x61, 0x04, 0x2a, 0xe4, 0x3d, 0x00, 0x00, 0x74, 0xc8, 0x3d, 0x01, 0x00, 0x74, 0xe3, 0x3d  ; E843
    db 0x02, 0x00, 0x74, 0xc5, 0xe9, 0xe2, 0xff, 0x8a, 0x56, 0xf7, 0xc4, 0x3e, 0x3a, 0x07, 0x26, 0x88  ; E853
    db 0x55, 0x20, 0xff, 0x76, 0xf8, 0x9a, 0x08, 0x00, 0x07, 0xf0, 0x8b, 0xe5, 0x5d, 0xcb, 0xff, 0x55  ; E863
    db 0x8b, 0xec, 0x83, 0xec, 0x08, 0xbf, 0x41, 0x00, 0x57, 0x9a, 0x0e, 0x00, 0x70, 0x94, 0x89, 0x46  ; E873
    db 0xf8, 0x8a, 0x56, 0x06, 0x8b, 0x3e, 0xcd, 0x1a, 0x88, 0x95, 0x44, 0x07, 0x9a, 0x74, 0x01, 0x0b  ; E883
    db 0xe6, 0xff, 0x76, 0xf8, 0x9a, 0x0e, 0x00, 0x70, 0x94, 0x8b, 0xe5, 0x5d, 0xca, 0x02, 0x00, 0x55  ; E893
    db 0x8b, 0xec, 0x83, 0xec, 0x06, 0x80, 0x3e, 0x51, 0x04, 0x00, 0x74, 0x66, 0xc4, 0x3e, 0x38, 0x04  ; E8A3
    db 0x8c, 0xc3, 0xc4, 0x16, 0x3c, 0x04, 0x3b, 0xfa, 0x75, 0x14, 0x8c, 0xc0, 0x3b, 0xd8, 0x75, 0x0e  ; E8B3
    db 0x80, 0x3e, 0x03, 0x00, 0x00, 0x75, 0x5a, 0x80, 0x3e, 0x01, 0x00, 0x00, 0x75, 0x53, 0xc6, 0x06  ; E8C3
    db 0x51, 0x04, 0x00, 0xc4, 0x3e, 0x38, 0x04, 0x89, 0x3e, 0x3c, 0x04, 0x8c, 0x06, 0x3e, 0x04, 0x80  ; E8D3
    db 0x3e, 0x29, 0x06, 0x00, 0x74, 0x29, 0x8b, 0x16, 0x44, 0x04, 0x0b, 0x16, 0x46, 0x04, 0x75, 0x1f  ; E8E3
    db 0xa0, 0xf1, 0x04, 0x2a, 0xe4, 0x25, 0x20, 0x00, 0x3d, 0x00, 0x00, 0x75, 0x09, 0xc4, 0x3e, 0xd6  ; E8F3
    db 0x06, 0x26, 0xc6, 0x45, 0x03, 0x03, 0xc4, 0x3e, 0xd6, 0x06, 0x26, 0xc6, 0x45, 0x03, 0x02, 0xe9  ; E903
    db 0x0f, 0x00, 0xe9, 0x00, 0x00, 0xc4, 0x3e, 0x38, 0x04, 0x89, 0x3e, 0x3c, 0x04, 0x8c, 0x06, 0x3e  ; E913
    db 0x04, 0x80, 0x3e, 0x29, 0x06, 0x00, 0x75, 0x6c, 0xa0, 0x5c, 0x04, 0x24, 0x01, 0x3c, 0x00, 0x74  ; E923
    db 0x63, 0xa1, 0x34, 0x04, 0x8b, 0x3e, 0x3c, 0x04, 0x3b, 0xc7, 0x72, 0x22, 0x80, 0x3e, 0x51, 0x04  ; E933
    db 0x00, 0x75, 0x1b, 0xa1, 0x34, 0x04, 0x8b, 0x3e, 0x3c, 0x04, 0x2b, 0xc7, 0x3d, 0x28, 0x00, 0x7d  ; E943
    db 0x06, 0xbf, 0x01, 0x00, 0xe9, 0x02, 0x00, 0x2b, 0xff, 0x8b, 0xd7, 0xe9, 0x1b, 0x00, 0xa1, 0x34  ; E953
    db 0x04, 0x8b, 0x3e, 0x3c, 0x04, 0x2b, 0xc7, 0x05, 0xa0, 0x00, 0x3d, 0x28, 0x00, 0x7d, 0x06, 0xbf  ; E963
    db 0x01, 0x00, 0xe9, 0x02, 0x00, 0x2b, 0xff, 0x8b, 0xd7, 0x80, 0xfa, 0x00, 0x74, 0x16, 0xc6, 0x06  ; E973
    db 0xa3, 0x05, 0xff, 0xbf, 0x01, 0x00, 0x57, 0x9a, 0xd8, 0x0c, 0xf5, 0x96, 0x2b, 0xff, 0x57, 0x9a  ; E983
    db 0x44, 0x0c, 0xf5, 0x96, 0x8b, 0xe5, 0x5d, 0xcb, 0x55, 0x8b, 0xec, 0x83, 0xec, 0x06, 0x80, 0x3e  ; E993
    db 0x02, 0x00, 0x00, 0x74, 0x07, 0x80, 0x3e, 0x03, 0x00, 0x00, 0x74, 0x77, 0xc6, 0x06, 0xa3, 0x05  ; E9A3
    db 0xff, 0xc6, 0x06, 0x02, 0x00, 0x00, 0xe9, 0x39, 0x00, 0x80, 0x3e, 0x51, 0x04, 0x00, 0x74, 0x17  ; E9B3
    db 0xc6, 0x06, 0x23, 0x06, 0x19, 0xc6, 0x06, 0x06, 0x00, 0x19, 0x9a, 0x5b, 0x01, 0x11, 0x85, 0x9a  ; E9C3
    db 0x32, 0x00, 0x87, 0x96, 0xe9, 0x1b, 0x00, 0x9a, 0xef, 0x05, 0x87, 0x96, 0x2b, 0xff, 0x57, 0x9a  ; E9D3
    db 0x44, 0x0c, 0xf5, 0x96, 0xbf, 0x0a, 0x00, 0x57, 0x9a, 0x02, 0x00, 0x87, 0x96, 0xc6, 0x06, 0xa3  ; E9E3
    db 0x05, 0xff, 0x80, 0x3e, 0x03, 0x00, 0x00, 0x74, 0xc0, 0x80, 0x3e, 0x03, 0x00, 0x00, 0x74, 0x61  ; E9F3
    db 0xc4, 0x3e, 0x38, 0x04, 0xff, 0x06, 0x38, 0x04, 0x26, 0x8a, 0x15, 0x88, 0x16, 0x04, 0x00, 0xc4  ; EA03
    db 0x1e, 0x38, 0x04, 0xb8, 0x0f, 0x00, 0x05, 0xa0, 0x00, 0x3b, 0xd8, 0x75, 0x17, 0x8c, 0xdf, 0x8c  ; EA13
    db 0xc3, 0xeb, 0x03, 0xe9, 0x5c, 0x00, 0x3b, 0xdf, 0x75, 0x0a, 0xc7, 0x06, 0x38, 0x04, 0x0f, 0x00  ; EA23
    db 0x89, 0x3e, 0x3a, 0x04, 0xc4, 0x3e, 0x38, 0x04, 0x8c, 0xc3, 0xc4, 0x16, 0x34, 0x04, 0x3b, 0xfa  ; EA33
    db 0x75, 0x06, 0x8c, 0xc0, 0x3b, 0xd8, 0x74, 0x14, 0xc4, 0x3e, 0x38, 0x04, 0x8c, 0xc3, 0xc4, 0x16  ; EA43
    db 0x40, 0x04, 0x3b, 0xfa, 0x75, 0x0b, 0x8c, 0xc7, 0x3b, 0xdf, 0x75, 0x05, 0xc6, 0x06, 0x03, 0x00  ; EA53
    db 0x00, 0xc4, 0x3e, 0x38, 0x04, 0x8c, 0xc3, 0xc4, 0x16, 0x40, 0x04, 0x3b, 0xfa, 0x75, 0x0b, 0x8c  ; EA63
    db 0xc0, 0x3b, 0xd8, 0x75, 0x05, 0xc6, 0x06, 0x02, 0x00, 0xff, 0x2b, 0xff, 0x57, 0x9a, 0x44, 0x0c  ; EA73
    db 0xf5, 0x96, 0x8b, 0xe5, 0x5d, 0xcb, 0x55, 0x8b, 0xec, 0x83, 0xec, 0x06, 0x80, 0x3e, 0x29, 0x06  ; EA83
    db 0x00, 0x74, 0x0b, 0xff, 0x76, 0x06, 0x9a, 0x00, 0x00, 0x06, 0x80, 0xe9, 0x08, 0x00, 0xff, 0x76  ; EA93
    db 0x06, 0x9a, 0x3b, 0x00, 0x06, 0x80, 0x8b, 0xe5, 0x5d, 0xca, 0x02, 0x00, 0x55, 0x8b, 0xec, 0x83  ; EAA3
    db 0xec, 0x06, 0x9a, 0x32, 0x00, 0x87, 0x96, 0xc6, 0x06, 0xa3, 0x05, 0xff, 0xc4, 0x3e, 0x44, 0x04  ; EAB3
    db 0x89, 0x3e, 0x40, 0x04, 0x8c, 0x06, 0x42, 0x04, 0xa0, 0x53, 0x04, 0xa2, 0x52, 0x04, 0xc7, 0x06  ; EAC3
    db 0x44, 0x04, 0x00, 0x00, 0xc7, 0x06, 0x46, 0x04, 0x00, 0x00, 0xc6, 0x06, 0x53, 0x04, 0x00, 0x80  ; EAD3
    db 0x3e, 0x29, 0x06, 0x00, 0x74, 0x07, 0x8a, 0x16, 0x01, 0x00, 0xe9, 0x1e, 0x00, 0xc4, 0x3e, 0x34  ; EAE3
    db 0x04, 0x8c, 0xc3, 0xc4, 0x16, 0x3c, 0x04, 0x3b, 0xfa, 0x75, 0x06, 0x8c, 0xc0, 0x3b, 0xd8, 0x74  ; EAF3
    db 0x06, 0xbf, 0x01, 0x00, 0xe9, 0x02, 0x00, 0x2b, 0xff, 0x8b, 0xd7, 0x88, 0x16, 0x00, 0x00, 0x88  ; EB03
    db 0x16, 0x03, 0x00, 0x9a, 0x4e, 0x05, 0x87, 0x96, 0xc6, 0x06, 0x01, 0x00, 0x00, 0xc6, 0x06, 0x54  ; EB13
    db 0x04, 0x00, 0x80, 0x3e, 0x29, 0x06, 0x00, 0x74, 0x30, 0x80, 0x3e, 0x51, 0x04, 0x00, 0x75, 0x29  ; EB23
    db 0x8b, 0x3e, 0x40, 0x04, 0x0b, 0x3e, 0x42, 0x04, 0x74, 0x1f, 0xa0, 0xf1, 0x04, 0x2a, 0xe4, 0x25  ; EB33
    db 0x20, 0x00, 0x3d, 0x00, 0x00, 0x75, 0x09, 0xc4, 0x3e, 0xd6, 0x06, 0x26, 0xc6, 0x45, 0x03, 0x03  ; EB43
    db 0xc4, 0x3e, 0xd6, 0x06, 0x26, 0xc6, 0x45, 0x03, 0x02, 0x2b, 0xff, 0x57, 0x9a, 0x44, 0x0c, 0xf5  ; EB53
    db 0x96, 0x8b, 0xe5, 0x5d, 0xcb, 0x55, 0x8b, 0xec, 0x83, 0xec, 0x0a, 0xc6, 0x06, 0xa3, 0x05, 0xff  ; EB63
    db 0x80, 0x3e, 0x0c, 0x00, 0x00, 0x75, 0x63, 0xe9, 0x1b, 0x00, 0x9a, 0xef, 0x05, 0x87, 0x96, 0x2b  ; EB73
    db 0xff, 0x57, 0x9a, 0x44, 0x0c, 0xf5, 0x96, 0xbf, 0x0a, 0x00, 0x57, 0x9a, 0x02, 0x00, 0x87, 0x96  ; EB83
    db 0xc6, 0x06, 0xa3, 0x05, 0xff, 0x80, 0x3e, 0x55, 0x04, 0x00, 0x75, 0x1b, 0x80, 0x3e, 0x54, 0x04  ; EB93
    db 0x00, 0x75, 0x14, 0xc4, 0x3e, 0x4c, 0x04, 0x8c, 0xc3, 0xc4, 0x16, 0x48, 0x04, 0x3b, 0xfa, 0x75  ; EBA3
    db 0x06, 0x8c, 0xc0, 0x3b, 0xd8, 0x74, 0xc3, 0x80, 0x3e, 0x54, 0x04, 0x00, 0x75, 0x76, 0x80, 0x3e  ; EBB3
    db 0x59, 0x04, 0x00, 0x75, 0x07, 0x80, 0x3e, 0x29, 0x06, 0x00, 0x75, 0x6b, 0x80, 0x3e, 0x29, 0x06  ; EBC3
    db 0x00, 0x74, 0x0a, 0x8a, 0x16, 0x50, 0x04, 0xe9, 0x07, 0x00, 0xe9, 0x73, 0x00, 0x8a, 0x16, 0x05  ; EBD3
    db 0x00, 0xc4, 0x3e, 0x4c, 0x04, 0x26, 0x88, 0x15, 0xc4, 0x16, 0x4c, 0x04, 0x8b, 0xda, 0x43, 0x89  ; EBE3
    db 0x5e, 0xf6, 0x8c, 0x46, 0xf8, 0xc4, 0x46, 0xf6, 0xbf, 0xaf, 0x00, 0x81, 0xc7, 0x84, 0x03, 0x3b  ; EBF3
    db 0xc7, 0x72, 0x08, 0xb8, 0xaf, 0x00, 0x1e, 0x07, 0xe9, 0x03, 0x00, 0xc4, 0x46, 0xf6, 0xa3, 0x4c  ; EC03
    db 0x04, 0x8c, 0x06, 0x4e, 0x04, 0xc6, 0x06, 0x55, 0x04, 0x00, 0xc6, 0x06, 0x59, 0x04, 0xff, 0x80  ; EC13
    db 0x3e, 0x5a, 0x04, 0x00, 0x74, 0x24, 0x80, 0x3e, 0x29, 0x06, 0x00, 0x74, 0x10, 0xc6, 0x06, 0x8f  ; EC23
    db 0x06, 0xff, 0xeb, 0x06, 0xe9, 0x19, 0x00, 0xe9, 0x0b, 0x00, 0xe9, 0x05, 0x00, 0x9a, 0xe1, 0x04  ; EC33
    db 0xf5, 0x96, 0xe9, 0x05, 0x00, 0xc6, 0x06, 0x59, 0x04, 0xff, 0xa0, 0x05, 0x00, 0xa2, 0x50, 0x04  ; EC43
    db 0x2b, 0xff, 0x57, 0x9a, 0x44, 0x0c, 0xf5, 0x96, 0x8b, 0xe5, 0x5d, 0xcb, 0x55, 0x8b, 0xec, 0x83  ; EC53
    db 0xec, 0x06, 0x80, 0x3e, 0x59, 0x04, 0x00, 0x74, 0x45, 0x80, 0x3e, 0x29, 0x06, 0x00, 0x74, 0x20  ; EC63
    db 0xa0, 0xf1, 0x04, 0x24, 0x20, 0x3c, 0x00, 0x74, 0x17, 0xc6, 0x06, 0x05, 0x00, 0x0d, 0x9a, 0xf8  ; EC73
    db 0x02, 0x87, 0x96, 0xc6, 0x06, 0x05, 0x00, 0x0a, 0x9a, 0xf8, 0x02, 0x87, 0x96, 0xe9, 0x0c, 0x00  ; EC83
    db 0x80, 0x3e, 0x29, 0x06, 0x00, 0x75, 0x05, 0x9a, 0x45, 0x04, 0x87, 0x96, 0xc6, 0x06, 0xa3, 0x05  ; EC93
    db 0xff, 0xc6, 0x06, 0x56, 0x04, 0xff, 0x2b, 0xff, 0x57, 0x9a, 0x44, 0x0c, 0xf5, 0x96, 0x8b, 0xe5  ; ECA3
    db 0x5d, 0xcb, 0x55, 0x8b, 0xec, 0x83, 0xec, 0x06, 0x80, 0x3e, 0x29, 0x06, 0x00, 0x75, 0x19, 0x80  ; ECB3
    db 0x3e, 0xef, 0x04, 0x00, 0x74, 0x12, 0xc6, 0x06, 0x05, 0x00, 0x0d, 0x9a, 0xf8, 0x02, 0x87, 0x96  ; ECC3
    db 0xc6, 0x06, 0x05, 0x00, 0x0a, 0xe9, 0x05, 0x00, 0xc6, 0x06, 0x05, 0x00, 0x0d, 0x9a, 0xf8, 0x02  ; ECD3
    db 0x87, 0x96, 0x8b, 0xe5, 0x5d, 0xcb, 0x55, 0x8b, 0xec, 0x83, 0xec, 0x06, 0xc4, 0x3e, 0x38, 0x04  ; ECE3
    db 0x8c, 0xc3, 0xc4, 0x16, 0x3c, 0x04, 0x3b, 0xfa, 0x75, 0x0d, 0x8c, 0xc0, 0x3b, 0xd8, 0x75, 0x07  ; ECF3
    db 0x80, 0x3e, 0x51, 0x04, 0x00, 0x74, 0x16, 0xc4, 0x3e, 0x3c, 0x04, 0x89, 0x3e, 0x38, 0x04, 0x8c  ; ED03
    db 0x06, 0x3a, 0x04, 0xc6, 0x06, 0x03, 0x00, 0xff, 0xc6, 0x06, 0x02, 0x00, 0x00, 0x8b, 0xe5, 0x5d  ; ED13
    db 0xcb, 0x55, 0x8b, 0xec, 0x83, 0xec, 0x06, 0xc6, 0x06, 0xa3, 0x05, 0xff, 0x80, 0x3e, 0x29, 0x06  ; ED23
    db 0x00, 0x74, 0x10, 0xc4, 0x3e, 0xd6, 0x06, 0x26, 0x8a, 0x55, 0x02, 0x80, 0xe2, 0x80, 0x80, 0xfa  ; ED33
    db 0x00, 0x75, 0x10, 0x80, 0x3e, 0x29, 0x06, 0x00, 0x75, 0x65, 0xa0, 0x27, 0x06, 0x24, 0x80, 0x3c  ; ED43
    db 0x00, 0x74, 0x5c, 0x80, 0x3e, 0x29, 0x06, 0x00, 0x74, 0x0c, 0xc4, 0x3e, 0xd6, 0x06, 0x26, 0xc6  ; ED53
    db 0x45, 0x03, 0x07, 0xe9, 0x0e, 0x00, 0xa0, 0x27, 0x06, 0x24, 0x40, 0x3c, 0x00, 0x75, 0x05, 0x80  ; ED63
    db 0x26, 0x27, 0x06, 0x7f, 0x80, 0x3e, 0x29, 0x06, 0x00, 0x74, 0x10, 0xc4, 0x3e, 0xd6, 0x06, 0x26  ; ED73
    db 0x8a, 0x55, 0x02, 0x80, 0xe2, 0x80, 0x80, 0xfa, 0x00, 0x74, 0x10, 0x80, 0x3e, 0x29, 0x06, 0x00  ; ED83
    db 0x75, 0x1d, 0xa0, 0x27, 0x06, 0x24, 0x80, 0x3c, 0x00, 0x75, 0x14, 0xc6, 0x06, 0x52, 0x04, 0x00  ; ED93
    db 0xc6, 0x06, 0x53, 0x04, 0x00, 0xc6, 0x06, 0x07, 0x00, 0xff, 0xc6, 0x06, 0x0e, 0x00, 0xff, 0x2b  ; EDA3
    db 0xff, 0x57, 0x9a, 0x44, 0x0c, 0xf5, 0x96, 0x8b, 0xe5, 0x5d, 0xcb, 0x55, 0x8b, 0xec, 0x83, 0xec  ; EDB3
    db 0x06, 0x80, 0x3e, 0x29, 0x06, 0x00, 0x74, 0x16, 0xa0, 0x00, 0x00, 0x24, 0x10, 0x8a, 0x16, 0x7f  ; EDC3
    db 0x05, 0x80, 0xe2, 0xbf, 0x0a, 0xd0, 0xc4, 0x3e, 0xd6, 0x06, 0x26, 0x88, 0x55, 0x05, 0x8b, 0xe5  ; EDD3
    db 0x5d, 0xcb, 0x55, 0x8b, 0xec, 0x83, 0xec, 0x08, 0x9a, 0x32, 0x00, 0x87, 0x96, 0xa0, 0xa3, 0x05  ; EDE3
    db 0x88, 0x46, 0xf9, 0xc6, 0x06, 0xa3, 0x05, 0xff, 0xa0, 0x01, 0x00, 0xa2, 0x03, 0x00, 0xa0, 0x01  ; EDF3
    db 0x00, 0xa2, 0x00, 0x00, 0xc4, 0x3e, 0x44, 0x04, 0x89, 0x3e, 0x40, 0x04, 0x8c, 0x06, 0x42, 0x04  ; EE03
    db 0xa0, 0x53, 0x04, 0xa2, 0x52, 0x04, 0xc7, 0x06, 0x44, 0x04, 0x00, 0x00, 0xc7, 0x06, 0x46, 0x04  ; EE13
    db 0x00, 0x00, 0xc6, 0x06, 0x01, 0x00, 0x00, 0xc6, 0x06, 0x02, 0x00, 0x00, 0x80, 0x3e, 0x29, 0x06  ; EE23
    db 0x00, 0x74, 0x1a, 0x80, 0x3e, 0x51, 0x04, 0x00, 0x75, 0x13, 0x8b, 0x3e, 0x40, 0x04, 0x0b, 0x3e  ; EE33
    db 0x42, 0x04, 0x74, 0x09, 0xc4, 0x3e, 0xd6, 0x06, 0x26, 0xc6, 0x45, 0x03, 0x02, 0x8a, 0x56, 0xf9  ; EE43
    db 0x2a, 0xf6, 0x52, 0x9a, 0x44, 0x0c, 0xf5, 0x96, 0x8b, 0xe5, 0x5d, 0xcb, 0x55, 0x8b, 0xec, 0x83  ; EE53
    db 0xec, 0x06, 0xc4, 0x3e, 0xd6, 0x06, 0x26, 0x8a, 0x55, 0x02, 0x80, 0xe2, 0x02, 0x80, 0xfa, 0x00  ; EE63
    db 0x74, 0x4d, 0x80, 0x3e, 0x59, 0x04, 0x00, 0x75, 0x1f, 0x80, 0x3e, 0x00, 0x00, 0x00, 0x75, 0x18  ; EE73
    db 0xa0, 0xf1, 0x04, 0x24, 0x40, 0x3c, 0x00, 0x75, 0x0f, 0xc6, 0x06, 0x05, 0x00, 0xff, 0x9a, 0xf8  ; EE83
    db 0x02, 0x87, 0x96, 0x9a, 0xef, 0x03, 0x87, 0x96, 0x80, 0x3e, 0x5a, 0x04, 0x00, 0x74, 0x20, 0x80  ; EE93
    db 0x3e, 0x55, 0x04, 0x00, 0x74, 0x07, 0x80, 0x3e, 0x56, 0x04, 0x00, 0x74, 0x12, 0xc6, 0x06, 0xa3  ; EEA3
    db 0x05, 0xff, 0xc6, 0x06, 0x8f, 0x06, 0xff, 0x2b, 0xff, 0x57, 0x9a, 0x44, 0x0c, 0xf5, 0x96, 0x8b  ; EEB3
    db 0xe5, 0x5d, 0xcb, 0x55, 0x8b, 0xec, 0x83, 0xec, 0x0a, 0xbf, 0x80, 0x8f, 0x57, 0x9a, 0x0e, 0x00  ; EEC3
    db 0x70, 0x94, 0x89, 0x46, 0xf8, 0x80, 0x3e, 0x29, 0x06, 0x00, 0x75, 0x2a, 0xbf, 0xff, 0xff, 0x57  ; EED3
    db 0x9a, 0x44, 0x0c, 0xf5, 0x96, 0x8b, 0xd0, 0x88, 0x56, 0xf7, 0xbf, 0x02, 0x00, 0x57, 0x9a, 0xd8  ; EEE3
    db 0x0c, 0xf5, 0x96, 0x8a, 0x56, 0xf7, 0x2a, 0xf6, 0x52, 0x9a, 0x44, 0x0c, 0xf5, 0x96, 0xff, 0x76  ; EEF3
    db 0xf8, 0x9a, 0x0e, 0x00, 0x70, 0x94, 0x8b, 0xe5, 0x5d, 0xcb, 0x55, 0x8b, 0xec, 0x83, 0xec, 0x0a  ; EF03
    db 0xbf, 0x80, 0x8f, 0x57, 0x9a, 0x0e, 0x00, 0x70, 0x94, 0x89, 0x46, 0xf8, 0x80, 0x3e, 0x29, 0x06  ; EF13
    db 0x00, 0x75, 0x2a, 0xbf, 0xff, 0xff, 0x57, 0x9a, 0x44, 0x0c, 0xf5, 0x96, 0x8b, 0xd0, 0x88, 0x56  ; EF23
    db 0xf7, 0xbf, 0x02, 0x00, 0x57, 0x9a, 0x96, 0x0c, 0xf5, 0x96, 0x8a, 0x56, 0xf7, 0x2a, 0xf6, 0x52  ; EF33
    db 0x9a, 0x44, 0x0c, 0xf5, 0x96, 0xff, 0x76, 0xf8, 0x9a, 0x0e, 0x00, 0x70, 0x94, 0x8b, 0xe5, 0x5d  ; EF43
    db 0xcb, 0x55, 0x8b, 0xec, 0x83, 0xec, 0x10, 0xbf, 0x80, 0x8f, 0x57, 0x9a, 0x0e, 0x00, 0x70, 0x94  ; EF53
    db 0x89, 0x46, 0xf4, 0xc6, 0x46, 0xf3, 0x00, 0x80, 0x3e, 0x29, 0x06, 0x00, 0x74, 0x69, 0x80, 0x3e  ; EF63
    db 0xa1, 0x05, 0x00, 0x75, 0x65, 0xbf, 0xff, 0xff, 0x57, 0x9a, 0x00, 0x00, 0x06, 0x80, 0xc4, 0x3e  ; EF73
    db 0xd6, 0x06, 0x26, 0x8a, 0x15, 0x88, 0x56, 0xf0, 0x80, 0xe2, 0xc0, 0x80, 0xfa, 0x00, 0x74, 0x22  ; EF83
    db 0xc6, 0x46, 0xf3, 0xff, 0x8a, 0x56, 0xf0, 0x88, 0x16, 0x98, 0x05, 0x80, 0xe2, 0x40, 0x80, 0xfa  ; EF93
    db 0x00, 0x74, 0x31, 0xc4, 0x3e, 0xd6, 0x06, 0x26, 0x8a, 0x55, 0x01, 0x88, 0x16, 0x99, 0x05, 0xe9  ; EFA3
    db 0x22, 0x00, 0x80, 0x3e, 0x8f, 0x06, 0x00, 0x74, 0x13, 0x80, 0x3e, 0x5a, 0x04, 0x00, 0x74, 0x0c  ; EFB3
    db 0xc6, 0x46, 0xf3, 0xff, 0xc6, 0x06, 0x98, 0x05, 0x00, 0xe9, 0x08, 0x00, 0x2b, 0xff, 0x57, 0x9a  ; EFC3
    db 0x00, 0x00, 0x06, 0x80, 0xe9, 0x03, 0x00, 0xe9, 0x03, 0x00, 0xe9, 0x09, 0x01, 0xc4, 0x3e, 0xda  ; EFD3
    db 0x06, 0x26, 0x8a, 0x15, 0x88, 0x56, 0xf2, 0x80, 0xe2, 0x80, 0x88, 0x56, 0xf1, 0x38, 0x16, 0x5e  ; EFE3
    db 0x04, 0x74, 0x25, 0x88, 0x16, 0x5e, 0x04, 0x80, 0xfa, 0x00, 0x74, 0x0d, 0xc4, 0x1e, 0x32, 0x07  ; EFF3
    db 0x26, 0x80, 0xa7, 0x97, 0x00, 0xfd, 0xe9, 0x0a, 0x00, 0xc4, 0x3e, 0x32, 0x07, 0x26, 0x80, 0x8d  ; F003
    db 0x97, 0x00, 0x0a, 0x9a, 0x41, 0x0d, 0xc9, 0x82, 0x8a, 0x56, 0xf2, 0x80, 0xe2, 0x02, 0x80, 0xfa  ; F013
    db 0x00, 0x74, 0x69, 0xc4, 0x3e, 0xd6, 0x06, 0x26, 0x8a, 0x55, 0x01, 0x88, 0x16, 0x9b, 0x05, 0xc4  ; F023
    db 0x1e, 0x64, 0x04, 0x26, 0x88, 0x57, 0x01, 0xc4, 0x3e, 0xd6, 0x06, 0x26, 0x8a, 0x45, 0x03, 0xa2  ; F033
    db 0x9d, 0x05, 0xc4, 0x3e, 0x64, 0x04, 0x26, 0x88, 0x45, 0x02, 0xc4, 0x1e, 0xd6, 0x06, 0x26, 0x8a  ; F043
    db 0x17, 0x88, 0x16, 0x9e, 0x05, 0xc4, 0x3e, 0x64, 0x04, 0x26, 0x88, 0x15, 0x8a, 0x46, 0xf2, 0xc4  ; F053
    db 0x3e, 0x64, 0x04, 0x26, 0x88, 0x45, 0x03, 0xc4, 0x16, 0x64, 0x04, 0x8b, 0xda, 0x83, 0xc3, 0x04  ; F063
    db 0x89, 0x5e, 0xf6, 0x8c, 0x46, 0xf8, 0xc4, 0x7e, 0xf6, 0xbb, 0x6c, 0x04, 0x81, 0xc3, 0x80, 0x00  ; F073
    db 0x3b, 0xfb, 0x72, 0x0b, 0xbf, 0x6c, 0x04, 0x1e, 0x07, 0xe9, 0x06, 0x00, 0xe9, 0x0f, 0x00, 0xc4  ; F083
    db 0x7e, 0xf6, 0x89, 0x3e, 0x64, 0x04, 0x8c, 0x06, 0x66, 0x04, 0xc6, 0x46, 0xf3, 0xff, 0x80, 0x3e  ; F093
    db 0x96, 0x05, 0x00, 0x74, 0x1e, 0x80, 0x3e, 0x5a, 0x04, 0x00, 0x75, 0x2f, 0x80, 0x3e, 0xa3, 0x05  ; F0A3
    db 0x00, 0x75, 0x28, 0xa0, 0x96, 0x1a, 0x24, 0x0f, 0x3c, 0x00, 0x75, 0x04, 0xc6, 0x46, 0xf3, 0xff  ; F0B3
    db 0xe9, 0x18, 0x00, 0x8a, 0x56, 0xf2, 0x80, 0xe2, 0x04, 0x80, 0xfa, 0x00, 0x74, 0x0d, 0xbf, 0xff  ; F0C3
    db 0xff, 0x57, 0x9a, 0x9c, 0x00, 0x06, 0x80, 0xc6, 0x46, 0xf3, 0xff, 0x80, 0x7e, 0xf3, 0x00, 0x74  ; F0D3
    db 0x05, 0xc6, 0x06, 0xa1, 0x05, 0xff, 0xff, 0x76, 0xf4, 0x9a, 0x0e, 0x00, 0x70, 0x94, 0x8a, 0x46  ; F0E3
    db 0xf3, 0x98, 0x8b, 0xe5, 0x5d, 0xcb, 0x55, 0x8b, 0xec, 0x83, 0xec, 0x08, 0xbf, 0x80, 0x8f, 0x57  ; F0F3
    db 0x9a, 0x0e, 0x00, 0x70, 0x94, 0x89, 0x46, 0xf8, 0x80, 0x3e, 0x29, 0x06, 0x00, 0x74, 0x08, 0x9a  ; F103
    db 0x5c, 0x06, 0xf5, 0x96, 0xe9, 0x05, 0x00, 0x9a, 0xdb, 0x01, 0xf5, 0x96, 0xff, 0x76, 0xf8, 0x9a  ; F113
    db 0x0e, 0x00, 0x70, 0x94, 0x8b, 0xe5, 0x5d, 0xcb, 0x55, 0x8b, 0xec, 0x83, 0xec, 0x0e, 0xbf, 0x80  ; F123
    db 0x8f, 0x57, 0x9a, 0x0e, 0x00, 0x70, 0x94, 0x89, 0x46, 0xf4, 0xe9, 0x2e, 0x00, 0xc4, 0x3e, 0x64  ; F133
    db 0x04, 0x8c, 0xc3, 0xc4, 0x16, 0x68, 0x04, 0x3b, 0xfa, 0x75, 0x1b, 0x8c, 0xc0, 0x3b, 0xd8, 0x75  ; F143
    db 0x15, 0x80, 0x3e, 0x96, 0x05, 0x00, 0x74, 0x07, 0x80, 0x3e, 0x5a, 0x04, 0x00, 0x74, 0x07, 0x80  ; F153
    db 0x3e, 0x56, 0x04, 0x00, 0x74, 0x78, 0x9a, 0x30, 0x0c, 0xc9, 0x82, 0x80, 0x3e, 0xa3, 0x05, 0x00  ; F163
    db 0x75, 0xcb, 0xe9, 0x8f, 0x00, 0xc4, 0x3e, 0x68, 0x04, 0x26, 0x8a, 0x55, 0x01, 0x80, 0xe2, 0x9f  ; F173
    db 0x88, 0x56, 0xf3, 0x80, 0xfa, 0x00, 0x74, 0x36, 0x80, 0xe2, 0x0f, 0x80, 0xfa, 0x00, 0x74, 0x0e  ; F183
    db 0x8a, 0x56, 0xf3, 0x2a, 0xf6, 0x52, 0x9a, 0xfc, 0x05, 0xf5, 0x96, 0x88, 0x46, 0xf3, 0x8a, 0x56  ; F193
    db 0xf3, 0x80, 0xe2, 0x80, 0x80, 0xfa, 0x00, 0x74, 0x05, 0x9a, 0x03, 0x03, 0xf5, 0x96, 0x8a, 0x56  ; F1A3
    db 0xf3, 0x80, 0xe2, 0x10, 0x80, 0xfa, 0x00, 0x74, 0x05, 0x9a, 0x33, 0x06, 0xf5, 0x96, 0xc4, 0x3e  ; F1B3
    db 0x64, 0x04, 0x8c, 0xc3, 0xc4, 0x16, 0x68, 0x04, 0x3b, 0xfa, 0x75, 0x06, 0x8c, 0xc0, 0x3b, 0xd8  ; F1C3
    db 0x74, 0x32, 0xc4, 0x3e, 0x68, 0x04, 0x8d, 0x55, 0x04, 0x89, 0x56, 0xf6, 0xeb, 0x03, 0xe9, 0x5e  ; F1D3
    db 0x00, 0x8c, 0x46, 0xf8, 0xc4, 0x46, 0xf6, 0xba, 0x6c, 0x04, 0x81, 0xc2, 0x80, 0x00, 0x3b, 0xc2  ; F1E3
    db 0x72, 0x08, 0xb8, 0x6c, 0x04, 0x1e, 0x07, 0xe9, 0x03, 0x00, 0xc4, 0x46, 0xf6, 0xa3, 0x68, 0x04  ; F1F3
    db 0x8c, 0x06, 0x6a, 0x04, 0xc4, 0x3e, 0x64, 0x04, 0x8c, 0xc3, 0xc4, 0x16, 0x68, 0x04, 0x3b, 0xfa  ; F203
    db 0x74, 0x03, 0xe9, 0x60, 0xff, 0x8c, 0xc0, 0x3b, 0xd8, 0x74, 0x03, 0xe9, 0x57, 0xff, 0x80, 0x3e  ; F213
    db 0x96, 0x05, 0x00, 0x74, 0x07, 0x80, 0x3e, 0x5a, 0x04, 0x00, 0x74, 0x0e, 0x80, 0x3e, 0x55, 0x04  ; F223
    db 0x00, 0x74, 0x0c, 0x80, 0x3e, 0x56, 0x04, 0x00, 0x74, 0x05, 0x9a, 0xe1, 0x04, 0xf5, 0x96, 0xc6  ; F233
    db 0x06, 0xa1, 0x05, 0x00, 0xff, 0x76, 0xf4, 0x9a, 0x0e, 0x00, 0x70, 0x94, 0x8b, 0xe5, 0x5d, 0xcb  ; F243
    db 0x55, 0x8b, 0xec, 0x83, 0xec, 0x0e, 0x80, 0x3e, 0xec, 0x04, 0x28, 0x73, 0x17, 0xbf, 0x41, 0x00  ; F253
    db 0x57, 0x9a, 0x0e, 0x00, 0x70, 0x94, 0xc6, 0x06, 0xaa, 0x07, 0x40, 0xbf, 0x80, 0x8f, 0x57, 0x9a  ; F263
    db 0x0e, 0x00, 0x70, 0x94, 0xc4, 0x3e, 0x68, 0x04, 0x26, 0x8a, 0x55, 0x02, 0x80, 0xe2, 0x02, 0x80  ; F273
    db 0xfa, 0x00, 0x74, 0x6a, 0xc4, 0x1e, 0x68, 0x04, 0x26, 0x8a, 0x57, 0x03, 0x80, 0xf2, 0xff, 0x80  ; F283
    db 0xe2, 0x80, 0x80, 0xfa, 0x00, 0x74, 0x57, 0xc4, 0x3e, 0x68, 0x04, 0x26, 0x8a, 0x15, 0x88, 0x56  ; F293
    db 0xf9, 0x80, 0x3e, 0xed, 0x04, 0x00, 0x74, 0x28, 0x80, 0x3e, 0xed, 0x04, 0x04, 0x75, 0x0b, 0x80  ; F2A3
    db 0xe2, 0x80, 0x80, 0xfa, 0x00, 0x75, 0x37, 0xe9, 0x12, 0x00, 0x80, 0x3e, 0xed, 0x04, 0x03, 0x75  ; F2B3
    db 0x0b, 0x8a, 0x56, 0xf9, 0x80, 0xe2, 0x80, 0x80, 0xfa, 0x00, 0x74, 0x22, 0x80, 0x66, 0xf9, 0x7f  ; F2C3
    db 0xc4, 0x3e, 0x34, 0x04, 0x8a, 0x56, 0xf9, 0x26, 0x88, 0x15, 0x80, 0x3e, 0x5b, 0x04, 0x00, 0x74  ; F2D3
    db 0x38, 0x80, 0xfa, 0x04, 0x75, 0x0b, 0x9a, 0xb1, 0x0b, 0xf5, 0x96, 0xe9, 0x00, 0x00, 0xe9, 0x39  ; F2E3
    db 0x01, 0x80, 0x7e, 0xf9, 0x11, 0x75, 0x14, 0xc6, 0x06, 0x5d, 0x04, 0x00, 0x80, 0x3e, 0x5a, 0x04  ; F2F3
    db 0x00, 0x74, 0x05, 0x9a, 0xe1, 0x04, 0xf5, 0x96, 0xe9, 0x1f, 0x01, 0x80, 0x7e, 0xf9, 0x13, 0x75  ; F303
    db 0x08, 0xc6, 0x06, 0x5d, 0x04, 0xff, 0xe9, 0x11, 0x01, 0x80, 0x3e, 0x00, 0x00, 0x00, 0x75, 0x1a  ; F313
    db 0xc6, 0x06, 0x00, 0x00, 0xff, 0x80, 0x26, 0x27, 0x06, 0xdf, 0x9a, 0xb4, 0x03, 0x28, 0x96, 0xa0  ; F323
    db 0x27, 0x06, 0x24, 0x80, 0xa2, 0x52, 0x04, 0xe9, 0x26, 0x00, 0xc4, 0x3e, 0x40, 0x04, 0x8c, 0xc3  ; F333
    db 0xc4, 0x16, 0x34, 0x04, 0x3b, 0xfa, 0x75, 0x18, 0x8c, 0xc0, 0x3b, 0xd8, 0x75, 0x12, 0xc6, 0x06  ; F343
    db 0x01, 0x00, 0xff, 0xa0, 0x27, 0x06, 0x24, 0x80, 0xa2, 0x53, 0x04, 0xc6, 0x06, 0x54, 0x04, 0xff  ; F353
    db 0xc4, 0x3e, 0x34, 0x04, 0x89, 0x7e, 0xf4, 0x8c, 0x46, 0xf6, 0xff, 0x46, 0xf4, 0xc4, 0x56, 0xf4  ; F363
    db 0xbb, 0x0f, 0x00, 0x81, 0xc3, 0xa0, 0x00, 0x3b, 0xd3, 0x75, 0x10, 0x8c, 0xd8, 0x8c, 0xc7, 0x3b  ; F373
    db 0xf8, 0x75, 0x08, 0xc7, 0x46, 0xf4, 0x0f, 0x00, 0x89, 0x46, 0xf6, 0x80, 0x7e, 0xf9, 0x0d, 0x75  ; F383
    db 0x07, 0x80, 0x3e, 0xef, 0x04, 0x00, 0x74, 0x0d, 0x80, 0x7e, 0xf9, 0x0a, 0x75, 0x2a, 0x80, 0x3e  ; F393
    db 0xef, 0x04, 0x00, 0x74, 0x23, 0x8b, 0x3e, 0x40, 0x04, 0x0b, 0x3e, 0x42, 0x04, 0x75, 0x0e, 0xc4  ; F3A3
    db 0x7e, 0xf4, 0x89, 0x3e, 0x40, 0x04, 0x8c, 0x06, 0x42, 0x04, 0xe9, 0x0b, 0x00, 0xc4, 0x7e, 0xf4  ; F3B3
    db 0x89, 0x3e, 0x44, 0x04, 0x8c, 0x06, 0x46, 0x04, 0x8a, 0x56, 0xf9, 0x88, 0x16, 0x62, 0x04, 0xc4  ; F3C3
    db 0x7e, 0xf4, 0x89, 0x3e, 0x34, 0x04, 0x8c, 0x06, 0x36, 0x04, 0xa1, 0x34, 0x04, 0x8b, 0x1e, 0x3c  ; F3D3
    db 0x04, 0x2b, 0xc3, 0x89, 0x46, 0xf2, 0x3d, 0x00, 0x00, 0x7c, 0x07, 0x80, 0x3e, 0x51, 0x04, 0x00  ; F3E3
    db 0x74, 0x05, 0x81, 0x46, 0xf2, 0xa0, 0x00, 0x81, 0x7e, 0xf2, 0x82, 0x00, 0x7e, 0x09, 0xbf, 0x01  ; F3F3
    db 0x00, 0x57, 0x9a, 0x96, 0x0c, 0xf5, 0x96, 0xc4, 0x3e, 0x34, 0x04, 0x8c, 0xc3, 0xc4, 0x16, 0x3c  ; F403
    db 0x04, 0x3b, 0xfa, 0x75, 0x10, 0x8c, 0xc0, 0x3b, 0xd8, 0x75, 0x0a, 0xc6, 0x06, 0x51, 0x04, 0xff  ; F413
    db 0xc6, 0x06, 0x8c, 0x06, 0x19, 0xc6, 0x06, 0x03, 0x00, 0xff, 0x8b, 0xe5, 0x5d, 0xcb, 0x55, 0x8b  ; F423
    db 0xec, 0x83, 0xec, 0x0a, 0xc6, 0x06, 0x5a, 0x04, 0xff, 0x80, 0x3e, 0x5d, 0x04, 0x00, 0x75, 0x73  ; F433
    db 0xc4, 0x3e, 0xd6, 0x06, 0x26, 0x8a, 0x55, 0x03, 0x80, 0xe2, 0x02, 0x80, 0xfa, 0x00, 0x74, 0x63  ; F443
    db 0x80, 0x3e, 0x60, 0x04, 0x00, 0x74, 0x10, 0x9a, 0xca, 0x05, 0xf5, 0x96, 0x2a, 0xe4, 0x50, 0x9a  ; F453
    db 0x91, 0x05, 0xf5, 0x96, 0xe9, 0x73, 0x00, 0x80, 0x3e, 0x55, 0x04, 0x00, 0x74, 0x14, 0x80, 0x3e  ; F463
    db 0x56, 0x04, 0x00, 0x74, 0x05, 0xc6, 0x06, 0x56, 0x04, 0x00, 0xc6, 0x06, 0x5a, 0x04, 0xff, 0xe9  ; F473
    db 0x58, 0x00, 0xc4, 0x3e, 0x48, 0x04, 0x26, 0x8a, 0x15, 0x2a, 0xf6, 0x52, 0x9a, 0x91, 0x05, 0xf5  ; F483
    db 0x96, 0xc4, 0x3e, 0x48, 0x04, 0x8d, 0x55, 0x01, 0x89, 0x56, 0xf6, 0x8c, 0x46, 0xf8, 0xc4, 0x5e  ; F493
    db 0xf6, 0xb8, 0xaf, 0x00, 0x05, 0x84, 0x03, 0x3b, 0xd8, 0x72, 0x0b, 0xbb, 0xaf, 0x00, 0x1e, 0x07  ; F4A3
    db 0xe9, 0x06, 0x00, 0xe9, 0x24, 0x00, 0xc4, 0x5e, 0xf6, 0x89, 0x1e, 0x48, 0x04, 0x8c, 0x06, 0x4a  ; F4B3
    db 0x04, 0xc4, 0x3e, 0x48, 0x04, 0x8c, 0xc0, 0xc4, 0x16, 0x4c, 0x04, 0x3b, 0xfa, 0x75, 0x0b, 0x8c  ; F4C3
    db 0xc7, 0x3b, 0xc7, 0x75, 0x05, 0xc6, 0x06, 0x55, 0x04, 0xff, 0x8b, 0xe5, 0x5d, 0xcb, 0x55, 0x8b  ; F4D3
    db 0xec, 0x83, 0xec, 0x06, 0x80, 0x3e, 0xed, 0x04, 0x00, 0x74, 0x0f, 0x80, 0x66, 0x06, 0x7f, 0x80  ; F4E3
    db 0x3e, 0xed, 0x04, 0x03, 0x75, 0x04, 0x80, 0x4e, 0x06, 0x80, 0xc4, 0x3e, 0xd6, 0x06, 0x8a, 0x56  ; F4F3
    db 0x06, 0x26, 0x88, 0x15, 0xc6, 0x06, 0x5a, 0x04, 0x00, 0x2b, 0xdb, 0x53, 0x9a, 0x9c, 0x00, 0x06  ; F503
    db 0x80, 0x8b, 0xe5, 0x5d, 0xca, 0x02, 0x00, 0x55, 0x8b, 0xec, 0x83, 0xec, 0x06, 0xa0, 0x60, 0x04  ; F513
    db 0x24, 0x02, 0x3c, 0x00, 0x74, 0x0a, 0x80, 0x26, 0x60, 0x04, 0xfd, 0xb0, 0x13, 0xe9, 0x15, 0x00  ; F523
    db 0xa0, 0x60, 0x04, 0x24, 0x01, 0x3c, 0x00, 0x74, 0x0a, 0x80, 0x26, 0x60, 0x04, 0xfe, 0xb0, 0x11  ; F533
    db 0xe9, 0x02, 0x00, 0x2a, 0xc0, 0x8b, 0xe5, 0x5d, 0xcb, 0x55, 0x8b, 0xec, 0x83, 0xec, 0x08, 0x8a  ; F543
    db 0x56, 0x06, 0x80, 0xe2, 0x02, 0x80, 0xfa, 0x00, 0x74, 0x08, 0xc6, 0x06, 0x8c, 0x06, 0x2a, 0xe9  ; F553
    db 0x10, 0x00, 0x8a, 0x56, 0x06, 0x80, 0xe2, 0x04, 0x80, 0xfa, 0x00, 0x74, 0x05, 0xc6, 0x06, 0x8c  ; F563
    db 0x06, 0x19, 0x8a, 0x56, 0x06, 0x80, 0xe2, 0x70, 0x8a, 0xc2, 0x8b, 0xe5, 0x5d, 0xca, 0x02, 0x00  ; F573
    db 0x55, 0x8b, 0xec, 0x83, 0xec, 0x06, 0xc4, 0x3e, 0x68, 0x04, 0x26, 0x8a, 0x55, 0x02, 0x2a, 0xf6  ; F583
    db 0x81, 0xe2, 0x00, 0x00, 0x83, 0xfa, 0x00, 0x75, 0x0c, 0x80, 0x3e, 0x5a, 0x04, 0x00, 0x74, 0x05  ; F593
    db 0x9a, 0xe1, 0x04, 0xf5, 0x96, 0x8b, 0xe5, 0x5d, 0xcb, 0x55, 0x8b, 0xec, 0x83, 0xec, 0x08, 0xbf  ; F5A3
    db 0x80, 0x8f, 0x57, 0x9a, 0x0e, 0x00, 0x70, 0x94, 0x89, 0x46, 0xf8, 0xe9, 0x05, 0x00, 0x9a, 0x30  ; F5B3
    db 0x0c, 0xc9, 0x82, 0x80, 0x3e, 0xa3, 0x05, 0x00, 0x74, 0x07, 0x80, 0x3e, 0xa1, 0x05, 0x00, 0x75  ; F5C3
    db 0xed, 0x80, 0x3e, 0xa1, 0x05, 0x00, 0x74, 0x74, 0xe9, 0xaf, 0x00, 0xa0, 0x98, 0x05, 0x24, 0x80  ; F5D3
    db 0x3c, 0x00, 0x74, 0x46, 0xa0, 0x98, 0x05, 0x24, 0x20, 0x3c, 0x00, 0x74, 0x05, 0x9a, 0x70, 0x07  ; F5E3
    db 0xf5, 0x96, 0xa0, 0x98, 0x05, 0x24, 0x10, 0x3c, 0x00, 0x74, 0x05, 0x9a, 0x0b, 0x09, 0xf5, 0x96  ; F5F3
    db 0xa0, 0x98, 0x05, 0x24, 0x04, 0x3c, 0x00, 0x74, 0x05, 0x9a, 0xb5, 0x09, 0xf5, 0x96, 0xa0, 0x98  ; F603
    db 0x05, 0x24, 0x02, 0x3c, 0x00, 0x74, 0x05, 0x9a, 0xc6, 0x0a, 0xf5, 0x96, 0xa0, 0x98, 0x05, 0x24  ; F613
    db 0x01, 0x3c, 0x00, 0x74, 0x05, 0x9a, 0x4c, 0x0b, 0xf5, 0x96, 0xa0, 0x98, 0x05, 0x24, 0x40, 0x3c  ; F623
    db 0x00, 0x74, 0x38, 0xa0, 0x99, 0x05, 0x24, 0x04, 0x3c, 0x00, 0x74, 0x05, 0x9a, 0x07, 0x0b, 0xf5  ; F633
    db 0x96, 0xa0, 0x99, 0x05, 0x24, 0x08, 0x3c, 0x00, 0x74, 0x0a, 0xeb, 0x03, 0xe9, 0x62, 0x00, 0x9a  ; F643
    db 0xb1, 0x0b, 0xf5, 0x96, 0xa0, 0x99, 0x05, 0x24, 0x01, 0x3c, 0x00, 0x74, 0x05, 0x9a, 0x4c, 0x0b  ; F653
    db 0xf5, 0x96, 0xc4, 0x3e, 0xd6, 0x06, 0x26, 0xc6, 0x45, 0x03, 0x01, 0xc4, 0x3e, 0xd6, 0x06, 0x26  ; F663
    db 0x8a, 0x15, 0x88, 0x16, 0x98, 0x05, 0x80, 0xe2, 0x40, 0x80, 0xfa, 0x00, 0x74, 0x0c, 0xc4, 0x1e  ; F673
    db 0xd6, 0x06, 0x26, 0x8a, 0x57, 0x01, 0x88, 0x16, 0x99, 0x05, 0xa0, 0x98, 0x05, 0x24, 0xc0, 0x3c  ; F683
    db 0x00, 0x74, 0x03, 0xe9, 0x45, 0xff, 0x80, 0x3e, 0x8f, 0x06, 0x00, 0x74, 0x0c, 0x80, 0x3e, 0x5a  ; F693
    db 0x04, 0x00, 0x74, 0x05, 0x9a, 0x0b, 0x09, 0xf5, 0x96, 0x2b, 0xff, 0x57, 0x9a, 0x00, 0x00, 0x06  ; F6A3
    db 0x80, 0xff, 0x76, 0xf8, 0x9a, 0x0e, 0x00, 0x70, 0x94, 0x8b, 0xe5, 0x5d, 0xcb, 0x55, 0x8b, 0xec  ; F6B3
    db 0x83, 0xec, 0x0c, 0x80, 0x3e, 0x00, 0x00, 0x00, 0x75, 0x21, 0xc6, 0x06, 0x00, 0x00, 0xff, 0x9a  ; F6C3
    db 0x4e, 0x05, 0x87, 0x96, 0x9a, 0xb4, 0x03, 0x28, 0x96, 0xc4, 0x3e, 0xd6, 0x06, 0x26, 0x8a, 0x55  ; F6D3
    db 0x02, 0x80, 0xe2, 0x80, 0x88, 0x16, 0x52, 0x04, 0xe9, 0x32, 0x00, 0xc4, 0x3e, 0x40, 0x04, 0x8c  ; F6E3
    db 0xc3, 0xc4, 0x16, 0x34, 0x04, 0x3b, 0xfa, 0x75, 0x24, 0x8c, 0xc0, 0x3b, 0xd8, 0x75, 0x1e, 0xc6  ; F6F3
    db 0x06, 0x01, 0x00, 0xff, 0xc4, 0x3e, 0xd6, 0x06, 0x26, 0x8a, 0x55, 0x02, 0x80, 0xe2, 0x80, 0x88  ; F703
    db 0x16, 0x53, 0x04, 0x9a, 0xb4, 0x03, 0x28, 0x96, 0xc6, 0x06, 0x54, 0x04, 0xff, 0xc4, 0x3e, 0x34  ; F713
    db 0x04, 0x89, 0x7e, 0xf6, 0x8c, 0x46, 0xf8, 0xff, 0x06, 0x34, 0x04, 0xc4, 0x16, 0x34, 0x04, 0xbb  ; F723
    db 0x0f, 0x00, 0x81, 0xc3, 0xa0, 0x00, 0x3b, 0xd3, 0x75, 0x11, 0x8c, 0xd8, 0x8c, 0xc7, 0x3b, 0xf8  ; F733
    db 0x75, 0x09, 0xc7, 0x06, 0x34, 0x04, 0x0f, 0x00, 0xa3, 0x36, 0x04, 0xc4, 0x3e, 0x34, 0x04, 0x8c  ; F743
    db 0xc3, 0xc4, 0x16, 0x3c, 0x04, 0x3b, 0xfa, 0x75, 0x50, 0x8c, 0xc0, 0x3b, 0xd8, 0x75, 0x4a, 0xc6  ; F753
    db 0x06, 0x51, 0x04, 0xff, 0xc4, 0x3e, 0xd6, 0x06, 0x26, 0xc6, 0x45, 0x03, 0x83, 0x80, 0x3e, 0x55  ; F763
    db 0x04, 0x00, 0x75, 0x35, 0xc4, 0x16, 0x4c, 0x04, 0x8c, 0xc0, 0xc4, 0x1e, 0x48, 0x04, 0x3b, 0xd3  ; F773
    db 0x75, 0x27, 0x8c, 0xc7, 0x3b, 0xc7, 0x75, 0x21, 0x9a, 0xb4, 0x03, 0x28, 0x96, 0xc6, 0x06, 0x54  ; F783
    db 0x04, 0xff, 0xa0, 0x06, 0x00, 0x88, 0x46, 0xf5, 0xc6, 0x06, 0x06, 0x00, 0x14, 0x9a, 0x5b, 0x01  ; F793
    db 0x11, 0x85, 0x8a, 0x56, 0xf5, 0x88, 0x16, 0x06, 0x00, 0xc4, 0x7e, 0xf6, 0x8c, 0xc2, 0xc4, 0x1e  ; F7A3
    db 0xd6, 0x06, 0x26, 0x8a, 0x47, 0x07, 0x8e, 0xc2, 0x26, 0x88, 0x05, 0x8b, 0x3e, 0x40, 0x04, 0x0b  ; F7B3
    db 0x3e, 0x42, 0x04, 0x75, 0x05, 0xc6, 0x06, 0x03, 0x00, 0xff, 0xa0, 0x98, 0x05, 0x24, 0x08, 0x3c  ; F7C3
    db 0x00, 0x75, 0x12, 0xa0, 0xf1, 0x04, 0x24, 0x20, 0x3c, 0x00, 0x74, 0x2e, 0xc4, 0x7e, 0xf6, 0x26  ; F7D3
    db 0x80, 0x3d, 0x0a, 0x75, 0x25, 0x8b, 0x3e, 0x40, 0x04, 0x0b, 0x3e, 0x42, 0x04, 0x75, 0x0f, 0xc4  ; F7E3
    db 0x3e, 0x34, 0x04, 0x89, 0x3e, 0x40, 0x04, 0x8c, 0x06, 0x42, 0x04, 0xe9, 0x0c, 0x00, 0xc4, 0x3e  ; F7F3
    db 0x34, 0x04, 0x89, 0x3e, 0x44, 0x04, 0x8c, 0x06, 0x46, 0x04, 0xa0, 0xf1, 0x04, 0x24, 0x20, 0x3c  ; F803
    db 0x00, 0x74, 0x1d, 0x8b, 0x3e, 0x44, 0x04, 0x0b, 0x3e, 0x46, 0x04, 0x75, 0x37, 0x80, 0x3e, 0x51  ; F813
    db 0x04, 0x00, 0x75, 0x30, 0xc4, 0x3e, 0xd6, 0x06, 0x26, 0xc6, 0x45, 0x03, 0x02, 0xe9, 0x24, 0x00  ; F823
    db 0xc4, 0x3e, 0x34, 0x04, 0x8c, 0xc3, 0xc4, 0x16, 0x40, 0x04, 0x3b, 0xfa, 0x75, 0x16, 0x8c, 0xc0  ; F833
    db 0x3b, 0xd8, 0x75, 0x10, 0x80, 0x3e, 0x51, 0x04, 0x00, 0x75, 0x09, 0xc4, 0x3e, 0xd6, 0x06, 0x26  ; F843
    db 0xc6, 0x45, 0x03, 0x02, 0x8b, 0xe5, 0x5d, 0xcb, 0x55, 0x8b, 0xec, 0x83, 0xec, 0x06, 0xc6, 0x06  ; F853
    db 0x5a, 0x04, 0x00, 0xc6, 0x06, 0x8f, 0x06, 0x00, 0x80, 0x3e, 0x55, 0x04, 0x00, 0x74, 0x3f, 0x80  ; F863
    db 0x3e, 0x56, 0x04, 0x00, 0x74, 0x21, 0xc4, 0x3e, 0xd6, 0x06, 0x26, 0xc6, 0x45, 0x03, 0x08, 0xc6  ; F873
    db 0x06, 0x57, 0x04, 0xff, 0xc6, 0x06, 0x56, 0x04, 0x00, 0xa0, 0x50, 0x04, 0xc4, 0x1e, 0xd6, 0x06  ; F883
    db 0x26, 0x88, 0x47, 0x07, 0xe9, 0x67, 0x00, 0x80, 0x3e, 0x57, 0x04, 0x00, 0x74, 0x08, 0xc6, 0x06  ; F893
    db 0x58, 0x04, 0xff, 0xe9, 0x05, 0x00, 0xc6, 0x06, 0x5a, 0x04, 0xff, 0xe9, 0x50, 0x00, 0xc4, 0x3e  ; F8A3
    db 0x48, 0x04, 0x26, 0x8a, 0x15, 0xc4, 0x1e, 0xd6, 0x06, 0x26, 0x88, 0x57, 0x07, 0xc4, 0x06, 0x48  ; F8B3
    db 0x04, 0xbf, 0xaf, 0x00, 0x81, 0xc7, 0x83, 0x03, 0x3b, 0xc7, 0x75, 0x15, 0x8c, 0xdf, 0x8c, 0xc2  ; F8C3
    db 0x3b, 0xd7, 0x75, 0x0d, 0xc7, 0x06, 0x48, 0x04, 0xaf, 0x00, 0x89, 0x3e, 0x4a, 0x04, 0xe9, 0x04  ; F8D3
    db 0x00, 0xff, 0x06, 0x48, 0x04, 0xc4, 0x3e, 0x48, 0x04, 0x8c, 0xc3, 0xc4, 0x16, 0x4c, 0x04, 0x3b  ; F8E3
    db 0xfa, 0x75, 0x0b, 0x8c, 0xc0, 0x3b, 0xd8, 0x75, 0x05, 0xc6, 0x06, 0x55, 0x04, 0xff, 0x8b, 0xe5  ; F8F3
    db 0x5d, 0xcb, 0x55, 0x8b, 0xec, 0x83, 0xec, 0x06, 0x80, 0x3e, 0x1c, 0x06, 0x00, 0x74, 0x48, 0xa0  ; F903
    db 0x80, 0x05, 0x24, 0x80, 0x3c, 0x00, 0x75, 0x21, 0xa0, 0x80, 0x05, 0x2a, 0xe4, 0xd1, 0xe0, 0xd1  ; F913
    db 0xe0, 0xc4, 0x3e, 0x12, 0x07, 0x8b, 0xd8, 0x26, 0x8a, 0x11, 0x2a, 0xf6, 0x8b, 0xfa, 0xc6, 0x85  ; F923
    db 0x86, 0x05, 0x00, 0xa0, 0x80, 0x05, 0xa2, 0x81, 0x05, 0xc7, 0x06, 0x82, 0x05, 0x86, 0x05, 0x8c  ; F933
    db 0x1e, 0x84, 0x05, 0xe9, 0x04, 0x00, 0xff, 0x06, 0x82, 0x05, 0xc4, 0x3e, 0x82, 0x05, 0x26, 0x80  ; F943
    db 0x3d, 0x00, 0x74, 0xf2, 0xe9, 0x0e, 0x00, 0xbf, 0x86, 0x05, 0x83, 0xc7, 0x0a, 0x89, 0x3e, 0x82  ; F953
    db 0x05, 0x8c, 0x1e, 0x84, 0x05, 0xc4, 0x3e, 0x82, 0x05, 0x26, 0x8a, 0x15, 0x88, 0x16, 0x80, 0x05  ; F963
    db 0xa0, 0x80, 0x05, 0x24, 0x80, 0x3c, 0x00, 0x75, 0x4e, 0xc4, 0x1e, 0x82, 0x05, 0x26, 0x8a, 0x07  ; F973
    db 0x2a, 0xe4, 0xd1, 0xe0, 0xd1, 0xe0, 0xc4, 0x3e, 0x12, 0x07, 0x8b, 0xd8, 0x26, 0x8a, 0x51, 0x01  ; F983
    db 0x88, 0x16, 0x7f, 0x05, 0x80, 0x3e, 0x29, 0x06, 0x00, 0x74, 0x1f, 0xa0, 0x00, 0x00, 0x24, 0x10  ; F993
    db 0x8a, 0x16, 0x7f, 0x05, 0x80, 0xe2, 0xbf, 0x0a, 0xd0, 0xc4, 0x3e, 0xd6, 0x06, 0x26, 0x88, 0x55  ; F9A3
    db 0x05, 0xc4, 0x3e, 0xd6, 0x06, 0x26, 0xc6, 0x45, 0x03, 0x98, 0xc4, 0x3e, 0x32, 0x07, 0x26, 0x80  ; F9B3
    db 0x8d, 0x97, 0x00, 0x0c, 0xe9, 0x43, 0x00, 0xa0, 0x80, 0x05, 0x24, 0x80, 0x3c, 0x00, 0x74, 0x05  ; F9C3
    db 0x2a, 0xd2, 0xe9, 0x04, 0x00, 0x8a, 0x16, 0x80, 0x05, 0x88, 0x16, 0x7f, 0x05, 0x80, 0x3e, 0x29  ; F9D3
    db 0x06, 0x00, 0x74, 0x1c, 0xc4, 0x3e, 0xd6, 0x06, 0x26, 0xc6, 0x45, 0x03, 0x18, 0xa0, 0x00, 0x00  ; F9E3
    db 0x24, 0x10, 0x8a, 0x16, 0x7f, 0x05, 0x0a, 0xd0, 0xc4, 0x1e, 0xd6, 0x06, 0x26, 0x88, 0x57, 0x05  ; F9F3
    db 0xc4, 0x3e, 0x32, 0x07, 0x26, 0x80, 0xa5, 0x97, 0x00, 0xfb, 0x9a, 0x41, 0x0d, 0xc9, 0x82, 0x8b  ; FA03
    db 0xe5, 0x5d, 0xcb, 0x55, 0x8b, 0xec, 0x83, 0xec, 0x06, 0xc4, 0x3e, 0xd6, 0x06, 0x26, 0x8a, 0x55  ; FA13
    db 0x02, 0x2a, 0xf6, 0x81, 0xe2, 0xc0, 0x00, 0x81, 0xfa, 0xc0, 0x00, 0x75, 0x09, 0xc4, 0x1e, 0xd6  ; FA23
    db 0x06, 0x26, 0xc6, 0x47, 0x03, 0x07, 0xc4, 0x3e, 0xd6, 0x06, 0x26, 0x8a, 0x55, 0x02, 0x80, 0xe2  ; FA33
    db 0x80, 0x80, 0xfa, 0x00, 0x74, 0x05, 0xc6, 0x06, 0x07, 0x00, 0x00, 0xc6, 0x06, 0x0e, 0x00, 0xff  ; FA43
    db 0x8b, 0xe5, 0x5d, 0xcb, 0x55, 0x8b, 0xec, 0x83, 0xec, 0x06, 0xc4, 0x3e, 0xd6, 0x06, 0x26, 0x8a  ; FA53
    db 0x55, 0x02, 0x80, 0xe2, 0x02, 0x80, 0xfa, 0x00, 0x74, 0x15, 0x80, 0x3e, 0x58, 0x04, 0x00, 0x74  ; FA63
    db 0x05, 0x9a, 0xb4, 0x03, 0x28, 0x96, 0xc7, 0x06, 0x0a, 0x00, 0x02, 0x00, 0xe9, 0x16, 0x00, 0xc4  ; FA73
    db 0x3e, 0xd6, 0x06, 0x26, 0x8a, 0x55, 0x02, 0x80, 0xe2, 0x04, 0x80, 0xfa, 0x00, 0x74, 0x06, 0xc7  ; FA83
    db 0x06, 0x0a, 0x00, 0x01, 0x00, 0x8b, 0xe5, 0x5d, 0xcb, 0x55, 0x8b, 0xec, 0x83, 0xec, 0x06, 0xa0  ; FA93
    db 0xf1, 0x04, 0x24, 0x80, 0x3c, 0x00, 0x74, 0x09, 0xc4, 0x3e, 0xd6, 0x06, 0x26, 0xc6, 0x45, 0x03  ; FAA3
    db 0x89, 0xa0, 0xf1, 0x04, 0x24, 0x40, 0x3c, 0x00, 0x74, 0x09, 0xc4, 0x3e, 0xd6, 0x06, 0x26, 0xc6  ; FAB3
    db 0x45, 0x03, 0x8a, 0xc4, 0x3e, 0xd6, 0x06, 0x26, 0x8a, 0x55, 0x02, 0x80, 0xe2, 0x04, 0xc4, 0x1e  ; FAC3
    db 0xd6, 0x06, 0x26, 0x8a, 0x47, 0x02, 0x24, 0x02, 0x0a, 0xc2, 0x3c, 0x00, 0x74, 0x0d, 0xc4, 0x3e  ; FAD3
    db 0x32, 0x07, 0x26, 0x80, 0x8d, 0x97, 0x00, 0x0a, 0xe9, 0x0a, 0x00, 0xc4, 0x3e, 0x32, 0x07, 0x26  ; FAE3
    db 0x80, 0xa5, 0x97, 0x00, 0xfd, 0x9a, 0x41, 0x0d, 0xc9, 0x82, 0x8b, 0xe5, 0x5d, 0xcb, 0x55, 0x8b  ; FAF3
    db 0xec, 0x83, 0xec, 0x06, 0xc4, 0x3e, 0x32, 0x07, 0x26, 0x80, 0xbd, 0x93, 0x00, 0x00, 0x74, 0x17  ; FB03
    db 0xba, 0x41, 0x00, 0x52, 0x9a, 0x0e, 0x00, 0x70, 0x94, 0x9a, 0x44, 0x03, 0xa8, 0xe6, 0xbf, 0x80  ; FB13
    db 0x8f, 0x57, 0x9a, 0x0e, 0x00, 0x70, 0x94, 0xbf, 0x20, 0x00, 0x57, 0x9a, 0x98, 0x02, 0x1f, 0x94  ; FB23
    db 0x3d, 0x00, 0x00, 0x74, 0x0f, 0x2b, 0xff, 0x57, 0xba, 0x1d, 0x00, 0x52, 0x9a, 0xb2, 0x02, 0x1f  ; FB33
    db 0x94, 0x83, 0xc4, 0x02, 0x9a, 0x28, 0x01, 0x11, 0x85, 0x9a, 0x17, 0x03, 0x28, 0x96, 0x9a, 0xb4  ; FB43
    db 0x03, 0x28, 0x96, 0x9a, 0x16, 0x04, 0x28, 0x96, 0xc6, 0x06, 0x0c, 0x00, 0xff, 0xc6, 0x06, 0x54  ; FB53
    db 0x04, 0xff, 0xbf, 0x41, 0x00, 0x57, 0x9a, 0x0e, 0x00, 0x70, 0x94, 0xc6, 0x06, 0xb8, 0x07, 0x00  ; FB63
    db 0xbf, 0x80, 0x8f, 0x57, 0x9a, 0x0e, 0x00, 0x70, 0x94, 0x80, 0x3e, 0xa4, 0x05, 0x16, 0x75, 0x08  ; FB73
    db 0x9a, 0xb2, 0x16, 0x9f, 0x83, 0xe9, 0x05, 0x00, 0xc6, 0x06, 0xa4, 0x05, 0x00, 0x8b, 0xe5, 0x5d  ; FB83
    db 0xcb, 0x55, 0x8b, 0xec, 0x83, 0xec, 0x0a, 0xa0, 0xa3, 0x05, 0x2a, 0xe4, 0x89, 0x46, 0xf8, 0x83  ; FB93
    db 0x7e, 0x06, 0x00, 0x75, 0x2e, 0x3d, 0x00, 0x00, 0x74, 0x29, 0x80, 0x3e, 0xa1, 0x05, 0x00, 0x74  ; FBA3
    db 0x22, 0xc6, 0x06, 0xa3, 0x05, 0x00, 0xbf, 0x41, 0x00, 0x57, 0x9a, 0x0e, 0x00, 0x70, 0x94, 0x89  ; FBB3
    db 0x46, 0xf6, 0xbf, 0x05, 0x00, 0x57, 0x9a, 0x0e, 0x00, 0xa8, 0xe6, 0xff, 0x76, 0xf6, 0x9a, 0x0e  ; FBC3
    db 0x00, 0x70, 0x94, 0x8a, 0x56, 0x06, 0x88, 0x16, 0xa3, 0x05, 0x8b, 0x46, 0xf8, 0x8b, 0xe5, 0x5d  ; FBD3
    db 0xca, 0x02, 0x00, 0x55, 0x8b, 0xec, 0x83, 0xec, 0x06, 0x80, 0x3e, 0x5c, 0x04, 0x00, 0x75, 0x28  ; FBE3
    db 0x80, 0x26, 0x9c, 0x05, 0xfe, 0xa0, 0x9c, 0x05, 0xc4, 0x3e, 0xd6, 0x06, 0x26, 0x88, 0x45, 0x02  ; FBF3
    db 0x80, 0x3e, 0x5b, 0x04, 0x00, 0x74, 0x11, 0x80, 0x0e, 0x60, 0x04, 0x02, 0x80, 0x3e, 0x5a, 0x04  ; FC03
    db 0x00, 0x74, 0x05, 0x9a, 0xe1, 0x04, 0xf5, 0x96, 0x8a, 0x56, 0x06, 0x08, 0x16, 0x5c, 0x04, 0x8b  ; FC13
    db 0xe5, 0x5d, 0xca, 0x02, 0x00, 0x55, 0x8b, 0xec, 0x83, 0xec, 0x06, 0x8b, 0x7e, 0x06, 0xf7, 0xd7  ; FC23
    db 0x8b, 0xd7, 0x20, 0x16, 0x5c, 0x04, 0x80, 0x3e, 0x5c, 0x04, 0x00, 0x75, 0x28, 0x80, 0x0e, 0x9c  ; FC33
    db 0x05, 0x01, 0xa0, 0x9c, 0x05, 0xc4, 0x3e, 0xd6, 0x06, 0x26, 0x88, 0x45, 0x02, 0x80, 0x3e, 0x5b  ; FC43
    db 0x04, 0x00, 0x74, 0x11, 0x80, 0x0e, 0x60, 0x04, 0x01, 0x80, 0x3e, 0x5a, 0x04, 0x00, 0x74, 0x05  ; FC53
    db 0x9a, 0xe1, 0x04, 0xf5, 0x96, 0x8b, 0xe5, 0x5d, 0xca, 0x02, 0x00, 0x55, 0x8b, 0xec, 0x83, 0xec  ; FC63
    db 0x06, 0xa1, 0xe6, 0x01, 0x23, 0x46, 0x06, 0x8b, 0xe5, 0x5d, 0xca, 0x02, 0x00, 0x55, 0x8b, 0xec  ; FC73
    db 0x83, 0xec, 0x06, 0x8b, 0x7e, 0x06, 0xf7, 0xd7, 0x21, 0x3e, 0xe6, 0x01, 0x8b, 0xe5, 0x5d, 0xca  ; FC83
    db 0x02, 0x00, 0x55, 0x8b, 0xec, 0x83, 0xec, 0x06, 0x8b, 0x7e, 0x06, 0x09, 0x3e, 0xe6, 0x01, 0x8b  ; FC93
    db 0xe5, 0x5d, 0xca, 0x02, 0x00, 0x55, 0x8b, 0xec, 0x83, 0xec, 0x0a, 0x56, 0xc4, 0x7e, 0x06, 0x26  ; FCA3
    db 0x8a, 0x15, 0x88, 0x56, 0xf9, 0x80, 0xe2, 0x20, 0x80, 0xfa, 0x00, 0x74, 0x0b, 0xc6, 0x46, 0xf8  ; FCB3
    db 0x00, 0xc6, 0x46, 0xf7, 0x01, 0xe9, 0x08, 0x00, 0xc6, 0x46, 0xf8, 0x01, 0xc6, 0x46, 0xf7, 0x00  ; FCC3
    db 0x80, 0x7e, 0x0e, 0x04, 0x75, 0x19, 0xbf, 0x02, 0x00, 0x57, 0x9a, 0xc4, 0x00, 0xe6, 0xf8, 0xbf  ; FCD3
    db 0x03, 0x00, 0x57, 0x9a, 0xc4, 0x00, 0xe6, 0xf8, 0xc6, 0x46, 0x0e, 0x01, 0xe9, 0x18, 0x00, 0x80  ; FCE3
    db 0x7e, 0x0e, 0x01, 0x74, 0x12, 0xa0, 0x9c, 0x01, 0x24, 0x01, 0x3c, 0x00, 0x74, 0x09, 0xbf, 0x01  ; FCF3
    db 0x00, 0x57, 0x9a, 0xc4, 0x00, 0xe6, 0xf8, 0x8a, 0x56, 0x0e, 0x2a, 0xf6, 0xd1, 0xe2, 0x8a, 0x5e  ; FD03
    db 0xf8, 0x2a, 0xff, 0x03, 0xd3, 0x8b, 0xc2, 0x88, 0x46, 0xf6, 0x8a, 0x5e, 0xf9, 0x80, 0xe3, 0x40  ; FD13
    db 0x80, 0xfb, 0x00, 0x74, 0x78, 0x8a, 0x5e, 0x0e, 0x2a, 0xff, 0x53, 0x9a, 0xc4, 0x00, 0xe6, 0xf8  ; FD23
    db 0xbf, 0x01, 0x00, 0x57, 0x9a, 0x35, 0x00, 0xc6, 0x97, 0xe9, 0x05, 0x00, 0x9a, 0x0c, 0x00, 0x93  ; FD33
    db 0xe6, 0xbf, 0x01, 0x00, 0x57, 0x9a, 0x0e, 0x00, 0xc6, 0x97, 0x3d, 0x00, 0x00, 0x75, 0xed, 0xc4  ; FD43
    db 0x7e, 0x06, 0x06, 0x57, 0x8a, 0x56, 0x0e, 0x2a, 0xf6, 0x52, 0x9a, 0x06, 0x00, 0x16, 0xf9, 0x83  ; FD53
    db 0xc4, 0x04, 0xc4, 0x7e, 0x06, 0x26, 0xff, 0x75, 0x0e, 0x26, 0xff, 0x75, 0x0e, 0x8a, 0x56, 0x0e  ; FD63
    db 0x2a, 0xf6, 0xd1, 0xe2, 0xd1, 0xe2, 0xd1, 0xe2, 0xd1, 0xe2, 0xc4, 0x1e, 0x94, 0x1c, 0x8b, 0xfa  ; FD73
    db 0x26, 0xff, 0x31, 0x8a, 0x46, 0xf9, 0x2a, 0xe4, 0x25, 0x20, 0x00, 0x50, 0x8a, 0x46, 0xf9, 0x2a  ; FD83
    db 0xe4, 0x25, 0x02, 0x00, 0x50, 0x8a, 0x46, 0x0e, 0x2a, 0xe4, 0x50, 0xeb, 0x03, 0xe9, 0x60, 0x00  ; FD93
    db 0x9a, 0x34, 0x01, 0x9f, 0xfb, 0x83, 0xc4, 0x0a, 0x8a, 0x56, 0xf9, 0x2a, 0xf6, 0x81, 0xe2, 0x01  ; FDA3
    db 0x00, 0x52, 0x8a, 0x56, 0x0e, 0x2a, 0xf6, 0x52, 0x9a, 0x0b, 0x04, 0x16, 0xf9, 0x83, 0xc4, 0x02  ; FDB3
    db 0x8a, 0x56, 0xf8, 0x2a, 0xf6, 0x52, 0x8a, 0x5e, 0x0e, 0x2a, 0xff, 0x53, 0xc4, 0x7e, 0x06, 0x06  ; FDC3
    db 0x57, 0x9a, 0xad, 0x01, 0x16, 0xf9, 0x83, 0xc4, 0x04, 0x8a, 0x56, 0xf9, 0x80, 0xe2, 0x02, 0x80  ; FDD3
    db 0xfa, 0x00, 0x74, 0x65, 0x8a, 0x56, 0xf7, 0x2a, 0xf6, 0x52, 0x8a, 0x5e, 0x0e, 0x2a, 0xff, 0x53  ; FDE3
    db 0xc4, 0x7e, 0x06, 0x06, 0x57, 0x9a, 0xad, 0x01, 0x16, 0xf9, 0x83, 0xc4, 0x04, 0xe9, 0x49, 0x00  ; FDF3
    db 0x2b, 0xff, 0x57, 0x8a, 0x56, 0xf6, 0x2a, 0xf6, 0x52, 0x9a, 0x68, 0x00, 0xe6, 0xf8, 0x83, 0xc4  ; FE03
    db 0x02, 0xbf, 0x01, 0x00, 0x57, 0x9a, 0x35, 0x00, 0xc6, 0x97, 0xe9, 0x05, 0x00, 0x9a, 0x0c, 0x00  ; FE13
    db 0x93, 0xe6, 0xbf, 0x01, 0x00, 0x57, 0x9a, 0x0e, 0x00, 0xc6, 0x97, 0x3d, 0x00, 0x00, 0x75, 0xed  ; FE23
    db 0x8a, 0x56, 0xf8, 0x2a, 0xf6, 0x52, 0x8a, 0x5e, 0x0e, 0x2a, 0xff, 0x53, 0xc4, 0x7e, 0x06, 0x06  ; FE33
    db 0x57, 0x9a, 0xad, 0x01, 0x16, 0xf9, 0x83, 0xc4, 0x04, 0xc4, 0x3e, 0x80, 0x1c, 0x8a, 0x56, 0xf6  ; FE43
    db 0x2a, 0xf6, 0xd1, 0xe2, 0xd1, 0xe2, 0x8b, 0xda, 0x8b, 0x87, 0x3c, 0x00, 0x8b, 0xd7, 0x03, 0xd0  ; FE53
    db 0x8c, 0xc6, 0xc4, 0x5e, 0x0a, 0x26, 0x89, 0x57, 0x24, 0x26, 0x89, 0x77, 0x26, 0x8a, 0x56, 0x0e  ; FE63
    db 0x2a, 0xf6, 0x52, 0x9a, 0x06, 0x00, 0xe6, 0xf8, 0x8a, 0x56, 0x0e, 0x2a, 0xf6, 0xd1, 0xe2, 0x8b  ; FE73
    db 0xfa, 0x81, 0x8d, 0x5a, 0x05, 0x5f, 0x0b, 0x5e, 0x8b, 0xe5, 0x5d, 0xca, 0x04, 0x00, 0xff, 0xff  ; FE83
    db 0xff, 0xff, 0xff, 0xff, 0xff, 0xff, 0xff, 0xff, 0xff, 0xff, 0xff, 0xff, 0xff, 0xff, 0xff, 0xff  ; FE93
    db 0xff, 0xff, 0xff, 0xff, 0xff, 0xff, 0xff, 0xff, 0xff, 0xff, 0xff, 0xff, 0xff, 0xff, 0xff, 0xff  ; FEA3
    db 0xff, 0xff, 0xff, 0xff, 0xff, 0xff, 0xff, 0xff, 0xff, 0xff, 0xff, 0xff, 0xff, 0xff, 0xff, 0xff  ; FEB3
    db 0xff, 0xff, 0xff, 0xff, 0xff, 0xff, 0xff, 0xff, 0xff, 0xff, 0xff, 0xff, 0xff, 0xff, 0xff, 0xff  ; FEC3
    db 0xff, 0xff, 0xff, 0xff, 0xff, 0xff, 0xff, 0xff, 0xff, 0xff, 0xff, 0xff, 0xff, 0xff, 0xff, 0xff  ; FED3
    db 0xff, 0xff, 0xff, 0xff, 0xff, 0xff, 0xff, 0xff, 0xff, 0xff, 0xff, 0xff, 0xff, 0xff, 0xff, 0xff  ; FEE3
    db 0xff, 0xff, 0xff, 0xff, 0xff, 0xff, 0xff, 0xff, 0xff, 0xff, 0xff, 0xff, 0xff, 0xff, 0xff, 0xff  ; FEF3
    db 0xff, 0xff, 0xff, 0xff, 0xff, 0xff, 0xff, 0xff, 0xff, 0xff, 0xff, 0xff, 0xff, 0xff, 0xff, 0xff  ; FF03
    db 0xff, 0xff, 0xff, 0xff, 0xff, 0xff, 0xff, 0xff, 0xff, 0xff, 0xff, 0xff, 0xff, 0xff, 0xff, 0xff  ; FF13
    db 0xff, 0xff, 0xff, 0xff, 0xff, 0xff, 0xff, 0xff, 0xff, 0xff, 0xff, 0xff, 0xff, 0xff, 0xff, 0xff  ; FF23
    db 0xff, 0xff, 0xff, 0xff, 0xff, 0xff, 0xff, 0xff, 0xff, 0xff, 0xff, 0xff, 0xff, 0xff, 0xff, 0xff  ; FF33
    db 0xff, 0xff, 0xff, 0xff, 0xff, 0xff, 0xff, 0xff, 0xff, 0xff, 0xff, 0xff, 0xff, 0xff, 0xff, 0xff  ; FF43
    db 0xff, 0xff, 0xff, 0xff, 0xff, 0xff, 0xff, 0xff, 0xff, 0xff, 0xff, 0xff, 0xff, 0xff, 0xff, 0xff  ; FF53
    db 0xff, 0xff, 0xff, 0xff, 0xff, 0xff, 0xff, 0xff, 0xff, 0xff, 0xff, 0xff, 0xff, 0xff, 0xff, 0xff  ; FF63
    db 0xff, 0xff, 0xff, 0xff, 0xff, 0xff, 0xff, 0xff, 0xff, 0xff, 0xff, 0xff, 0xff, 0xff, 0xff, 0xff  ; FF73
    db 0xff, 0xff, 0xff, 0xff, 0xff, 0xff, 0xff, 0xff, 0xff, 0xff, 0xff, 0xff, 0xff, 0xff, 0xff, 0xff  ; FF83
    db 0xff, 0xff, 0xff, 0xff, 0xff, 0xff, 0xff, 0xff, 0xff, 0xff, 0xff, 0xff, 0xff, 0xff, 0xff, 0xff  ; FF93
    db 0xff, 0xff, 0xff, 0xff, 0xff, 0xff, 0xff, 0xff, 0xff, 0xff, 0xff, 0xff, 0xff, 0xff, 0xff, 0xff  ; FFA3
    db 0xff, 0xff, 0xff, 0xff, 0xff, 0xff, 0xff, 0xff, 0xff, 0xff, 0xff, 0xff, 0xff, 0xff, 0xff, 0xff  ; FFB3
    db 0xff, 0xff, 0xff, 0xff, 0xff, 0xff, 0xff, 0xff, 0xff, 0xff, 0xff, 0xff, 0xff, 0xff, 0xff, 0xff  ; FFC3
    db 0xff, 0xff, 0xff, 0xff, 0xff, 0xff, 0xff, 0xff, 0xff, 0xff, 0xff, 0xff, 0xff, 0xff, 0xff, 0xff  ; FFD3
    db 0xff, 0xff, 0xff, 0xff, 0xff, 0xff, 0xff, 0xff, 0xff, 0xff, 0xff, 0xff, 0xff, 0xff, 0xff, 0xff  ; FFE3
    db 0xff, 0xff, 0xff, 0xff, 0xff, 0xff, 0xff, 0xff, 0xff, 0xff, 0xff, 0xff, 0xff  ; FFF3
