; Tektronix 2230 ROM chip 3532 - READABLE reconstruction
; NOT byte-identical to the original .bin - see this file's
; generator (disasm/gen_source_readable.py) for why. Every
; decoded instruction appears as real assembly (no raw `db`
; fallback for anything actually understood); a handful of
; instructions are followed by explicit NOP padding to keep
; every address after them unchanged from the original.
;
; For a byte-identical reconstruction, see 160-<chip>-14.asm
; (gen_source.py) instead.

BITS 16
ORG 0

    db 0xc2, 0x98, 0x35, 0x32, 0x14, 0xeb, 0x08, 0x00, 0x08, 0xe0  ; 0000
    db 0x43, 0x6f, 0x70, 0x79, 0x72, 0x69, 0x67, 0x68, 0x74, 0x20, 0x28, 0x43, 0x29, 0x20, 0x54, 0x65, 0x6b, 0x74, 0x72, 0x6f, 0x6e, 0x69, 0x78, 0x2c, 0x20, 0x49, 0x6e, 0x63, 0x2e, 0x2c, 0x20, 0x31, 0x39, 0x38, 0x35, 0x2c, 0x20, 0x38, 0x36, 0x2c, 0x20, 0x38, 0x37, 0x2c, 0x20, 0x78, 0x78, 0x2e, 0x20, 0x41, 0x6c, 0x6c, 0x20, 0x72, 0x69, 0x67, 0x68, 0x74, 0x73, 0x20, 0x72, 0x65, 0x73, 0x65, 0x72, 0x76, 0x65, 0x64  ; 000A: "Copyright (C) Tektronix, Inc., 1985, 86, 87, xx. All rights reserved"
    db 0x00, 0x55, 0x8b, 0xec, 0x83, 0xec, 0x12, 0xa1, 0xd0, 0x06, 0x99, 0x52, 0x50, 0x8b, 0x46, 0x06  ; 004E
    db 0x99, 0x9a, 0x5d, 0x00, 0x72, 0xe7, 0x89, 0x46, 0xf2, 0x89, 0x56, 0xf4, 0x2b, 0xff, 0x57, 0xba  ; 005E
    db 0x0c, 0x00, 0x52, 0x8b, 0x46, 0xf2, 0x8b, 0x56, 0xf4, 0x9a  ; 006E
divide_scale_default:
    inc sp                                   ; 0078: inc sp
    add byte [bp + si - 0x19], dh            ; 0079: add byte ptr [bp + si - 0x19], dh
    mov word [bp - 0xe], ax                  ; 007C: mov word ptr [bp - 0xe], ax
    mov word [bp - 0xc], dx                  ; 007F: mov word ptr [bp - 0xc], dx
    mov ax, word [0x6d2]                     ; 0082: mov ax, word ptr [0x6d2]
    cwd                                      ; 0085: cdq 
divide_scale:
    push dx                                  ; 0086: push dx
    push ax                                  ; 0087: push ax
    mov ax, word [bp + 8]                    ; 0088: mov ax, word ptr [bp + 8]
    cwd                                      ; 008B: cdq 
    call 0xe772:0x005d                       ; 008C: lcall 0xe772, 0x5d
    mov word [bp - 0x12], ax                 ; 0091: mov word ptr [bp - 0x12], ax
    mov word [bp - 0x10], dx                 ; 0094: mov word ptr [bp - 0x10], dx
    sub di, di                               ; 0097: sub di, di
    push di                                  ; 0099: push di
    mov dx, 6                                ; 009A: mov dx, 6
    push dx                                  ; 009D: push dx
    mov ax, word [bp - 0x12]                 ; 009E: mov ax, word ptr [bp - 0x12]
    mov dx, word [bp - 0x10]                 ; 00A1: mov dx, word ptr [bp - 0x10]
    call 0xe772:0x0044                       ; 00A4: lcall 0xe772, 0x44
    mov word [bp - 0x12], ax                 ; 00A9: mov word ptr [bp - 0x12], ax
    mov word [bp - 0x10], dx                 ; 00AC: mov word ptr [bp - 0x10], dx
    mov bx, word [bp - 0xe]                  ; 00AF: mov bx, word ptr [bp - 0xe]
    mov word [bp - 8], bx                    ; 00B2: mov word ptr [bp - 8], bx
    mov dx, ax                               ; 00B5: mov dx, ax
    mov word [bp - 0xa], dx                  ; 00B7: mov word ptr [bp - 0xa], dx
    mov di, 1                                ; 00BA: mov di, 1
    push di                                  ; 00BD: push di
    push dx                                  ; 00BE: push dx
    push bx                                  ; 00BF: push bx
    push word [0x6e8]                        ; 00C0: push word ptr [0x6e8]
    push word [0x6e6]                        ; 00C4: push word ptr [0x6e6]
    call 0xe7f3:0x0009                       ; 00C8: lcall 0xe7f3, 9
    add sp, 8                                ; 00CD: add sp, 8
    mov di, word [bp - 8]                    ; 00D0: mov di, word ptr [bp - 8]
    mov word [0x6e6], di                     ; 00D3: mov word ptr [0x6e6], di
    mov dx, word [bp - 0xa]                  ; 00D7: mov dx, word ptr [bp - 0xa]
    mov word [0x6e8], dx                     ; 00DA: mov word ptr [0x6e8], dx
    mov sp, bp                               ; 00DE: mov sp, bp
    pop bp                                   ; 00E0: pop bp
    retf 2                                   ; 00E1: retf 2
    db 0x55, 0x8b, 0xec, 0x83, 0xec, 0x12, 0xa1, 0xd0, 0x06, 0x99, 0x52, 0x50, 0x8b, 0x46, 0x06, 0x99  ; 00E4
    db 0x9a, 0x5d, 0x00, 0x72, 0xe7, 0x89, 0x46, 0xf2, 0x89, 0x56, 0xf4, 0x2b, 0xff, 0x57, 0xba, 0x0c  ; 00F4
    db 0x00, 0x52, 0x8b, 0x46, 0xf2, 0x8b, 0x56, 0xf4, 0x9a, 0x44, 0x00, 0x72, 0xe7, 0x89, 0x46, 0xf2  ; 0104
    db 0x89, 0x56, 0xf4, 0xa1, 0xd2, 0x06, 0x99, 0x52, 0x50, 0x8b, 0x46, 0x08, 0x99, 0x9a, 0x5d, 0x00  ; 0114
    db 0x72, 0xe7, 0x89, 0x46, 0xee, 0x89, 0x56, 0xf0, 0x2b, 0xff, 0x57, 0xba, 0x40, 0x00, 0x52, 0x8b  ; 0124
    db 0x46, 0xee, 0x8b, 0x56, 0xf0, 0x9a, 0x8e, 0x00, 0x72, 0xe7, 0x89, 0x46, 0xee, 0x89, 0x56, 0xf0  ; 0134
    db 0x8b, 0x5e, 0xf2, 0x89, 0x5e, 0xf8, 0x8b, 0xf8, 0x89, 0x7e, 0xf6, 0x2b, 0xd2, 0x52, 0x57, 0x53  ; 0144
    db 0xff, 0x36, 0xe8, 0x06, 0xff, 0x36, 0xe6, 0x06, 0x9a, 0x09, 0x00, 0xf3, 0xe7, 0x83, 0xc4, 0x08  ; 0154
    db 0x8b, 0x7e, 0xf8, 0x89, 0x3e, 0xe6, 0x06, 0x8b, 0x56, 0xf6, 0x89, 0x16, 0xe8, 0x06, 0x8b, 0xe5  ; 0164
    db 0x5d, 0xca, 0x02, 0x00, 0xff, 0x55, 0x8b, 0xec, 0x83, 0xec, 0x0e, 0x83, 0x3e, 0xca, 0x06, 0x00  ; 0174
    db 0x74, 0x60, 0x83, 0x3e, 0xca, 0x06, 0x01, 0x74, 0x59, 0x83, 0x3e, 0xca, 0x06, 0x04, 0x75, 0x77  ; 0184
    db 0xc7, 0x46, 0xf2, 0x00, 0x00, 0xc7, 0x46, 0xf6, 0x00, 0x00, 0xe9, 0x94, 0x00, 0x83, 0x3e, 0xd8  ; 0194
    db 0x06, 0x00, 0x74, 0x66, 0x1e, 0xbf, 0xda, 0x06, 0x57, 0xba, 0x7b, 0xff, 0x52, 0xbb, 0x98, 0x03  ; 01A4
    db 0x53, 0x9a, 0x01, 0x00, 0x91, 0xe7, 0x83, 0xc4, 0x04, 0xc7, 0x46, 0xf4, 0x00, 0x00, 0xe9, 0x0b  ; 01B4
    db 0x00, 0x2b, 0xff, 0x57, 0x9a, 0xc9, 0x05, 0xc9, 0x82, 0xff, 0x46, 0xf4, 0xa1, 0x08, 0x07, 0x99  ; 01C4
    db 0xbf, 0x08, 0x00, 0xf7, 0xff, 0x39, 0x46, 0xf4, 0x7c, 0xe7, 0xc7, 0x46, 0xf8, 0x00, 0x00, 0xe9  ; 01D4
    db 0x1a, 0x00, 0xe9, 0x10, 0x01, 0x8b, 0x7e, 0xf6, 0xff, 0x46, 0xf6, 0xd1, 0xe7, 0xc4, 0x1e, 0xea  ; 01E4
    db 0x06, 0x26, 0xff, 0x31, 0x9a, 0x8d, 0x01, 0x17, 0xe8, 0xff, 0x46, 0xf8, 0xa1, 0xce, 0x06, 0x99  ; 01F4
    db 0xbf, 0x08, 0x00, 0xf7, 0xff, 0xeb, 0x06, 0xe9, 0x33, 0x00, 0xe9, 0x08, 0x00, 0x39, 0x46, 0xf8  ; 0204
    db 0x7e, 0xd3, 0xe9, 0x19, 0x00, 0x2b, 0xff, 0x57, 0x57, 0x57, 0xba, 0x1b, 0x00, 0x52, 0xba, 0x7b  ; 0214
    db 0xff, 0x52, 0xbb, 0x9b, 0x03, 0x53, 0x9a, 0x01, 0x00, 0x91, 0xe7, 0x83, 0xc4, 0x08, 0xff, 0x46  ; 0224
    db 0xf2, 0x83, 0x7e, 0xf2, 0x0f, 0x7f, 0x03, 0xe9, 0x63, 0xff, 0xe9, 0xb8, 0x00, 0x83, 0x3e, 0xd8  ; 0234
    db 0x06, 0x00, 0x74, 0x78, 0xc7, 0x46, 0xf6, 0x01, 0x00, 0xe9, 0x8b, 0x00, 0x1e, 0xbf, 0xda, 0x06  ; 0244
    db 0x57, 0xba, 0x7b, 0xff, 0x52, 0xbb, 0xa7, 0x03, 0x53, 0x9a, 0x01, 0x00, 0x91, 0xe7, 0x83, 0xc4  ; 0254
    db 0x04, 0xc7, 0x46, 0xf8, 0x00, 0x00, 0xe9, 0x0b, 0x00, 0x2b, 0xff, 0x57, 0x9a, 0xc9, 0x05, 0xc9  ; 0264
    db 0x82, 0xff, 0x46, 0xf8, 0xa1, 0x08, 0x07, 0x39, 0x46, 0xf8, 0x7c, 0xed, 0xe9, 0x43, 0x00, 0xc7  ; 0274
    db 0x46, 0xf8, 0x00, 0x00, 0x8b, 0x46, 0xf6, 0xba, 0x00, 0x04, 0xf7, 0xea, 0x89, 0x46, 0xf4, 0xe9  ; 0284
    db 0x17, 0x00, 0x8b, 0x7e, 0xf4, 0xd1, 0xe7, 0xc4, 0x1e, 0xea, 0x06, 0x26, 0xff, 0x31, 0x9a, 0x8d  ; 0294
    db 0x01, 0x17, 0xe8, 0xff, 0x46, 0xf4, 0xff, 0x46, 0xf8, 0xa1, 0xce, 0x06, 0x39, 0x46, 0xf8, 0x7c  ; 02A4
    db 0xe1, 0xbf, 0x0a, 0x00, 0x57, 0x9a, 0xc9, 0x05, 0xc9, 0x82, 0xeb, 0x03, 0xe9, 0x24, 0x00, 0xe9  ; 02B4
    db 0x12, 0x00, 0xa1, 0xca, 0x06, 0x3d, 0x02, 0x00, 0x74, 0xb5, 0x3d, 0x03, 0x00, 0x74, 0xb0, 0x3d  ; 02C4
    db 0x08, 0x00, 0x74, 0xab, 0xff, 0x4e, 0xf6, 0x83, 0x7e, 0xf6, 0xff, 0x7e, 0x03, 0xe9, 0x6c, 0xff  ; 02D4
    db 0xe9, 0x12, 0x00, 0xbf, 0x0a, 0x00, 0x57, 0x9a, 0xc9, 0x05, 0xc9, 0x82, 0xbf, 0x0a, 0x00, 0x57  ; 02E4
    db 0x9a, 0xc9, 0x05, 0xc9, 0x82, 0x8b, 0xe5, 0x5d, 0xcb, 0x55, 0x8b, 0xec, 0x83, 0xec, 0x06, 0x8a  ; 02F4
    db 0x56, 0x06, 0x2a, 0xf6, 0x81, 0xe2, 0x7f, 0x00, 0x83, 0xfa, 0x1a, 0x7c, 0x20, 0x8a, 0x56, 0x06  ; 0304
    db 0x2a, 0xf6, 0x81, 0xe2, 0x7f, 0x00, 0x83, 0xfa, 0x1f, 0x7f, 0x12, 0x8a, 0x56, 0x06, 0x2a, 0xf6  ; 0314
    db 0x81, 0xe2, 0xf7, 0x00, 0x52, 0x9a, 0xc9, 0x05, 0xc9, 0x82, 0xe9, 0x2b, 0x00, 0x8a, 0x56, 0x06  ; 0324
    db 0x2a, 0xf6, 0x81, 0xe2, 0x7f, 0x00, 0x83, 0xfa, 0x0a, 0x75, 0x12, 0x8a, 0x56, 0x06, 0x2a, 0xf6  ; 0334
    db 0x81, 0xca, 0x01, 0x00, 0x52, 0x9a, 0xc9, 0x05, 0xc9, 0x82, 0xe9, 0x0b, 0x00, 0x8a, 0x56, 0x06  ; 0344
    db 0x2a, 0xf6, 0x52, 0x9a, 0xc9, 0x05, 0xc9, 0x82, 0x8b, 0xe5, 0x5d, 0xca, 0x02, 0x00, 0xff, 0x55  ; 0354
    db 0x8b, 0xec, 0x83, 0xec, 0x06, 0x8b, 0x7e, 0x06, 0x89, 0x3e, 0xca, 0x06, 0xb8, 0x00, 0x80, 0xba  ; 0364
    db 0x00, 0x40, 0xa3, 0xea, 0x06, 0x89, 0x16, 0xec, 0x06, 0xc7, 0x06, 0xcc, 0x06, 0xe0, 0x01, 0xc7  ; 0374
    db 0x06, 0xce, 0x06, 0x20, 0x03, 0xc6, 0x06, 0xda, 0x06, 0x1b, 0xc6, 0x06, 0xdb, 0x06, 0x4c, 0xc6  ; 0384
    db 0x06, 0xde, 0x06, 0x00, 0xc7, 0x06, 0x08, 0x07, 0x32, 0x00, 0xa1, 0xce, 0x06, 0x03, 0x06, 0x08  ; 0394
    db 0x07, 0x99, 0xbf, 0x00, 0x01, 0xf7, 0xff, 0x88, 0x16, 0xdc, 0x06, 0xa1, 0xce, 0x06, 0x03, 0x06  ; 03A4
    db 0x08, 0x07, 0x99, 0xf7, 0xff, 0x8b, 0xd0, 0x88, 0x16, 0xdd, 0x06, 0xb8, 0xff, 0x1f, 0x99, 0xf7  ; 03B4
    db 0x3e, 0xcc, 0x06, 0x8b, 0xd0, 0xa1, 0xd4, 0x06, 0xf7, 0xea, 0x25, 0xf0, 0xff, 0xa3, 0xd6, 0x06  ; 03C4
    db 0xc7, 0x06, 0x0c, 0x07, 0x00, 0x00, 0xc7, 0x06, 0x0a, 0x07, 0x00, 0x00, 0xe9, 0x5f, 0x02, 0xbf  ; 03D4
    db 0x7b, 0xff, 0x57, 0xba, 0x48, 0x03, 0x52, 0x9a, 0x01, 0x00, 0x91, 0xe7, 0xc7, 0x06, 0xd6, 0x06  ; 03E4
reset_acq_buffers_stub:
    add byte [bx + si], ah                   ; 03F4: add byte ptr [bx + si], ah
    jmp 0x0678                               ; 03F6: jmp 0x5f8
    db 0xc7, 0x06, 0xd4, 0x06, 0x07, 0x00, 0xbf, 0x31, 0x00, 0x57, 0xbf, 0x1b, 0x00, 0x57, 0xbf, 0x7b  ; 03F9
    db 0xff, 0x57, 0xba, 0x5d, 0x03, 0x52, 0x9a, 0x01, 0x00, 0x91, 0xe7  ; 0409
print_and_reset_acq_buffers:
    add sp, 4                                ; 0414: add sp, 4
    mov di, 0xb                              ; 0417: mov di, 0xb
    push di                                  ; 041A: push di
    sub di, di                               ; 041B: sub di, di
    push di                                  ; 041D: push di
    mov dx, 0x1b                             ; 041E: mov dx, 0x1b
    push dx                                  ; 0421: push dx
    mov dx, 0xff7b                           ; 0422: mov dx, 0xff7b
    push dx                                  ; 0425: push dx
    mov bx, 0x362                            ; 0426: mov bx, 0x362
    push bx                                  ; 0429: push bx
    call 0xe791:0x0001                       ; 042A: lcall 0xe791, 1
    add sp, 6                                ; 042F: add sp, 6
    mov ax, 0x1fff                           ; 0432: mov ax, 0x1fff
    cwd                                      ; 0435: cdq 
    idiv word [0x6cc]                        ; 0436: idiv word ptr [0x6cc]
    mov di, ax                               ; 043A: mov di, ax
    mov ax, word [0x6d4]                     ; 043C: mov ax, word ptr [0x6d4]
    imul di                                  ; 043F: imul di
    and ax, strict word 0xfff0               ; 0441: and ax, 0xfff0
    mov word [0x6d6], ax                     ; 0444: mov word ptr [0x6d6], ax
    jmp 0x0678                               ; 0447: jmp 0x5f8
    db 0xc7, 0x06, 0xd4, 0x06, 0x08, 0x00, 0xbf, 0x08, 0x00, 0x57, 0xba, 0x1b, 0x00, 0x52, 0xba, 0x7b  ; 044A
    db 0xff, 0x52, 0xbb, 0x6b, 0x03, 0x53, 0x9a, 0x01, 0x00, 0x91, 0xe7, 0x83, 0xc4, 0x04, 0xbf, 0x0b  ; 045A
    db 0x00, 0x57, 0x2b, 0xff, 0x57, 0xba, 0x1b, 0x00, 0x52, 0xba, 0x7b, 0xff, 0x52, 0xbb, 0x71, 0x03  ; 046A
    db 0x53, 0x9a, 0x01, 0x00, 0x91, 0xe7, 0x83, 0xc4, 0x06, 0xb8, 0xff, 0x1f, 0x99, 0xf7, 0x3e, 0xcc  ; 047A
    db 0x06, 0x8b, 0xf8, 0xa1, 0xd4, 0x06, 0xf7, 0xef, 0x25, 0xf0, 0xff, 0xa3, 0xd6, 0x06, 0xe9, 0xdd  ; 048A
    db 0x01, 0xc6, 0x06, 0xdb, 0x06, 0x59, 0xc7, 0x06, 0xd4, 0x06, 0x08, 0x00, 0xbf, 0x08, 0x00, 0x57  ; 049A
    db 0xba, 0x1b, 0x00, 0x52, 0xba, 0x7b, 0xff, 0x52, 0xbb, 0x7a, 0x03, 0x53, 0x9a, 0x01, 0x00, 0x91  ; 04AA
    db 0xe7, 0x83, 0xc4, 0x04, 0xbf, 0x0b, 0x00, 0x57, 0x2b, 0xff, 0x57, 0xba, 0x1b, 0x00, 0x52, 0xba  ; 04BA
    db 0x7b, 0xff, 0x52, 0xbb, 0x80, 0x03, 0x53, 0x9a, 0x01, 0x00, 0x91, 0xe7, 0x83, 0xc4, 0x06, 0xb8  ; 04CA
    db 0xff, 0x1f, 0x99, 0xf7, 0x3e, 0xcc, 0x06, 0x8b, 0xf8, 0xa1, 0xd4, 0x06, 0xf7, 0xef, 0x25, 0xf0  ; 04DA
    db 0xff, 0xa3, 0xd6, 0x06, 0xe9, 0x87, 0x01, 0xc7, 0x06, 0xcc, 0x06, 0x58, 0x02, 0xc7, 0x06, 0xce  ; 04EA
    db 0x06, 0x62, 0x02, 0xc7, 0x06, 0x08, 0x07, 0x05, 0x00, 0xc6, 0x06, 0xda, 0x06, 0x1b, 0xc6, 0x06  ; 04FA
    db 0xdb, 0x06, 0x2a, 0xc6, 0x06, 0xdc, 0x06, 0x62, 0xa1, 0xce, 0x06, 0x03, 0x06, 0x08, 0x07, 0x99  ; 050A
    db 0xbf, 0x08, 0x00, 0xf7, 0xff, 0x40, 0x99, 0xbb, 0x64, 0x00, 0xf7, 0xfb, 0x05, 0x30, 0x00, 0x8b  ; 051A
    db 0xd0, 0x88, 0x16, 0xdd, 0x06, 0xa1, 0xce, 0x06, 0x03, 0x06, 0x08, 0x07, 0x99, 0xf7, 0xff, 0x40  ; 052A
    db 0x99, 0xf7, 0xfb, 0x8b, 0xc2, 0x99, 0xbf, 0x0a, 0x00, 0xf7, 0xff, 0x05, 0x30, 0x00, 0x8b, 0xd0  ; 053A
    db 0x88, 0x16, 0xde, 0x06, 0xa1, 0xce, 0x06, 0x03, 0x06, 0x08, 0x07, 0x99, 0xbf, 0x08, 0x00, 0xf7  ; 054A
    db 0xff, 0x40, 0x99, 0xbb, 0x0a, 0x00, 0xf7, 0xfb, 0x83, 0xc2, 0x30, 0x8b, 0xc2, 0xa2, 0xdf, 0x06  ; 055A
    db 0xc6, 0x06, 0xe0, 0x06, 0x57, 0xc6, 0x06, 0xe1, 0x06, 0x00, 0xc7, 0x06, 0xd4, 0x06, 0x08, 0x00  ; 056A
    db 0xbf, 0x1b, 0x00, 0x57, 0xbf, 0x7b, 0xff, 0x57, 0xba, 0x89, 0x03, 0x52, 0x9a, 0x01, 0x00, 0x91  ; 057A
    db 0xe7, 0x83, 0xc4, 0x02, 0xbf, 0x1b, 0x00, 0x57, 0xbf, 0x7b, 0xff, 0x57, 0xba, 0x92, 0x03, 0x52  ; 058A
    db 0x9a, 0x01, 0x00, 0x91, 0xe7, 0x83, 0xc4, 0x02, 0xb8, 0xff, 0x1f, 0x99, 0xf7, 0x3e, 0xcc, 0x06  ; 059A
    db 0x8b, 0xf8, 0xa1, 0xd4, 0x06, 0xf7, 0xef, 0x25, 0xf0, 0xff, 0xa3, 0xd6, 0x06, 0xe9, 0xbe, 0x00  ; 05AA
    db 0xc7, 0x06, 0xcc, 0x06, 0x00, 0x04, 0xc7, 0x06, 0xce, 0x06, 0x00, 0x04, 0xc7, 0x06, 0x92, 0x07  ; 05BA
    db 0x64, 0x00, 0xc4, 0x3e, 0xdc, 0x1d, 0x8d, 0x95, 0xbe, 0x02, 0x89, 0x16, 0xfa, 0x06, 0x8c, 0x06  ; 05CA
    db 0xfc, 0x06, 0xc4, 0x1e, 0xfa, 0x06, 0x26, 0xc6, 0x47, 0x01, 0x10, 0xc4, 0x1e, 0xfa, 0x06, 0x26  ; 05DA
    db 0xc6, 0x47, 0x02, 0x00, 0xc4, 0x3e, 0xfa, 0x06, 0x26, 0xc6, 0x45, 0x03, 0x10, 0xc4, 0x3e, 0xfa  ; 05EA
    db 0x06, 0x26, 0xc6, 0x45, 0x04, 0x00, 0x1e, 0xba, 0xf2, 0x06, 0x52, 0x9a, 0xaf, 0x02, 0xa8, 0xe6  ; 05FA
    db 0xc4, 0x3e, 0xfa, 0x06, 0x26, 0x89, 0x45, 0x05, 0x1e, 0xba, 0xf2, 0x06, 0x52, 0x9a, 0xaf, 0x02  ; 060A
    db 0xa8, 0xe6, 0xc4, 0x3e, 0xfa, 0x06, 0x26, 0x89, 0x45, 0x07, 0xc7, 0x06, 0x0c, 0x07, 0x00, 0x08  ; 061A
    db 0xc7, 0x06, 0x0a, 0x07, 0x00, 0x08, 0xc7, 0x06, 0xd6, 0x06, 0x00, 0x20, 0xe9, 0x3f, 0x00, 0xc7  ; 062A
    db 0x06, 0xd6, 0x06, 0x00, 0x20, 0xe9, 0x36, 0x00, 0xa1, 0xca, 0x06, 0x3d, 0x00, 0x00, 0x75, 0x03  ; 063A
    db 0xe9, 0x6d, 0xff, 0x3d, 0x01, 0x00, 0x75, 0x03, 0xe9, 0x8e, 0xfd, 0x3d, 0x02, 0x00, 0x75, 0x03  ; 064A
    db 0xe9, 0x9c, 0xfd, 0x3d, 0x03, 0x00, 0x75, 0x03, 0xe9, 0x36, 0xfe, 0x3d, 0x04, 0x00, 0x75, 0x03  ; 065A
    db 0xe9, 0x84, 0xfe, 0x3d, 0x08, 0x00, 0x75, 0x03, 0xe9, 0xd5, 0xfd, 0xe9, 0xc1, 0xff  ; 066A
L_F0678:
    mov word [0x6f8], 0x800                  ; 0678: mov word ptr [0x6f8], 0x800
    mov word [0x6f6], 0x800                  ; 067E: mov word ptr [0x6f6], 0x800
    mov word [0x6f4], 0x800                  ; 0684: mov word ptr [0x6f4], 0x800
    mov word [0x6f2], 0x800                  ; 068A: mov word ptr [0x6f2], 0x800
    les di, [0x6fa]                          ; 0690: les di, ptr [0x6fa]
    mov byte [es:di], 0xd5                   ; 0694: mov byte ptr es:[di], 0xd5
    mov word [0x700], 0                      ; 0698: mov word ptr [0x700], 0
    mov word [0x702], 0                      ; 069E: mov word ptr [0x702], 0
    mov word [0x704], 0x14                   ; 06A4: mov word ptr [0x704], 0x14
    mov word [0x6e8], 0x800                  ; 06AA: mov word ptr [0x6e8], 0x800
    mov word [0x6e6], 0x800                  ; 06B0: mov word ptr [0x6e6], 0x800
    mov word [0x6b4], 0x800                  ; 06B6: mov word ptr [0x6b4], 0x800
    mov word [0x6b2], 0x800                  ; 06BC: mov word ptr [0x6b2], 0x800
    mov word [0x70e], 0                      ; 06C2: mov word ptr [0x70e], 0
    mov di, 0x200                            ; 06C8: mov di, 0x200
    push di                                  ; 06CB: push di
    push di                                  ; 06CC: push di
    call 0xe7d7:0x000d                       ; 06CD: lcall 0xe7d7, 0xd
    add sp, 2                                ; 06D2: add sp, 2
    mov sp, bp                               ; 06D5: mov sp, bp
    pop bp                                   ; 06D7: pop bp
    retf 2                                   ; 06D8: retf 2
    db 0x55, 0x8b, 0xec, 0x83, 0xec, 0x14, 0x51, 0xe9, 0xae, 0x01, 0xa1, 0x02, 0x1c, 0xd1, 0xe8, 0xd1  ; 06DB
    db 0xe0, 0xbf, 0xf2, 0x06, 0x03, 0xf8, 0x89, 0x7e, 0xf6, 0x8c, 0x5e, 0xf8, 0x8b, 0x56, 0x0a, 0x8b  ; 06EB
    db 0xda, 0xd1, 0xe3, 0xd1, 0xe3, 0xd1, 0xe3, 0xd1, 0xe3, 0xd1, 0xe3, 0xd1, 0xe3, 0xd1, 0xe3, 0xd1  ; 06FB
    db 0xe3, 0x03, 0xd3, 0x89, 0x56, 0x0a, 0xc4, 0x7e, 0xf6, 0x26, 0x89, 0x55, 0x02, 0x26, 0x89, 0x15  ; 070B
    db 0x81, 0xca, 0x0c, 0x00, 0xc4, 0x5e, 0xf6, 0x26, 0x89, 0x57, 0x06, 0x26, 0x89, 0x57, 0x04, 0xc4  ; 071B
    db 0x3e, 0xdc, 0x1d, 0x8d, 0x95, 0xc7, 0x02, 0x89, 0x56, 0xf2, 0x8c, 0x46, 0xf4, 0xc4, 0x5e, 0xf2  ; 072B
    db 0x26, 0xc6, 0x07, 0xf5, 0x8b, 0x46, 0x0a, 0x39, 0x06, 0x00, 0x07, 0x74, 0x14, 0xc7, 0x06, 0x92  ; 073B
    db 0x07, 0x78, 0x00, 0x9a, 0x74, 0x01, 0x0b, 0xe6, 0xc7, 0x06, 0x04, 0x07, 0x78, 0x00, 0xe9, 0x06  ; 074B
    db 0x00, 0xc7, 0x06, 0x04, 0x07, 0x01, 0x00, 0xa1, 0x00, 0x07, 0xa3, 0x02, 0x07, 0x8b, 0x7e, 0x0a  ; 075B
    db 0x89, 0x3e, 0x00, 0x07, 0x8b, 0x56, 0x08, 0xd1, 0xe2, 0xd1, 0xe2, 0xd1, 0xe2, 0xd1, 0xe2, 0x89  ; 076B
    db 0x16, 0xf6, 0x06, 0x89, 0x16, 0xf2, 0x06, 0x8b, 0x5e, 0x06, 0xd1, 0xe3, 0xd1, 0xe3, 0xd1, 0xe3  ; 077B
    db 0xd1, 0xe3, 0x89, 0x1e, 0xf8, 0x06, 0x89, 0x1e, 0xf4, 0x06, 0x8b, 0x7e, 0x06, 0x89, 0x3e, 0xe6  ; 078B
    db 0x06, 0x8b, 0x46, 0x08, 0xa3, 0xe8, 0x06, 0xa1, 0x04, 0x07, 0xa3, 0x92, 0x07, 0x9a, 0x74, 0x01  ; 079B
    db 0x0b, 0xe6, 0xe9, 0x13, 0x01, 0xc7, 0x06, 0xd8, 0x06, 0x01, 0x00, 0x83, 0x7e, 0x08, 0x06, 0x7e  ; 07AB
    db 0x09, 0x83, 0x46, 0x08, 0xf9, 0x81, 0x46, 0x06, 0x00, 0x04, 0x8b, 0x7e, 0x08, 0x81, 0xe7, 0x07  ; 07BB
    db 0x00, 0x8b, 0xcf, 0xba, 0x01, 0x00, 0xd3, 0xe2, 0x89, 0x56, 0xf0, 0x8b, 0x7e, 0x06, 0xd1, 0xe7  ; 07CB
    db 0xc4, 0x0e, 0xea, 0x06, 0x8b, 0xd9, 0x03, 0xdf, 0x89, 0x5e, 0xec, 0x8c, 0x46, 0xee, 0x8b, 0xc2  ; 07DB
    db 0xc4, 0x7e, 0xec, 0x26, 0x08, 0x05, 0xe9, 0xcf, 0x00, 0xc7, 0x06, 0xd8, 0x06, 0x01, 0x00, 0x8b  ; 07EB
    db 0x7e, 0x08, 0x81, 0xe7, 0x07, 0x00, 0x8b, 0xcf, 0xba, 0x01, 0x00, 0xd3, 0xe2, 0x89, 0x56, 0xf0  ; 07FB
    db 0x8b, 0x7e, 0x08, 0x81, 0xe7, 0xf8, 0x00, 0x83, 0xff, 0x00, 0x74, 0x05, 0x81, 0x46, 0x06, 0x00  ; 080B
    db 0x04, 0x8b, 0x7e, 0x06, 0xd1, 0xe7, 0xc4, 0x16, 0xea, 0x06, 0x8b, 0xca, 0x03, 0xcf, 0x89, 0x4e  ; 081B
    db 0xec, 0x8c, 0x46, 0xee, 0x8a, 0x5e, 0xf0, 0xc4, 0x7e, 0xec, 0x26, 0x08, 0x1d, 0xe9, 0x88, 0x00  ; 082B
    db 0xc7, 0x06, 0xd8, 0x06, 0x01, 0x00, 0x8b, 0x7e, 0x06, 0x81, 0xe7, 0x07, 0x00, 0x8b, 0xcf, 0xba  ; 083B
    db 0x80, 0x00, 0xd3, 0xfa, 0x89, 0x56, 0xf0, 0x8b, 0x46, 0x06, 0x99, 0xbf, 0x08, 0x00, 0xf7, 0xff  ; 084B
    db 0xba, 0x0f, 0x00, 0x2b, 0x56, 0x08, 0x8b, 0xc8, 0xa1, 0xce, 0x06, 0x8b, 0xda, 0x99, 0xf7, 0xff  ; 085B
    db 0x40, 0x8b, 0xd0, 0x8b, 0xc3, 0xf7, 0xea, 0x03, 0xc8, 0xd1, 0xe1, 0xc4, 0x16, 0xea, 0x06, 0x8b  ; 086B
    db 0xda, 0x03, 0xd9, 0x89, 0x5e, 0xec, 0x8c, 0x46, 0xee, 0x8a, 0x4e, 0xf0, 0xc4, 0x5e, 0xec, 0x26  ; 087B
    db 0x08, 0x0f, 0xe9, 0x33, 0x00, 0xe9, 0x30, 0x00, 0xa1, 0xca, 0x06, 0x3d, 0x00, 0x00, 0x75, 0x03  ; 088B
    db 0xe9, 0x47, 0xfe, 0x3d, 0x01, 0x00, 0x74, 0x20, 0x3d, 0x02, 0x00, 0x75, 0x03, 0xe9, 0x05, 0xff  ; 089B
    db 0x3d, 0x03, 0x00, 0x75, 0x03, 0xe9, 0x41, 0xff, 0x3d, 0x04, 0x00, 0x74, 0x83, 0x3d, 0x08, 0x00  ; 08AB
    db 0x75, 0x03, 0xe9, 0x34, 0xff, 0xe9, 0xcd, 0xff, 0x59, 0x8b, 0xe5, 0x5d, 0xca, 0x02, 0x00, 0xff  ; 08BB
    db 0x55, 0x8b, 0xec, 0x83, 0xec, 0x10, 0xc7, 0x46, 0xf0, 0x00, 0x00, 0xc4, 0x3e, 0xdc, 0x1d, 0x06  ; 08CB
    db 0x57, 0x9a, 0xaf, 0x02, 0xa8, 0xe6, 0x89, 0x46, 0xf8  ; 08DB
L_F08E4:
    mov di, word [bp - 8]                    ; 08E4: mov di, word ptr [bp - 8]
    db 0x2b, 0xd2, 0x8e, 0xc2, 0x26, 0x8a, 0x1d, 0x88, 0x1e, 0xc0, 0x06, 0xa0, 0xc0, 0x06, 0x24, 0x01  ; 08E7
    db 0x3c, 0x00, 0x74, 0x77, 0x83, 0x7e, 0x06, 0x00, 0x75, 0x49, 0xa1, 0xc4, 0x06, 0x03, 0x06, 0xd6  ; 08F7
    db 0x06, 0xd1, 0xf8, 0xd1, 0xf8, 0xd1, 0xf8, 0xd1, 0xf8, 0xd1, 0xf8, 0xd1, 0xf8, 0xd1, 0xf8, 0xd1  ; 0907
    db 0xf8, 0xc4, 0x3e, 0xbc, 0x1d, 0x8b, 0x5e, 0xf0, 0x26, 0x8a, 0x11, 0x2a, 0xf6, 0x3b, 0xd0, 0x7f  ; 0917
    db 0x4a, 0xc4, 0x3e, 0xb8, 0x1d, 0x26, 0x8a, 0x01, 0x2a, 0xe4, 0x40, 0x8b, 0x3e, 0xc4, 0x06, 0xd1  ; 0927
    db 0xff, 0xd1, 0xff, 0xd1, 0xff, 0xd1, 0xff, 0xd1, 0xff, 0xd1, 0xff, 0xd1, 0xff, 0xd1, 0xff, 0x3b  ; 0937
    db 0xc7, 0x7c, 0x28, 0x83, 0x7e, 0x06, 0x00, 0x74, 0x13, 0xc4, 0x3e, 0xbc, 0x1d, 0x8b, 0x5e, 0xf0  ; 0947
    db 0x26, 0xc6, 0x01, 0x7f, 0xc4, 0x3e, 0xb8, 0x1d, 0x26, 0xc6, 0x01, 0x00, 0x8b, 0x7e, 0xf8, 0x47  ; 0957
    db 0x2b, 0xd2, 0x8e, 0xc2, 0x26, 0x8a, 0x1d, 0x2a, 0xff, 0xeb, 0x03, 0xe9, 0x07, 0x03, 0x81, 0xe3  ; 0967
    db 0x1f, 0x00, 0x89, 0x1e, 0x20, 0x07, 0xa1, 0x20, 0x07, 0xd1, 0xe0, 0xc4, 0x1e, 0xb4, 0x1d, 0x8b  ; 0977
    db 0xf8, 0x26, 0x8a, 0x51, 0x01, 0x2a, 0xf6, 0x89, 0x16, 0x1c, 0x07, 0xa1, 0x20, 0x07, 0xd1, 0xe0  ; 0987
    db 0xc4, 0x3e, 0xb4, 0x1d, 0x8b, 0xd8, 0x26, 0x8a, 0x11, 0x2a, 0xf6, 0x89, 0x16, 0x18, 0x07, 0x8b  ; 0997
    db 0x7e, 0xf8, 0x83, 0xc7, 0x03, 0x2b, 0xd2, 0x8e, 0xc2, 0x26, 0x8a, 0x05, 0x2a, 0xe4, 0x25, 0x1f  ; 09A7
    db 0x00, 0xa3, 0x1e, 0x07, 0xa1, 0x1e, 0x07, 0xd1, 0xe0, 0xc4, 0x3e, 0xb4, 0x1d, 0x8b, 0xd8, 0x26  ; 09B7
    db 0x8a, 0x41, 0x01, 0x2a, 0xe4, 0xa3, 0x1a, 0x07, 0xa1, 0x1e, 0x07, 0xd1, 0xe0, 0xc4, 0x3e, 0xb4  ; 09C7
    db 0x1d, 0x8b, 0xd8, 0x26, 0x8a, 0x11, 0x2a, 0xf6, 0x89, 0x16, 0x16, 0x07, 0x8b, 0x7e, 0xf8, 0x47  ; 09D7
    db 0x2b, 0xd2, 0x8e, 0xc2, 0x26, 0x8b, 0x05, 0xd1, 0xe8, 0xd1, 0xe8, 0xd1, 0xe8, 0xd1, 0xe8, 0xd1  ; 09E7
    db 0xe8, 0xa3, 0x24, 0x07, 0xa1, 0x24, 0x07, 0x25, 0x00, 0x04, 0x3d, 0x00, 0x00, 0x74, 0x09, 0xa1  ; 09F7
    db 0x24, 0x07, 0x0d, 0x00, 0xfc, 0xa3, 0x24, 0x07, 0x8b, 0x7e, 0xf8, 0x83, 0xc7, 0x03, 0x2b, 0xd2  ; 0A07
    db 0x8e, 0xc2, 0x26, 0x8b, 0x1d, 0xd1, 0xeb, 0xd1, 0xeb, 0xd1, 0xeb, 0xd1, 0xeb, 0xd1, 0xeb, 0x89  ; 0A17
    db 0x1e, 0x22, 0x07, 0xa1, 0x22, 0x07, 0x25, 0x00, 0x04, 0x3d, 0x00, 0x00, 0x74, 0x09, 0xa1, 0x22  ; 0A27
    db 0x07, 0x0d, 0x00, 0xfc, 0xa3, 0x22, 0x07, 0x8b, 0x7e, 0xf8, 0x83, 0xc7, 0x07, 0x2b, 0xd2, 0x8e  ; 0A37
    db 0xc2, 0x26, 0x8b, 0x1d, 0x89, 0x5e, 0xf6, 0x8b, 0x46, 0xf8, 0x05, 0x05, 0x00, 0x8b, 0xf8, 0x26  ; 0A47
    db 0x8b, 0x1d, 0x89, 0x5e, 0xf4, 0x89, 0x1e, 0xc2, 0x06, 0xc7, 0x06, 0x12, 0x07, 0xff, 0xff, 0xc7  ; 0A57
    db 0x46, 0xf2, 0x01, 0x00, 0xc6, 0x06, 0xc1, 0x06, 0x00  ; 0A67
L_F0A70:
    mov al, byte [0x6c1]                     ; 0A70: mov al, byte ptr [0x6c1]
    db 0x24, 0x04, 0x3c, 0x00, 0x74, 0x07, 0x8b, 0x7e, 0xf6, 0x89, 0x3e, 0xc2, 0x06, 0x9a, 0x0b, 0x00  ; 0A73
    db 0xc6, 0xe7, 0xa1, 0x1a, 0x07, 0x39, 0x06, 0x16, 0x07, 0x7e, 0x1c, 0xa1, 0x12, 0x07, 0x25, 0xff  ; 0A83
    db 0x03, 0x8b, 0x3e, 0x22, 0x07, 0x03, 0xf8, 0xa1, 0x16, 0x07, 0xf7, 0xef, 0x99, 0xf7, 0x3e, 0x1a  ; 0A93
    db 0x07, 0xa3, 0xbc, 0x06, 0xe9, 0x1c, 0x00, 0xa1, 0x12, 0x07, 0x25, 0xff, 0x03, 0x8b, 0xf8, 0xa1  ; 0AA3
    db 0x16, 0x07, 0xf7, 0xef, 0x99, 0xf7, 0x3e, 0x1a, 0x07, 0x8b, 0x3e, 0x22, 0x07, 0x03, 0xf8, 0x89  ; 0AB3
    db 0x3e, 0xbc, 0x06, 0xa1, 0x1c, 0x07, 0x39, 0x06, 0x18, 0x07, 0x7e, 0x1c, 0xa1, 0x14, 0x07, 0x25  ; 0AC3
    db 0xff, 0x03, 0x8b, 0x3e, 0x24, 0x07, 0x03, 0xf8, 0xa1, 0x18, 0x07, 0xf7, 0xef, 0x99, 0xf7, 0x3e  ; 0AD3
    db 0x1c, 0x07, 0xa3, 0xbe, 0x06, 0xe9, 0x1c, 0x00, 0xa1, 0x14, 0x07, 0x25, 0xff, 0x03, 0x8b, 0xf8  ; 0AE3
    db 0xa1, 0x18, 0x07, 0xf7, 0xef, 0x99, 0xf7, 0x3e, 0x1c, 0x07, 0x8b, 0x3e, 0x24, 0x07, 0x03, 0xf8  ; 0AF3
    db 0x89, 0x3e, 0xbe, 0x06, 0x83, 0x3e, 0xbc, 0x06, 0x00, 0x7e, 0x07, 0x8b, 0x3e, 0xbc, 0x06, 0xe9  ; 0B03
    db 0x02, 0x00, 0x2b, 0xff, 0x81, 0xff, 0xff, 0x03, 0x7d, 0x13, 0x83, 0x3e, 0xbc, 0x06, 0x00, 0x7e  ; 0B13
    db 0x07, 0x8b, 0x3e, 0xbc, 0x06, 0xe9, 0x02, 0x00, 0x2b, 0xff, 0xe9, 0x03, 0x00, 0xbf, 0xff, 0x03  ; 0B23
    db 0x89, 0x3e, 0xbc, 0x06, 0x83, 0x3e, 0xbe, 0x06, 0x00, 0x7e, 0x07, 0x8b, 0x16, 0xbe, 0x06, 0xe9  ; 0B33
    db 0x02, 0x00, 0x2b, 0xd2, 0x81, 0xfa, 0xff, 0x03, 0x7d, 0x15, 0x83, 0x3e, 0xbe, 0x06, 0x00, 0x7e  ; 0B43
    db 0x07, 0x8b, 0x3e, 0xbe, 0x06, 0xe9, 0x02, 0x00, 0x2b, 0xff, 0x8b, 0xd7, 0xe9, 0x03, 0x00, 0xba  ; 0B53
    db 0xff, 0x03, 0x89, 0x16, 0xbe, 0x06, 0x83, 0x7e, 0xf2, 0x00, 0x74, 0x15, 0xff, 0x36, 0xbe, 0x06  ; 0B63
    db 0xff, 0x36, 0xbc, 0x06, 0x9a, 0x0d, 0x00, 0xd7, 0xe7, 0x83, 0xc4, 0x02, 0xc7, 0x46, 0xf2, 0x00  ; 0B73
    db 0x00, 0xa0, 0xc1, 0x06, 0x2a, 0xe4, 0x25, 0x01, 0x00, 0x3d, 0x01, 0x00, 0x75, 0x77, 0x83, 0x7e  ; 0B83
    db 0x06, 0x00, 0x74, 0x74, 0xa1, 0xbe, 0x06, 0xd1, 0xf8, 0xd1, 0xf8, 0xd1, 0xf8, 0xd1, 0xf8, 0xd1  ; 0B93
    db 0xf8, 0xd1, 0xf8, 0xc4, 0x3e, 0xb8, 0x1d, 0x8b, 0x5e, 0xf0, 0x26, 0x8a, 0x11, 0x2a, 0xf6, 0x3b  ; 0BA3
    db 0xd0, 0x7e, 0x0e, 0xc4, 0x3e, 0xb8, 0x1d, 0x26, 0x8a, 0x01, 0x2a, 0xe4, 0x8b, 0xf8, 0xe9, 0x11  ; 0BB3
    db 0x00, 0xa1, 0xbe, 0x06, 0xd1, 0xf8, 0xd1, 0xf8, 0xd1, 0xf8, 0xd1, 0xf8, 0xd1, 0xf8, 0xd1, 0xf8  ; 0BC3
    db 0x8b, 0xf8, 0x8b, 0xd7, 0xc4, 0x3e, 0xb8, 0x1d, 0x8b, 0x5e, 0xf0, 0x26, 0x88, 0x11, 0xa1, 0xbe  ; 0BD3
    db 0x06, 0xd1, 0xf8, 0xd1, 0xf8, 0xd1, 0xf8, 0xd1, 0xf8, 0xd1, 0xf8, 0xd1, 0xf8, 0xc4, 0x3e, 0xbc  ; 0BE3
    db 0x1d, 0x26, 0x8a, 0x11, 0x2a, 0xf6, 0x3b, 0xd0, 0x7d, 0x14, 0xc4, 0x3e, 0xbc, 0x1d, 0x26, 0x8a  ; 0BF3
    db 0x01, 0x2a, 0xe4, 0xeb, 0x06, 0xe9, 0x51, 0x00, 0xe9, 0x1e, 0x00, 0xe9, 0x0f, 0x00, 0xa1, 0xbe  ; 0C03
    db 0x06, 0xd1, 0xf8, 0xd1, 0xf8, 0xd1, 0xf8, 0xd1, 0xf8, 0xd1, 0xf8, 0xd1, 0xf8, 0x8b, 0xd0, 0xc4  ; 0C13
    db 0x3e, 0xbc, 0x1d, 0x8b, 0x5e, 0xf0, 0x26  ; 0C23
SUB_F0C2A:
    mov byte [bx + di], dl                   ; 0C2A: mov byte ptr [bx + di], dl
    mov al, byte [0x6c0]                     ; 0C2C: mov al, byte ptr [0x6c0]
    sub ah, ah                               ; 0C2F: sub ah, ah
    and ax, strict word 0x10                 ; 0C31: and ax, 0x10
    cmp ax, strict word 0                    ; 0C34: cmp ax, 0
    jne short 0x0c49                         ; 0C37: jne 0x29
    push word [0x6be]                        ; 0C39: push word ptr [0x6be]
    push word [0x6bc]                        ; 0C3D: push word ptr [0x6bc]
    call 0xe7d7:0x000d                       ; 0C41: lcall 0xe7d7, 0xd
    add sp, 2                                ; 0C46: add sp, 2
L_F0C49:
    push word [0x6be]                        ; 0C49: push word ptr [0x6be]
    push word [0x6bc]                        ; 0C4D: push word ptr [0x6bc]
    call 0xe7d7:0x009d                       ; 0C51: lcall 0xe7d7, 0x9d
    add sp, 2                                ; 0C56: add sp, 2
    jmp 0x0c6c                               ; 0C59: jmp 0x4c
    db 0xff, 0x36, 0xbe, 0x06, 0xff, 0x36, 0xbc, 0x06, 0x9a, 0x0d, 0x00, 0xd7, 0xe7, 0x83, 0xc4, 0x02  ; 0C5C
L_F0C6C:
    mov al, byte [0x6c1]                     ; 0C6C: mov al, byte ptr [0x6c1]
    sub ah, ah                               ; 0C6F: sub ah, ah
    and ax, strict word 3                    ; 0C71: and ax, 3
    cmp ax, strict word 2                    ; 0C74: cmp ax, 2
    je short 0x0c7c                          ; 0C77: je 0x5c
    db 0xe9, 0xf4, 0xfd  ; 0C79: jmp 0xfffffe50 (relative-branch target resolves outside this chip's mapped range when IP wraps mod 0x10000 inside a non-16-aligned code segment - genuine 8086 addressing quirk, not a NASM gap, see NOTES.md "IP-wraparound branches")
L_F0C7C:
    inc word [bp - 0x10]                     ; 0C7C: inc word ptr [bp - 0x10]
    add word [bp - 8], 9                     ; 0C7F: add word ptr [bp - 8], 9
    mov al, byte [0x6c0]                     ; 0C83: mov al, byte ptr [0x6c0]
    and al, 0x80                             ; 0C86: and al, 0x80
    cmp al, 0                                ; 0C88: cmp al, 0
    jne short 0x0c8f                         ; 0C8A: jne 0x6f
    db 0xe9, 0x55, 0xfc  ; 0C8C: jmp 0xfffffcc4 (relative-branch target resolves outside this chip's mapped range when IP wraps mod 0x10000 inside a non-16-aligned code segment - genuine 8086 addressing quirk, not a NASM gap, see NOTES.md "IP-wraparound branches")
L_F0C8F:
    sub di, di                               ; 0C8F: sub di, di
    push di                                  ; 0C91: push di
    push di                                  ; 0C92: push di
    call 0xe7d7:0x000d                       ; 0C93: lcall 0xe7d7, 0xd
    add sp, 2                                ; 0C98: add sp, 2
    mov sp, bp                               ; 0C9B: mov sp, bp
    pop bp                                   ; 0C9D: pop bp
    retf 2                                   ; 0C9E: retf 2
    db 0x55, 0x8b, 0xec, 0x83, 0xec, 0x06, 0x9a, 0x76, 0x00, 0xf3, 0xe7, 0xe9, 0x0a, 0x01, 0xbf, 0x7b  ; 0CA1
    db 0xff, 0x57, 0xba, 0x20, 0x03, 0x52, 0x9a, 0x01, 0x00, 0x91, 0xe7, 0xe9, 0x2a, 0x01, 0xbf, 0x0c  ; 0CB1
    db 0x00, 0x57, 0xba, 0x7b, 0xff, 0x52, 0xbb, 0x26, 0x03, 0x53, 0x9a  ; 0CC1
SUB_F0CCC:
    add word [bx + si], ax                   ; 0CCC: add word ptr [bx + si], ax
    xchg cx, ax                              ; 0CCE: xchg cx, ax
    out 0x83, ax                             ; 0CCF: out 0x83, ax
    les ax, [bp + si]                        ; 0CD1: les ax, ptr [bp + si]
    mov di, 2                                ; 0CD3: mov di, 2
    push di                                  ; 0CD6: push di
    call 0xe8ca:0x0163                       ; 0CD7: lcall 0xe8ca, 0x163
    mov di, 0x40                             ; 0CDC: mov di, 0x40
    push di                                  ; 0CDF: push di
    mov di, 0x1b                             ; 0CE0: mov di, 0x1b
    push di                                  ; 0CE3: push di
    mov di, 0xff7b                           ; 0CE4: mov di, 0xff7b
    push di                                  ; 0CE7: push di
    mov dx, 0x329                            ; 0CE8: mov dx, 0x329
    push dx                                  ; 0CEB: push dx
    call 0xe791:0x0001                       ; 0CEC: lcall 0xe791, 1
    add sp, 4                                ; 0CF1: add sp, 4
    jmp 0x0de9                               ; 0CF4: jmp 0x129
    db 0xbf, 0x0c, 0x00, 0x57, 0xbf, 0x7b, 0xff, 0x57, 0xba, 0x2e, 0x03, 0x52, 0x9a, 0x01, 0x00, 0x91  ; 0CF7
    db 0xe7, 0x83, 0xc4, 0x02, 0xbf, 0x02, 0x00, 0x57, 0x9a, 0x63, 0x01, 0xca, 0xe8, 0xbf, 0x40, 0x00  ; 0D07
    db 0x57, 0xbf, 0x1b, 0x00, 0x57, 0xbf, 0x7b, 0xff, 0x57, 0xba, 0x31, 0x03, 0x52, 0x9a, 0x01, 0x00  ; 0D17
    db 0x91, 0xe7, 0x83, 0xc4, 0x04, 0xe9, 0xba, 0x00, 0xbf, 0x0c, 0x00, 0x57, 0xbf, 0x7b, 0xff, 0x57  ; 0D27
    db 0xba, 0x36, 0x03, 0x52, 0x9a, 0x01, 0x00, 0x91, 0xe7, 0x83, 0xc4, 0x02, 0xbf, 0x02, 0x00, 0x57  ; 0D37
    db 0x9a, 0x63, 0x01, 0xca, 0xe8, 0xbf, 0x40, 0x00, 0x57, 0xbf, 0x1b, 0x00, 0x57, 0xbf, 0x7b, 0xff  ; 0D47
    db 0x57, 0xba, 0x39, 0x03, 0x52, 0x9a, 0x01, 0x00, 0x91, 0xe7, 0x83, 0xc4, 0x04, 0xe9, 0x82, 0x00  ; 0D57
    db 0xbf, 0x1b, 0x00, 0x57, 0xbf, 0x7b, 0xff, 0x57, 0xba, 0x3e, 0x03, 0x52, 0x9a, 0x01, 0x00, 0x91  ; 0D67
    db 0xe7, 0x83, 0xc4, 0x02, 0xbf, 0x0c, 0x00, 0x57, 0xbf, 0x7b, 0xff, 0x57, 0xba, 0x44, 0x03, 0x52  ; 0D77
    db 0x9a, 0x01, 0x00, 0x91, 0xe7, 0x83, 0xc4, 0x02, 0xbf, 0x0a, 0x00, 0x57, 0x9a, 0xc9, 0x05, 0xc9  ; 0D87
    db 0x82, 0xe9, 0x4e, 0x00, 0x2b, 0xff, 0x57, 0xba, 0xd0, 0x07, 0x52, 0x52, 0xff, 0x36, 0x0c, 0x07  ; 0D97
    db 0xff, 0x36, 0x0a, 0x07, 0x9a, 0x05, 0x00, 0x0a, 0xe9, 0x83, 0xc4, 0x08, 0xe9, 0x33, 0x00, 0xe9  ; 0DA7
    db 0x30, 0x00, 0xa1, 0xca, 0x06, 0x3d, 0x00, 0x00, 0x74, 0xda, 0x3d, 0x01, 0x00, 0x75, 0x03, 0xe9  ; 0DB7
    db 0xe6, 0xfe, 0x3d, 0x02, 0x00, 0x75, 0x03, 0xe9, 0xee, 0xfe, 0x3d, 0x03, 0x00, 0x75, 0x03, 0xe9  ; 0DC7
    db 0x56, 0xff, 0x3d, 0x04, 0x00, 0x74, 0x89, 0x3d, 0x08, 0x00, 0x75, 0x03, 0xe9, 0x11, 0xff, 0xe9  ; 0DD7
    db 0xcd, 0xff  ; 0DE7
L_F0DE9:
    mov word [0x6ca], 0                      ; 0DE9: mov word ptr [0x6ca], 0
    mov word [0x792], 0x64                   ; 0DEF: mov word ptr [0x792], 0x64
    mov byte [0x78d], 1                      ; 0DF5: mov byte ptr [0x78d], 1
    call 0xe60b:0x0174                       ; 0DFA: lcall 0xe60b, 0x174
    mov sp, bp                               ; 0DFF: mov sp, bp
    pop bp                                   ; 0E01: pop bp
    retf                                     ; 0E02: retf 
    db 0x55, 0x8b, 0xec, 0x83, 0xec, 0x08, 0xc7, 0x46, 0xf8, 0x00, 0x00, 0xe9, 0x0b, 0x00, 0x2b, 0xff  ; 0E03
    db 0x57, 0x9a, 0xc9, 0x05, 0xc9, 0x82, 0xff, 0x46, 0xf8, 0x83, 0x7e, 0xf8, 0x46, 0x7c, 0xef, 0x8b  ; 0E13
    db 0xe5, 0x5d, 0xca, 0x04, 0x00, 0xff, 0x55, 0x8b, 0xec, 0x83, 0xec, 0x2c, 0xc7, 0x46, 0xf4, 0x00  ; 0E23
    db 0x00, 0xc7, 0x46, 0xf2, 0x00, 0x00, 0x8b, 0x7e, 0x0e, 0x89, 0x7e, 0xf0, 0x29, 0x7e, 0x08, 0x29  ; 0E33
    db 0x7e, 0x0c, 0x29, 0x7e, 0x10, 0xc7, 0x46, 0x0e, 0x00, 0x00, 0xe9, 0xee, 0x01  ; 0E43
L_F0E50:
    push word [bp + 0x10]                    ; 0E50: push word ptr [bp + 0x10]
    db 0xff, 0x76, 0x0e, 0xff, 0x76, 0x08, 0xff, 0x76, 0x06, 0x9a, 0x2d, 0x02, 0xe2, 0xe8, 0x83, 0xc4  ; 0E53
    db 0x06, 0x89, 0x46, 0xf8, 0xff, 0x76, 0x10, 0xff, 0x76, 0x0e, 0xff, 0x76, 0x0c, 0xff, 0x76, 0x0a  ; 0E63
    db 0x9a, 0x2d, 0x02, 0xe2, 0xe8, 0x83, 0xc4, 0x06, 0x89, 0x46, 0xf6, 0x8b, 0x7e, 0xf8, 0x23, 0xf8  ; 0E73
    db 0x83, 0xff, 0x00, 0x74, 0x08, 0xc7, 0x46, 0xf2, 0x01, 0x00, 0xe9, 0x8c, 0x01, 0x83, 0x7e, 0xf8  ; 0E83
    db 0x00, 0x75, 0x06, 0x83, 0x7e, 0xf6, 0x00, 0x74, 0x06, 0xbf, 0x01, 0x00, 0xe9, 0x02, 0x00, 0x2b  ; 0E93
    db 0xff, 0x83, 0xff, 0x00, 0x75, 0x0d, 0xc7, 0x46, 0xf4, 0x01, 0x00, 0xc7, 0x46, 0xf2, 0x01, 0x00  ; 0EA3
    db 0xe9, 0x66, 0x01, 0xc7, 0x46, 0xf4, 0x00, 0x00, 0x83, 0x7e, 0xf8, 0x00, 0x75, 0x2d, 0x8b, 0x7e  ; 0EB3
    db 0x06, 0x89, 0x7e, 0xee, 0x8b, 0x56, 0x0a, 0x89, 0x56, 0x06, 0x89, 0x7e, 0x0a, 0x8b, 0x5e, 0x08  ; 0EC3
    db 0x89, 0x5e, 0xee, 0x8b, 0x46, 0x0c, 0x89, 0x46, 0x08, 0x89, 0x5e, 0x0c, 0x8b, 0x56, 0xf8, 0x89  ; 0ED3
    db 0x56, 0xec, 0x8b, 0x7e, 0xf6, 0x89, 0x7e, 0xf8, 0x89, 0x56, 0xf6, 0x8b, 0x7e, 0x0a, 0x2b, 0x7e  ; 0EE3
    db 0x06, 0x8b, 0xc7, 0x99, 0x89, 0x46, 0xe8, 0x89, 0x56, 0xea, 0x8b, 0x7e, 0x0c, 0x2b, 0x7e, 0x08  ; 0EF3
    db 0x8b, 0xc7, 0x99, 0x89, 0x46, 0xe4, 0x89, 0x56, 0xe6, 0xbf, 0xfe, 0x0f, 0x2b, 0x7e, 0x06, 0x8b  ; 0F03
    db 0xc7, 0x99, 0x89, 0x46, 0xe0, 0x89, 0x56, 0xe2, 0x2b, 0xff, 0x2b, 0x7e, 0x06, 0x8b, 0xc7, 0x99  ; 0F13
    db 0x89, 0x46, 0xdc, 0x89, 0x56, 0xde, 0x8b, 0x7e, 0x10, 0x4f, 0x2b, 0x7e, 0x08, 0x8b, 0xc7, 0x99  ; 0F23
    db 0x89, 0x46, 0xd8, 0x89, 0x56, 0xda, 0x8b, 0x7e, 0x0e, 0x2b, 0x7e, 0x08, 0x8b, 0xc7, 0x99, 0x89  ; 0F33
    db 0x46, 0xd4, 0x89, 0x56, 0xd6, 0x8b, 0x7e, 0xf8, 0x81, 0xe7, 0x01, 0x00, 0x83, 0xff, 0x00, 0x74  ; 0F43
    db 0x2b, 0xff, 0x76, 0xe6, 0xff, 0x76, 0xe4, 0xff, 0x76, 0xda, 0xff, 0x76, 0xd8, 0x8b, 0x46, 0xe8  ; 0F53
    db 0x8b, 0x56, 0xea, 0x9a, 0x5d, 0x00, 0x72, 0xe7, 0x9a, 0x8e, 0x00, 0x72, 0xe7, 0x8b, 0xf8, 0x01  ; 0F63
    db 0x7e, 0x06, 0x8b, 0x7e, 0x10, 0x4f, 0x89, 0x7e, 0x08, 0xe9, 0x9d, 0x00, 0x8b, 0x7e, 0xf8, 0x81  ; 0F73
    db 0xe7, 0x02, 0x00, 0x83, 0xff, 0x00, 0x74, 0x2a, 0xff, 0x76, 0xe6, 0xff, 0x76, 0xe4, 0xff, 0x76  ; 0F83
    db 0xd6, 0xff, 0x76, 0xd4, 0x8b, 0x46, 0xe8, 0x8b, 0x56, 0xea, 0x9a, 0x5d, 0x00, 0x72, 0xe7, 0x9a  ; 0F93
    db 0x8e, 0x00, 0x72, 0xe7, 0x8b, 0xf8, 0x01, 0x7e, 0x06, 0x8b, 0x7e, 0x0e, 0x89, 0x7e, 0x08, 0xe9  ; 0FA3
    db 0x67, 0x00, 0x8b, 0x7e, 0xf8, 0x81, 0xe7, 0x04, 0x00, 0x83, 0xff, 0x00, 0x74, 0x29, 0xff, 0x76  ; 0FB3
    db 0xea, 0xff, 0x76, 0xe8, 0xff, 0x76, 0xe2, 0xff, 0x76, 0xe0, 0x8b, 0x46, 0xe4, 0x8b, 0x56, 0xe6  ; 0FC3
    db 0x9a, 0x5d, 0x00, 0x72, 0xe7, 0x9a, 0x8e, 0x00, 0x72, 0xe7, 0x8b, 0xf8, 0x01, 0x7e, 0x08, 0xc7  ; 0FD3
    db 0x46, 0x06, 0xfe, 0x0f, 0xe9, 0x32, 0x00, 0x8b, 0x7e, 0xf8, 0x81, 0xe7, 0x08, 0x00, 0x83, 0xff  ; 0FE3
    db 0x00, 0x74, 0x26, 0xff, 0x76, 0xea, 0xff, 0x76, 0xe8, 0xff, 0x76, 0xde, 0xff, 0x76  ; 0FF3
SUB_F1001:
    db 0xdc, 0x8b, 0x46, 0xe4  ; 1001: fmul qword ptr [bp + di - 0x1bba] (x87 FPU instruction, not handled yet - see NOTES.md)
    mov dx, word [bp - 0x1a]                 ; 1005: mov dx, word ptr [bp - 0x1a]
    call 0xe772:0x005d                       ; 1008: lcall 0xe772, 0x5d
    call 0xe772:0x008e                       ; 100D: lcall 0xe772, 0x8e
    mov di, ax                               ; 1012: mov di, ax
    add word [bp + 8], di                    ; 1014: add word ptr [bp + 8], di
    mov word [bp + 6], 0                     ; 1017: mov word ptr [bp + 6], 0
    cmp word [bp - 0xc], 1                   ; 101C: cmp word ptr [bp - 0xc], 1
    jne short 0x103e                         ; 1020: jne 0x18e
    push word [bp + 8]                       ; 1022: push word ptr [bp + 8]
    push word [bp + 6]                       ; 1025: push word ptr [bp + 6]
    call 0xe804:0x00a4                       ; 1028: lcall 0xe804, 0xa4
    add sp, 2                                ; 102D: add sp, 2
    push word [bp + 0xc]                     ; 1030: push word ptr [bp + 0xc]
    push word [bp + 0xa]                     ; 1033: push word ptr [bp + 0xa]
    call 0xe804:0x000f                       ; 1036: lcall 0xe804, 0xf
    add sp, 2                                ; 103B: add sp, 2
L_F103E:
    cmp word [bp - 0xe], 0                   ; 103E: cmp word ptr [bp - 0xe], 0
    jne short 0x1047                         ; 1042: jne 0x197
    db 0xe9, 0x09, 0xfe  ; 1044: jmp 0xffffffa0 (relative-branch target resolves outside this chip's mapped range when IP wraps mod 0x10000 inside a non-16-aligned code segment - genuine 8086 addressing quirk, not a NASM gap, see NOTES.md "IP-wraparound branches")
L_F1047:
    mov sp, bp                               ; 1047: mov sp, bp
    pop bp                                   ; 1049: pop bp
    retf 2                                   ; 104A: retf 2
    db 0x55, 0x8b, 0xec, 0x83, 0xec, 0x08, 0xc7, 0x46, 0xf8, 0x00, 0x00, 0x8b, 0x7e, 0x0c, 0x39, 0x7e  ; 104D
    db 0x08, 0x7e, 0x09, 0x2b, 0xd2, 0x81, 0xca, 0x01, 0x00, 0x89, 0x56, 0xf8, 0x8b, 0x7e, 0x0a, 0x39  ; 105D
    db 0x7e, 0x08, 0x7d, 0x0a, 0x8b, 0x56, 0xf8, 0x81, 0xca, 0x02, 0x00, 0x89, 0x56, 0xf8, 0x81, 0x7e  ; 106D
    db 0x06, 0xff, 0x0f, 0x7e, 0x0a, 0x8b, 0x7e, 0xf8, 0x81, 0xcf, 0x04, 0x00, 0x89, 0x7e, 0xf8, 0x83  ; 107D
    db 0x7e, 0x06, 0x00, 0x7d, 0x0a, 0x8b, 0x7e, 0xf8, 0x81, 0xcf, 0x08, 0x00, 0x89, 0x7e, 0xf8, 0x8b  ; 108D
    db 0x46, 0xf8, 0x8b, 0xe5, 0x5d, 0xca, 0x02, 0x00, 0x55, 0x8b, 0xec, 0x83, 0xec, 0x14, 0xc7, 0x46  ; 109D
    db 0xec, 0x01, 0x00, 0x83, 0x3e, 0xca, 0x06, 0x00, 0x74, 0x07, 0x83, 0x3e, 0xca, 0x06, 0x01, 0x75  ; 10AD
    db 0x16, 0xa1, 0xe0, 0x03, 0xd1, 0xf8, 0xd1, 0xf8, 0xd1, 0xf8, 0xd1, 0xf8, 0xd1, 0xf8, 0xd1, 0xf8  ; 10BD
    db 0x25, 0x0f, 0x00, 0x40, 0x89, 0x46, 0xec, 0xc7, 0x46, 0xee, 0x00, 0x00, 0x8b, 0x7e, 0x0a, 0x2b  ; 10CD
    db 0x7e, 0x06, 0x89, 0x7e, 0xf4, 0x83, 0xff, 0x00, 0x7c, 0x06, 0xbf, 0x01, 0x00, 0xe9, 0x03, 0x00  ; 10DD
    db 0xbf, 0xff, 0xff, 0x89, 0x7e, 0xf8, 0x8b, 0x56, 0x0c, 0x2b, 0x56, 0x08, 0x89, 0x56, 0xf2, 0x83  ; 10ED
    db 0xfa, 0x00, 0x7c, 0x06, 0xba, 0x01, 0x00, 0xe9, 0x03, 0x00, 0xba, 0xff, 0xff, 0x89, 0x56, 0xf6  ; 10FD
    db 0x83, 0x7e, 0xf4, 0x00, 0x7d, 0x08, 0x8b, 0x7e, 0xf4, 0xf7, 0xdf, 0xe9, 0x03, 0x00, 0x8b, 0x7e  ; 110D
    db 0xf4, 0x89, 0x7e, 0xf4, 0x83, 0x7e, 0xf2, 0x00, 0x7d, 0x08, 0x8b, 0x56, 0xf2, 0xf7, 0xda, 0xe9  ; 111D
    db 0x03, 0x00, 0x8b, 0x56, 0xf2, 0x89, 0x56, 0xf2, 0x39, 0x56, 0xf4, 0x7d, 0x64, 0x8b, 0x7e, 0xf4  ; 112D
    db 0xd1, 0xe7, 0x89, 0x7e, 0xf4, 0x2b, 0xfa, 0x89, 0x7e, 0xf0, 0x2b, 0xfa, 0x89, 0x7e, 0xf2, 0xe9  ; 113D
    db 0x44, 0x00, 0xff, 0x46, 0xee, 0x8b, 0x46, 0xee, 0x99, 0xf7, 0x7e, 0xec, 0x89, 0x56, 0xee, 0x83  ; 114D
    db 0xfa, 0x00, 0x75, 0x11, 0xff, 0x76, 0x0e, 0xff, 0x76, 0x08, 0xff, 0x76, 0x06, 0x9a, 0x0b, 0x00  ; 115D
    db 0x6d, 0xe8, 0x83, 0xc4, 0x04, 0x83, 0x7e, 0xf0, 0x00, 0x7d, 0x09, 0x8b, 0x7e, 0xf4, 0x01, 0x7e  ; 116D
    db 0xf0, 0xe9, 0x0c, 0x00, 0x8b, 0x7e, 0xf8, 0x01, 0x7e, 0x06, 0x8b, 0x56, 0xf2, 0x01, 0x56, 0xf0  ; 117D
    db 0x8b, 0x7e, 0xf6, 0x01, 0x7e, 0x08, 0x8b, 0x7e, 0x08, 0x39, 0x7e, 0x0c, 0x75, 0xb4, 0xe9, 0x66  ; 118D
    db 0x00, 0xe9, 0x00, 0x00, 0x8b, 0x7e, 0xf2, 0xd1, 0xe7, 0x89, 0x7e, 0xf2, 0x2b, 0x7e, 0xf4, 0x89  ; 119D
    db 0x7e, 0xf0, 0x2b, 0x7e, 0xf4, 0x89, 0x7e, 0xf4, 0xe9, 0x44, 0x00, 0xff, 0x46, 0xee, 0x8b, 0x46  ; 11AD
    db 0xee, 0x99, 0xf7, 0x7e, 0xec, 0x89, 0x56, 0xee, 0x83, 0xfa, 0x00, 0x75, 0x11, 0xff, 0x76, 0x0e  ; 11BD
    db 0xff, 0x76, 0x08, 0xff, 0x76, 0x06, 0x9a, 0x0b, 0x00, 0x6d, 0xe8, 0x83, 0xc4, 0x04, 0x83, 0x7e  ; 11CD
    db 0xf0, 0x00, 0x7d, 0x09, 0x8b, 0x7e, 0xf2, 0x01, 0x7e, 0xf0, 0xe9, 0x0c, 0x00, 0x8b, 0x7e, 0xf6  ; 11DD
    db 0x01, 0x7e, 0x08, 0x8b, 0x56, 0xf4, 0x01, 0x56, 0xf0, 0x8b, 0x7e, 0xf8, 0x01, 0x7e, 0x06, 0x8b  ; 11ED
    db 0x7e, 0x06, 0x39, 0x7e, 0x0a, 0x75, 0xb4, 0xff, 0x76, 0x0e, 0xff, 0x76, 0x08, 0xff, 0x76, 0x06  ; 11FD
    db 0x9a, 0x0b, 0x00, 0x6d, 0xe8, 0x83, 0xc4, 0x04, 0x8b, 0xe5, 0x5d, 0xca, 0x02, 0x00, 0x55, 0x8b  ; 120D
    db 0xec, 0x83, 0xec, 0x06, 0xa0, 0xf8, 0x1b, 0xa2, 0xb6, 0x06, 0x3c, 0x00, 0x75, 0x07, 0x80, 0x3e  ; 121D
    db 0x00, 0x04, 0x01, 0x75, 0x1e, 0xc6, 0x06, 0x06, 0x07, 0x00, 0x9a, 0x60, 0x00, 0x25, 0xe9, 0xc6  ; 122D
    db 0x06, 0xf7, 0x1b, 0x01, 0xe9, 0x05, 0x00, 0x9a, 0x0c, 0x00, 0x93, 0xe6, 0x80, 0x3e, 0xf7, 0x1b  ; 123D
    db 0x00, 0x75, 0xf4, 0x8b, 0xe5, 0x5d, 0xcb, 0xff, 0x55, 0x8b, 0xec, 0x83, 0xec, 0x0a, 0xa1, 0x02  ; 124D
    db 0x1c, 0xd1, 0xe8, 0xd1, 0xe0, 0xbf, 0xf2, 0x06, 0x03, 0xf8, 0x89, 0x7e, 0xf6, 0x8c, 0x5e, 0xf8  ; 125D
    db 0xc4, 0x5e, 0xf6, 0x26, 0xc7, 0x47, 0x06, 0x00, 0x00, 0x26, 0xc7, 0x47, 0x04, 0x00, 0x00, 0xc4  ; 126D
    db 0x7e, 0xf6, 0x26, 0xc7, 0x45, 0x02, 0x00, 0x00, 0x26, 0xc7, 0x05, 0x00, 0x00, 0xba, 0x4e, 0x00  ; 127D
    db 0x52, 0xba, 0x01, 0x00, 0x52, 0x52, 0x52, 0x52, 0x1e, 0xba, 0xf2, 0x06, 0x52, 0x9a, 0x48, 0x03  ; 128D
    db 0x51, 0xe9, 0x83, 0xc4, 0x0a, 0xc4, 0x3e, 0xdc, 0x1d, 0x26, 0xc6, 0x85, 0xbe, 0x02, 0x80, 0x8b  ; 129D
    db 0xe5, 0x5d, 0xcb, 0x55, 0x8b, 0xec, 0x83, 0xec, 0x06, 0x9a, 0x05, 0x00, 0x25, 0xe9, 0x8b, 0xe5  ; 12AD
    db 0x5d, 0xcb, 0x55, 0x8b, 0xec, 0x83, 0xec, 0x10, 0xb8, 0x00, 0x80, 0xba, 0x00, 0x40, 0xa3, 0xea  ; 12BD
    db 0x06, 0x89, 0x16, 0xec, 0x06, 0xa0, 0x03, 0x04, 0x2a, 0xe4, 0x89, 0x46, 0xf8, 0x80, 0x3e, 0xf9  ; 12CD
    db 0x1b, 0x00, 0x74, 0x13, 0x9a, 0x9b, 0x0c, 0xc9, 0x82, 0x89, 0x46, 0xf2, 0x9a, 0xee, 0x0c, 0xc9  ; 12DD
    db 0x82, 0x89, 0x46, 0xf0, 0xe9, 0xa8, 0x00, 0xc7, 0x46, 0xf2, 0x00, 0x00, 0xc7, 0x46, 0xf0, 0x00  ; 12ED
    db 0x00, 0xe9, 0x9b, 0x00, 0xc7, 0x46, 0xf4, 0x01, 0x00, 0xe9, 0xcb, 0x00, 0x80, 0x3e, 0xf9, 0x1b  ; 12FD
    db 0x00, 0x74, 0x35, 0x83, 0x7e, 0xf2, 0x00, 0x74, 0x07, 0x80, 0x3e, 0xb6, 0x06, 0x00, 0x75, 0x06  ; 130D
    db 0xbf, 0x01, 0x00, 0xe9, 0x02, 0x00, 0x2b, 0xff, 0x8b, 0xd7, 0x80, 0xfa, 0x00, 0x74, 0x19, 0x83  ; 131D
    db 0x7e, 0xf0, 0x00, 0x75, 0x06, 0xbf, 0x01, 0x00, 0xe9, 0x02, 0x00, 0x2b, 0xff, 0x83, 0xff, 0x00  ; 132D
    db 0x74, 0x06, 0xbf, 0x01, 0x00, 0xe9, 0x02, 0x00, 0x2b, 0xff, 0x89, 0x7e, 0xf4, 0xe9, 0x87, 0x00  ; 133D
    db 0x80, 0x3e, 0xf9, 0x1b, 0x00, 0x74, 0x19, 0x83, 0x7e, 0xf2, 0x00, 0x74, 0x07, 0x80, 0x3e, 0xb6  ; 134D
    db 0x06, 0x00, 0x75, 0x0c, 0x83, 0x7e, 0xf0, 0x00, 0x75, 0x06, 0xbf, 0x01, 0x00, 0xe9, 0x02, 0x00  ; 135D
    db 0x2b, 0xff, 0x89, 0x7e, 0xf4, 0x83, 0xff, 0x00, 0x74, 0x1a, 0x83, 0xff, 0x00, 0x74, 0x10, 0x9a  ; 136D
    db 0x53, 0x0c, 0xc9, 0x82, 0x3d, 0x00, 0x00, 0x74, 0x06, 0xba, 0x01, 0x00, 0xe9, 0x02, 0x00, 0x2b  ; 137D
    db 0xd2, 0x89, 0x56, 0xf4, 0xe9, 0x40, 0x00, 0xc7, 0x46, 0xf4, 0x00, 0x00, 0xe9, 0x38, 0x00, 0x8b  ; 138D
    db 0x46, 0xf8, 0x3d, 0x00, 0x00, 0x75, 0x03, 0xe9, 0x5a, 0xff, 0x3d, 0x01, 0x00, 0x75, 0x03, 0xe9  ; 139D
    db 0x5a, 0xff, 0x3d, 0x02, 0x00, 0x75, 0x03, 0xe9, 0x52, 0xff, 0x3d, 0x03, 0x00, 0x74, 0x91, 0x3d  ; 13AD
    db 0x04, 0x00, 0x74, 0x8c, 0x3d, 0x05, 0x00, 0x75, 0x03, 0xe9, 0x40, 0xff, 0x3d, 0x08, 0x00, 0x75  ; 13BD
    db 0x03, 0xe9, 0x7c, 0xff, 0xe9, 0xc0, 0xff, 0xc6, 0x06, 0xb6, 0x06, 0x00, 0x83, 0x7e, 0xf4, 0x00  ; 13CD
    db 0x74, 0x78, 0x83, 0x3e, 0xca, 0x06, 0x05, 0x74, 0x57, 0xff, 0x76, 0xf8, 0x9a, 0x03, 0x00, 0x36  ; 13DD
    db 0xe8, 0xc7, 0x06, 0x10, 0x07, 0xff, 0x0f, 0x2b, 0xff, 0x57, 0x9a, 0x07, 0x00, 0xc2, 0xe7, 0xc7  ; 13ED
    db 0x46, 0xf6, 0x01, 0x00, 0xa1, 0x10, 0x07, 0x2b, 0x06, 0xd6, 0x06, 0xa3, 0xc4, 0x06, 0xe9, 0x1e  ; 13FD
    db 0x00, 0x9a, 0x0f, 0x00, 0xeb, 0xe7, 0xff, 0x76, 0xf6, 0x9a, 0x07, 0x00, 0xaa, 0xe7, 0x9a, 0x09  ; 140D
    db 0x00, 0x17, 0xe8, 0xc7, 0x46, 0xf6, 0x00, 0x00, 0xa1, 0xd6, 0x06, 0x29, 0x06, 0xc4, 0x06, 0xa1  ; 141D
    db 0xc4, 0x06, 0x03, 0x06, 0xd6, 0x06, 0x3d, 0x00, 0x00, 0x7f, 0xd6, 0x9a, 0x01, 0x00, 0xca, 0xe8  ; 142D
    db 0x83, 0x3e, 0xca, 0x06, 0x00, 0x74, 0x29, 0x80, 0x3e, 0xf9, 0x1b, 0x00, 0x74, 0x22, 0x83, 0x7e  ; 143D
    db 0xf2, 0x00, 0x75, 0x1c, 0xbf, 0x80, 0x8f, 0x57, 0xeb, 0x03, 0xe9, 0x13, 0x00, 0x9a, 0x0e, 0x00  ; 144D
    db 0x70, 0x94, 0x9a, 0xef, 0x03, 0x87, 0x96, 0xbf, 0x41, 0x00, 0x57, 0x9a, 0x0e, 0x00, 0x70, 0x94  ; 145D
    db 0x8b, 0xe5, 0x5d, 0xcb, 0xff, 0x01, 0x01, 0x01, 0x0a, 0x01, 0x05, 0x01, 0x01, 0x02, 0x05, 0x01  ; 146D
    db 0x01, 0x01, 0x01, 0x01, 0x01, 0x01, 0x04, 0x01, 0x02, 0x01, 0x01, 0x01, 0x01, 0x01, 0x01, 0x01  ; 147D
    db 0x01, 0x01, 0x01, 0x01, 0x01, 0x01, 0x01, 0x02, 0x01, 0x04, 0x01, 0x01, 0x01, 0x08, 0x01, 0x01  ; 148D
    db 0x01, 0x01, 0x01, 0x01, 0x01, 0x05, 0x02, 0x05, 0x01, 0x0a, 0x01, 0x01, 0x01, 0x14, 0x01, 0x01  ; 149D
    db 0x01, 0x01, 0x01, 0x01, 0x01, 0x55, 0x8b, 0xec, 0x56, 0x57, 0x1e, 0x51, 0x8b, 0x4e, 0x06, 0xba  ; 14AD
    db 0x00, 0x00, 0xb8, 0x10, 0x27, 0xf7, 0xf9, 0x59, 0x1f, 0x5f, 0x5e, 0x5d, 0xca, 0x02, 0x00, 0x55  ; 14BD
    db 0x8b, 0xec, 0x56, 0x57, 0x1e, 0x51, 0x8b, 0x4e, 0x06, 0xba, 0x0f, 0x00, 0xb8, 0x40, 0x42, 0xf7  ; 14CD
    db 0xf9, 0x59, 0x1f, 0x5f, 0x5e, 0x5d, 0xca, 0x02, 0x00, 0x55, 0x8b, 0xec, 0x56, 0x57, 0x1e, 0x51  ; 14DD
    db 0x8b, 0x4e, 0x06, 0xba, 0x98, 0x00, 0xb8, 0x80, 0x96, 0xf7, 0xf9, 0x59, 0x1f, 0x5f, 0x5e, 0x5d  ; 14ED
    db 0xca, 0x02, 0x00, 0x55, 0x8b, 0xec, 0x56, 0x57, 0x1e, 0x51, 0x8b, 0x4e, 0x06, 0xba, 0xf5, 0x05  ; 14FD
    db 0xb8, 0x00, 0xe1, 0xf7, 0xf9, 0x59, 0x1f, 0x5f, 0x5e, 0x5d, 0xca, 0x02, 0x00, 0x55, 0x8b, 0xec  ; 150D
    db 0x83, 0xec, 0x06, 0xe9, 0x82, 0x00, 0xc4, 0x7e, 0x0e, 0x06, 0x57, 0xc4, 0x56, 0x0a, 0x06, 0x52  ; 151D
    db 0xc4, 0x5e, 0x06, 0x06, 0x53, 0x9a, 0xb8, 0x00, 0x51, 0xe9, 0x83, 0xc4, 0x08, 0xe9, 0x85, 0x00  ; 152D
    db 0xc4, 0x7e, 0x0e, 0x06, 0x57, 0xc4, 0x56, 0x0a, 0x06, 0x52, 0xc4, 0x5e, 0x06, 0x06, 0x53, 0x9a  ; 153D
    db 0xf4, 0x01, 0x51, 0xe9, 0x83, 0xc4, 0x08, 0xe9, 0x6b, 0x00, 0xc4, 0x7e, 0x0e, 0x06, 0x57, 0xc4  ; 154D
    db 0x56, 0x0a, 0x06, 0x52, 0xc4, 0x5e, 0x06, 0x06, 0x53, 0x9a, 0x1c, 0x01, 0x51, 0xe9, 0x83, 0xc4  ; 155D
    db 0x08  ; 156D
SUB_F156E:
    jmp 0x15c2                               ; 156E: jmp 0x62
    db 0xc4, 0x7e, 0x0e, 0x06, 0x57, 0xc4, 0x56, 0x0a, 0x06, 0x52, 0xc4, 0x5e, 0x06, 0x06, 0x53, 0x9a  ; 1571
SUB_F1581:
    push 0x5102                              ; 1581: push 0x5102
    jmp 0xda0a                               ; 1584: jmp 0xffffc48a
    db 0x08, 0xe9, 0x37, 0x00, 0xc4, 0x7e, 0x0e, 0x06, 0x57, 0xc4, 0x56, 0x0a, 0x06, 0x52, 0xc4, 0x5e  ; 1587
    db 0x06, 0x06, 0x53, 0x9a, 0xb8, 0x00, 0x51, 0xe9, 0x83, 0xc4, 0x08, 0xe9, 0x1d, 0x00, 0x8b, 0x46  ; 1597
    db 0x12, 0x3d, 0x00, 0x00, 0x75, 0x03, 0xe9, 0x73, 0xff, 0x3d, 0x01, 0x00, 0x74, 0x88, 0x3d, 0x02  ; 15A7
    db 0x00, 0x74, 0x9d, 0x3d, 0x03, 0x00, 0x74, 0xb2, 0xe9, 0xc9, 0xff  ; 15B7
L_F15C2:
    mov sp, bp                               ; 15C2: mov sp, bp
    pop bp                                   ; 15C4: pop bp
    retf 4                                   ; 15C5: retf 4
    db 0x55, 0x8b, 0xec, 0x83, 0xec, 0x0c, 0xa1, 0x78, 0x06, 0xa3, 0xaa, 0x06, 0xc7, 0x06, 0xac, 0x06  ; 15C8
    db 0x00, 0x00, 0xc4, 0x7e, 0x0a, 0x89, 0x3e, 0xae, 0x06, 0x8c, 0x06, 0xb0, 0x06, 0xc4, 0x56, 0x06  ; 15D8
    db 0x89, 0x56, 0xf4, 0x8c, 0x46, 0xf6, 0x2b, 0xdb, 0x53, 0x9a, 0x0b, 0x00, 0x13, 0xea, 0x01, 0x06  ; 15E8
    db 0xaa, 0x06, 0xe9, 0x0f, 0x00, 0x8a, 0x56, 0xf9, 0x2a, 0xf6, 0x52, 0x9a, 0x0b, 0x00, 0x13, 0xea  ; 15F8
    db 0x01, 0x06, 0xaa, 0x06, 0xc4, 0x7e, 0xf4, 0xff, 0x46  ; 1608
SUB_F1611:
    hlt                                      ; 1611: hlt 
    db 0x26, 0x8a, 0x15, 0x88, 0x56, 0xf9, 0x80, 0xfa, 0x00, 0x75, 0xe0, 0xc4, 0x5e, 0x0e, 0xa1, 0xaa  ; 1612
    db 0x06, 0x26, 0x89, 0x07, 0x8b, 0xe5, 0x5d, 0xca, 0x04, 0x00, 0x55, 0x8b, 0xec, 0x83, 0xec, 0x0c  ; 1622
    db 0xa1, 0x78, 0x06, 0xa3, 0xaa, 0x06, 0xc7, 0x06, 0xac, 0x06, 0x00, 0x00, 0xc4, 0x7e, 0x0a, 0x89  ; 1632
    db 0x3e, 0xae, 0x06, 0x8c, 0x06, 0xb0, 0x06, 0xc4, 0x56, 0x06, 0x89, 0x56, 0xf4, 0x8c, 0x46, 0xf6  ; 1642
    db 0x2b, 0xdb, 0x53, 0x9a, 0x0b, 0x00, 0x13, 0xea, 0x01, 0x06, 0xaa, 0x06, 0xe9, 0x0f, 0x00, 0x8a  ; 1652
    db 0x56, 0xf9, 0x2a, 0xf6, 0x52, 0x9a, 0x90, 0x00, 0x13, 0xea, 0x01, 0x06, 0xaa, 0x06, 0xc4, 0x7e  ; 1662
    db 0xf4, 0xff, 0x46, 0xf4, 0x26, 0x8a, 0x15, 0x88, 0x56, 0xf9, 0x80, 0xfa, 0x00, 0x75, 0xe0, 0xc4  ; 1672
    db 0x5e, 0x0e, 0xa1, 0xaa, 0x06, 0x26, 0x89, 0x07, 0x8b, 0xe5, 0x5d, 0xca, 0x04, 0x00, 0x55, 0x8b  ; 1682
    db 0xec, 0x83, 0xec, 0x0c, 0xa1, 0x78, 0x06, 0xa3, 0xaa, 0x06, 0xc7, 0x06, 0xac, 0x06, 0x00, 0x00  ; 1692
    db 0xc4, 0x7e, 0x0a, 0x89, 0x3e, 0xae, 0x06, 0x8c, 0x06, 0xb0, 0x06, 0xc4, 0x56, 0x06, 0x89, 0x56  ; 16A2
    db 0xf4, 0x8c, 0x46, 0xf6, 0x2b, 0xdb, 0x53, 0x9a, 0x0b, 0x00, 0x13, 0xea, 0x01, 0x06, 0xaa, 0x06  ; 16B2
    db 0xe9, 0x0f, 0x00, 0x8a, 0x56, 0xf9, 0x2a, 0xf6, 0x52, 0x9a, 0x90, 0x00, 0x13, 0xea, 0x01, 0x06  ; 16C2
    db 0xaa, 0x06, 0xc4, 0x7e, 0xf4, 0xff, 0x46, 0xf4, 0x26, 0x8a, 0x15, 0x88, 0x56, 0xf9, 0x80, 0xfa  ; 16D2
    db 0x00, 0x75, 0xe0, 0xff, 0x36, 0xaa, 0x06, 0xff, 0x36, 0x78, 0x06, 0x9a, 0xa6, 0x01, 0x13, 0xea  ; 16E2
    db 0x83, 0xc4, 0x02, 0xc4, 0x7e, 0x0e, 0xa1, 0xaa, 0x06, 0x26, 0x89, 0x05, 0x8b, 0xe5, 0x5d, 0xca  ; 16F2
    db 0x04, 0x00, 0x55, 0x8b, 0xec, 0x83, 0xec, 0x0c, 0xa1, 0x78, 0x06, 0xa3, 0xaa, 0x06, 0xc7, 0x06  ; 1702
    db 0xac, 0x06, 0x00, 0x00, 0xc4, 0x7e, 0x0a, 0x89, 0x3e, 0xae, 0x06, 0x8c, 0x06, 0xb0, 0x06, 0xc4  ; 1712
    db 0x56, 0x06, 0x89, 0x56, 0xf4, 0x8c, 0x46, 0xf6, 0x2b, 0xdb, 0x53, 0x9a, 0x0b, 0x00, 0x13, 0xea  ; 1722
    db 0x01, 0x06, 0xaa, 0x06, 0xe9, 0x0f, 0x00, 0x8a, 0x56, 0xf9, 0x2a, 0xf6, 0x52, 0x9a, 0x0b, 0x00  ; 1732
    db 0x13, 0xea, 0x01, 0x06, 0xaa, 0x06, 0xc4, 0x7e, 0xf4, 0xff, 0x46, 0xf4, 0x26, 0x8a, 0x15, 0x88  ; 1742
    db 0x56, 0xf9, 0x80, 0xfa, 0x00, 0x75, 0xe0, 0xff, 0x36, 0xaa, 0x06, 0xff, 0x36, 0x78, 0x06, 0x9a  ; 1752
    db 0xa6, 0x01, 0x13, 0xea, 0x83, 0xc4, 0x02, 0xc4, 0x7e, 0x0e, 0xa1, 0xaa, 0x06, 0x26, 0x89, 0x05  ; 1762
    db 0x8b, 0xe5, 0x5d, 0xca, 0x04, 0x00, 0x55, 0x8b, 0xec, 0x83, 0xec, 0x0c, 0xa1, 0x78, 0x06, 0xa3  ; 1772
    db 0xaa, 0x06, 0xc7, 0x06, 0xac, 0x06, 0x00, 0x00, 0xc4, 0x7e, 0x0a, 0x89, 0x3e, 0xae, 0x06, 0x8c  ; 1782
    db 0x06, 0xb0, 0x06, 0xc4, 0x56, 0x06, 0x89, 0x56, 0xf4, 0x8c, 0x46, 0xf6, 0x2b, 0xdb, 0x53, 0x9a  ; 1792
    db 0x0b, 0x00, 0x13, 0xea, 0x01, 0x06, 0xaa, 0x06, 0xe9, 0x0f, 0x00, 0x8a, 0x56, 0xf9, 0x2a, 0xf6  ; 17A2
    db 0x52, 0x9a, 0x21, 0x01, 0x13, 0xea, 0x01, 0x06, 0xaa, 0x06, 0xc4, 0x7e, 0xf4, 0xff, 0x46, 0xf4  ; 17B2
    db 0x26, 0x8a, 0x15, 0x88, 0x56, 0xf9, 0x80, 0xfa, 0x00, 0x75, 0xe0, 0xc4, 0x5e, 0x0e, 0xa1, 0xaa  ; 17C2
    db 0x06, 0x26, 0x89, 0x07, 0x8b, 0xe5, 0x5d, 0xca, 0x04, 0x00, 0x55, 0x8b, 0xec, 0x83, 0xec, 0x06  ; 17D2
    db 0x80, 0x3e, 0x78, 0x1b, 0x00, 0x75, 0x17, 0x80, 0x3e, 0x7a, 0x1b, 0x00, 0x75, 0x10, 0x80, 0x3e  ; 17E2
    db 0x86, 0x06, 0x00, 0x75, 0x09, 0x8a, 0x56, 0x06, 0x80, 0xca, 0x82, 0x88, 0x56, 0x06, 0x80, 0x3e  ; 17F2
    db 0xf6, 0x1b, 0x00, 0x75, 0x15, 0x8a, 0x56, 0x06, 0x80, 0xca, 0x80, 0x80, 0xe2, 0xfe, 0xc4, 0x3e  ; 1802
    db 0xdc, 0x1d, 0x26, 0x88, 0x95, 0x44, 0x01, 0xe9, 0x18, 0x00, 0x8a, 0x56, 0x06, 0x8b, 0x46, 0x08  ; 1812
    db 0x8a, 0xda, 0xba, 0x09, 0x00, 0xf7, 0xea, 0xc4, 0x3e, 0xdc, 0x1d, 0x8a, 0xd3, 0x8b, 0xd8, 0x26  ; 1822
    db 0x88, 0x11, 0x83, 0x7e, 0x08, 0x38, 0x75, 0x18, 0x8a, 0x56, 0x06, 0x8b, 0x46, 0x08, 0x8a, 0xda  ; 1832
    db 0xba, 0x09, 0x00, 0xf7, 0xea, 0xc4, 0x3e, 0xdc, 0x1d, 0x8a, 0xd3, 0x8b, 0xd8, 0x26, 0x88, 0x11  ; 1842
    db 0x8b, 0xe5, 0x5d, 0xca, 0x02, 0x00, 0x55, 0x8b, 0xec, 0x83, 0xec, 0x10, 0xc4, 0x7e, 0x06, 0x89  ; 1852
    db 0x7e, 0xf0, 0x8c, 0x46, 0xf2, 0x8b, 0x56, 0xf0, 0x8b, 0x5e, 0xf2, 0xd1, 0xe3, 0xd1, 0xe3, 0xd1  ; 1862
    db 0xe3, 0xd1, 0xe3, 0x03, 0xd3, 0x89, 0x56, 0xf8, 0x8b, 0x46, 0x12, 0xba, 0x09, 0x00, 0xf7, 0xea  ; 1872
    db 0xc4, 0x16, 0xdc, 0x1d, 0x8b, 0xfa, 0x03, 0xf8, 0x89, 0x7e, 0xf4, 0x8c, 0x46, 0xf6, 0x8b, 0x5e  ; 1882
    db 0xf8, 0x81, 0xe3, 0xff, 0x00, 0xc4, 0x7e, 0xf4, 0x26, 0x88, 0x5d, 0x05, 0x8b, 0x7e, 0xf8, 0xd1  ; 1892
    db 0xff, 0xd1, 0xff, 0xd1, 0xff, 0xd1, 0xff, 0xd1, 0xff, 0xd1, 0xff, 0xd1, 0xff, 0xd1, 0xff, 0x8b  ; 18A2
    db 0xdf, 0xc4, 0x7e, 0xf4, 0x26, 0x88, 0x5d, 0x06, 0x8b, 0x7e, 0xf8, 0x81, 0xe7, 0xff, 0x00, 0x8b  ; 18B2
    db 0xd7, 0xc4, 0x7e, 0xf4, 0x26, 0x88, 0x55, 0x07, 0x8b, 0x7e, 0xf8, 0xd1, 0xff, 0xd1, 0xff, 0xd1  ; 18C2
    db 0xff, 0xd1, 0xff, 0xd1, 0xff, 0xd1, 0xff, 0xd1, 0xff, 0xd1, 0xff, 0x8b, 0xd7, 0xc4, 0x7e, 0xf4  ; 18D2
    db 0x26, 0x88, 0x55, 0x08, 0x8b, 0x7e, 0x0c, 0xd1, 0xe7, 0xd1, 0xe7, 0xd1, 0xe7, 0xd1, 0xe7, 0xd1  ; 18E2
    db 0xe7, 0x8a, 0x5e, 0x10, 0x8b, 0xd7, 0x0a, 0xda, 0xc4, 0x7e, 0xf4, 0x26, 0x88, 0x5d, 0x01, 0x8b  ; 18F2
    db 0x56, 0x0c, 0xd1, 0xfa, 0xd1, 0xfa, 0xd1, 0xfa, 0x26, 0x88, 0x55, 0x02, 0x8b, 0x46, 0x0a, 0xd1  ; 1902
    db 0xe0, 0xd1, 0xe0, 0xd1, 0xe0, 0xd1, 0xe0, 0xd1, 0xe0, 0x8a, 0x56, 0x0e, 0x0a, 0xd0, 0xc4, 0x5e  ; 1912
    db 0xf4, 0x26, 0x88, 0x57, 0x03, 0x8b, 0x46, 0x0a, 0xd1, 0xf8, 0xd1, 0xf8, 0xd1, 0xf8, 0x26, 0x88  ; 1922
    db 0x47, 0x04, 0xff, 0x76, 0x12, 0xff, 0x76, 0x0c, 0xff, 0x76, 0x0a, 0x9a, 0x3b, 0x04, 0x51, 0xe9  ; 1932
    db 0x83, 0xc4, 0x04, 0x8b, 0xe5, 0x5d, 0xca, 0x04, 0x00, 0x55, 0x8b, 0xec, 0x83, 0xec, 0x0a, 0x8b  ; 1942
    db 0x46, 0x0a, 0xba, 0x09, 0x00, 0xf7, 0xea, 0xc4, 0x3e, 0xdc, 0x1d, 0x8b, 0xd7, 0x03, 0xd0, 0x89  ; 1952
    db 0x56, 0xf6, 0x8c, 0x46, 0xf8, 0x8b, 0x5e, 0x08, 0xd1, 0xe3, 0xd1, 0xe3, 0xd1, 0xe3, 0xd1, 0xe3  ; 1962
    db 0xd1, 0xe3, 0x8b, 0x46, 0x0a, 0xba, 0x09, 0x00, 0xf7, 0xea, 0xc4, 0x3e, 0xdc, 0x1d, 0x8a, 0xd3  ; 1972
    db 0x8b, 0xd8, 0x26, 0x8a, 0x41, 0x01, 0x0a, 0xc2, 0xc4, 0x7e, 0xf6, 0x26, 0x88, 0x45, 0x01, 0x8b  ; 1982
    db 0x56, 0x08, 0xd1, 0xfa, 0xd1, 0xfa, 0xd1, 0xfa, 0x26, 0x88, 0x55, 0x02, 0x8b, 0x7e, 0x06, 0xd1  ; 1992
    db 0xe7, 0xd1, 0xe7, 0xd1, 0xe7, 0xd1, 0xe7, 0xd1, 0xe7, 0x8b, 0xd7, 0x8b, 0x46, 0x0a, 0x8a, 0xda  ; 19A2
    db 0xba, 0x09, 0x00, 0xf7, 0xea, 0xc4, 0x3e, 0xdc, 0x1d, 0x8a, 0xd3, 0x8b, 0xd8, 0x26, 0x8a, 0x41  ; 19B2
    db 0x03, 0x0a, 0xc2, 0xc4, 0x7e, 0xf6, 0x26, 0x88, 0x45, 0x03, 0x8b, 0x56, 0x06, 0xd1, 0xfa, 0xd1  ; 19C2
    db 0xfa, 0xd1, 0xfa, 0x26, 0x88, 0x55, 0x04, 0x8b, 0xe5, 0x5d, 0xca, 0x02, 0x00, 0x55, 0x8b, 0xec  ; 19D2
    db 0x83, 0xec, 0x06, 0xff, 0x76, 0x0a, 0x1e, 0xbf, 0x74, 0x06, 0x57, 0xc4, 0x56, 0x06, 0x06, 0x52  ; 19E2
    db 0x1e, 0xbb, 0x5e, 0x06, 0x53, 0x9a, 0x0a, 0x00, 0x51, 0xe9, 0x83, 0xc4, 0x0a, 0x8b, 0xe5, 0x5d  ; 19F2
    db 0xca, 0x04, 0x00, 0x55, 0x8b, 0xec, 0x83, 0xec, 0x06, 0xff, 0x76, 0x0a, 0x1e, 0xbf, 0x74, 0x06  ; 1A02
    db 0x57, 0xc4, 0x16, 0xae, 0x06, 0x06, 0x52, 0xc4, 0x5e, 0x06, 0x06, 0x53, 0x9a, 0x0a, 0x00, 0x51  ; 1A12
    db 0xe9, 0x83, 0xc4, 0x0a, 0x8b, 0xe5, 0x5d, 0xca, 0x04, 0x00, 0xff, 0xff, 0xff, 0xff, 0x00, 0x00  ; 1A22
    db 0xc3, 0xe9, 0x02, 0x00, 0xc3, 0xe9, 0x04, 0x00, 0xc3, 0xe9, 0x1c, 0x00, 0xc3, 0xe9, 0x2b, 0x00  ; 1A32
    db 0xc3, 0xe9, 0x36, 0x00, 0xc3, 0xe9, 0x3a, 0x00, 0xc3, 0xe9, 0x40, 0x00, 0xc3, 0xe9, 0x4a, 0x00  ; 1A42
    db 0xc3, 0xe9, 0x4c, 0x00, 0xc3, 0xe9, 0x4e, 0x00, 0xc3, 0xe9, 0x50, 0x00, 0xc3, 0xe9, 0x52, 0x00  ; 1A52
    db 0xc3, 0xe9, 0x54, 0x00, 0xc3, 0xe9, 0x56, 0x00, 0xc3, 0xe9, 0x64, 0x00, 0xc3, 0xe9, 0x75, 0x00  ; 1A62
    db 0xc3, 0xe9, 0x7d, 0x00, 0xc3, 0xe9, 0x7f, 0x00, 0xc3, 0xe9, 0x81, 0x00, 0xc3, 0xe9, 0x83, 0x00  ; 1A72
    db 0xc3, 0xe9, 0x85, 0x00, 0xc3, 0xe9, 0x91, 0x00, 0xc3, 0xe9, 0x9f, 0x00, 0xc3, 0xe9, 0xaa, 0x00  ; 1A82
    db 0xc3, 0xe9, 0xac, 0x00, 0xc3, 0xe9, 0xae, 0x00, 0xc3, 0xe9, 0xb0, 0x00, 0xc3, 0xe9, 0xb2, 0x00  ; 1A92
    db 0xc3, 0xe9, 0xb4, 0x00, 0xc3, 0xe9, 0xb6, 0x00, 0xc3, 0xe9, 0xb8, 0x00, 0xc3, 0xe9, 0xba, 0x00  ; 1AA2
    db 0xc3, 0xe9, 0xbd, 0x00, 0xc3, 0xe9, 0xc5, 0x00, 0xc3, 0xe9, 0xcd, 0x00, 0xc3, 0xe9, 0xdf, 0x00  ; 1AB2
    db 0xc3, 0xe9, 0xf2, 0x00, 0xc3, 0xe9, 0x03, 0x01, 0xc3, 0xe9, 0x16, 0x01, 0xc3, 0xe9, 0x1b, 0x01  ; 1AC2
    db 0xc3, 0xe9, 0x22, 0x01, 0xc3, 0xe9, 0x29, 0x01, 0xc3, 0xe9, 0x35, 0x01, 0xc3, 0xe9, 0x3d, 0x01  ; 1AD2
    db 0xc3, 0xe9, 0x42, 0x01, 0xc3, 0xe9, 0x47, 0x01, 0xc3, 0xe9, 0x4d, 0x01, 0xc3, 0xe9, 0x54, 0x01  ; 1AE2
    db 0xc3, 0xe9, 0x66, 0x01, 0xc3, 0xe9, 0x6e, 0x01, 0xc3, 0xe9, 0x7c, 0x01, 0xc3, 0xe9, 0x8b, 0x01  ; 1AF2
    db 0xc3, 0xe9, 0x97, 0x01, 0xc3, 0xe9, 0xa5, 0x01, 0xc3, 0xe9, 0xb5, 0x01, 0xc3, 0xe9, 0xbf, 0x01  ; 1B02
    db 0xc3, 0xe9, 0xd0, 0x01, 0xc3, 0xe9, 0xe0, 0x01, 0xc3, 0xe9, 0xea, 0x01, 0xc3, 0xe9, 0xf3, 0x01  ; 1B12
    db 0xc3, 0xe9, 0xfa, 0x01, 0xc3, 0xe9, 0x02, 0x02, 0xc3, 0xe9, 0x08, 0x02, 0xc3, 0xe9, 0x13, 0x02  ; 1B22
    db 0xc3, 0xe9, 0x25, 0x02, 0xc3, 0xe9, 0x32, 0x02, 0xc3, 0xe9, 0x40, 0x02, 0xc3, 0xe9, 0x4b, 0x02  ; 1B32
    db 0xc3, 0xe9, 0x57, 0x02, 0xc3, 0xe9, 0x64, 0x02, 0xc3, 0xe9, 0x6e, 0x02, 0xc3, 0xe9, 0x7c, 0x02  ; 1B42
    db 0xc3, 0xe9, 0x8a, 0x02, 0xc3, 0xe9, 0x94, 0x02, 0xc3, 0xe9, 0x9e, 0x02, 0xc3, 0xe9, 0xa9, 0x02  ; 1B52
    db 0xc3, 0xe9, 0xb2, 0x02, 0xc3, 0xe9, 0xc0, 0x02, 0xc3, 0xe9, 0xce, 0x02, 0xc3, 0xe9, 0xdd, 0x02  ; 1B62
    db 0xc3, 0xe9, 0xea, 0x02, 0xc3, 0xe9, 0xfc, 0x02, 0xc3, 0xe9, 0x0d, 0x03, 0xc3, 0xe9, 0x1b, 0x03  ; 1B72
    db 0xc3, 0xe9, 0x25, 0x03, 0xc3, 0xe9, 0x33, 0x03, 0xc3, 0xe9, 0x40, 0x03, 0xc3, 0xe9, 0x51, 0x03  ; 1B82
    db 0xc3, 0xe9, 0x5e, 0x03, 0xc3, 0xe9, 0x68, 0x03, 0xc3, 0xe9, 0x74, 0x03, 0xc3, 0xe9, 0x7f, 0x03  ; 1B92
    db 0xc3, 0xe9, 0x86, 0x03, 0xc3, 0xe9, 0x90, 0x03, 0xc3, 0xe9, 0x95, 0x03, 0xc3, 0xe9, 0x9a, 0x03  ; 1BA2
    db 0xc3, 0xe9, 0x9f, 0x03, 0xc3, 0xe9, 0xae, 0x03, 0xc3, 0xe9, 0xbd, 0x03, 0xc3, 0xe9, 0xc7, 0x03  ; 1BB2
    db 0xc3, 0xe9, 0xd7, 0x03, 0xc3, 0xe9, 0xe5, 0x03, 0xc3, 0xe9, 0xf1, 0x03, 0xc3, 0xe9, 0x04, 0x04  ; 1BC2
    db 0xc3, 0xe9, 0x10, 0x04, 0xc3, 0xe9, 0x1a, 0x04, 0xc3, 0xe9, 0x27, 0x04, 0xc3, 0xe9, 0x32, 0x04  ; 1BD2
    db 0xc3, 0xe9, 0x3b, 0x04, 0xc3, 0xe9, 0x4a, 0x04, 0xc3, 0xe9, 0x55, 0x04, 0xc3, 0xe9, 0x62, 0x04  ; 1BE2
    db 0xc3, 0xe9, 0x72, 0x04, 0xc3, 0xe9, 0x82, 0x04, 0xc3, 0xe9, 0x8b, 0x04, 0xc3, 0xe9, 0x97, 0x04  ; 1BF2
    db 0xc3, 0xe9, 0xa4, 0x04, 0xc3, 0xe9, 0xb0, 0x04, 0xc3, 0xe9, 0xb9, 0x04, 0xc3, 0xe9, 0xc6, 0x04  ; 1C02
    db 0xc3, 0xe9, 0xcd, 0x04, 0xc3, 0xe9, 0xdd, 0x04, 0xc3, 0xe9, 0xe7, 0x04, 0xc3, 0xe9, 0xf2, 0x04  ; 1C12
    db 0xc3, 0xe9, 0xf8, 0x04, 0xc3, 0xe9, 0x02, 0x05, 0xc3, 0xe9, 0x09, 0x05, 0xc3, 0xe9, 0x07, 0x00  ; 1C22
    db 0x27, 0x00, 0x0b, 0x8d, 0x8f, 0x9f, 0xae, 0x9d, 0x8d, 0x1d, 0xac, 0x9b, 0x8b, 0x19, 0x97, 0xa6  ; 1C32
    db 0xb7, 0xc6, 0xd7, 0xd9, 0x34, 0xb2, 0xb1, 0xd1, 0x77, 0x00, 0xa7, 0xc7, 0xc9, 0xcb, 0xab, 0x8b  ; 1C42
    db 0x89, 0x87, 0xa9, 0xcb, 0x0b, 0xa9, 0xc7, 0x77, 0x00, 0x99, 0xab, 0xbd, 0xcb, 0xd9, 0xe7, 0xc7  ; 1C52
    db 0xa7, 0x87, 0x77, 0x00, 0x0d, 0xfd, 0x77, 0x00, 0x0c, 0xfc, 0x0e, 0xfe, 0x77, 0x00, 0x99, 0xb9  ; 1C62
    db 0xd9, 0xc7, 0x27, 0xb9, 0xbb, 0xbc, 0x77, 0x00, 0x27, 0x00, 0x27, 0x00, 0x27, 0x00, 0x27, 0x00  ; 1C72
    db 0x27, 0x00, 0x27, 0x00, 0x89, 0x8c, 0x8f, 0x0b, 0xbb, 0x3f, 0xbc, 0xb9, 0xb7, 0x5a, 0xfa, 0xd7  ; 1C82
    db 0xf7, 0x00, 0x99, 0xab, 0xbd, 0xcf, 0x0e, 0x9f, 0x9d, 0x9c, 0x27, 0xb9, 0xcb, 0xd9, 0xe7, 0xc7  ; 1C92
    db 0xa7, 0x77, 0x00, 0x27, 0xa9, 0xab, 0x0b, 0xab, 0xcb, 0x57, 0x00, 0x27, 0x00, 0x27, 0x00, 0x27  ; 1CA2
    db 0x00, 0x27, 0x00, 0x99, 0x1b, 0x99, 0x98, 0xa7, 0xb8, 0x3b, 0xb9, 0xb8, 0xc7, 0x77, 0x00, 0x0c  ; 1CB2
    db 0x8a, 0x89, 0xa7, 0xc9, 0xcb, 0xcc, 0x0e, 0x9f, 0xae, 0xbe, 0xcf, 0x77, 0x00, 0x07, 0x27, 0x89  ; 1CC2
    db 0x2f, 0xad, 0xab, 0xa9, 0xa7, 0xc9, 0x77, 0x00, 0x27, 0x00, 0x27, 0x00, 0x27, 0x00, 0x27, 0x00  ; 1CD2
    db 0x27, 0x00, 0x27, 0x00, 0x27, 0x00, 0x27, 0x00, 0x07, 0x47, 0x00, 0x17, 0x98, 0x1a, 0x9c, 0x9e  ; 1CE2
    db 0x9f, 0x47, 0x00, 0x1f, 0x9d, 0x9c, 0x3c, 0xbe, 0xbf, 0x67, 0x00, 0x17, 0x99, 0x9b, 0x9d, 0x9f  ; 1CF2
    db 0x3f, 0xbd, 0xbb, 0xb9, 0xb7, 0x49, 0xa9, 0x89, 0x0d, 0xad, 0xcd, 0x77, 0x00, 0x27, 0xa9, 0xab  ; 1D02
    db 0xad, 0xaf, 0x4e, 0xae, 0x9e, 0x8d, 0x8c, 0x9b, 0xbb, 0xca, 0xc9, 0xb8, 0x98, 0x88, 0x77, 0x00  ; 1D12
    db 0x08, 0x89, 0xab, 0xcd, 0xce, 0x0e, 0x9f, 0xae, 0x9d, 0x8e, 0x38, 0xc9, 0xba, 0xa9, 0xb8, 0x77  ; 1D22
    db 0x00, 0x4a, 0xb9, 0xb8, 0xa7, 0x97, 0x88, 0x8a, 0x9b, 0xac, 0xae, 0x9f, 0x8e, 0x8c, 0x9b, 0xb9  ; 1D32
    db 0x38, 0xc7, 0x77, 0x00, 0x1c, 0xbe, 0xbf, 0x57, 0x00, 0x3f, 0x9d, 0x9b, 0x99, 0xb7, 0x67, 0x00  ; 1D42
    db 0x17, 0xb9, 0xbb, 0xbd, 0x9f, 0x67, 0x00, 0x28, 0xaa, 0xac, 0xae, 0x4d, 0xab, 0x89, 0x0d, 0xab  ; 1D52
    db 0xc9, 0x67, 0x00, 0x29, 0xab, 0xad, 0x0b, 0xab, 0xcb, 0x77, 0x00, 0x28, 0xa7, 0x85, 0x57, 0x00  ; 1D62
    db 0x0b, 0xab, 0xcb, 0x77, 0x00, 0x17, 0xa8, 0x18, 0xa7, 0x57, 0x00, 0x08, 0x89, 0xab, 0xcd, 0xce  ; 1D72
    db 0x77, 0x00, 0x09, 0xab, 0xcd, 0xce, 0xbf, 0x9f, 0x8e, 0x8c, 0x8a, 0x88, 0x97, 0xb7, 0xc8, 0xca  ; 1D82
    db 0xcc, 0xcd, 0x77, 0x00, 0x27, 0xa9, 0xab, 0xad, 0xaf, 0x8d, 0x57, 0x00, 0x0e, 0x9f, 0xbf, 0xce  ; 1D92
    db 0xcc, 0xbb, 0x9b, 0x8a, 0x88, 0x87, 0xa7, 0xc7, 0x77, 0x00, 0x08, 0x97, 0xb7, 0xc8, 0xca, 0xbb  ; 1DA2
    db 0xab, 0x3b, 0xcc, 0xce, 0xbf, 0x9f, 0x8e, 0x77, 0x00, 0x37, 0xb9, 0xbb, 0xbd, 0xbf, 0x0e, 0x8c  ; 1DB2
    db 0x8b, 0xab, 0xcb, 0x77, 0x00, 0x08, 0x97, 0xb7, 0xc8, 0xca, 0xbb, 0x9b, 0x8b, 0x8d, 0x8f, 0xaf  ; 1DC2
    db 0xcf, 0x77, 0x00, 0x09, 0x9b, 0xbb, 0xca, 0xc8, 0xb7, 0x97, 0x88, 0x8a, 0x8c, 0x8d, 0xaf, 0xbf  ; 1DD2
    db 0xce, 0x77, 0x00, 0x0e, 0x8f, 0xaf, 0xcf, 0xcd, 0xab, 0xa9, 0xa7, 0x77, 0x00, 0x2b, 0xcd, 0xce  ; 1DE2
    db 0xbf, 0x9f, 0x8e, 0x8d, 0xab, 0xc9, 0xc8, 0xb7, 0x97, 0x88, 0x89, 0xab, 0x77, 0x00, 0x08, 0x97  ; 1DF2
    db 0xb7, 0xc9, 0xcb, 0xcd, 0xce, 0xbf, 0x9f, 0x8e, 0x8c, 0x9a, 0xba, 0xca, 0x77, 0x00, 0x17, 0xa8  ; 1E02
    db 0x27, 0x98, 0x1b, 0xac, 0x1c, 0xab, 0x57, 0x00, 0x05, 0xa7, 0xa8, 0x1b, 0xac, 0x1c, 0xab, 0x57  ; 1E12
    db 0x00, 0x4f, 0xad, 0x8b, 0xa9, 0xc7, 0x77, 0x00, 0x0a, 0xaa, 0xca, 0x4c, 0xac, 0x8c, 0x77, 0x00  ; 1E22
    db 0xa9, 0xcb, 0xad, 0x8f, 0x77, 0x00, 0x0d, 0x8e, 0x9f, 0xbf, 0xce, 0xcc, 0xaa, 0x28, 0xa7, 0x77  ; 1E32
    db 0x00, 0x48, 0xb7, 0xa7, 0x89, 0x8b, 0x8d, 0xaf, 0xbf, 0xce, 0xcc, 0xca, 0xaa, 0xac, 0xbd, 0xbb  ; 1E42
    db 0xba, 0x77, 0x00, 0x89, 0x8b, 0x8d, 0xaf, 0xcd, 0xcb, 0xc9, 0xc7, 0x0a, 0xaa, 0xca, 0x77, 0x00  ; 1E52
    db 0x89, 0x8b, 0x8d, 0x8f, 0xaf, 0xcd, 0xab, 0x8b, 0x2b, 0xc9, 0xa7, 0x87, 0x77, 0x00, 0x4e, 0xbf  ; 1E62
    db 0xaf, 0x8d, 0x8b, 0x89, 0xa7, 0xb7, 0xc8, 0x77, 0x00, 0x89, 0x8b, 0x8d, 0x8f, 0xaf, 0xcd, 0xcb  ; 1E72
    db 0xc9, 0xa7, 0x87, 0x77, 0x00, 0x0b, 0xab, 0x4f, 0xaf, 0x8f, 0x8d, 0x8b, 0x89, 0x87, 0xa7, 0xc7  ; 1E82
    db 0x77, 0x00, 0x89, 0x8b, 0x8d, 0x8f, 0xaf, 0xcf, 0x2b, 0x8b, 0x77, 0x00, 0x2b, 0xcb, 0xc9, 0xc7  ; 1E92
    db 0x49, 0xa7, 0x89, 0x8b, 0x8d, 0xaf, 0xbf, 0xce, 0x77, 0x00, 0x89, 0x8b, 0x8d, 0x8f, 0x0b, 0xab  ; 1EA2
    db 0xcb, 0x4f, 0xcd, 0xcb, 0xc9, 0xc7, 0x77, 0x00, 0xa7, 0x17, 0x99, 0x9b, 0x9d, 0x9f, 0x0f, 0xaf  ; 1EB2
    db 0x57, 0x00, 0x08, 0x97, 0xb7, 0xc8, 0xca, 0xcc, 0xce, 0xcf, 0x77, 0x00, 0x89, 0x8b, 0x8d, 0x8f  ; 1EC2
    db 0x4f, 0xad, 0x8b, 0xa9, 0xc7, 0x77, 0x00, 0x0f, 0x8d, 0x8b, 0x89, 0x87, 0xa7, 0xc7, 0x77, 0x00  ; 1ED2
    db 0x89, 0x8b, 0x8d, 0x8f, 0x0e, 0xac, 0xce, 0x4f, 0xcd, 0xcb, 0xc9, 0xc7, 0x77, 0x00, 0x89, 0x8b  ; 1EE2
    db 0x8d, 0x8f, 0x0e, 0xac, 0xca, 0x4f, 0xcd, 0xcb, 0xc9, 0xc7, 0x77, 0x00, 0x17, 0xb7, 0xc8, 0xca  ; 1EF2
    db 0xcc, 0xce, 0xbf, 0x9f, 0x8e, 0x8c, 0x8a, 0x88, 0x97, 0x77, 0x00, 0x89, 0x8b, 0x8d, 0x8f, 0xaf  ; 1F02
    db 0xbf, 0xce, 0xcc, 0xbb, 0x9b, 0x8b, 0x77, 0x00, 0x17, 0xa7, 0xc9, 0xcb, 0xcd, 0xce, 0xbf, 0x9f  ; 1F12
    db 0x8e, 0x8c, 0x8a, 0x88, 0x97, 0x2a, 0xa9, 0xc7, 0x77, 0x00, 0x89, 0x8b, 0x8d, 0x8f, 0xaf, 0xbf  ; 1F22
    db 0xce, 0xcc, 0xbb, 0x9b, 0x8b, 0x1b, 0xb9, 0xc8, 0xc7, 0x77, 0x00, 0x08, 0x97, 0xb7, 0xc8, 0xca  ; 1F32
    db 0xbb, 0x9b, 0x8c, 0x8e, 0x9f, 0xbf, 0xce, 0x77, 0x00, 0x27, 0xa9, 0xab, 0xad, 0xaf, 0x0f, 0xaf  ; 1F42
    db 0xcf, 0x77, 0x00, 0x0f, 0x8d, 0x8b, 0x89, 0x88, 0x97, 0xb7, 0xc8, 0xca, 0xcc, 0xce, 0xcf, 0x77  ; 1F52
    db 0x00, 0x0f, 0x8d, 0x8b, 0x8a, 0x98, 0xa7, 0xb8, 0xca, 0xcc, 0xce, 0xcf, 0x77, 0x00, 0x0f, 0x8d  ; 1F62
    db 0x8b, 0x89, 0x88, 0x97, 0xa8, 0xaa, 0x28, 0xb7, 0xc8, 0xca, 0xcc, 0xce, 0xcf, 0x77, 0x00, 0x88  ; 1F72
    db 0x9a, 0xbc, 0xce, 0xcf, 0x0f, 0x8e, 0x9c, 0xba, 0xc8, 0xc7, 0x77, 0x00, 0x0f, 0x8d, 0xab, 0xcd  ; 1F82
    db 0xcf, 0x2b, 0xa9, 0xa7, 0x77, 0x00, 0x0f, 0xaf, 0xcf, 0xce, 0xbc, 0x9a, 0x88, 0x87, 0xa7, 0xc7  ; 1F92
    db 0x77, 0x00, 0x3f, 0x9f, 0x8f, 0x8d, 0x8b, 0x89, 0x87, 0xa7, 0xb7, 0x77, 0x00, 0x0e, 0x8d, 0xab  ; 1FA2
    db 0xc9, 0xc8, 0x77, 0x00, 0xa7, 0xb7, 0xb9, 0xbb, 0xbd, 0xbf, 0x9f, 0x8f, 0x77, 0x00, 0x0d, 0xaf  ; 1FB2
    db 0xcd, 0x77, 0x00, 0x05, 0xa5, 0xc5, 0x77, 0x00, 0x1f, 0x9e, 0xbc, 0x57, 0x00, 0x49, 0xb7, 0x97  ; 1FC2
    db 0x88, 0x8a, 0x8b, 0x9c, 0xbc, 0xca, 0x4c, 0xca, 0xc8, 0xc7, 0x77, 0x00, 0x89, 0x8b, 0x8d, 0x8f  ; 1FD2
    db 0x0a, 0x9c, 0xbc, 0xcb, 0xc9, 0xc8, 0xb7, 0x97, 0x89, 0x77, 0x00, 0x3c, 0x9c, 0x8b, 0x89, 0x88  ; 1FE2
    db 0x97, 0xb7, 0xc8, 0x77, 0x00, 0x49, 0xb7, 0x97, 0x88, 0x8a, 0x8b, 0x9c, 0xbc, 0xca, 0x4f, 0xcd  ; 1FF2
    db 0xcb, 0xc9, 0xc7, 0x77, 0x00, 0x0a, 0xaa, 0xca, 0xcb, 0xbc, 0x9c, 0x8b, 0x89, 0x88, 0x97, 0xb7  ; 2002
    db 0xc8, 0x77, 0x00, 0xa7, 0x17, 0x99, 0x9b, 0x9d, 0x9e, 0xaf, 0xbe, 0x0b, 0xab, 0x67, 0x00, 0x05  ; 2012
    db 0x94, 0xb4, 0xc5, 0xc7, 0xc9, 0xcb, 0xcc, 0x4a, 0xbc, 0x9c, 0x8b, 0x89, 0x88, 0x97, 0xb7, 0xc9  ; 2022
    db 0x77, 0x00, 0x89, 0x8b, 0x8d, 0x8f, 0x0a, 0x9c, 0xbc, 0xcb, 0xc9, 0xc7, 0x77, 0x00, 0xa7, 0x17  ; 2032
    db 0x99, 0x9b, 0x9c, 0x8c, 0x1e, 0x9f, 0x57, 0x00, 0x05, 0x94, 0xa4, 0xb5, 0xb7, 0xb9, 0xbb, 0xbc  ; 2042
    db 0xac, 0x3e, 0xbf, 0x67, 0x00, 0x89, 0x8b, 0x8d, 0x8f, 0x4c, 0xaa, 0x88, 0x2a, 0xc7, 0x77, 0x00  ; 2052
    db 0xa7, 0x17, 0x99, 0x9b, 0x9d, 0x9f, 0x8f, 0x57, 0x00, 0x89, 0x8b, 0x8c, 0x0b, 0x9c, 0xab, 0xa9  ; 2062
    db 0xa7, 0x2b, 0xbc, 0xcb, 0xc9, 0xc7, 0x77, 0x00, 0x89, 0x8b, 0x8c, 0x0a, 0x9c, 0xbc, 0xcb, 0xc9  ; 2072
    db 0xc7, 0x77, 0x00, 0x17, 0xb7, 0xc8, 0xca, 0xcb, 0xbc, 0x9c, 0x8b, 0x89, 0x88, 0x97, 0x77, 0x00  ; 2082
    db 0x04, 0x86, 0x88, 0x8a, 0x8c, 0x0a, 0x9c, 0xbc, 0xcb, 0xc9, 0xc8, 0xb7, 0x97, 0x89, 0x77, 0x00  ; 2092
    db 0x44, 0xc6, 0xc8, 0xca, 0xcc, 0x4a, 0xbc, 0x9c, 0x8b, 0x89, 0x88, 0x97, 0xb7, 0xc9, 0x77, 0x00  ; 20A2
    db 0x89, 0x8b, 0x8c, 0x0a, 0x9c, 0xbc, 0xcb, 0x77, 0x00, 0x08, 0x97, 0xb7, 0xc8, 0xc9, 0xba, 0x9a  ; 20B2
    db 0x8b, 0x9c, 0xbc, 0x77, 0x00, 0x0c, 0xac, 0xbc, 0x1f, 0x9d, 0x9b, 0x99, 0x98, 0xa7, 0xb7, 0xc8  ; 20C2
    db 0x77, 0x00, 0x0c, 0x8a, 0x88, 0x97, 0xb7, 0xc9, 0x4c, 0xca, 0xc8, 0xc7, 0x77, 0x00, 0x0c, 0x8a  ; 20D2
    db 0x89, 0xa7, 0xc9, 0xcb, 0xcc, 0x77, 0x00, 0x0c, 0x8a, 0x88, 0x97, 0xa8, 0xaa, 0x28, 0xb7, 0xc8  ; 20E2
    db 0xca, 0xcc, 0x77, 0x00, 0xaa, 0xcc, 0x0c, 0xaa, 0xc7, 0x77, 0x00, 0x05, 0x94, 0xb4, 0xc5, 0xc7  ; 20F2
    db 0xc9, 0xcb, 0xcc, 0x0c, 0x8a, 0x88, 0x97, 0xb7, 0xc9, 0x77, 0x00, 0x0c, 0xac, 0xcc, 0xcb, 0xa9  ; 2102
    db 0x87, 0xa7, 0xc7, 0x77, 0x00, 0x3f, 0xaf, 0x9e, 0x9c, 0x8b, 0x9a, 0x98, 0xa7, 0xb7, 0x67, 0x00  ; 2112
    db 0x89, 0x8b, 0x8d, 0x8f, 0x37, 0x00, 0x97, 0xa8, 0xaa, 0xbb, 0xac, 0xae, 0x9f, 0x8f, 0x67, 0x00  ; 2122
    db 0x0e, 0x9f, 0xaf, 0xbe, 0xcf, 0x77, 0x00, 0x07, 0x00, 0x55, 0x8b, 0xec, 0x56, 0x57, 0x1e, 0x51  ; 2132
    db 0xc4, 0x3e, 0xae, 0x06, 0x8c, 0xc0, 0x8c, 0xdb, 0x2b, 0xc3, 0xd1, 0xe0, 0xd1, 0xe0, 0xd1, 0xe0  ; 2142
    db 0xd1, 0xe0, 0x03, 0xf8, 0x8a, 0x5e, 0x06, 0x2a, 0xff, 0xd1, 0xe3, 0xd1, 0xe3, 0xc4, 0x36, 0xb0  ; 2152
    db 0x1d, 0x26, 0xc4, 0x30, 0x2a, 0xf6, 0x2a, 0xed, 0x2a, 0xe4, 0x26, 0x8a, 0x04, 0x46, 0x3c, 0x00  ; 2162
    db 0x74, 0x42, 0x8a, 0xd8, 0x8a, 0xc8, 0x24, 0x0f, 0x88, 0x05, 0x47, 0x81, 0xe3, 0x70, 0x00, 0xd0  ; 2172
    db 0xeb, 0xd0, 0xeb, 0xd0, 0xeb, 0xd0, 0xeb, 0x8b, 0xd3, 0x03, 0x1e, 0xaa, 0x06, 0x88, 0x1d, 0x8b  ; 2182
    db 0x1e, 0x02, 0x1c, 0xc6, 0x41, 0x01, 0x02, 0xc6, 0x41, 0x02, 0x02, 0x80, 0xe1, 0x80, 0xb0, 0x08  ; 2192
    db 0x80, 0xf9, 0x00, 0x74, 0x02, 0xb0, 0x09, 0x88, 0x01, 0x88, 0x41, 0xff, 0x83, 0x06, 0xae, 0x06  ; 21A2
    db 0x02, 0x47, 0xeb, 0xb6, 0x8b, 0xc2, 0x59, 0x1f, 0x5f, 0x5e, 0x5d, 0xca, 0x02, 0x00, 0x55, 0x8b  ; 21B2
    db 0xec, 0x56, 0x57, 0x1e, 0x51, 0xc4, 0x3e, 0xae, 0x06, 0x8c, 0xc0, 0x8c, 0xdb, 0x2b, 0xc3, 0xd1  ; 21C2
    db 0xe0, 0xd1, 0xe0, 0xd1, 0xe0, 0xd1, 0xe0, 0x03, 0xf8, 0x8a, 0x5e, 0x06, 0x2a, 0xff, 0xd1, 0xe3  ; 21D2
    db 0xd1, 0xe3, 0xc4, 0x36, 0xb0, 0x1d, 0x26, 0xc4, 0x30, 0x2a, 0xf6, 0x2a, 0xed, 0x2a, 0xe4, 0x26  ; 21E2
    db 0x8a, 0x04, 0x46, 0x3c, 0x00, 0x74, 0x4e, 0x8a, 0xd8, 0x8a, 0xc8, 0x24, 0x0f, 0x88, 0x05, 0x47  ; 21F2
    db 0x81, 0xe3, 0x70, 0x00, 0xd0, 0xeb, 0xd0, 0xeb, 0xd0, 0xeb, 0xd0, 0xeb, 0x8b, 0xd3, 0x2c, 0x07  ; 2202
    db 0xd0, 0xf8, 0xd0, 0xf8, 0x02, 0xc3, 0x7c, 0x02, 0x8a, 0xd8, 0x03, 0x1e, 0xaa, 0x06, 0x88, 0x1d  ; 2212
    db 0x8b, 0x1e, 0x02, 0x1c, 0xc6, 0x41, 0x01, 0x02, 0xc6, 0x41, 0x02, 0x02, 0x80, 0xe1, 0x80, 0xb0  ; 2222
    db 0x08, 0x80, 0xf9, 0x00, 0x74, 0x02, 0xb0, 0x09, 0x88, 0x01, 0x88, 0x41, 0xff, 0x83, 0x06, 0xae  ; 2232
    db 0x06, 0x02, 0x47, 0xeb, 0xaa, 0x8b, 0xc2, 0x59, 0x1f, 0x5f, 0x5e, 0x5d, 0xca, 0x02, 0x00, 0x55  ; 2242
    db 0x8b, 0xec, 0x56, 0x57, 0x1e, 0x51, 0xc4, 0x3e, 0xae, 0x06, 0x8c, 0xc0, 0x8c, 0xdb, 0x2b, 0xc3  ; 2252
    db 0xd1, 0xe0, 0xd1, 0xe0, 0xd1, 0xe0, 0xd1, 0xe0, 0x03, 0xf8, 0x8a, 0x5e, 0x06, 0x2a, 0xff, 0xd1  ; 2262
    db 0xe3, 0xd1, 0xe3, 0xc4, 0x36, 0xb0, 0x1d, 0x26, 0xc4, 0x30, 0x2a, 0xf6, 0x2a, 0xed, 0x2a, 0xe4  ; 2272
    db 0x26, 0x8a, 0x04, 0x46, 0x3c, 0x00, 0x74, 0x42, 0x8a, 0xd8, 0x8a, 0xc8, 0x24, 0x0f, 0x88, 0x05  ; 2282
    db 0x47, 0x81, 0xe3, 0x70, 0x00, 0xd0, 0xeb, 0xd0, 0xeb, 0xd0, 0xeb, 0xd0, 0xeb, 0x8b, 0xd3, 0x03  ; 2292
    db 0x1e, 0xaa, 0x06, 0x88, 0x1d, 0x8b, 0x1e, 0x02, 0x1c, 0xc6, 0x41, 0x01, 0x02, 0xc6, 0x41, 0x02  ; 22A2
    db 0x02, 0x80, 0xe1, 0x80, 0xb0, 0x08, 0x80, 0xf9, 0x00, 0x74, 0x02, 0xb0, 0x0b, 0x88, 0x01, 0x88  ; 22B2
    db 0x41, 0xff, 0x83, 0x06, 0xae, 0x06, 0x02, 0x47, 0xeb, 0xb6, 0x8b, 0xc2, 0x59, 0x1f, 0x5f, 0x5e  ; 22C2
    db 0x5d, 0xca, 0x02, 0x00, 0x55, 0x8b, 0xec, 0x56, 0x57, 0x1e, 0x51, 0xc4, 0x3e, 0xae, 0x06, 0x8c  ; 22D2
    db 0xc0, 0x8c, 0xdb, 0x2b, 0xc3, 0xd1, 0xe0, 0xd1, 0xe0, 0xd1, 0xe0, 0xd1, 0xe0, 0x03, 0xf8, 0x8b  ; 22E2
    db 0x1e, 0x02, 0x1c, 0x8b, 0x4e, 0x06, 0x8b, 0x56, 0x08, 0xb5, 0x04, 0xb6, 0x00, 0x88, 0x2d, 0x47  ; 22F2
    db 0x88, 0x0d, 0x47, 0xb8, 0x02, 0x00, 0x01, 0x06, 0xae, 0x06, 0x88, 0x01, 0x88, 0x41, 0x01, 0xc6  ; 2302
    db 0x41, 0xff, 0x08, 0xc6, 0x41, 0xfe, 0x08, 0x3a, 0xca, 0x73, 0x1f, 0x88, 0x2d, 0x47, 0x88, 0x0d  ; 2312
    db 0x47, 0x83, 0x06, 0xae, 0x06, 0x02, 0xc6, 0x01, 0x02, 0xc6, 0x41, 0x01, 0x02, 0xb0, 0x09, 0x88  ; 2322
    db 0x41, 0xff, 0x88, 0x41, 0xfe, 0x80, 0xc1, 0x03, 0x73, 0xdd, 0x59, 0x1f, 0x5f, 0x5e, 0x5d, 0xca  ; 2332
    db 0x02, 0x00, 0x55, 0x8b, 0xec, 0x83, 0xec, 0x0c, 0x56, 0x80, 0x3e, 0xf9, 0x1b, 0x00, 0x74, 0x1e  ; 2342
    db 0xbf, 0x23, 0x00, 0x57, 0xba, 0x10, 0x00, 0x52, 0x52, 0x2b, 0xdb, 0x53, 0x53, 0x2b, 0xc0, 0x8e  ; 2352
    db 0xc0, 0x06, 0xbf, 0x64, 0x22, 0x57, 0x9a, 0x48, 0x03, 0x51, 0xe9, 0x83, 0xc4, 0x0a, 0xc7, 0x46  ; 2362
    db 0xf8, 0x00, 0x00, 0xe9, 0xdd, 0x00, 0x80, 0x3e, 0x83, 0x1b, 0x14, 0x75, 0x78, 0x83, 0x7e, 0xf8  ; 2372
    db 0x0a, 0x74, 0x0c, 0x83, 0x7e, 0xf8, 0x0f, 0x74, 0x06, 0x83, 0x7e, 0xf8, 0x12, 0x75, 0x66, 0x83  ; 2382
    db 0x7e, 0xf8, 0x12, 0x75, 0x3e, 0x8b, 0x7e, 0xf8, 0x83, 0xc7, 0x24, 0x57, 0xba, 0x10, 0x00, 0x52  ; 2392
    db 0x52, 0xba, 0x34, 0x03, 0x52, 0x8b, 0x56, 0xf8, 0xd1, 0xe2, 0xc4, 0x3e, 0x9c, 0x1d, 0x8b, 0xda  ; 23A2
    db 0x26, 0xff, 0x31, 0xc4, 0x06, 0xc4, 0x1c, 0x8c, 0xc2, 0xc4, 0x3e, 0x90, 0x1d, 0x26, 0x8b, 0x31  ; 23B2
    db 0x8e, 0xc2, 0x8b, 0xf8, 0x03, 0xfe, 0x06, 0x57, 0x9a, 0x48, 0x03, 0x51, 0xe9, 0x83, 0xc4, 0x0a  ; 23C2
    db 0xe9, 0x7d, 0x00, 0x8b, 0x7e, 0xf8, 0x83, 0xc7, 0x24, 0x57, 0xbe, 0x10, 0x00, 0x56, 0x56, 0xbe  ; 23D2
    db 0x3e, 0x03, 0x56, 0x8b, 0x76, 0xf8, 0xd1, 0xe6, 0xc4, 0x1e, 0x9c, 0x1d, 0x26, 0xff, 0x30, 0xc4  ; 23E2
    db 0x16, 0xc4, 0x1c, 0xeb, 0x03, 0xe9, 0x1c, 0x00, 0x8c, 0xc0, 0xc4, 0x1e, 0x90, 0x1d, 0x26, 0x8b  ; 23F2
    db 0x38, 0x8e, 0xc0, 0x8b, 0xf2, 0x03, 0xf7, 0x06, 0x56, 0x9a, 0x48, 0x03, 0x51, 0xe9, 0x83, 0xc4  ; 2402
    db 0x0a, 0xe9, 0x3c, 0x00, 0x8b, 0x7e, 0xf8, 0x83, 0xc7, 0x24, 0x57, 0xbe, 0x10, 0x00, 0x56, 0x56  ; 2412
    db 0x8b, 0x76, 0xf8, 0xd1, 0xe6, 0xc4, 0x1e, 0xa0, 0x1d, 0x26, 0xff, 0x30, 0xc4, 0x1e, 0x9c, 0x1d  ; 2422
    db 0x26, 0xff, 0x30, 0xc4, 0x3e, 0xc4, 0x1c, 0x8c, 0xc2, 0xc4, 0x1e, 0x90, 0x1d, 0x26, 0x8b, 0x00  ; 2432
    db 0x8e, 0xc2, 0x8b, 0xd7, 0x03, 0xd0, 0x06, 0x52, 0x9a, 0x48, 0x03, 0x51, 0xe9, 0x83, 0xc4, 0x0a  ; 2442
    db 0xff, 0x46, 0xf8, 0x83, 0x7e, 0xf8, 0x14, 0x7f, 0x03, 0xe9, 0x1a, 0xff, 0xbf, 0x2f, 0x00, 0x57  ; 2452
    db 0xbf, 0x10, 0x00, 0x57, 0xbf, 0x09, 0x00, 0x57, 0xc4, 0x3e, 0xa0, 0x1d, 0x26, 0xff, 0x75, 0x16  ; 2462
    db 0xc4, 0x36, 0x9c, 0x1d, 0x26, 0xff, 0x74, 0x16, 0xc4, 0x16, 0xc4, 0x1c, 0x8c, 0xc3, 0xc4, 0x3e  ; 2472
    db 0x90, 0x1d, 0x26, 0x8b, 0x45, 0x16, 0x8e, 0xc3, 0x8b, 0xf2, 0x03, 0xf0, 0x06, 0x56, 0x9a, 0x48  ; 2482
    db 0x03, 0x51, 0xe9, 0x83, 0xc4, 0x0a, 0xc7, 0x06, 0x48, 0x05, 0xff, 0xff, 0xc7, 0x46, 0xf8, 0x00  ; 2492
    db 0x00, 0xe9, 0x16, 0x00, 0x8b, 0x7e, 0xf8, 0x83, 0xc7, 0x24, 0x57, 0xbe, 0x10, 0x00, 0x56, 0x9a  ; 24A2
    db 0xcc, 0x02, 0x51, 0xe9, 0x83, 0xc4, 0x02, 0xff, 0x46, 0xf8, 0x83, 0x7e, 0xf8, 0x12, 0x7c, 0xe4  ; 24B2
    db 0xbf, 0x37, 0x00, 0x57, 0xbf, 0x90, 0x00, 0x57, 0x9a, 0xcc, 0x02, 0x51, 0xe9, 0x83, 0xc4, 0x02  ; 24C2
    db 0xbf, 0x38, 0x00, 0x57, 0xbf, 0x93, 0x00, 0x57, 0x9a, 0xcc, 0x02, 0x51, 0xe9, 0x83, 0xc4, 0x02  ; 24D2
    db 0xbf, 0x36, 0x00, 0x57, 0xbf, 0x80, 0x00, 0x57, 0x9a, 0xcc, 0x02, 0x51, 0xe9, 0x83, 0xc4, 0x02  ; 24E2
    db 0xc7, 0x46, 0xf8, 0x00, 0x00, 0xe9, 0x39, 0x00, 0x8b, 0x7e, 0xf8, 0x83, 0xc7, 0x24, 0x8b, 0xc7  ; 24F2
    db 0xba, 0x09, 0x00, 0xf7, 0xea, 0xc4, 0x36, 0xdc, 0x1d, 0x8b, 0xd6, 0x03, 0xd0, 0x89, 0x56, 0xf4  ; 2502
    db 0x8c, 0x46, 0xf6, 0x8b, 0x5e, 0xf4, 0x8b, 0x7e, 0xf6, 0xd1, 0xe7, 0xd1, 0xe7, 0xd1, 0xe7, 0xd1  ; 2512
    db 0xe7, 0x8d, 0x39, 0x8b, 0x46, 0xf8, 0xd1, 0xe0, 0x8b, 0xf0, 0x89, 0xbc, 0x0a, 0x06, 0xff, 0x46  ; 2522
    db 0xf8, 0x83, 0x7e, 0xf8, 0x12, 0x7e, 0xc1, 0xc4, 0x3e, 0xdc, 0x1d, 0x8d, 0xb5, 0x44, 0x01, 0x89  ; 2532
    db 0x36, 0x2e, 0x06, 0x8c, 0x06, 0x30, 0x06, 0xc7, 0x06, 0x82, 0x06, 0xff, 0xff, 0xc7, 0x06, 0x84  ; 2542
    db 0x06, 0xff, 0xff, 0xc7, 0x06, 0x7c, 0x06, 0xff, 0xff, 0xc7, 0x06, 0x7d, 0x06, 0xff, 0xff, 0x5e  ; 2552
    db 0x8b, 0xe5, 0x5d, 0xcb, 0x55, 0x8b, 0xec, 0x83, 0xec, 0x0c, 0x56, 0xe9, 0x9c, 0x06, 0x80, 0x3e  ; 2562
    db 0x83, 0x1b, 0x14, 0x75, 0x31, 0x2b, 0xff, 0x57, 0x1e, 0xba, 0x74, 0x06, 0x52, 0xc4, 0x1e, 0xc4  ; 2572
    db 0x1c, 0x8c, 0xc0, 0xc4, 0x3e, 0x90, 0x1d, 0x26, 0x8b, 0x55, 0x26, 0x8e, 0xc0, 0x8b, 0xfb, 0x03  ; 2582
    db 0xfa, 0x06, 0x57, 0xbf, 0x7b, 0xff, 0x57, 0xbf, 0x46, 0x02, 0x57, 0x9a, 0x0a, 0x00, 0x51, 0xe9  ; 2592
    db 0x83, 0xc4, 0x0a, 0xe9, 0xd7, 0x06, 0x2b, 0xff, 0x57, 0x1e, 0xba, 0x74, 0x06, 0x52, 0xc4, 0x1e  ; 25A2
    db 0xc4, 0x1c, 0x8c, 0xc0, 0xc4, 0x3e, 0x90, 0x1d, 0x26, 0x8b, 0x55, 0x26, 0x8e, 0xc0, 0x8b, 0xfb  ; 25B2
    db 0x03, 0xfa, 0x06, 0x57, 0xbf, 0x7b, 0xff, 0x57, 0xbf, 0x57, 0x02, 0x57, 0x9a, 0x0a, 0x00, 0x51  ; 25C2
    db 0xe9, 0x83, 0xc4, 0x0a, 0xe9, 0xa6, 0x06, 0x80, 0x3e, 0xea, 0x03, 0x00, 0x75, 0x17, 0xc6, 0x06  ; 25D2
    db 0x5e, 0x06, 0x04, 0xc6, 0x06, 0x5f, 0x06, 0x54, 0xc6, 0x06, 0x60, 0x06, 0x3d, 0xc6, 0x06, 0x61  ; 25E2
    db 0x06, 0x00, 0xe9, 0x14, 0x00, 0xc6, 0x06, 0x5e, 0x06, 0x0f, 0xc6, 0x06, 0x5f, 0x06, 0x10, 0xc6  ; 25F2
    db 0x06, 0x60, 0x06, 0x3d, 0xc6, 0x06, 0x61, 0x06, 0x00, 0x2b, 0xff, 0x57, 0xc4, 0x16, 0xc4, 0x1c  ; 2602
    db 0x8c, 0xc0, 0xc4, 0x1e, 0x90, 0x1d, 0x26, 0x8b, 0x7f, 0x12, 0x8e, 0xc0, 0x8b, 0xda, 0x03, 0xdf  ; 2612
    db 0x06, 0x53, 0x9a, 0xcf, 0x04, 0x51, 0xe9, 0x83, 0xc4, 0x02, 0xc4, 0x3e, 0xae, 0x06, 0x89, 0x3e  ; 2622
    db 0x9a, 0x06, 0x8c, 0x06, 0x9c, 0x06, 0xe9, 0x44, 0x06, 0xa1, 0x70, 0x05, 0xd1, 0xe0, 0xba, 0x0a  ; 2632
    db 0x00, 0xf7, 0xea, 0x8b, 0xf8, 0x80, 0xbd, 0x1b, 0x1c, 0x00, 0x74, 0x2f, 0xa1, 0x70, 0x05, 0xd1  ; 2642
    db 0xe0, 0xba, 0x0e, 0x00, 0xf7, 0xea, 0x8b, 0xd8, 0x83, 0xbf, 0x76, 0x05, 0x00, 0x74, 0x14, 0xa1  ; 2652
    db 0x70, 0x05, 0xd1, 0xe0, 0x40, 0xba, 0x0e, 0x00, 0xf7, 0xea, 0x8b, 0xd8, 0x83, 0xbf, 0x76, 0x05  ; 2662
    db 0x00, 0x75, 0x08, 0xc6, 0x06, 0x5e, 0x06, 0x07, 0xe9, 0x05, 0x00, 0xc6, 0x06, 0x5e, 0x06, 0x04  ; 2672
    db 0xc6, 0x06, 0x5f, 0x06, 0x56, 0xc6, 0x06, 0x60, 0x06, 0x31, 0xc6, 0x06, 0x61, 0x06, 0x3d, 0xc6  ; 2682
    db 0x06, 0x62, 0x06, 0x00, 0x2b, 0xff, 0x57, 0xc4, 0x16, 0xc4, 0x1c, 0x8c, 0xc0, 0xc4, 0x1e, 0x90  ; 2692
    db 0x1d, 0x26, 0x8b, 0x7f, 0x0e, 0x8e, 0xc0, 0x8b, 0xda, 0x03, 0xdf, 0x06, 0x53, 0x9a, 0xcf, 0x04  ; 26A2
    db 0x51, 0xe9, 0x83, 0xc4, 0x02, 0xc4, 0x3e, 0xae, 0x06, 0x89, 0x3e, 0x9e, 0x06, 0x8c, 0x06, 0xa0  ; 26B2
    db 0x06, 0xe9, 0xb9, 0x05, 0xa1, 0x70, 0x05, 0xd1, 0xe0, 0x40, 0xba, 0x0a, 0x00, 0xf7, 0xea, 0x8b  ; 26C2
    db 0xf8, 0x80, 0xbd, 0x1b, 0x1c, 0x00, 0x74, 0x2f, 0xa1, 0x70, 0x05, 0xd1, 0xe0, 0xba, 0x0e, 0x00  ; 26D2
    db 0xf7, 0xea, 0x8b, 0xd8, 0x83, 0xbf, 0x76, 0x05, 0x00, 0x74, 0x14, 0xa1, 0x70, 0x05, 0xd1, 0xe0  ; 26E2
    db 0x40, 0xba, 0x0e, 0x00, 0xf7, 0xea, 0x8b, 0xd8, 0x83, 0xbf, 0x76, 0x05, 0x00, 0x75, 0x08, 0xc6  ; 26F2
    db 0x06, 0x5e, 0x06, 0x07, 0xe9, 0x05, 0x00, 0xc6, 0x06, 0x5e, 0x06, 0x04, 0xc6, 0x06, 0x5f, 0x06  ; 2702
    db 0x56, 0xc6, 0x06, 0x60, 0x06, 0x32, 0xc6, 0x06, 0x61, 0x06, 0x3d, 0xc6, 0x06, 0x62, 0x06, 0x00  ; 2712
    db 0x2b, 0xff, 0x57, 0xc4, 0x16, 0xc4, 0x1c, 0x8c, 0xc0, 0xc4, 0x1e, 0x90, 0x1d, 0x26, 0x8b, 0x7f  ; 2722
    db 0x10, 0x8e, 0xc0, 0x8b, 0xda, 0x03, 0xdf, 0x06, 0x53, 0x9a, 0xcf, 0x04, 0x51, 0xe9, 0x83, 0xc4  ; 2732
    db 0x02, 0xc4, 0x3e, 0xae, 0x06, 0x89, 0x3e, 0xa2, 0x06, 0x8c, 0x06, 0xa4, 0x06, 0xe9, 0x2d, 0x05  ; 2742
    db 0x2b, 0xff, 0x57, 0x1e, 0xba, 0x74, 0x06, 0x52, 0xc4, 0x1e, 0xc4, 0x1c, 0x8c, 0xc0, 0xc4, 0x3e  ; 2752
    db 0x90, 0x1d, 0x26, 0x8b, 0x55, 0x08, 0x8e, 0xc0, 0x8b, 0xfb, 0x03, 0xfa, 0x06, 0x57, 0xbf, 0x7b  ; 2762
    db 0xff, 0x57, 0xbf, 0x68, 0x02, 0x57, 0x9a, 0x0a, 0x00, 0x51, 0xe9, 0x83, 0xc4, 0x0a, 0xc4, 0x3e  ; 2772
    db 0xae, 0x06, 0x89, 0x3e, 0xa6, 0x06, 0x8c, 0x06, 0xa8, 0x06, 0xe9, 0xf0, 0x04, 0xc4, 0x3e, 0xc4  ; 2782
    db 0x1c, 0x8c, 0xc2, 0xc4, 0x1e, 0x90, 0x1d, 0x8b, 0xc7, 0x26, 0x03, 0x47, 0x1e, 0x89, 0x46, 0xf4  ; 2792
    db 0x89, 0x56, 0xf6, 0x06, 0x53, 0xc4, 0x56, 0xf4, 0x06, 0x52, 0xba, 0x7b, 0xff, 0x52, 0xba, 0x6e  ; 27A2
    db 0x02, 0x52, 0x9a, 0x46, 0x09, 0x34, 0xea, 0x83, 0xc4, 0x04, 0x83, 0xc4, 0x02, 0x83, 0xc4, 0x02  ; 27B2
    db 0xa1, 0x70, 0x05, 0xd1, 0xe0, 0xd1, 0xe0, 0xd1, 0xe0, 0xd1, 0xe0, 0x8b, 0xf8, 0x8a, 0x95, 0x8c  ; 27C2
    db 0x01, 0x80, 0xe2, 0x08, 0x80, 0xfa, 0x00, 0x74, 0x54, 0xa1, 0x70, 0x05, 0xd1, 0xe0, 0xd1, 0xe0  ; 27D2
    db 0xd1, 0xe0, 0xd1, 0xe0, 0x8b, 0xd8, 0x8a, 0x97, 0x8c, 0x01, 0x2a, 0xf6, 0x81, 0xe2, 0x41, 0x00  ; 27E2
    db 0x83, 0xfa, 0x01, 0x75, 0x1d, 0xc4, 0x56, 0xf4, 0x8b, 0xc2, 0x05, 0x0d, 0x00, 0x06, 0x50, 0xbb  ; 27F2
    db 0x7b, 0xff, 0x53, 0xbb, 0x7d, 0x02, 0x53, 0x9a, 0x46, 0x09, 0x34, 0xea, 0x83, 0xc4, 0x04, 0xe9  ; 2802
    db 0x33, 0x00, 0xc4, 0x7e, 0xf4, 0x8d, 0x55, 0x0d, 0x06, 0x52, 0xbb, 0x7b, 0xff, 0x53, 0xb8, 0x88  ; 2812
    db 0x02, 0x50, 0x9a, 0x46, 0x09, 0x34, 0xea, 0x83, 0xc4, 0x04, 0xe9, 0x18, 0x00, 0xc4, 0x7e, 0xf4  ; 2822
    db 0x8d, 0x55, 0x0d, 0x06, 0x52, 0xbb, 0x7b, 0xff, 0x53, 0xb8, 0x93, 0x02, 0x50, 0x9a, 0x46, 0x09  ; 2832
    db 0x34, 0xea, 0x83, 0xc4, 0x04, 0xa1, 0x02, 0x1c, 0xc4, 0x7e, 0xf4, 0x8b, 0xd7, 0x03, 0xd0, 0x06  ; 2842
    db 0x52, 0xbb, 0x7b, 0xff, 0x53, 0xba, 0x9e, 0x02, 0x52, 0x9a, 0x46, 0x09, 0x34, 0xea, 0x83, 0xc4  ; 2852
    db 0x04, 0xe9, 0x19, 0x04, 0xc4, 0x3e, 0xc4, 0x1c, 0x8c, 0xc2, 0xc4, 0x1e, 0x90, 0x1d, 0x8b, 0xc7  ; 2862
    db 0x26, 0x03, 0x47, 0x14, 0x89, 0x46, 0xf4, 0x89, 0x56, 0xf6, 0x06, 0x53, 0xc4, 0x56, 0xf4, 0x06  ; 2872
    db 0x52, 0xbf, 0x7b, 0xff, 0x57, 0xbf, 0xb8, 0x02, 0x57, 0x9a, 0x46, 0x09, 0x34, 0xea, 0x83, 0xc4  ; 2882
    db 0x04, 0xa1, 0x02, 0x1c, 0xc4, 0x7e, 0xf4, 0x8b, 0xd7, 0x03, 0xd0, 0x06, 0x52, 0xbb, 0x7b, 0xff  ; 2892
    db 0x53, 0xba, 0xc0, 0x02, 0x52, 0x9a, 0x46, 0x09, 0x34, 0xea, 0x83, 0xc4, 0x04, 0xc7, 0x46, 0xf8  ; 28A2
    db 0x06, 0x00, 0x83, 0xc4, 0x02, 0x83, 0xc4, 0x02, 0xe9, 0x33, 0x00, 0xc4, 0x7e, 0xf4, 0x8b, 0x5e  ; 28B2
    db 0xf8, 0x26, 0xc6, 0x01, 0x07, 0x8d, 0x57, 0xfc, 0x8b, 0xc2, 0x26, 0x88, 0x41, 0x01, 0x8b, 0x7e  ; 28C2
    db 0xf8, 0xc4, 0x5e, 0xf4, 0x03, 0x3e, 0x02, 0x1c, 0x26, 0xc6, 0x01, 0xf9, 0x8b, 0x46, 0xf8, 0x8b  ; 28D2
    db 0xf8, 0x03, 0x3e, 0x02, 0x1c, 0x26, 0xc6, 0x41, 0x01, 0xf9, 0x83, 0x46, 0xf8, 0x02, 0x81, 0x7e  ; 28E2
    db 0xf8, 0x85, 0x00, 0x7c, 0xc6, 0xc4, 0x7e, 0xf4, 0x8d, 0x95, 0x86, 0x00, 0x06, 0x52, 0xbb, 0x7b  ; 28F2
    db 0xff, 0x53, 0xb8, 0xc8, 0x02, 0x50, 0x9a, 0x46, 0x09, 0x34, 0xea, 0x83, 0xc4, 0x04, 0xa1, 0x02  ; 2902
    db 0x1c, 0xc4, 0x7e, 0xf4, 0x8b, 0xd7, 0x03, 0xd0, 0x81, 0xc2, 0x86, 0x00, 0x06, 0x52, 0xbb, 0x7b  ; 2912
    db 0xff, 0x53, 0xba, 0xce, 0x02, 0x52, 0x9a, 0x46, 0x09, 0x34, 0xea, 0x83, 0xc4, 0x04, 0xe9, 0x4c  ; 2922
    db 0x03, 0x1e, 0xbf, 0x74, 0x06, 0x57, 0xc4, 0x16, 0xc4, 0x1c, 0x8c, 0xc0, 0xc4, 0x1e, 0x90, 0x1d  ; 2932
    db 0x26, 0x8b, 0x7f, 0x1c, 0x8e, 0xc0, 0x8b, 0xda, 0x03, 0xdf, 0x06, 0x53, 0xbb, 0x7b, 0xff, 0x53  ; 2942
    db 0xbb, 0xd6, 0x02, 0x53, 0x9a, 0xb8, 0x00, 0x51, 0xe9, 0x83, 0xc4, 0x08, 0xc4, 0x3e, 0xae, 0x06  ; 2952
    db 0x8d, 0x55, 0x02, 0x89, 0x16, 0x8a, 0x06, 0x8c, 0x06, 0x8c, 0x06, 0x1e, 0xbb, 0x74, 0x06, 0x53  ; 2962
    db 0xc4, 0x06, 0x8a, 0x06, 0x06, 0x50, 0xbf, 0x7b, 0xff, 0x57, 0xbf, 0xde, 0x02, 0x57, 0x9a, 0xb8  ; 2972
    db 0x00, 0x51, 0xe9, 0x83, 0xc4, 0x08, 0xc4, 0x3e, 0xae, 0x06, 0x8d, 0x55, 0x02, 0x89, 0x16, 0x8e  ; 2982
    db 0x06, 0x8c, 0x06, 0x90, 0x06, 0x80, 0x3e, 0xf0, 0x03, 0x00, 0x75, 0x1e, 0x1e, 0xbb, 0x74, 0x06  ; 2992
    db 0x53, 0xc4, 0x06, 0x8e, 0x06, 0x06, 0x50, 0xbb, 0x7b, 0xff, 0x53, 0xbb, 0xe7, 0x02, 0x53, 0x9a  ; 29A2
    db 0xb8, 0x00, 0x51, 0xe9, 0x83, 0xc4, 0x08, 0xe9, 0x1b, 0x00, 0x1e, 0xbf, 0x74, 0x06, 0x57, 0xc4  ; 29B2
    db 0x16, 0x8e, 0x06, 0x06, 0x52, 0xbb, 0x7b, 0xff, 0x53, 0xb8, 0xf0, 0x02, 0x50, 0x9a, 0xf4, 0x01  ; 29C2
    db 0x51, 0xe9, 0x83, 0xc4, 0x08, 0xc4, 0x3e, 0xae, 0x06, 0x8d, 0x55, 0x02, 0x89, 0x16, 0x92, 0x06  ; 29D2
    db 0x8c, 0x06, 0x94, 0x06, 0x80, 0x3e, 0xf0, 0x03, 0x00, 0x75, 0x1e, 0x1e, 0xbb, 0x74, 0x06, 0x53  ; 29E2
    db 0xc4, 0x06, 0x92, 0x06, 0x06, 0x50, 0xbf, 0x7b, 0xff, 0x57, 0xbf, 0xf9, 0x02, 0x57, 0x9a, 0xb8  ; 29F2
    db 0x00, 0x51, 0xe9, 0x83, 0xc4, 0x08, 0xe9, 0x1b, 0x00, 0x1e, 0xbf, 0x74, 0x06, 0x57, 0xc4, 0x16  ; 2A02
    db 0x92, 0x06, 0x06, 0x52, 0xbb, 0x7b, 0xff, 0x53, 0xb8, 0x02, 0x03, 0x50, 0x9a, 0xf4, 0x01, 0x51  ; 2A12
    db 0xe9, 0x83, 0xc4, 0x08, 0xe9, 0x56, 0x02, 0x1e, 0xbf, 0x74, 0x06, 0x57, 0xc4, 0x16, 0xc4, 0x1c  ; 2A22
    db 0x8c, 0xc0, 0xc4, 0x1e, 0x90, 0x1d, 0x26, 0x8b, 0x7f, 0x1a, 0x8e, 0xc0, 0x8b, 0xda, 0x03, 0xdf  ; 2A32
    db 0x06, 0x53, 0xbb, 0x7b, 0xff, 0x53, 0xbb, 0x0b, 0x03, 0x53, 0x9a, 0xb8, 0x00, 0x51, 0xe9, 0x83  ; 2A42
    db 0xc4, 0x08, 0xc4, 0x3e, 0xae, 0x06, 0x8d, 0x55, 0x02, 0x89, 0x16, 0x96, 0x06, 0x8c, 0x06, 0x98  ; 2A52
    db 0x06, 0x1e, 0xbb, 0x74, 0x06, 0x53, 0xc4, 0x06, 0x96, 0x06, 0x06, 0x50, 0xbf, 0x7b, 0xff, 0x57  ; 2A62
    db 0xbf, 0x11, 0x03, 0x57, 0x9a, 0xb8, 0x00, 0x51, 0xe9, 0x83, 0xc4, 0x08, 0xe9, 0xfe, 0x01, 0xc6  ; 2A72
    db 0x06, 0x5e, 0x06, 0x03, 0xc6, 0x06, 0x5f, 0x06, 0x00, 0x1e, 0xbf, 0x74, 0x06, 0x57, 0xc4, 0x16  ; 2A82
    db 0xc4, 0x1c, 0x8c, 0xc0, 0xc4, 0x1e, 0x90, 0x1d, 0x26, 0x8b, 0x7f, 0x20, 0x8e, 0xc0, 0x8b, 0xda  ; 2A92
    db 0x03, 0xdf, 0x06, 0x53, 0x1e, 0xbb, 0x5e, 0x06, 0x53, 0x9a, 0xb8, 0x00, 0x51, 0xe9, 0x83, 0xc4  ; 2AA2
    db 0x08, 0xe9, 0xc9, 0x01, 0x1e, 0xbf, 0x74, 0x06, 0x57, 0xc4, 0x16, 0xc4, 0x1c, 0x8c, 0xc0, 0xc4  ; 2AB2
    db 0x1e, 0x90, 0x1d, 0x26, 0x8b, 0x7f, 0x22, 0x8e, 0xc0, 0x8b, 0xda, 0x03, 0xdf, 0x06, 0x53, 0xbb  ; 2AC2
    db 0x7b, 0xff, 0x53, 0xbb, 0x18, 0x03, 0x53, 0x9a, 0xb8, 0x00, 0x51, 0xe9, 0x83, 0xc4, 0x08, 0xe9  ; 2AD2
    db 0x9b, 0x01, 0x1e, 0xbf, 0x74, 0x06, 0x57, 0xc4, 0x16, 0xc4, 0x1c, 0x8c, 0xc0, 0xc4, 0x1e, 0x90  ; 2AE2
    db 0x1d, 0x26, 0x8b, 0x7f, 0x24, 0x8e, 0xc0, 0x8b, 0xda, 0x03, 0xdf, 0x06, 0x53, 0xbb, 0x7b, 0xff  ; 2AF2
    db 0x53, 0xbb, 0x1a, 0x03, 0x53, 0x9a, 0xb8, 0x00, 0x51, 0xe9, 0x83, 0xc4, 0x08, 0xe9, 0x6d, 0x01  ; 2B02
    db 0xc6, 0x06, 0x5e, 0x06, 0x54, 0xc6, 0x06, 0x5f, 0x06, 0x00, 0x1e, 0xbf, 0x74, 0x06, 0x57, 0xc4  ; 2B12
    db 0x16, 0xc4, 0x1c, 0x8c, 0xc0, 0xc4, 0x1e, 0x90, 0x1d, 0x26, 0x8b, 0x7f, 0x0c, 0x8e, 0xc0, 0x8b  ; 2B22
    db 0xda, 0x03, 0xdf, 0x06, 0x53, 0x1e, 0xbb, 0x5e, 0x06, 0x53, 0x9a, 0xb8, 0x00, 0x51, 0xe9, 0x83  ; 2B32
    db 0xc4, 0x08, 0xc6, 0x06, 0x5e, 0x06, 0x65, 0xc6, 0x06, 0x5f, 0x06, 0x6b, 0xc6, 0x06, 0x60, 0x06  ; 2B42
    db 0x00, 0xc7, 0x06, 0x78, 0x06, 0x05, 0x00, 0x1e, 0xbf, 0x74, 0x06, 0x57, 0xc4, 0x16, 0xae, 0x06  ; 2B52
    db 0x06, 0x52, 0x1e, 0xbb, 0x5e, 0x06, 0x53, 0x9a, 0xb8, 0x00, 0x51, 0xe9, 0x83, 0xc4, 0x08, 0xc7  ; 2B62
    db 0x06, 0x78, 0x06, 0x00, 0x00, 0xc4, 0x3e, 0xc4, 0x1c, 0x8c, 0xc2, 0xc4, 0x1e, 0x90, 0x1d, 0x8b  ; 2B72
    db 0xc3, 0x26, 0x8b, 0x5f, 0x0c, 0x8e, 0xc2, 0x26, 0xc6, 0x41, 0x2c, 0x07, 0xc4, 0x3e, 0xc4, 0x1c  ; 2B82
    db 0x8c, 0xc2, 0xc4, 0x1e, 0x90, 0x1d, 0x8b, 0xc3, 0x26, 0x8b, 0x5f, 0x0c, 0x8e, 0xc2, 0x26, 0xc6  ; 2B92
    db 0x41, 0x2d, 0x0a, 0xc4, 0x3e, 0xc4, 0x1c, 0x8c, 0xc2, 0xc4, 0x1e, 0x90, 0x1d, 0x26, 0x8b, 0x47  ; 2BA2
    db 0x0c, 0x8e, 0xc2, 0x8b, 0xd8, 0x03, 0x1e, 0x02, 0x1c, 0x26, 0xc6, 0x41, 0x2e, 0x09, 0xc4, 0x3e  ; 2BB2
    db 0xc4, 0x1c, 0x8c, 0xc2, 0xc4, 0x1e, 0x90, 0x1d, 0x26, 0x8b, 0x47, 0x0c, 0x8e, 0xc2, 0x8b, 0xd8  ; 2BC2
    db 0x03, 0x1e, 0x02, 0x1c, 0x26, 0xc6, 0x41, 0x2f, 0x09, 0xe9, 0xa1, 0x00, 0xa1, 0x02, 0x1c, 0xc4  ; 2BD2
    db 0x3e, 0xc4, 0x1c, 0x8c, 0xc2, 0xc4, 0x1e, 0x90, 0x1d, 0x26, 0x03, 0x47, 0x28, 0x8c, 0xc6, 0x8e  ; 2BE2
    db 0xc2, 0x8b, 0xd7, 0x03, 0xd0, 0x06, 0x52, 0xba, 0x7b, 0xff, 0x52, 0xba, 0x1c, 0x03, 0x52, 0x9a  ; 2BF2
    db 0x46, 0x09, 0x34, 0xea, 0x83, 0xc4, 0x04, 0xe9, 0x73, 0x00, 0x8b, 0x46, 0x06, 0x3d, 0x04, 0x00  ; 2C02
    db 0x75, 0x03, 0xe9, 0x3b, 0xfb, 0x3d, 0x06, 0x00, 0x75, 0x03, 0xe9, 0xf3, 0xfe, 0x3d, 0x07, 0x00  ; 2C12
    db 0x75, 0x03, 0xe9, 0x14, 0xfa, 0x3d, 0x08, 0x00, 0x75, 0x03, 0xe9, 0x97, 0xfa, 0x3d, 0x09, 0x00  ; 2C22
    db 0x75, 0x03, 0xe9, 0xa2, 0xf9, 0x3d, 0x0a, 0x00, 0x75, 0x03, 0xe9, 0x27, 0xfc, 0x3d, 0x0d, 0x00  ; 2C32
    db 0x75, 0x03, 0xe9, 0xe2, 0xfd, 0x3d, 0x0e, 0x00, 0x75, 0x03, 0xe9, 0xe4, 0xfc, 0x3d, 0x0f, 0x00  ; 2C42
    db 0x75, 0x03, 0xe9, 0x38, 0xfb, 0x3d, 0x10, 0x00, 0x75, 0x03, 0xe9, 0x22, 0xfe, 0x3d, 0x11, 0x00  ; 2C52
    db 0x75, 0x03, 0xe9, 0x4f, 0xfe, 0x3d, 0x12, 0x00, 0x75, 0x03, 0xe9, 0x75, 0xfe, 0x3d, 0x13, 0x00  ; 2C62
    db 0x75, 0x03, 0xe9, 0xf9, 0xf8, 0x3d, 0x14, 0x00, 0x75, 0x03, 0xe9, 0x5f, 0xff, 0x5e, 0x8b, 0xe5  ; 2C72
    db 0x5d, 0xca, 0x02, 0x00, 0x55, 0x8b, 0xec, 0x83, 0xec, 0x06, 0xe9, 0x16, 0x00, 0xc4, 0x7e, 0x0a  ; 2C82
    db 0x8c, 0xc2, 0xc4, 0x5e, 0x06, 0x26, 0x8a, 0x07, 0x8e, 0xc2, 0x26, 0x88, 0x05, 0xff, 0x46, 0x06  ; 2C92
    db 0xff, 0x46, 0x0a, 0xc4, 0x7e, 0x06, 0x26, 0x80, 0x3d, 0xff, 0x75, 0xe1, 0x8b, 0xe5, 0x5d, 0xca  ; 2CA2
    db 0x04, 0x00, 0x57, 0x00, 0x57, 0x00, 0x57, 0x00, 0x57, 0x00, 0x38, 0x03, 0x61, 0x03, 0x7f, 0x00  ; 2CB2
    db 0x38, 0x03, 0x08, 0x03, 0x38, 0x03, 0xe4, 0x02, 0x08, 0x03, 0x08, 0x03, 0x08, 0x03, 0x57, 0x00  ; 2CC2
    db 0xe4, 0x02, 0xda, 0x02, 0xda, 0x02, 0xda, 0x02, 0x8e, 0x03, 0x8e, 0x03, 0x0a, 0x00, 0xbe, 0x00  ; 2CD2
    db 0x85, 0x02, 0x2f, 0x03, 0x40, 0x01, 0xc2, 0x01, 0x98, 0x03, 0x0a, 0x00, 0x0a, 0x00, 0xa8, 0x02  ; 2CE2
    db 0xfa, 0x00, 0x54, 0x01, 0x54, 0x01, 0x20, 0x03, 0x7c, 0x01, 0xfa, 0x00, 0xfa, 0x00, 0xfa, 0x00  ; 2CF2
    db 0xfa, 0x00, 0x3c, 0x00, 0x3c, 0x00, 0x55, 0x8b, 0xec, 0x83, 0xec, 0x08, 0x83, 0x3e, 0x48, 0x05  ; 2D02
    db 0x00, 0x74, 0x78, 0x80, 0x3e, 0xf6, 0x1b, 0x00, 0x74, 0x07, 0x80, 0x3e, 0x7a, 0x1b, 0x00, 0x74  ; 2D12
    db 0x10, 0xbf, 0x24, 0x00, 0x57, 0xba, 0x90, 0x00, 0x52, 0x9a, 0xcc, 0x02, 0x51, 0xe9, 0x83, 0xc4  ; 2D22
    db 0x02, 0x80, 0x3e, 0xf9, 0x1b, 0x00, 0x74, 0x78, 0x80, 0x3e, 0x86, 0x06, 0x00, 0x74, 0x74, 0x9a  ; 2D32
    db 0x1f, 0x00, 0xd1, 0xe5, 0xa1, 0x48, 0x05, 0x09, 0x06, 0x76, 0x06, 0xc7, 0x06, 0x48, 0x05, 0x00  ; 2D42
    db 0x00, 0x9a, 0x18, 0x00, 0xd1, 0xe5, 0x80, 0x3e, 0x87, 0x06, 0x00, 0x75, 0x2c, 0x80, 0x3e, 0x88  ; 2D52
    db 0x06, 0x00, 0x74, 0x25, 0xc6, 0x06, 0x87, 0x06, 0x01, 0xff, 0x36, 0x02, 0x1c, 0xc4, 0x3e, 0xdc  ; 2D62
    db 0x1d, 0x8d, 0x95, 0xab, 0x00, 0x06, 0x52, 0x9a, 0xed, 0x00, 0x1e, 0x91, 0x83, 0xc4, 0x02, 0xc6  ; 2D72
    db 0x06, 0x88, 0x06, 0x00, 0xc6, 0x06, 0x87, 0x06, 0x00, 0xeb, 0x03, 0xe9, 0x91, 0x05, 0xa0, 0xfb  ; 2D82
    db 0x1b, 0x24, 0x08, 0x3c, 0x00, 0x74, 0x62, 0xa1, 0x76, 0x06, 0x25, 0x00, 0x10, 0x3d, 0x00, 0x00  ; 2D92
    db 0x74, 0x5a, 0x9a, 0xdf, 0x2a, 0xd0, 0xea, 0xbf, 0x12, 0x00, 0x57, 0xba, 0x10, 0x00, 0xeb, 0x06  ; 2DA2
    db 0xe9, 0x73, 0x00, 0xe9, 0x70, 0x00, 0x52, 0x52, 0xc4, 0x3e, 0xa0, 0x1d, 0x26, 0xff, 0x75, 0x0a  ; 2DB2
    db 0xc4, 0x1e, 0x9c, 0x1d, 0x26, 0xff, 0x77, 0x0a, 0xc4, 0x3e, 0xc4, 0x1c, 0x8c, 0xc2, 0xc4, 0x1e  ; 2DC2
    db 0x90, 0x1d, 0x26, 0x8b, 0x47, 0x0a, 0x8e, 0xc2, 0x8b, 0xd7, 0x03, 0xd0, 0x06, 0x52, 0x9a, 0x48  ; 2DD2
    db 0x03, 0x51, 0xe9, 0x83, 0xc4, 0x0a, 0xbf, 0x12, 0x00, 0x57, 0xbf, 0x11, 0x00, 0x57, 0x9a, 0xcc  ; 2DE2
    db 0x02, 0x51, 0xe9, 0x83, 0xc4, 0x02, 0xe9, 0x13, 0x00, 0xe9, 0x10, 0x00, 0xbf, 0x12, 0x00, 0x57  ; 2DF2
    db 0xbf, 0x10, 0x00, 0x57, 0x9a, 0xcc, 0x02, 0x51, 0xe9, 0x83, 0xc4, 0x02, 0x9a, 0x96, 0x26, 0xd0  ; 2E02
    db 0xea, 0x9a, 0x6b, 0x0e, 0xd0, 0xea, 0x9a, 0x3a, 0x0f, 0xd0, 0xea, 0x9a, 0xe6, 0x15, 0xd0, 0xea  ; 2E12
    db 0xc7, 0x06, 0x76, 0x06, 0x00, 0x00, 0x80, 0x3e, 0xf6, 0x1b, 0x00, 0x74, 0x60, 0x80, 0x3e, 0x7a  ; 2E22
    db 0x1b, 0x00, 0x74, 0x07, 0x80, 0x3e, 0xf7, 0x1b, 0x00, 0x74, 0x52, 0x80, 0x3e, 0x8e, 0x07, 0x00  ; 2E32
    db 0x75, 0x4b, 0x80, 0x3e, 0x86, 0x06, 0x00, 0x75, 0x44, 0x9a, 0x1f, 0x00, 0xd1, 0xe5, 0xa1, 0x48  ; 2E42
    db 0x05, 0x09, 0x06, 0x76, 0x06, 0xc7, 0x06, 0x48, 0x05, 0x00, 0x00, 0x9a, 0x18, 0x00, 0xd1, 0xe5  ; 2E52
    db 0x83, 0x3e, 0x76, 0x06, 0xff, 0x75, 0x4a, 0xc7, 0x06, 0x78, 0x06, 0x00, 0x00, 0xc7, 0x06, 0x7e  ; 2E62
    db 0x06, 0xff, 0xff, 0xc7, 0x06, 0x80, 0x06, 0xff, 0xff, 0xc7, 0x06, 0x82, 0x06, 0xff, 0xff, 0xc7  ; 2E72
    db 0x06, 0x84, 0x06, 0xff, 0xff, 0xc7, 0x46, 0xf8, 0x00, 0x00, 0xe9, 0x19, 0x00, 0xe9, 0x8f, 0x04  ; 2E82
    db 0x8b, 0x7e, 0xf8, 0x83, 0xc7, 0x24, 0x57, 0xba, 0x10, 0x00, 0x52, 0x9a, 0xcc, 0x02, 0x51, 0xe9  ; 2E92
    db 0x83, 0xc4, 0x02, 0xff, 0x46, 0xf8, 0x83, 0x7e, 0xf8, 0x12, 0x7c, 0xe4, 0x9a, 0x25, 0x06, 0xd0  ; 2EA2
    db 0xea, 0x80, 0x3e, 0x83, 0x1b, 0x14, 0x74, 0x6c, 0xa1, 0x76, 0x06, 0x25, 0x0c, 0x04, 0x3d, 0x00  ; 2EB2
    db 0x00, 0x74, 0x64, 0xa0, 0x75, 0x1b, 0x24, 0x01, 0x3c, 0x00, 0x75, 0x09, 0xa0, 0x75, 0x1b, 0x24  ; 2EC2
    db 0x02, 0x3c, 0x00, 0x75, 0x0e, 0x83, 0x3e, 0x70, 0x05, 0x00, 0x74, 0x40, 0x80, 0x3e, 0x78, 0x1b  ; 2ED2
    db 0x00, 0x74, 0x39, 0xa1, 0x70, 0x05, 0xd1, 0xe0, 0xd1, 0xe0, 0xd1, 0xe0, 0xd1, 0xe0, 0x8b, 0xf8  ; 2EE2
    db 0x8a, 0x95, 0x8f, 0x01, 0x80, 0xe2, 0x01, 0x80, 0xfa, 0x00, 0x75, 0x19, 0xa1, 0x70, 0x05, 0xd1  ; 2EF2
    db 0xe0, 0xd1, 0xe0, 0xd1, 0xe0, 0xd1, 0xe0, 0x8b, 0xd8, 0x8a, 0x97, 0x8f, 0x01, 0x80, 0xe2, 0x02  ; 2F02
    db 0x80, 0xfa, 0x00, 0x75, 0x15, 0x83, 0x3e, 0x70, 0x05, 0x00, 0x74, 0x0e, 0x9a, 0x7d, 0x06, 0xd0  ; 2F12
    db 0xea, 0xe9, 0x16, 0x00, 0xe9, 0x94, 0x02, 0xe9, 0x81, 0x00, 0xbf, 0x24, 0x00, 0x57, 0xbf, 0x10  ; 2F22
    db 0x00, 0x57, 0x9a, 0xcc, 0x02, 0x51, 0xe9, 0x83, 0xc4, 0x02, 0xa0, 0x75, 0x1b, 0x24, 0x01, 0x3c  ; 2F32
    db 0x00, 0x74, 0x09, 0xa0, 0x75, 0x1b, 0x24, 0x02, 0x3c, 0x00, 0x74, 0x0e, 0x83, 0x3e, 0x70, 0x05  ; 2F42
    db 0x00, 0x74, 0x40, 0x80, 0x3e, 0x78, 0x1b, 0x00, 0x74, 0x39, 0xa1, 0x70, 0x05, 0xd1, 0xe0, 0xd1  ; 2F52
    db 0xe0, 0xd1, 0xe0, 0xd1, 0xe0, 0x8b, 0xf8, 0x8a, 0x95, 0x8f, 0x01, 0x80, 0xe2, 0x01, 0x80, 0xfa  ; 2F62
    db 0x00, 0x74, 0x19, 0xa1, 0x70, 0x05, 0xd1, 0xe0, 0xd1, 0xe0, 0xd1, 0xe0, 0xd1, 0xe0, 0x8b, 0xd8  ; 2F72
    db 0x8a, 0x97, 0x8f, 0x01, 0x80, 0xe2, 0x02, 0x80, 0xfa, 0x00, 0x74, 0x0f, 0x83, 0x3e, 0x70, 0x05  ; 2F82
    db 0x00, 0x74, 0x08, 0x9a, 0x6b, 0x08, 0xd0, 0xea, 0xe9, 0x10, 0x00, 0xbf, 0x25, 0x00, 0x57, 0xbf  ; 2F92
    db 0x10, 0x00, 0x57, 0x9a, 0xcc, 0x02, 0x51, 0xe9, 0x83, 0xc4, 0x02, 0xa1, 0x76, 0x06, 0x25, 0x10  ; 2FA2
    db 0x84, 0x3d, 0x00, 0x00, 0x74, 0x64, 0xa0, 0x72, 0x1b, 0x24, 0x01, 0x3c, 0x00, 0x74, 0x0e, 0x83  ; 2FB2
    db 0x3e, 0x70, 0x05, 0x00, 0x74, 0x27, 0x80, 0x3e, 0x78, 0x1b, 0x00, 0x74, 0x20, 0xa1, 0x70, 0x05  ; 2FC2
    db 0xd1, 0xe0, 0xd1, 0xe0, 0xd1, 0xe0, 0xd1, 0xe0, 0x8b, 0xf8, 0x8a, 0x95, 0x8f, 0x01, 0x80, 0xe2  ; 2FD2
    db 0x10, 0x80, 0xfa, 0x00, 0x74, 0x1f, 0x83, 0x3e, 0x70, 0x05, 0x00, 0x74, 0x18, 0x80, 0x3e, 0x78  ; 2FE2
    db 0x1b, 0x00, 0x75, 0x09, 0xa0, 0x75, 0x1b, 0x24, 0x08, 0x3c, 0x00, 0x75, 0x08, 0x9a, 0x99, 0x0a  ; 2FF2
    db 0xd0, 0xea, 0xe9, 0x10, 0x00, 0xbf, 0x26, 0x00, 0x57, 0xba, 0x10, 0x00, 0x52, 0x9a, 0xcc, 0x02  ; 3002
    db 0x51, 0xe9, 0x83, 0xc4, 0x02, 0x9a, 0x6b, 0x0e, 0xd0, 0xea, 0xa1, 0x76, 0x06, 0x25, 0x20, 0x84  ; 3012
    db 0x3d, 0x00, 0x00, 0x74, 0x62, 0xa0, 0x72, 0x1b, 0x24, 0x02, 0x3c, 0x00, 0x74, 0x0e, 0x83, 0x3e  ; 3022
    db 0x70, 0x05, 0x00, 0x74, 0x2a, 0x80, 0x3e, 0x78, 0x1b, 0x00, 0x74, 0x23, 0xa1, 0x70, 0x05, 0xd1  ; 3032
    db 0xe0, 0xd1, 0xe0, 0xd1, 0xe0, 0xd1, 0xe0, 0x8b, 0xf8, 0x8a, 0x95, 0x8f, 0x01, 0x2a, 0xf6, 0x81  ; 3042
    db 0xe2, 0x30, 0x00, 0x83, 0xfa, 0x20, 0x75, 0x1f, 0x83, 0x3e, 0x70, 0x05, 0x00, 0x74, 0x18, 0x80  ; 3052
    db 0x3e, 0x78, 0x1b, 0x00, 0x75, 0x09, 0xa0, 0x75, 0x1b, 0x24, 0x08, 0x3c, 0x00, 0x75, 0x08, 0x9a  ; 3062
    db 0x12, 0x0d, 0xd0, 0xea, 0xe9, 0x10, 0x00, 0xbf, 0x27, 0x00, 0x57, 0xbf, 0x10, 0x00, 0x57, 0x9a  ; 3072
    db 0xcc, 0x02, 0x51, 0xe9, 0x83, 0xc4, 0x02, 0xa1, 0x76, 0x06, 0x25, 0x3d, 0x86, 0x3d, 0x00, 0x00  ; 3082
    db 0x74, 0x05, 0x9a, 0x96, 0x26, 0xd0, 0xea, 0x80, 0x3e, 0x78, 0x1b, 0x00, 0x74, 0x08, 0x9a, 0x3a  ; 3092
    db 0x0f, 0xd0, 0xea, 0xe9, 0x3c, 0x00, 0xc7, 0x06, 0x82, 0x06, 0xff, 0xff, 0xc7, 0x06, 0x84, 0x06  ; 30A2
    db 0xff, 0xff, 0xbf, 0x2b, 0x00, 0x57, 0xbf, 0x10, 0x00, 0x57, 0x9a, 0xcc, 0x02, 0x51, 0xe9, 0x83  ; 30B2
    db 0xc4, 0x02, 0xbf, 0x2c, 0x00, 0x57, 0xbf, 0x10, 0x00, 0x57, 0x9a, 0xcc, 0x02, 0x51, 0xe9, 0x83  ; 30C2
    db 0xc4, 0x02, 0xbf, 0x2d, 0x00, 0x57, 0xbf, 0x10, 0x00, 0x57, 0x9a, 0xcc, 0x02, 0x51, 0xe9, 0x83  ; 30D2
    db 0xc4, 0x02, 0xbf, 0x2a, 0x00, 0x57, 0xbf, 0x11, 0x00, 0x57, 0x9a, 0xcc, 0x02, 0x51, 0xe9, 0x83  ; 30E2
    db 0xc4, 0x02, 0x80, 0x3e, 0x78, 0x1b, 0x00, 0x74, 0x38, 0xa1, 0x76, 0x06, 0x25, 0x00, 0x04, 0x3d  ; 30F2
    db 0x00, 0x00, 0x74, 0x05, 0x9a, 0x42, 0x18, 0xd0, 0xea, 0xa1, 0x76, 0x06, 0x25, 0x00, 0x42, 0x3d  ; 3102
    db 0x00, 0x00, 0x74, 0x05, 0x9a, 0xa0, 0x1b, 0xd0, 0xea, 0x9a, 0x29, 0x19, 0xd0, 0xea, 0xbf, 0x32  ; 3112
    db 0x00, 0x57, 0xbf, 0x11, 0x00, 0x57, 0x9a, 0xcc, 0x02, 0x51, 0xe9, 0x83, 0xc4, 0x02, 0xe9, 0x40  ; 3122
    db 0x00, 0xbf, 0x32, 0x00, 0x57, 0xbf, 0x10, 0x00, 0x57, 0x9a, 0xcc, 0x02, 0x51, 0xe9, 0x83, 0xc4  ; 3132
    db 0x02, 0xbf, 0x2f, 0x00, 0x57, 0xbf, 0x10, 0x00, 0x57, 0x9a, 0xcc, 0x02, 0x51, 0xe9, 0x83, 0xc4  ; 3142
    db 0x02, 0xbf, 0x30, 0x00, 0x57, 0xbf, 0x10, 0x00, 0x57, 0x9a, 0xcc, 0x02, 0x51, 0xe9, 0x83, 0xc4  ; 3152
    db 0x02, 0xbf, 0x31, 0x00, 0x57, 0xbf, 0x10, 0x00, 0x57, 0x9a, 0xcc, 0x02, 0x51, 0xe9, 0x83, 0xc4  ; 3162
    db 0x02, 0xa0, 0x72, 0x1b, 0x24, 0x02, 0x3c, 0x00, 0x74, 0x31, 0x83, 0x3e, 0x70, 0x05, 0x00, 0x74  ; 3172
    db 0x07, 0x80, 0x3e, 0x78, 0x1b, 0x00, 0x75, 0x23, 0x80, 0x3e, 0x78, 0x1b, 0x00, 0x75, 0x09, 0xa0  ; 3182
    db 0x75, 0x1b, 0x24, 0x08, 0x3c, 0x00, 0x75, 0x13, 0xa1, 0x76, 0x06, 0x25, 0x50, 0x04, 0x3d, 0x00  ; 3192
    db 0x00, 0x74, 0x18, 0x9a, 0xe6, 0x15, 0xd0, 0xea, 0xe9, 0x10, 0x00, 0xbf, 0x28, 0x00, 0x57, 0xbf  ; 31A2
    db 0x10, 0x00, 0x57, 0x9a, 0xcc, 0x02, 0x51, 0xe9, 0x83, 0xc4, 0x02, 0x80, 0x3e, 0x78, 0x1b, 0x00  ; 31B2
    db 0x74, 0x76, 0xa1, 0x70, 0x05, 0xd1, 0xe0, 0xd1, 0xe0, 0xd1, 0xe0, 0xd1, 0xe0, 0x8b, 0xf8, 0x8a  ; 31C2
    db 0x95, 0x8c, 0x01, 0x80, 0xe2, 0x08, 0x80, 0xfa, 0x00, 0x75, 0x1c, 0xa1, 0x70, 0x05, 0xd1, 0xe0  ; 31D2
    db 0xd1, 0xe0, 0xd1, 0xe0, 0xd1, 0xe0, 0x8b, 0xd8, 0x8a, 0x97, 0x8c, 0x01, 0x2a, 0xf6, 0x81, 0xe2  ; 31E2
    db 0x41, 0x00, 0x83, 0xfa, 0x01, 0x75, 0x41, 0xbf, 0x2e, 0x00, 0x57, 0xba, 0x11, 0x00, 0x52, 0x9a  ; 31F2
    db 0xcc, 0x02, 0x51, 0xe9, 0x83, 0xc4, 0x02, 0xbf, 0x33, 0x00, 0x57, 0xbf, 0x11, 0x00, 0x57, 0x9a  ; 3202
    db 0xcc, 0x02, 0x51, 0xe9, 0x83, 0xc4, 0x02, 0x80, 0x3e, 0x83, 0x1b, 0x14, 0x74, 0x28, 0xbf, 0x34  ; 3212
    db 0x00, 0x57, 0xbf, 0x11, 0x00, 0x57, 0x9a, 0xcc, 0x02, 0x51, 0xe9, 0x83, 0xc4, 0x02, 0xbf, 0x35  ; 3222
    db 0x00, 0x57, 0xbf, 0x11, 0x00, 0x57, 0xeb, 0x03, 0xe9, 0x62, 0x00, 0x9a, 0xcc, 0x02, 0x51, 0xe9  ; 3232
    db 0x83, 0xc4, 0x02, 0xe9, 0x20, 0x00, 0xbf, 0x34, 0x00, 0x57, 0xbf, 0x10, 0x00, 0x57, 0x9a, 0xcc  ; 3242
    db 0x02, 0x51, 0xe9, 0x83, 0xc4, 0x02, 0xbf, 0x35, 0x00, 0x57, 0xbf, 0x10, 0x00, 0x57, 0x9a, 0xcc  ; 3252
    db 0x02, 0x51, 0xe9, 0x83, 0xc4, 0x02, 0xa1, 0x76, 0x06, 0x25, 0x80, 0x05, 0x3d, 0x00, 0x00, 0x74  ; 3262
    db 0x09, 0xbf, 0x0f, 0x00, 0x57, 0x9a, 0x26, 0x02, 0x34, 0xea, 0xa1, 0x76, 0x06, 0x25, 0x82, 0x01  ; 3272
    db 0x3d, 0x00, 0x00, 0x74, 0x05, 0x9a, 0xee, 0x16, 0xd0, 0xea, 0xa1, 0x76, 0x06, 0x25, 0x03, 0x01  ; 3282
    db 0x3d, 0x00, 0x00, 0x74, 0x58, 0x9a, 0x4f, 0x17, 0xd0, 0xea, 0xe9, 0x50, 0x00, 0xbf, 0x2e, 0x00  ; 3292
    db 0x57, 0xbf, 0x10, 0x00, 0x57, 0x9a, 0xcc, 0x02, 0x51, 0xe9, 0x83, 0xc4, 0x02, 0xbf, 0x33, 0x00  ; 32A2
    db 0x57, 0xbf, 0x10, 0x00, 0x57, 0x9a, 0xcc, 0x02, 0x51, 0xe9, 0x83, 0xc4, 0x02, 0xbf, 0x36, 0x00  ; 32B2
    db 0x57, 0xbf, 0x90, 0x00, 0x57, 0x9a, 0xcc, 0x02, 0x51, 0xe9, 0x83, 0xc4, 0x02, 0xbf, 0x34, 0x00  ; 32C2
    db 0x57, 0xbf, 0x10, 0x00, 0x57, 0x9a, 0xcc, 0x02, 0x51, 0xe9, 0x83, 0xc4, 0x02, 0xbf, 0x35, 0x00  ; 32D2
    db 0x57, 0xbf, 0x10, 0x00, 0x57, 0x9a, 0xcc, 0x02, 0x51, 0xe9, 0x83, 0xc4, 0x02, 0xa0, 0xfb, 0x1b  ; 32E2
    db 0x24, 0x08, 0x3c, 0x00, 0x74, 0x13, 0xa1, 0x76, 0x06, 0x25, 0x00, 0x10, 0x3d, 0x00, 0x00, 0x74  ; 32F2
    db 0x18, 0x9a, 0xdf, 0x2a, 0xd0, 0xea, 0xe9, 0x10, 0x00, 0xbf, 0x29, 0x00, 0x57, 0xba, 0x10, 0x00  ; 3302
    db 0x52, 0x9a, 0xcc, 0x02, 0x51, 0xe9, 0x83, 0xc4, 0x02, 0xc7, 0x06, 0x76, 0x06, 0x00, 0x00, 0x8b  ; 3312
    db 0xe5, 0x5d, 0xcb, 0x55, 0x8b, 0xec, 0x83, 0xec, 0x08, 0x80, 0x3e, 0x83, 0x1b, 0x14, 0x75, 0x2e  ; 3322
    db 0xbf, 0x05, 0x00, 0x57, 0x9a, 0x26, 0x02, 0x34, 0xea, 0xbf, 0x0a, 0x00, 0x57, 0x9a, 0x26, 0x02  ; 3332
    db 0x34, 0xea, 0xc7, 0x46, 0xf8, 0x0f, 0x00, 0xe9, 0x0b, 0x00, 0xff, 0x76, 0xf8, 0x9a, 0x26, 0x02  ; 3342
    db 0x34, 0xea, 0xff, 0x46, 0xf8, 0x83, 0x7e, 0xf8, 0x14, 0x7e, 0xef, 0xe9, 0x19, 0x00, 0xc7, 0x46  ; 3352
    db 0xf8, 0x00, 0x00, 0xe9, 0x0b, 0x00, 0xff, 0x76, 0xf8, 0x9a, 0x26, 0x02, 0x34, 0xea, 0xff, 0x46  ; 3362
    db 0xf8, 0x83, 0x7e, 0xf8, 0x14, 0x7e, 0xef, 0x8b, 0xe5, 0x5d, 0xcb, 0x55, 0x8b, 0xec, 0x83, 0xec  ; 3372
    db 0x0a, 0xa1, 0x70, 0x05, 0xd1, 0xe0, 0x89, 0x46, 0xf6, 0x83, 0x3e, 0x70, 0x05, 0x00, 0x74, 0x07  ; 3382
    db 0x80, 0x3e, 0x78, 0x1b, 0x00, 0x75, 0x78, 0xc7, 0x06, 0x5c, 0x06, 0x00, 0x00, 0xa0, 0x68, 0x1b  ; 3392
    db 0x24, 0x01, 0x3c, 0x00, 0x75, 0x0d, 0x8b, 0x3e, 0x5c, 0x06, 0xc6, 0x85, 0x5e, 0x06, 0x3e, 0xff  ; 33A2
    db 0x06, 0x5c, 0x06, 0xa0, 0x68, 0x1b, 0x24, 0x02, 0x3c, 0x00, 0x74, 0x0d, 0x8b, 0x3e, 0x5c, 0x06  ; 33B2
    db 0xc6, 0x85, 0x5e, 0x06, 0x07, 0xff, 0x06, 0x5c, 0x06, 0x2b, 0xff, 0x57, 0xba, 0x56, 0x00, 0x52  ; 33C2
    db 0xa0, 0x69, 0x1b, 0x2a, 0xe4, 0x50, 0xa0, 0x6a, 0x1b, 0x2a, 0xe4, 0x50, 0xa1, 0x5c, 0x06, 0xba  ; 33D2
    db 0x5e, 0x06, 0x03, 0xd0, 0x1e, 0x52, 0x9a, 0xda, 0x21, 0xd0, 0xea, 0x83, 0xc4, 0x08, 0x89, 0x1e  ; 33E2
    db 0x34, 0x06, 0x8c, 0x06, 0x36, 0x06, 0xa0, 0x68, 0x1b, 0x24, 0x08, 0x3c, 0x00, 0x74, 0x09, 0xc4  ; 33F2
    db 0x3e, 0x34, 0x06, 0x26, 0xc6, 0x45, 0xff, 0x16, 0xa0, 0x6a, 0x1b, 0x2a, 0xe4, 0xeb, 0x03, 0xe9  ; 3402
    db 0x7d, 0x00, 0x8a, 0x16, 0x69, 0x1b, 0x2a, 0xf6, 0x03, 0xc2, 0x8a, 0x1e, 0x18, 0x1c, 0x2a, 0xff  ; 3412
    db 0x83, 0xc3, 0x03, 0x3b, 0xc3, 0x7f, 0x1a, 0xa0, 0x6a, 0x1b, 0x2a, 0xe4, 0x8a, 0x1e, 0x69, 0x1b  ; 3422
    db 0x2a, 0xff, 0x03, 0xc3, 0x8a, 0x1e, 0x18, 0x1c, 0x2a, 0xff, 0x83, 0xc3, 0xfd, 0x3b, 0xc3, 0x7d  ; 3432
    db 0x0e, 0x80, 0x3e, 0x78, 0x1b, 0x00, 0x74, 0x07, 0xc6, 0x46, 0xf9, 0x02, 0xe9, 0x32, 0x00, 0xa0  ; 3442
    db 0x6a, 0x1b, 0x2a, 0xe4, 0x8a, 0x16, 0x69, 0x1b, 0x2a, 0xf6, 0x03, 0xc2, 0x8a, 0x1e, 0x18, 0x1c  ; 3452
    db 0x2a, 0xff, 0x3b, 0xc3, 0x74, 0x17, 0x80, 0x3e, 0x78, 0x1b, 0x00, 0x74, 0x10, 0xa0, 0x75, 0x1b  ; 3462
    db 0x24, 0x08, 0x3c, 0x00, 0x74, 0x07, 0xc6, 0x46, 0xf9, 0x02, 0xe9, 0x04, 0x00, 0xc6, 0x46, 0xf9  ; 3472
    db 0x00, 0x80, 0x3e, 0x69, 0x1b, 0xff, 0x75, 0x78, 0xc6, 0x46, 0xf9, 0x03, 0xe9, 0x71, 0x00, 0xc7  ; 3482
    db 0x06, 0x5c, 0x06, 0x00, 0x00, 0x8b, 0x46, 0xf6, 0xba, 0x0a, 0x00, 0xf7, 0xea, 0x8b, 0xf8, 0x8a  ; 3492
    db 0x95, 0x1a, 0x1c, 0x80, 0xe2, 0x01, 0x80, 0xfa, 0x00, 0x75, 0x0d, 0x8b, 0x1e, 0x5c, 0x06, 0xc6  ; 34A2
    db 0x87, 0x5e, 0x06, 0x3e, 0xff, 0x06, 0x5c, 0x06, 0x8b, 0x46, 0xf6, 0xba, 0x0a, 0x00, 0xf7, 0xea  ; 34B2
    db 0x8b, 0xf8, 0x8a, 0x95, 0x1a, 0x1c, 0x80, 0xe2, 0x02, 0x80, 0xfa, 0x00, 0x74, 0x0d, 0x8b, 0x1e  ; 34C2
    db 0x5c, 0x06, 0xc6, 0x87, 0x5e, 0x06, 0x07, 0xff, 0x06, 0x5c, 0x06, 0x2b, 0xff, 0x57, 0xba, 0x56  ; 34D2
    db 0x00, 0x52, 0x57, 0x8b, 0x46, 0xf6, 0xba, 0x0a, 0x00, 0xf7, 0xea, 0x8b, 0xd8, 0x8a, 0x97, 0x19  ; 34E2
    db 0x1c, 0x2a, 0xf6, 0x52, 0xa1, 0x5c, 0x06, 0xbb, 0x5e, 0x06, 0x03, 0xd8, 0x1e, 0x53, 0xeb, 0x03  ; 34F2
    db 0xe9, 0x33, 0x00, 0x9a, 0xda, 0x21, 0xd0, 0xea, 0x83, 0xc4, 0x08, 0x89, 0x1e, 0x34, 0x06, 0x8c  ; 3502
    db 0x06, 0x36, 0x06, 0x8b, 0x46, 0xf6, 0xba, 0x0a, 0x00, 0xf7, 0xea, 0x8b, 0xf8, 0x8a, 0x95, 0x1a  ; 3512
    db 0x1c, 0x80, 0xe2, 0x08, 0x80, 0xfa, 0x00, 0x74, 0x09, 0xc4, 0x1e, 0x34, 0x06, 0x26, 0xc6, 0x47  ; 3522
    db 0xff, 0x16, 0xc6, 0x46, 0xf9, 0x00, 0xbf, 0x24, 0x00, 0x57, 0xba, 0x11, 0x00, 0x52, 0x9a, 0xcc  ; 3532
    db 0x02, 0x51, 0xe9, 0x83, 0xc4, 0x02, 0x8a, 0x56, 0xf9, 0x2a, 0xf6, 0x52, 0xc4, 0x3e, 0x90, 0x1d  ; 3542
    db 0x26, 0x8b, 0x1d, 0xc4, 0x06, 0xc4, 0x1c, 0x8b, 0xf8, 0x03, 0xfb, 0x06, 0x57, 0x9a, 0xcf, 0x04  ; 3552
    db 0x51, 0xe9, 0x83, 0xc4, 0x02, 0x8b, 0xe5, 0x5d, 0xcb, 0x55, 0x8b, 0xec, 0x83, 0xec, 0x0a, 0xa1  ; 3562
    db 0x70, 0x05, 0xd1, 0xe0, 0x40, 0x89, 0x46, 0xf6, 0x83, 0x3e, 0x70, 0x05, 0x00, 0x74, 0x07, 0x80  ; 3572
    db 0x3e, 0x78, 0x1b, 0x00, 0x75, 0x78, 0xc7, 0x06, 0x5c, 0x06, 0x00, 0x00, 0xa0, 0x6b, 0x1b, 0x24  ; 3582
    db 0x01, 0x3c, 0x00, 0x75, 0x0d, 0x8b, 0x3e, 0x5c, 0x06, 0xc6, 0x85, 0x5e, 0x06, 0x3e, 0xff, 0x06  ; 3592
    db 0x5c, 0x06, 0xa0, 0x6b, 0x1b, 0x24, 0x02, 0x3c, 0x00, 0x74, 0x0d, 0x8b, 0x3e, 0x5c, 0x06, 0xc6  ; 35A2
    db 0x85, 0x5e, 0x06, 0x07, 0xff, 0x06, 0x5c, 0x06, 0x80, 0x3e, 0x6c, 0x1b, 0x00, 0x74, 0x0d, 0x8b  ; 35B2
    db 0x3e, 0x5c, 0x06, 0xc6, 0x85, 0x5e, 0x06, 0x17, 0xff, 0x06, 0x5c, 0x06, 0x2b, 0xff, 0x57, 0xba  ; 35C2
    db 0x56, 0x00, 0x52, 0xa0, 0x6d, 0x1b, 0x2a, 0xe4, 0x50, 0xa0, 0x6e, 0x1b, 0x2a, 0xe4, 0x50, 0xa1  ; 35D2
    db 0x5c, 0x06, 0xba, 0x5e, 0x06, 0x03, 0xd0, 0x1e, 0x52, 0x9a, 0xda, 0x21, 0xd0, 0xea, 0x83, 0xc4  ; 35E2
    db 0x08, 0x89, 0x1e, 0x34, 0x06, 0x8c, 0x06, 0x36, 0x06, 0xa0, 0x6b, 0x1b, 0xeb, 0x03, 0xe9, 0x91  ; 35F2
    db 0x00, 0x24, 0x08, 0x3c, 0x00, 0x74, 0x09, 0xc4, 0x3e, 0x34, 0x06, 0x26, 0xc6, 0x45, 0xff, 0x16  ; 3602
    db 0xa0, 0x6e, 0x1b, 0x2a, 0xe4, 0x8a, 0x16, 0x6d, 0x1b, 0x2a, 0xf6, 0x03, 0xc2, 0x8a, 0x1e, 0x22  ; 3612
    db 0x1c, 0x2a, 0xff, 0x83, 0xc3, 0x03, 0x3b, 0xc3, 0x7f, 0x1a, 0xa0, 0x6e, 0x1b, 0x2a, 0xe4, 0x8a  ; 3622
    db 0x1e, 0x6d, 0x1b, 0x2a, 0xff, 0x03, 0xc3, 0x8a, 0x1e, 0x22, 0x1c, 0x2a, 0xff, 0x83, 0xc3, 0xfd  ; 3632
    db 0x3b, 0xc3, 0x7d, 0x0e, 0x80, 0x3e, 0x78, 0x1b, 0x00, 0x74, 0x07, 0xc6, 0x46, 0xf9, 0x02, 0xe9  ; 3642
    db 0x32, 0x00, 0xa0, 0x6e, 0x1b, 0x2a, 0xe4, 0x8a, 0x16, 0x6d, 0x1b, 0x2a, 0xf6, 0x03, 0xc2, 0x8a  ; 3652
    db 0x1e, 0x22, 0x1c, 0x2a, 0xff, 0x3b, 0xc3, 0x74, 0x17, 0x80, 0x3e, 0x78, 0x1b, 0x00, 0x74, 0x10  ; 3662
    db 0xa0, 0x75, 0x1b, 0x24, 0x08, 0x3c, 0x00, 0x74, 0x07, 0xc6, 0x46, 0xf9, 0x02, 0xe9, 0x04, 0x00  ; 3672
    db 0xc6, 0x46, 0xf9, 0x00, 0x80, 0x3e, 0x6d, 0x1b, 0xff, 0x75, 0x77, 0xc6, 0x46, 0xf9, 0x03, 0xe9  ; 3682
    db 0x70, 0x00, 0xc7, 0x06, 0x5c, 0x06, 0x00, 0x00, 0x8b, 0x46, 0xf6, 0xba, 0x0a, 0x00, 0xf7, 0xea  ; 3692
    db 0x8b, 0xf8, 0x8a, 0x95, 0x1a, 0x1c, 0x80, 0xe2, 0x01, 0x80, 0xfa, 0x00, 0x75, 0x0d, 0x8b, 0x1e  ; 36A2
    db 0x5c, 0x06, 0xc6, 0x87, 0x5e, 0x06, 0x3e, 0xff, 0x06, 0x5c, 0x06, 0x8b, 0x46, 0xf6, 0xba, 0x0a  ; 36B2
    db 0x00, 0xf7, 0xea, 0x8b, 0xf8, 0x8a, 0x95, 0x1a, 0x1c, 0x80, 0xe2, 0x02, 0x80, 0xfa, 0x00, 0x74  ; 36C2
    db 0x0d, 0x8b, 0x1e, 0x5c, 0x06, 0xc6, 0x87, 0x5e, 0x06, 0x07, 0xff, 0x06, 0x5c, 0x06, 0xa1, 0x70  ; 36D2
    db 0x05, 0xd1, 0xe0, 0xd1, 0xe0, 0xd1, 0xe0, 0xd1, 0xe0, 0x8b, 0xf8, 0x8a, 0x95, 0x8c, 0x01, 0x80  ; 36E2
    db 0xe2, 0x80, 0x80, 0xfa, 0x00, 0x74, 0x12, 0x8b, 0x1e, 0x5c, 0x06, 0xc6, 0x87, 0x5e, 0x06, 0x17  ; 36F2
    db 0xeb, 0x03, 0xe9, 0x5a, 0x00, 0xff, 0x06, 0x5c, 0x06, 0x2b, 0xff, 0x57, 0xba, 0x56, 0x00, 0x52  ; 3702
    db 0x57, 0x8b, 0x46, 0xf6, 0xba, 0x0a, 0x00, 0xf7, 0xea, 0x8b, 0xd8, 0x8a, 0x97, 0x19, 0x1c, 0x2a  ; 3712
    db 0xf6, 0x52, 0xa1, 0x5c, 0x06, 0xbb, 0x5e, 0x06, 0x03, 0xd8, 0x1e, 0x53, 0x9a, 0xda, 0x21, 0xd0  ; 3722
    db 0xea, 0x83, 0xc4, 0x08, 0x89, 0x1e, 0x34, 0x06, 0x8c, 0x06, 0x36, 0x06, 0x8b, 0x46, 0xf6, 0xba  ; 3732
    db 0x0a, 0x00, 0xf7, 0xea, 0x8b, 0xf8, 0x8a, 0x95, 0x1a, 0x1c, 0x80, 0xe2, 0x08, 0x80, 0xfa, 0x00  ; 3742
    db 0x74, 0x09, 0xc4, 0x1e, 0x34, 0x06, 0x26, 0xc6, 0x47, 0xff, 0x16, 0xc6, 0x46, 0xf9, 0x00, 0xbf  ; 3752
    db 0x25, 0x00, 0x57, 0xbf, 0x11, 0x00, 0x57, 0x9a, 0xcc, 0x02, 0x51, 0xe9, 0x83, 0xc4, 0x02, 0x8a  ; 3762
    db 0x56, 0xf9, 0x2a, 0xf6, 0x52, 0xc4, 0x3e, 0xc4, 0x1c, 0x8c, 0xc0, 0xc4, 0x1e, 0x90, 0x1d, 0x26  ; 3772
    db 0x8b, 0x57, 0x02, 0x8e, 0xc0, 0x8b, 0xdf, 0x03, 0xda, 0x06, 0x53, 0x9a, 0xcf, 0x04, 0x51, 0xe9  ; 3782
    db 0x83, 0xc4, 0x02, 0x8b, 0xe5, 0x5d, 0xcb, 0x55, 0x8b, 0xec, 0x83, 0xec, 0x08, 0xbf, 0x26, 0x00  ; 3792
    db 0x57, 0xbf, 0x10, 0x00, 0x57, 0x57, 0xc4, 0x3e, 0xa0, 0x1d, 0x26, 0xff, 0x75, 0x04, 0xc4, 0x1e  ; 37A2
    db 0x9c, 0x1d, 0x26, 0xff, 0x77, 0x04, 0xc4, 0x16, 0xc4, 0x1c, 0x8c, 0xc3, 0xc4, 0x3e, 0x90, 0x1d  ; 37B2
    db 0x26, 0x8b, 0x45, 0x04, 0x8e, 0xc3, 0x8b, 0xfa, 0x03, 0xf8, 0x06, 0x57, 0x9a, 0x48, 0x03, 0x51  ; 37C2
    db 0xe9, 0x83, 0xc4, 0x0a, 0xc7, 0x06, 0x5c, 0x06, 0x00, 0x00, 0x83, 0x3e, 0x70, 0x05, 0x00, 0x74  ; 37D2
    db 0x07, 0x80, 0x3e, 0x78, 0x1b, 0x00, 0x75, 0x76, 0x80, 0x3e, 0x78, 0x1b, 0x00, 0x75, 0x19, 0xa0  ; 37E2
    db 0x72, 0x1b, 0x24, 0x10, 0x3c, 0x00, 0x74, 0x2d, 0x8b, 0x3e, 0x5c, 0x06, 0xc6, 0x85, 0x5e, 0x06  ; 37F2
    db 0x3e, 0xff, 0x06, 0x5c, 0x06, 0xe9, 0x1d, 0x00, 0xa0, 0x72, 0x1b, 0x24, 0x10, 0x3c, 0x00, 0x74  ; 3802
    db 0x14, 0x80, 0x3e, 0x70, 0x1b, 0x04, 0x75, 0x0d, 0x8b, 0x3e, 0x5c, 0x06, 0xc6, 0x85, 0x5e, 0x06  ; 3812
    db 0x63, 0xff, 0x06, 0x5c, 0x06, 0x80, 0x3e, 0x64, 0x1b, 0x16, 0x75, 0x47, 0x8b, 0x3e, 0x5c, 0x06  ; 3822
    db 0xff, 0x06, 0x5c, 0x06, 0xc6, 0x85, 0x5e, 0x06, 0x45, 0x8b, 0x1e, 0x5c, 0x06, 0xff, 0x06, 0x5c  ; 3832
    db 0x06, 0xc6, 0x87, 0x5e, 0x06, 0x58, 0x8b, 0x3e, 0x5c, 0x06, 0xff, 0x06, 0x5c, 0x06, 0xc6, 0x85  ; 3842
    db 0x5e, 0x06, 0x54, 0x8b, 0x3e, 0x5c, 0x06, 0xc6, 0x85, 0x5e, 0x06, 0x00, 0xeb, 0x03, 0xe9, 0xa9  ; 3852
    db 0x00, 0xba, 0x5e, 0x06, 0x03, 0x16, 0x5c, 0x06, 0x89, 0x16, 0x34, 0x06, 0x8c, 0x1e, 0x36, 0x06  ; 3862
    db 0xe9, 0x77, 0x00, 0x80, 0x3e, 0x78, 0x1b, 0x00, 0x74, 0x43, 0xa0, 0x72, 0x1b, 0x24, 0x40, 0x3c  ; 3872
    db 0x00, 0x74, 0x3a, 0x80, 0x3e, 0x64, 0x1b, 0x12, 0x76, 0x33, 0x2b, 0xff, 0x57, 0xba, 0x73, 0x00  ; 3882
    db 0x52, 0xa0, 0x72, 0x1b, 0x2a, 0xe4, 0x50, 0xa0, 0x64, 0x1b, 0x2a, 0xe4, 0x05, 0x03, 0x00, 0x50  ; 3892
    db 0xa1, 0x5c, 0x06, 0xba, 0x5e, 0x06, 0x03, 0xd0, 0x1e, 0x52, 0x9a, 0xda, 0x21, 0xd0, 0xea, 0x83  ; 38A2
    db 0xc4, 0x08, 0x89, 0x1e, 0x34, 0x06, 0x8c, 0x06, 0x36, 0x06, 0xe9, 0x2d, 0x00, 0x2b, 0xff, 0x57  ; 38B2
    db 0xba, 0x73, 0x00, 0x52, 0xa0, 0x72, 0x1b, 0x2a, 0xe4, 0x50, 0xa0, 0x64, 0x1b, 0x2a, 0xe4, 0x50  ; 38C2
    db 0xa1, 0x5c, 0x06, 0xbf, 0x5e, 0x06, 0x03, 0xf8, 0x1e, 0x57, 0x9a, 0xda, 0x21, 0xd0, 0xea, 0x83  ; 38D2
    db 0xc4, 0x08, 0x89, 0x1e, 0x34, 0x06, 0x8c, 0x06, 0x36, 0x06, 0xa0, 0x8c, 0x1b, 0x8a, 0x16, 0x8e  ; 38E2
    db 0x01, 0x3a, 0xc2, 0x74, 0x0e, 0x80, 0x3e, 0x78, 0x1b, 0x00, 0x74, 0x07, 0xc6, 0x46, 0xf9, 0x02  ; 38F2
    db 0xe9, 0xd5, 0x00, 0xc6, 0x46, 0xf9, 0x00, 0xe9, 0xce, 0x00, 0xa1, 0x70, 0x05, 0xd1, 0xe0, 0xd1  ; 3902
    db 0xe0, 0xd1, 0xe0, 0xd1, 0xe0, 0x8b, 0xf8, 0x8a, 0x95, 0x8c, 0x01, 0x80, 0xe2, 0x40, 0x80, 0xfa  ; 3912
    db 0x00, 0x74, 0x0d, 0x8b, 0x1e, 0x5c, 0x06, 0xc6, 0x87, 0x5e, 0x06, 0x63, 0xff, 0x06, 0x5c, 0x06  ; 3922
    db 0xa1, 0x70, 0x05, 0xd1, 0xe0, 0xd1, 0xe0, 0xd1, 0xe0, 0xd1, 0xe0, 0x8b, 0xf8, 0x80, 0xbd, 0x8e  ; 3932
    db 0x01, 0x19, 0x75, 0x42, 0x8b, 0x1e, 0x5c, 0x06, 0xff, 0x06, 0x5c, 0x06, 0xc6, 0x87, 0x5e, 0x06  ; 3942
    db 0x45, 0x8b, 0x1e, 0x5c, 0x06, 0xff, 0x06, 0x5c, 0x06, 0xc6, 0x87, 0x5e, 0x06, 0x58, 0x8b, 0x1e  ; 3952
    db 0x5c, 0x06, 0xff, 0x06, 0x5c, 0x06, 0xc6, 0x87, 0x5e, 0x06, 0x54, 0x8b, 0x1e, 0x5c, 0x06, 0xc6  ; 3962
    db 0x87, 0x5e, 0x06, 0x00, 0xbf, 0x5e, 0x06, 0x03, 0x3e, 0x5c, 0x06, 0x89, 0x3e, 0x34, 0x06, 0x8c  ; 3972
    db 0x1e, 0x36, 0x06, 0xe9, 0x4e, 0x00, 0xff, 0x36, 0x70, 0x05, 0xbf, 0x73, 0x00, 0x57, 0xa1, 0x70  ; 3982
    db 0x05, 0xd1, 0xe0, 0xd1, 0xe0, 0xd1, 0xe0, 0xd1, 0xe0, 0x8b, 0xf8, 0x8a, 0x95, 0x8c, 0x01, 0x2a  ; 3992
    db 0xf6, 0xd1, 0xe2, 0xd1, 0xe2, 0x52, 0xa1, 0x70, 0x05, 0xd1, 0xe0, 0xd1, 0xe0, 0xd1, 0xe0, 0xd1  ; 39A2
    db 0xe0, 0x8b, 0xd8, 0x8a, 0x97, 0x8e, 0x01, 0x2a, 0xf6, 0x52, 0xa1, 0x5c, 0x06, 0xbb, 0x5e, 0x06  ; 39B2
    db 0x03, 0xd8, 0x1e, 0x53, 0x9a, 0xda, 0x21, 0xd0, 0xea, 0x83, 0xc4, 0x08, 0x89, 0x1e, 0x34, 0x06  ; 39C2
    db 0x8c, 0x06, 0x36, 0x06, 0xc6, 0x46, 0xf9, 0x00, 0xbf, 0x26, 0x00, 0x57, 0xbf, 0x11, 0x00, 0x57  ; 39D2
    db 0x9a, 0xcc, 0x02, 0x51, 0xe9, 0x83, 0xc4, 0x02, 0x8a, 0x56, 0xf9, 0x2a, 0xf6, 0x52, 0xc4, 0x3e  ; 39E2
    db 0xc4, 0x1c, 0x8c, 0xc0, 0xc4, 0x1e, 0x90, 0x1d, 0x26, 0x8b, 0x57, 0x04, 0x8e, 0xc0, 0x8b, 0xdf  ; 39F2
    db 0x03, 0xda, 0x06, 0x53, 0x9a, 0xcf, 0x04, 0x51, 0xe9, 0x83, 0xc4, 0x02, 0x8b, 0xe5, 0x5d, 0xcb  ; 3A02
    db 0x55, 0x8b, 0xec, 0x83, 0xec, 0x08, 0xc7, 0x06, 0x5c, 0x06, 0x00, 0x00, 0x83, 0x3e, 0x70, 0x05  ; 3A12
    db 0x00, 0x74, 0x07, 0x80, 0x3e, 0x78, 0x1b, 0x00, 0x75, 0x77, 0x80, 0x3e, 0x78, 0x1b, 0x00, 0x75  ; 3A22
    db 0x19, 0xa0, 0x72, 0x1b, 0x24, 0x10, 0x3c, 0x00, 0x74, 0x2d, 0x8b, 0x3e, 0x5c, 0x06, 0xc6, 0x85  ; 3A32
    db 0x5e, 0x06, 0x3e, 0xff, 0x06, 0x5c, 0x06, 0xe9, 0x1d, 0x00, 0xa0, 0x72, 0x1b, 0x24, 0x10, 0x3c  ; 3A42
    db 0x00, 0x74, 0x14, 0x80, 0x3e, 0x70, 0x1b, 0x04, 0x75, 0x0d, 0x8b, 0x3e, 0x5c, 0x06, 0xc6, 0x85  ; 3A52
    db 0x5e, 0x06, 0x63, 0xff, 0x06, 0x5c, 0x06, 0x2b, 0xff, 0x57, 0xba, 0x73, 0x00, 0x52, 0xa0, 0x72  ; 3A62
    db 0x1b, 0x2a, 0xe4, 0x50, 0xa0, 0x67, 0x1b, 0x2a, 0xe4, 0x50, 0xa1, 0x5c, 0x06, 0xba, 0x5e, 0x06  ; 3A72
    db 0x03, 0xd0, 0x1e, 0x52, 0x9a, 0xda, 0x21, 0xd0, 0xea, 0x83, 0xc4, 0x08, 0x89, 0x1e, 0x34, 0x06  ; 3A82
    db 0x8c, 0x06, 0x36, 0x06, 0xa0, 0x8c, 0x1b, 0x8a, 0x16, 0x8e, 0x01, 0x3a, 0xc2, 0x74, 0x13, 0xeb  ; 3A92
    db 0x03, 0xe9, 0x15, 0x00, 0x80, 0x3e, 0x78, 0x1b, 0x00, 0x74, 0x07, 0xc6, 0x46, 0xf9, 0x02, 0xe9  ; 3AA2
    db 0x7f, 0x00, 0xc6, 0x46, 0xf9, 0x00, 0xe9, 0x78, 0x00, 0xa1, 0x70, 0x05, 0xd1, 0xe0, 0xd1, 0xe0  ; 3AB2
    db 0xd1, 0xe0, 0xd1, 0xe0, 0x8b, 0xf8, 0x8a, 0x95, 0x8c, 0x01, 0x80, 0xe2, 0x40, 0x80, 0xfa, 0x00  ; 3AC2
    db 0x74, 0x0d, 0x8b, 0x1e, 0x5c, 0x06, 0xc6, 0x87, 0x5e, 0x06, 0x63, 0xff, 0x06, 0x5c, 0x06, 0xff  ; 3AD2
    db 0x36, 0x70, 0x05, 0xbf, 0x73, 0x00, 0x57, 0xa1, 0x70, 0x05, 0xd1, 0xe0, 0xd1, 0xe0, 0xd1, 0xe0  ; 3AE2
    db 0xd1, 0xe0, 0x8b, 0xf8, 0x8a, 0x95, 0x8c, 0x01, 0x2a, 0xf6, 0xd1, 0xe2, 0xd1, 0xe2, 0x52, 0xa1  ; 3AF2
    db 0x70, 0x05, 0xd1, 0xe0, 0xd1, 0xe0, 0xd1, 0xe0, 0xd1, 0xe0, 0x8b, 0xd8, 0x8a, 0x97, 0x8e, 0x01  ; 3B02
    db 0x2a, 0xf6, 0x52, 0xa1, 0x5c, 0x06, 0xbb, 0x5e, 0x06, 0x03, 0xd8, 0x1e, 0x53, 0x9a, 0xda, 0x21  ; 3B12
    db 0xd0, 0xea, 0x83, 0xc4, 0x08, 0x89, 0x1e, 0x34, 0x06, 0x8c, 0x06, 0x36, 0x06, 0xc6, 0x46, 0xf9  ; 3B22
    db 0x00, 0xbf, 0x27, 0x00, 0x57, 0xbf, 0x11, 0x00, 0x57, 0x9a, 0xcc, 0x02, 0x51, 0xe9, 0x83, 0xc4  ; 3B32
    db 0x02, 0x8a, 0x56, 0xf9, 0x2a, 0xf6, 0x52, 0xc4, 0x3e, 0xc4, 0x1c, 0x8c, 0xc0, 0xc4, 0x1e, 0x90  ; 3B42
    db 0x1d, 0x26, 0x8b, 0x57, 0x06, 0x8e, 0xc0, 0x8b, 0xdf, 0x03, 0xda, 0x06, 0x53, 0x9a, 0xcf, 0x04  ; 3B52
    db 0x51, 0xe9, 0x83, 0xc4, 0x02, 0x8b, 0xe5, 0x5d, 0xcb, 0x55, 0x8b, 0xec, 0x83, 0xec, 0x06, 0xc7  ; 3B62
    db 0x06, 0x5c, 0x06, 0x00, 0x00, 0x80, 0x3e, 0x64, 0x1b, 0x16, 0x75, 0x20, 0xc6, 0x06, 0x5e, 0x06  ; 3B72
    db 0x31, 0xc6, 0x06, 0x5f, 0x06, 0x64, 0xc6, 0x06, 0x60, 0x06, 0x00, 0xbf, 0x5e, 0x06, 0x83, 0xc7  ; 3B82
    db 0x02, 0x89, 0x3e, 0x34, 0x06, 0x8c, 0x1e, 0x36, 0x06, 0xe9, 0x2d, 0x00, 0x2b, 0xff, 0x57, 0xba  ; 3B92
    db 0x73, 0x00, 0x52, 0xa0, 0x72, 0x1b, 0x2a, 0xe4, 0x50, 0xa0, 0x64, 0x1b, 0x2a, 0xe4, 0x50, 0xa1  ; 3BA2
    db 0x5c, 0x06, 0xba, 0x5e, 0x06, 0x03, 0xd0, 0x1e, 0x52, 0x9a, 0xda, 0x21, 0xd0, 0xea, 0x83, 0xc4  ; 3BB2
    db 0x08, 0x89, 0x1e, 0x34, 0x06, 0x8c, 0x06, 0x36, 0x06, 0xc4, 0x3e, 0x34, 0x06, 0x26, 0x80, 0x7d  ; 3BC2
    db 0xfe, 0x6d, 0x74, 0x16, 0xc4, 0x1e, 0x34, 0x06, 0x26, 0x80, 0x7f, 0xfe, 0x6e, 0x74, 0x0b, 0xc4  ; 3BD2
    db 0x3e, 0x34, 0x06, 0x26, 0x80, 0x7d, 0xfe, 0x15, 0x75, 0x0f, 0xc4, 0x3e, 0x34, 0x06, 0x26, 0x8a  ; 3BE2
    db 0x55, 0xfe, 0x88, 0x16, 0x55, 0x06, 0xe9, 0x05, 0x00, 0xc6, 0x06, 0x55, 0x06, 0x00, 0xc4, 0x3e  ; 3BF2
    db 0x34, 0x06, 0x26, 0x8a, 0x55, 0xff, 0x88, 0x16, 0x54, 0x06, 0xbb, 0x38, 0x06, 0x83, 0xc3, 0x1a  ; 3C02
    db 0x1e, 0x53, 0xa1, 0x5c, 0x06, 0xbf, 0x5e, 0x06, 0x03, 0xf8, 0x1e, 0x57, 0x9a, 0x82, 0x21, 0xd0  ; 3C12
    db 0xea, 0x83, 0xc4, 0x04, 0xa3, 0x50, 0x06, 0xa0, 0x72, 0x1b, 0x24, 0x20, 0x3c, 0x00, 0x74, 0x04  ; 3C22
    db 0xff, 0x06, 0x52, 0x06, 0x8b, 0xe5, 0x5d, 0xcb, 0x55, 0x8b, 0xec, 0x83, 0xec, 0x1e, 0xa1, 0x70  ; 3C32
    db 0x05, 0xd1, 0xe0, 0x89, 0x46, 0xf6, 0xba, 0x0e, 0x00, 0xf7, 0xea, 0xbf, 0x74, 0x05, 0x03, 0xf8  ; 3C42
    db 0x89, 0x7e, 0xf0, 0x8c, 0x5e, 0xf2, 0x8b, 0x56, 0xf6, 0x42, 0x8b, 0xc2, 0xba, 0x0e, 0x00, 0xf7  ; 3C52
    db 0xea, 0xba, 0x74, 0x05, 0x03, 0xd0, 0x89, 0x56, 0xec, 0x8c, 0x5e, 0xee, 0x8b, 0x46, 0xf6, 0xba  ; 3C62
    db 0x0a, 0x00, 0xf7, 0xea, 0xba, 0x14, 0x1c, 0x03, 0xd0, 0x89, 0x56, 0xe8, 0x8c, 0x5e, 0xea, 0x8b  ; 3C72
    db 0x5e, 0xf6, 0x43, 0x8b, 0xc3, 0xba, 0x0a, 0x00, 0xf7, 0xea, 0xba, 0x14, 0x1c, 0x03, 0xd0, 0x89  ; 3C82
    db 0x56, 0xe4, 0x8c, 0x5e, 0xe6, 0xa1, 0x76, 0x06, 0x25, 0x01, 0x04, 0x3d, 0x00, 0x00, 0x74, 0x78  ; 3C92
    db 0xa1, 0x70, 0x05, 0xd1, 0xe0, 0xd1, 0xe0, 0xd1, 0xe0, 0xd1, 0xe0, 0x8b, 0xf8, 0x8a, 0x9d, 0x8c  ; 3CA2
    db 0x01, 0x80, 0xe3, 0x01, 0x80, 0xfb, 0x00, 0x74, 0x19, 0xa1, 0x70, 0x05, 0xd1, 0xe0, 0xd1, 0xe0  ; 3CB2
    db 0xd1, 0xe0, 0xd1, 0xe0, 0x8b, 0xd8, 0x8a, 0x97, 0x8c, 0x01, 0x80, 0xe2, 0x40, 0x80, 0xfa, 0x00  ; 3CC2
    db 0x74, 0x1e, 0xc4, 0x7e, 0xec, 0x26, 0x8b, 0x55, 0x02, 0xd1, 0xfa, 0xd1, 0xfa, 0xc4, 0x5e, 0xf0  ; 3CD2
    db 0x26, 0x8b, 0x47, 0x02, 0xd1, 0xf8, 0xd1, 0xf8, 0x2b, 0xc2, 0x89, 0x46, 0xf8, 0xe9, 0x13, 0x00  ; 3CE2
    db 0xc4, 0x7e, 0xec, 0x26, 0x8b, 0x55, 0x02, 0xc4, 0x5e, 0xf0, 0x26, 0x8b, 0x47, 0x02, 0x2b, 0xc2  ; 3CF2
    db 0x89, 0x46, 0xf8, 0x83, 0x7e, 0xf8, 0x00, 0x7d, 0x08, 0x8b, 0x7e, 0xf8, 0xf7, 0xdf, 0x89, 0x7e  ; 3D02
    db 0xf8, 0x1e, 0xbf, 0x5e, 0x06, 0x57, 0xeb, 0x03, 0xe9, 0x6d, 0x00, 0xba, 0x02, 0x00, 0x52, 0xff  ; 3D12
    db 0x76, 0xf8, 0x9a, 0xae, 0x23, 0xd0, 0xea, 0x83, 0xc4, 0x06, 0x80, 0x3e, 0xf9, 0x1b, 0x00, 0x74  ; 3D22
    db 0x08, 0x2b, 0xff, 0x57, 0x9a, 0x32, 0x09, 0xba, 0x91, 0x80, 0x3e, 0xea, 0x03, 0x00, 0x74, 0x14  ; 3D32
    db 0x1e, 0xbf, 0x5e, 0x06, 0x57, 0xba, 0x03, 0x00, 0x52, 0xff, 0x76, 0xf8, 0x9a, 0xd9, 0x24, 0xd0  ; 3D42
    db 0xea, 0x83, 0xc4, 0x06, 0x80, 0x3e, 0x86, 0x06, 0x00, 0x75, 0x27, 0xbf, 0x2d, 0x00, 0x57, 0xbf  ; 3D52
    db 0x11, 0x00, 0x57, 0x9a, 0xcc, 0x02, 0x51, 0xe9, 0x83, 0xc4, 0x02, 0xc7, 0x06, 0x78, 0x06, 0x15  ; 3D62
    db 0x00, 0x2b, 0xff, 0x57, 0xc4, 0x16, 0x9a, 0x06, 0x06, 0x52, 0x9a, 0xcf, 0x04, 0x51, 0xe9, 0x83  ; 3D72
    db 0xc4, 0x02, 0xc7, 0x06, 0x78, 0x06, 0x00, 0x00, 0xa1, 0x76, 0x06, 0x25, 0x01, 0x08, 0x3d, 0x00  ; 3D82
    db 0x00, 0x74, 0x78, 0xc4, 0x7e, 0xf0, 0x26, 0x83, 0x7d, 0x02, 0x00, 0x74, 0x0a, 0xc4, 0x5e, 0xec  ; 3D92
    db 0x26, 0x83, 0x7f, 0x02, 0x00, 0x75, 0x67, 0xc4, 0x7e, 0xe8, 0x26, 0x80, 0x7d, 0x07, 0x00, 0x74  ; 3DA2
    db 0x1e, 0x80, 0x3e, 0x7c, 0x06, 0x00, 0x74, 0x32, 0xba, 0x07, 0x00, 0x52, 0x9a, 0x26, 0x02, 0x34  ; 3DB2
    db 0xea, 0xc6, 0x06, 0x7c, 0x06, 0x00, 0xc7, 0x06, 0x82, 0x06, 0xff, 0xff, 0xe9, 0x1b, 0x00, 0x80  ; 3DC2
    db 0x3e, 0x7c, 0x06, 0x00, 0x75, 0x14, 0xbf, 0x07, 0x00, 0x57, 0x9a, 0x26, 0x02, 0x34, 0xea, 0xc6  ; 3DD2
    db 0x06, 0x7c, 0x06, 0x01, 0xc7, 0x06, 0x82, 0x06, 0xff, 0xff, 0xc4, 0x7e, 0xe4, 0x26, 0x80, 0x7d  ; 3DE2
    db 0x07, 0x00, 0x74, 0x26, 0x80, 0x3e, 0x7d, 0x06, 0x00, 0x74, 0x73, 0xba, 0x08, 0x00, 0x52, 0x9a  ; 3DF2
    db 0x26, 0x02, 0x34, 0xea, 0xc6, 0x06, 0x7d, 0x06, 0x00, 0xeb, 0x06, 0xe9, 0x60, 0x00, 0xe9, 0x27  ; 3E02
    db 0x00, 0xc7, 0x06, 0x84, 0x06, 0xff, 0xff, 0xe9, 0x54, 0x00, 0x80, 0x3e, 0x7d, 0x06, 0x00, 0x75  ; 3E12
    db 0x14, 0xbf, 0x08, 0x00, 0x57, 0x9a, 0x26, 0x02, 0x34, 0xea, 0xc6, 0x06, 0x7d, 0x06, 0x01, 0xc7  ; 3E22
    db 0x06, 0x84, 0x06, 0xff, 0xff, 0xe9, 0x36, 0x00, 0x80, 0x3e, 0x7d, 0x06, 0x00, 0x74, 0x07, 0x80  ; 3E32
    db 0x3e, 0x7c, 0x06, 0x00, 0x75, 0x28, 0xbf, 0x07, 0x00, 0x57, 0x9a, 0x26, 0x02, 0x34, 0xea, 0xbf  ; 3E42
    db 0x08, 0x00, 0x57, 0x9a, 0x26, 0x02, 0x34, 0xea, 0xc6, 0x06, 0x7c, 0x06, 0x01, 0xc6, 0x06, 0x7d  ; 3E52
    db 0x06, 0x01, 0xc7, 0x06, 0x82, 0x06, 0xff, 0xff, 0xc7, 0x06, 0x84, 0x06, 0xff, 0xff, 0xc4, 0x7e  ; 3E62
    db 0xec, 0x26, 0x8b, 0x55, 0x02, 0x89, 0x56, 0xf4, 0xa1, 0x70, 0x05, 0xd1, 0xe0, 0xd1, 0xe0, 0xd1  ; 3E72
    db 0xe0, 0xd1, 0xe0, 0x8b, 0xd8, 0x8a, 0x87, 0x8c, 0x01, 0x24, 0x40, 0x3c, 0x00, 0x74, 0x2f, 0x83  ; 3E82
    db 0x7e, 0xf6, 0x00, 0x75, 0x29, 0xc7, 0x46, 0xf6, 0x08, 0x00, 0xba, 0x70, 0x00, 0xb8, 0x74, 0x05  ; 3E92
    db 0x03, 0xc2, 0x89, 0x46, 0xf0, 0x8c, 0x5e, 0xf2, 0xbf, 0x08, 0x00, 0x47, 0x8b, 0xc7, 0xba, 0x0e  ; 3EA2
    db 0x00, 0xf7, 0xea, 0xba, 0x74, 0x05, 0x03, 0xd0, 0x89, 0x56, 0xec, 0x8c, 0x5e, 0xee, 0xa1, 0x70  ; 3EB2
    db 0x05, 0xd1, 0xe0, 0xd1, 0xe0, 0xd1, 0xe0, 0xd1, 0xe0, 0x8b, 0xf8, 0x8a, 0x95, 0x8f, 0x01, 0x80  ; 3EC2
    db 0xe2, 0x09, 0x80, 0xfa, 0x00, 0x75, 0x40, 0xa1, 0x70, 0x05, 0xd1, 0xe0, 0xd1, 0xe0, 0xd1, 0xe0  ; 3ED2
    db 0xd1, 0xe0, 0x8b, 0xd8, 0x8a, 0x97, 0x8f, 0x01, 0x80, 0xe2, 0x02, 0x80, 0xfa, 0x00, 0x75, 0x68  ; 3EE2
    db 0xa1, 0x70, 0x05, 0xd1, 0xe0, 0xba, 0x0a, 0x00, 0xf7, 0xea, 0x8b, 0xf8, 0x8a, 0x95, 0x18, 0x1c  ; 3EF2
    db 0xa1, 0x70, 0x05, 0xd1, 0xe0, 0x40, 0x8a, 0xda, 0xba, 0x0a, 0x00, 0xf7, 0xea, 0x8b, 0xf8, 0x8a  ; 3F02
    db 0x95, 0x18, 0x1c, 0x3a, 0xda, 0x75, 0x41, 0xa1, 0x76, 0x06, 0x25, 0x05, 0x08, 0x3d, 0x00, 0x00  ; 3F12
    db 0x74, 0x62, 0x80, 0x3e, 0x7c, 0x06, 0x00, 0x75, 0x5e, 0x83, 0x7e, 0xf4, 0x00, 0x75, 0x2c, 0xc4  ; 3F22
    db 0x7e, 0xe8, 0x26, 0x8b, 0x55, 0x08, 0x52, 0xc4, 0x5e, 0xf0, 0x26, 0xff, 0x77, 0x06, 0xff, 0x76  ; 3F32
    db 0xf6, 0xc4, 0x06, 0x80, 0x1c, 0x06, 0x50, 0x9a, 0x6e, 0x02, 0x0a, 0xf8, 0x83, 0xc4, 0x04, 0x5f  ; 3F42
    db 0x2b, 0xc7, 0x89, 0x46, 0xf8, 0xe9, 0xbd, 0x00, 0xe9, 0x56, 0x01, 0xc4, 0x7e, 0xe8, 0x26, 0x8b  ; 3F52
    db 0x55, 0x08, 0x52, 0xc4, 0x5e, 0xec, 0x26, 0xff, 0x77, 0x06, 0xff, 0x76, 0xf6, 0xc4, 0x06, 0x80  ; 3F62
    db 0x1c, 0x06, 0x50, 0x9a, 0x6e, 0x02, 0x0a, 0xf8, 0x83, 0xc4, 0x04, 0x5f, 0x2b, 0xc7, 0x89, 0x46  ; 3F72
    db 0xf8, 0xe9, 0x91, 0x00, 0xe9, 0x40, 0x01, 0xa1, 0x70, 0x05, 0xd1, 0xe0, 0xd1, 0xe0, 0xd1, 0xe0  ; 3F82
    db 0xd1, 0xe0, 0x8b, 0xf8, 0x8a, 0x95, 0x8c, 0x01, 0x80, 0xe2, 0x20, 0x80, 0xfa, 0x00, 0x74, 0x3a  ; 3F92
    db 0xc4, 0x5e, 0xec, 0x26, 0xff, 0x77, 0x06, 0xff, 0x76, 0xf6, 0xc4, 0x16, 0x80, 0x1c, 0x06, 0x52  ; 3FA2
    db 0x9a, 0x6e, 0x02, 0x0a, 0xf8, 0x83, 0xc4, 0x04, 0x50, 0xc4, 0x7e, 0xf0, 0x26, 0xff, 0x75, 0x06  ; 3FB2
    db 0xff, 0x76, 0xf6, 0xc4, 0x16, 0x80, 0x1c, 0x06, 0x52, 0x9a, 0x6e, 0x02, 0x0a, 0xf8, 0x83, 0xc4  ; 3FC2
    db 0x04, 0x5f, 0x2b, 0xc7, 0x89, 0x46, 0xf8, 0xe9, 0x3b, 0x00, 0xc4, 0x7e, 0xec, 0x26, 0x8b, 0x55  ; 3FD2
    db 0x06, 0x42, 0x52, 0xff, 0x76, 0xf6, 0xc4, 0x1e, 0x80, 0x1c, 0x06, 0x53, 0x9a, 0x6e, 0x02, 0x0a  ; 3FE2
    db 0xf8, 0x83, 0xc4, 0x04, 0x50, 0xc4, 0x7e, 0xf0, 0x26, 0x8b, 0x55, 0x06, 0x42, 0x52, 0xff, 0x76  ; 3FF2
    db 0xf6, 0xc4, 0x1e, 0x80, 0x1c, 0x06, 0x53, 0x9a, 0x6e, 0x02, 0x0a, 0xf8, 0x83, 0xc4, 0x04, 0x5f  ; 4002
    db 0x2b, 0xc7, 0x89, 0x46, 0xf8, 0xc7, 0x46, 0xe2, 0x00, 0x00, 0x83, 0x7e, 0xf8, 0x00, 0x7d, 0x19  ; 4012
    db 0x8b, 0x7e, 0xf8, 0xf7, 0xdf, 0x89, 0x7e, 0xf8, 0x80, 0x3e, 0x7c, 0x06, 0x00, 0x75, 0x0a, 0xc6  ; 4022
    db 0x06, 0x5e, 0x06, 0x2d, 0xc7, 0x46, 0xe2, 0x01, 0x00, 0xa1, 0x76, 0x06, 0x25, 0x04, 0x00, 0x3d  ; 4032
    db 0x00, 0x00, 0x75, 0x09, 0x8b, 0x7e, 0xf8, 0x39, 0x3e, 0x82, 0x06, 0x74, 0x61, 0x8b, 0x7e, 0xf8  ; 4042
    db 0x89, 0x3e, 0x82, 0x06, 0x8b, 0x56, 0xe2, 0xbb, 0x5e, 0x06, 0x03, 0xda, 0x1e, 0x53, 0x2b, 0xc0  ; 4052
    db 0x50, 0x57, 0x9a, 0xae, 0x23, 0xd0, 0xea, 0x83, 0xc4, 0x06, 0x80, 0x3e, 0x86, 0x06, 0x00, 0x75  ; 4062
    db 0x2d, 0xbf, 0x2b, 0x00, 0x57, 0xbf, 0x11, 0x00, 0x57, 0x9a, 0xcc, 0x02, 0x51, 0xe9, 0x83, 0xc4  ; 4072
    db 0x02, 0xc7, 0x06, 0x78, 0x06, 0x1c, 0x00, 0x2b, 0xff, 0x57, 0xc4, 0x16, 0x9e, 0x06, 0x06, 0x52  ; 4082
    db 0x9a, 0xcf, 0x04, 0x51, 0xe9, 0x83, 0xc4, 0x02, 0xc7, 0x06, 0x78, 0x06, 0x00, 0x00, 0x80, 0x3e  ; 4092
    db 0xf9, 0x1b, 0x00, 0x74, 0x09, 0xbf, 0x01, 0x00, 0x57, 0x9a, 0x32, 0x09, 0xba, 0x91, 0xe9, 0x16  ; 40A2
    db 0x00, 0xbf, 0x2b, 0x00, 0x57, 0xbf, 0x10, 0x00, 0x57, 0x9a, 0xcc, 0x02, 0x51, 0xe9, 0x83, 0xc4  ; 40B2
    db 0x02, 0xc7, 0x06, 0x82, 0x06, 0xff, 0xff, 0xa1, 0x70, 0x05, 0xd1, 0xe0, 0xd1, 0xe0, 0xd1, 0xe0  ; 40C2
    db 0xd1, 0xe0, 0x8b, 0xf8, 0x8a, 0x95, 0x8f, 0x01, 0x80, 0xe2, 0x0a, 0x80, 0xfa, 0x00, 0x74, 0x70  ; 40D2
    db 0xa1, 0x76, 0x06, 0x25, 0x09, 0x08, 0x3d, 0x00, 0x00, 0x74, 0x68, 0x80, 0x3e, 0x7d, 0x06, 0x00  ; 40E2
    db 0x75, 0x64, 0x83, 0x7e, 0xf4, 0x00, 0x75, 0x2d, 0xc4, 0x56, 0xe4, 0x8b, 0xda, 0x26, 0x8b, 0x47  ; 40F2
    db 0x08, 0x50, 0xc4, 0x7e, 0xf0, 0x26, 0xff, 0x75, 0x06, 0x8b, 0x7e, 0xf6, 0x47, 0x57, 0xc4, 0x16  ; 4102
    db 0x80, 0x1c, 0x06, 0x52, 0x9a, 0x6e, 0x02, 0x0a, 0xf8, 0x83, 0xc4, 0x04, 0x5f, 0x2b, 0xc7, 0x89  ; 4112
    db 0x46, 0xf8, 0xe9, 0xc2, 0x00, 0xc4, 0x7e, 0xe4, 0x26, 0x8b, 0x55, 0x08, 0x52, 0xc4, 0x5e, 0xec  ; 4122
    db 0x26, 0xff, 0x77, 0x06, 0x8b, 0x46, 0xf6, 0x40, 0x50, 0xc4, 0x3e, 0x80, 0x1c, 0x06, 0x57, 0x9a  ; 4132
    db 0x6e, 0x02, 0x0a, 0xf8, 0x83, 0xc4, 0x04, 0x5f, 0x2b, 0xc7, 0x89, 0x46, 0xf8, 0xe9  ; 4142
SUB_F4150:
    xchg di, ax                              ; 4150: xchg di, ax
    add cl, ch                               ; 4151: add cl, ch
    ja short 0x4156                          ; 4153: ja 0xd6
    jmp 0x42e2                               ; 4155: jmp 0x262
    jmp 0x415b                               ; 4158: jmp 0xdb
L_F415B:
    mov ax, word [0x570]                     ; 415B: mov ax, word ptr [0x570]
    shl ax, 1                                ; 415E: shl ax, 1
    shl ax, 1                                ; 4160: shl ax, 1
    shl ax, 1                                ; 4162: shl ax, 1
    shl ax, 1                                ; 4164: shl ax, 1
    mov di, ax                               ; 4166: mov di, ax
    mov dl, byte [di + 0x18c]                ; 4168: mov dl, byte ptr [di + 0x18c]
    and dl, 0x20                             ; 416C: and dl, 0x20
    cmp dl, 0                                ; 416F: cmp dl, 0
    je short 0x41b2                          ; 4172: je 0x132
    les bx, [bp - 0x14]                      ; 4174: les bx, ptr [bp - 0x14]
    push word [es:bx + 6]                    ; 4177: push word ptr es:[bx + 6]
    mov dx, word [bp - 0xa]                  ; 417B: mov dx, word ptr [bp - 0xa]
    inc dx                                   ; 417E: inc dx
    push dx                                  ; 417F: push dx
    les bx, [0x1c80]                         ; 4180: les bx, ptr [0x1c80]
    push es                                  ; 4184: push es
    push bx                                  ; 4185: push bx
    call 0xf80a:0x026e                       ; 4186: lcall 0xf80a, 0x26e
    add sp, 4                                ; 418B: add sp, 4
    push ax                                  ; 418E: push ax
    les di, [bp - 0x10]                      ; 418F: les di, ptr [bp - 0x10]
    push word [es:di + 6]                    ; 4192: push word ptr es:[di + 6]
    mov dx, word [bp - 0xa]                  ; 4196: mov dx, word ptr [bp - 0xa]
    inc dx                                   ; 4199: inc dx
    push dx                                  ; 419A: push dx
    les bx, [0x1c80]                         ; 419B: les bx, ptr [0x1c80]
    push es                                  ; 419F: push es
    push bx                                  ; 41A0: push bx
    call 0xf80a:0x026e                       ; 41A1: lcall 0xf80a, 0x26e
    add sp, 4                                ; 41A6: add sp, 4
    pop di                                   ; 41A9: pop di
    sub ax, di                               ; 41AA: sub ax, di
    mov word [bp - 8], ax                    ; 41AC: mov word ptr [bp - 8], ax
    jmp 0x41e9                               ; 41AF: jmp 0x169
L_F41B2:
    les di, [bp - 0x14]                      ; 41B2: les di, ptr [bp - 0x14]
    push word [es:di + 6]                    ; 41B5: push word ptr es:[di + 6]
    push word [bp - 0xa]                     ; 41B9: push word ptr [bp - 0xa]
    les dx, [0x1c80]                         ; 41BC: les dx, ptr [0x1c80]
    push es                                  ; 41C0: push es
    push dx                                  ; 41C1: push dx
    call 0xf80a:0x026e                       ; 41C2: lcall 0xf80a, 0x26e
    add sp, 4                                ; 41C7: add sp, 4
    push ax                                  ; 41CA: push ax
    les di, [bp - 0x10]                      ; 41CB: les di, ptr [bp - 0x10]
    push word [es:di + 6]                    ; 41CE: push word ptr es:[di + 6]
    push word [bp - 0xa]                     ; 41D2: push word ptr [bp - 0xa]
    les dx, [0x1c80]                         ; 41D5: les dx, ptr [0x1c80]
    push es                                  ; 41D9: push es
    push dx                                  ; 41DA: push dx
    call 0xf80a:0x026e                       ; 41DB: lcall 0xf80a, 0x26e
    add sp, 4                                ; 41E0: add sp, 4
    pop di                                   ; 41E3: pop di
    sub ax, di                               ; 41E4: sub ax, di
    mov word [bp - 8], ax                    ; 41E6: mov word ptr [bp - 8], ax
L_F41E9:
    mov word [bp - 0x1e], 0                  ; 41E9: mov word ptr [bp - 0x1e], 0
    cmp word [bp - 8], 0                     ; 41EE: cmp word ptr [bp - 8], 0
    jge short 0x4229                         ; 41F2: jge 0x1a9
    mov di, word [bp - 8]                    ; 41F4: mov di, word ptr [bp - 8]
    neg di                                   ; 41F7: neg di
    mov word [bp - 8], di                    ; 41F9: mov word ptr [bp - 8], di
    cmp byte [0x67d], 0                      ; 41FC: cmp byte ptr [0x67d], 0
    jne short 0x4253                         ; 4201: jne 0x1d3
    mov ax, word [0x570]                     ; 4203: mov ax, word ptr [0x570]
    shl ax, 1                                ; 4206: shl ax, 1
    shl ax, 1                                ; 4208: shl ax, 1
    shl ax, 1                                ; 420A: shl ax, 1
    shl ax, 1                                ; 420C: shl ax, 1
    mov bx, ax                               ; 420E: mov bx, ax
    mov dl, byte [bx + 0x18c]                ; 4210: mov dl, byte ptr [bx + 0x18c]
    and dl, 0x80                             ; 4214: and dl, 0x80
    cmp dl, 0                                ; 4217: cmp dl, 0
    jne short 0x4253                         ; 421A: jne 0x1d3
    mov byte [0x65e], 0x2d                   ; 421C: mov byte ptr [0x65e], 0x2d
    mov word [bp - 0x1e], 1                  ; 4221: mov word ptr [bp - 0x1e], 1
    jmp 0x4253                               ; 4226: jmp 0x1d3
L_F4229:
    cmp byte [0x67d], 0                      ; 4229: cmp byte ptr [0x67d], 0
    jne short 0x4253                         ; 422E: jne 0x1d3
    mov ax, word [0x570]                     ; 4230: mov ax, word ptr [0x570]
    shl ax, 1                                ; 4233: shl ax, 1
    shl ax, 1                                ; 4235: shl ax, 1
    shl ax, 1                                ; 4237: shl ax, 1
    shl ax, 1                                ; 4239: shl ax, 1
    mov di, ax                               ; 423B: mov di, ax
    mov dl, byte [di + 0x18c]                ; 423D: mov dl, byte ptr [di + 0x18c]
    and dl, 0x80                             ; 4241: and dl, 0x80
    cmp dl, 0                                ; 4244: cmp dl, 0
    je short 0x4253                          ; 4247: je 0x1d3
    mov byte [0x65e], 0x2d                   ; 4249: mov byte ptr [0x65e], 0x2d
    mov word [bp - 0x1e], 1                  ; 424E: mov word ptr [bp - 0x1e], 1
L_F4253:
    mov ax, word [0x676]                     ; 4253: mov ax, word ptr [0x676]
    and ax, strict word 8                    ; 4256: and ax, 8
    cmp ax, strict word 0                    ; 4259: cmp ax, 0
    jne short 0x4267                         ; 425C: jne 0x1e7
    mov di, word [bp - 8]                    ; 425E: mov di, word ptr [bp - 8]
    cmp word [0x684], di                     ; 4261: cmp word ptr [0x684], di
    je short 0x42c9                          ; 4265: je 0x249
L_F4267:
    mov di, word [bp - 8]                    ; 4267: mov di, word ptr [bp - 8]
    mov word [0x684], di                     ; 426A: mov word ptr [0x684], di
    mov dx, word [bp - 0x1e]                 ; 426E: mov dx, word ptr [bp - 0x1e]
    mov bx, 0x65e                            ; 4271: mov bx, 0x65e
    add bx, dx                               ; 4274: add bx, dx
    push ds                                  ; 4276: push ds
    push bx                                  ; 4277: push bx
    mov ax, 1                                ; 4278: mov ax, 1
    push ax                                  ; 427B: push ax
    push di                                  ; 427C: push di
    call 0xead0:0x23ae                       ; 427D: lcall 0xead0, 0x23ae
    add sp, 6                                ; 4282: add sp, 6
    cmp byte [0x686], 0                      ; 4285: cmp byte ptr [0x686], 0
    jne short 0x42b9                         ; 428A: jne 0x239
    mov di, 0x2c                             ; 428C: mov di, 0x2c
    push di                                  ; 428F: push di
    mov di, 0x11                             ; 4290: mov di, 0x11
    push di                                  ; 4293: push di
    call 0xe951:0x02cc                       ; 4294: lcall 0xe951, 0x2cc
    add sp, 2                                ; 4299: add sp, 2
    mov word [0x678], 0x1c                   ; 429C: mov word ptr [0x678], 0x1c
    sub di, di                               ; 42A2: sub di, di
    push di                                  ; 42A4: push di
    les dx, [0x6a2]                          ; 42A5: les dx, ptr [0x6a2]
    push es                                  ; 42A9: push es
    push dx                                  ; 42AA: push dx
    call 0xe951:0x04cf                       ; 42AB: lcall 0xe951, 0x4cf
    add sp, 2                                ; 42B0: add sp, 2
    mov word [0x678], 0                      ; 42B3: mov word ptr [0x678], 0
L_F42B9:
    cmp byte [0x1bf9], 0                     ; 42B9: cmp byte ptr [0x1bf9], 0
    je short 0x42c9                          ; 42BE: je 0x249
    mov di, 2                                ; 42C0: mov di, 2
    push di                                  ; 42C3: push di
    call 0x91ba:0x0932                       ; 42C4: lcall 0x91ba, 0x932
L_F42C9:
    jmp 0x42e2                               ; 42C9: jmp 0x262
    db 0xbf, 0x2c, 0x00, 0x57, 0xbf, 0x10, 0x00, 0x57, 0x9a, 0xcc, 0x02, 0x51, 0xe9, 0x83, 0xc4, 0x02  ; 42CC
    db 0xc7, 0x06, 0x84, 0x06, 0xff, 0xff  ; 42DC
L_F42E2:
    mov sp, bp                               ; 42E2: mov sp, bp
    pop bp                                   ; 42E4: pop bp
    retf                                     ; 42E5: retf 
    db 0x55, 0x8b, 0xec, 0x83, 0xec, 0x08, 0xa0, 0x72, 0x1b, 0x24, 0x10, 0x3c, 0x00, 0x75, 0x33, 0x80  ; 42E6
    db 0x3e, 0x70, 0x1b, 0x04, 0x75, 0x2c, 0x80, 0x3e, 0x78, 0x1b, 0x00, 0x74, 0x25, 0x1e, 0xbf, 0x5e  ; 42F6
    db 0x06, 0x57, 0xba, 0x04, 0x00, 0x52, 0xa1, 0x88, 0x1b, 0x8b, 0x16, 0x88, 0x1b, 0xd1, 0xe2, 0x03  ; 4306
    db 0xc2, 0x05, 0x7e, 0xff, 0xd1, 0xe0, 0x50, 0x9a, 0xae, 0x23, 0xd0, 0xea, 0x83, 0xc4, 0x06, 0xe9  ; 4316
    db 0x5e, 0x00, 0xa0, 0x72, 0x1b, 0x24, 0x10, 0x3c, 0x00, 0x74, 0x33, 0x80, 0x3e, 0x70, 0x1b, 0x04  ; 4326
    db 0x75, 0x2c, 0x80, 0x3e, 0x78, 0x1b, 0x00, 0x74, 0x25, 0x1e, 0xbf, 0x5e, 0x06, 0x57, 0xba, 0x04  ; 4336
    db 0x00, 0x52, 0xa1, 0x88, 0x1b, 0x8b, 0x16, 0x88, 0x1b, 0xd1, 0xe2, 0x03, 0xc2, 0x05, 0x7e, 0xff  ; 4346
    db 0xd1, 0xf8, 0x50, 0x9a, 0xae, 0x23, 0xd0, 0xea, 0x83, 0xc4, 0x06, 0xe9, 0x22, 0x00, 0x1e, 0xbf  ; 4356
    db 0x5e, 0x06, 0x57, 0xba, 0x04, 0x00, 0x52, 0xa1, 0x88, 0x1b, 0x8b, 0x1e, 0x88, 0x1b, 0xd1, 0xe3  ; 4366
    db 0x03, 0xc3, 0x05, 0x7e, 0xff, 0xd1, 0xf8, 0x50, 0x9a, 0xae, 0x23, 0xd0, 0xea, 0x83, 0xc4, 0x06  ; 4376
    db 0x80, 0x3e, 0x86, 0x06, 0x00, 0x75, 0x4d, 0xbf, 0x28, 0x00, 0x57, 0xba, 0x11, 0x00, 0x52, 0x9a  ; 4386
    db 0xcc, 0x02, 0x51, 0xe9, 0x83, 0xc4, 0x02, 0xc7, 0x06, 0x78, 0x06, 0x23, 0x00, 0xa0, 0x8c, 0x1b  ; 4396
    db 0x8a, 0x16, 0x8e, 0x01, 0x3a, 0xc2, 0x74, 0x0e, 0x80, 0x3e, 0x78, 0x1b, 0x00, 0x74, 0x07, 0xc6  ; 43A6
    db 0x46, 0xf9, 0x02, 0xe9, 0x04, 0x00, 0xc6, 0x46, 0xf9, 0x00, 0x8a, 0x56, 0xf9, 0x2a, 0xf6, 0x52  ; 43B6
    db 0xc4, 0x3e, 0xa6, 0x06, 0x06, 0x57, 0x9a, 0xcf, 0x04, 0x51, 0xe9, 0x83, 0xc4, 0x02, 0xc7, 0x06  ; 43C6
    db 0x78, 0x06, 0x00, 0x00, 0x80, 0x3e, 0xf9, 0x1b, 0x00, 0x74, 0x09, 0xbf, 0x03, 0x00, 0x57, 0x9a  ; 43D6
    db 0x32, 0x09, 0xba, 0x91, 0x8b, 0xe5, 0x5d, 0xcb, 0x55, 0x8b, 0xec, 0x83, 0xec, 0x08, 0xa1, 0x70  ; 43E6
    db 0x05, 0xd1, 0xe0, 0x89, 0x46, 0xf8, 0xba, 0x0e, 0x00, 0xf7, 0xea, 0x8b, 0xf8, 0x8b, 0x95, 0x78  ; 43F6
    db 0x05, 0xd1, 0xfa, 0xd1, 0xfa, 0xd1, 0xfa, 0x81, 0xc2, 0xf6, 0x00, 0x89, 0x16, 0x72, 0x06, 0x80  ; 4406
    db 0x3e, 0x83, 0x1b, 0x14, 0x74, 0x1b, 0xbb, 0x33, 0x00, 0x53, 0xc4, 0x1e, 0xa0, 0x1d, 0x26, 0xff  ; 4416
    db 0x77, 0x1e, 0xff, 0x36, 0x72, 0x06, 0x9a, 0x3b, 0x04, 0x51, 0xe9, 0x83, 0xc4, 0x04, 0xe9, 0x14  ; 4426
    db 0x00, 0xbf, 0x33, 0x00, 0x57, 0xba, 0x3e, 0x03, 0x52, 0xff, 0x36, 0x72, 0x06, 0x9a, 0x3b, 0x04  ; 4436
    db 0x51, 0xe9, 0x83, 0xc4, 0x04, 0x8b, 0xe5, 0x5d, 0xcb, 0x55, 0x8b, 0xec, 0x83, 0xec, 0x0e, 0xa1  ; 4446
    db 0x70, 0x05, 0xd1, 0xe0, 0x89, 0x46, 0xf8, 0xba, 0x0e, 0x00, 0xf7, 0xea, 0x8b, 0xf8, 0x8b, 0x95  ; 4456
    db 0x76, 0x05, 0xd1, 0xfa, 0xd1, 0xfa, 0xd1, 0xfa, 0x81, 0xc2, 0xee, 0x00, 0x89, 0x56, 0xf6, 0x8b  ; 4466
    db 0x5e, 0xf8, 0x43, 0x8b, 0xc3, 0xba, 0x0e, 0x00, 0xf7, 0xea, 0x8b, 0xf8, 0x8b, 0x95, 0x76, 0x05  ; 4476
    db 0xd1, 0xfa, 0xd1, 0xfa, 0xd1, 0xfa, 0x81, 0xc2, 0xee, 0x00, 0x89, 0x56, 0xf4, 0xa1, 0x70, 0x05  ; 4486
    db 0xd1, 0xe0, 0xd1, 0xe0, 0xd1, 0xe0, 0xd1, 0xe0, 0x8b, 0xf8, 0x8b, 0x95, 0x92, 0x01, 0x89, 0x56  ; 4496
    db 0xf2, 0x83, 0xfa, 0x00, 0x7e, 0x54, 0xd1, 0xfa, 0xd1, 0xfa, 0xd1, 0xfa, 0x81, 0xc2, 0xea, 0x00  ; 44A6
    db 0x89, 0x56, 0xf2, 0xba, 0x36, 0x00, 0x52, 0xba, 0x91, 0x00, 0x52, 0x9a, 0xcc, 0x02, 0x51, 0xe9  ; 44B6
    db 0x83, 0xc4, 0x02, 0x80, 0x3e, 0x83, 0x1b, 0x14, 0x74, 0x1a, 0xbf, 0x36, 0x00, 0x57, 0xc4, 0x3e  ; 44C6
    db 0xa0, 0x1d, 0x26, 0xff, 0x75, 0x24, 0xff, 0x76, 0xf2, 0x9a, 0x3b, 0x04, 0x51, 0xe9, 0x83, 0xc4  ; 44D6
    db 0x04, 0xe9, 0x26, 0x00, 0xbf, 0x36, 0x00, 0x57, 0xbf, 0x34, 0x03, 0x57, 0xff, 0x76, 0xf2, 0x9a  ; 44E6
    db 0x3b, 0x04, 0x51, 0xe9, 0x83, 0xc4, 0x04, 0xe9, 0x10, 0x00, 0xbf, 0x36, 0x00, 0x57, 0xbf, 0x90  ; 44F6
    db 0x00, 0x57, 0x9a, 0xcc, 0x02, 0x51, 0xe9, 0x83, 0xc4, 0x02, 0xbf, 0x34, 0x00, 0x57, 0xc4, 0x3e  ; 4506
    db 0xa0, 0x1d, 0x26, 0xff, 0x75, 0x20, 0xff, 0x76, 0xf6, 0x9a, 0x3b, 0x04, 0x51, 0xe9, 0x83, 0xc4  ; 4516
    db 0x04, 0xbf, 0x35, 0x00, 0x57, 0xc4, 0x3e, 0xa0, 0x1d, 0x26, 0xff, 0x75, 0x22, 0xff, 0x76, 0xf4  ; 4526
    db 0x9a, 0x3b, 0x04, 0x51, 0xe9, 0x83, 0xc4, 0x04, 0x8b, 0xe5, 0x5d, 0xcb, 0x55, 0x8b, 0xec, 0x83  ; 4536
    db 0xec, 0x08, 0xa1, 0x70, 0x05, 0xd1, 0xe0, 0xd1, 0xe0, 0xd1, 0xe0, 0xd1, 0xe0, 0x8b, 0xf8, 0x8a  ; 4546
    db 0x95, 0x8d, 0x01, 0x80, 0xe2, 0x0f, 0x88, 0x56, 0xf9, 0x80, 0xfa, 0x00, 0x75, 0x3a, 0xbb, 0x32  ; 4556
    db 0x00, 0x53, 0xbb, 0x10, 0x00, 0x53, 0x53, 0xc4, 0x1e, 0xa0, 0x1d, 0x26, 0xff, 0x77, 0x1c, 0xc4  ; 4566
    db 0x1e, 0x9c, 0x1d, 0x26, 0xff, 0x77, 0x1c, 0xc4, 0x16, 0xc4, 0x1c, 0x8c, 0xc0, 0xc4, 0x3e, 0x90  ; 4576
    db 0x1d, 0x26, 0x8b, 0x5d, 0x1c, 0x8e, 0xc0, 0x8b, 0xfa, 0x03, 0xfb, 0x06, 0x57, 0x9a, 0x48, 0x03  ; 4586
    db 0x51, 0xe9, 0x83, 0xc4, 0x0a, 0xe9, 0x87, 0x00, 0x80, 0x7e, 0xf9, 0x01, 0x75, 0x2a, 0xbf, 0x32  ; 4596
    db 0x00, 0x57, 0xbf, 0x10, 0x00, 0x57, 0x57, 0xc4, 0x3e, 0xa0, 0x1d, 0x26, 0xff, 0x75, 0x1c, 0xc4  ; 45A6
    db 0x1e, 0x9c, 0x1d, 0x26, 0xff, 0x77, 0x1c, 0xc4, 0x16, 0x8e, 0x06, 0x06, 0x52, 0x9a, 0x48, 0x03  ; 45B6
    db 0x51, 0xe9, 0x83, 0xc4, 0x0a, 0xe9, 0x57, 0x00, 0x80, 0x7e, 0xf9, 0x02, 0x75, 0x2a, 0xbf, 0x32  ; 45C6
    db 0x00, 0x57, 0xba, 0x10, 0x00, 0x52, 0x52, 0xc4, 0x3e, 0xa0, 0x1d, 0x26, 0xff, 0x75, 0x1c, 0xc4  ; 45D6
    db 0x1e, 0x9c, 0x1d, 0x26, 0xff, 0x77, 0x1c, 0xc4, 0x16, 0x92, 0x06, 0x06, 0x52, 0x9a, 0x48, 0x03  ; 45E6
    db 0x51, 0xe9, 0x83, 0xc4, 0x0a, 0xe9, 0x27, 0x00, 0xbf, 0x32, 0x00, 0x57, 0xba, 0x10, 0x00, 0x52  ; 45F6
    db 0x52, 0xc4, 0x3e, 0xa0, 0x1d, 0x26, 0xff, 0x75, 0x1c, 0xc4, 0x1e, 0x9c, 0x1d, 0x26, 0xff, 0x77  ; 4606
    db 0x1c, 0xc4, 0x16, 0x8a, 0x06, 0x06, 0x52, 0x9a, 0x48, 0x03, 0x51, 0xe9, 0x83, 0xc4, 0x0a, 0x8b  ; 4616
    db 0xe5, 0x5d, 0xcb, 0x55, 0x8b, 0xec, 0x83, 0xec, 0x10, 0xa1, 0xf0, 0x1b, 0xd1, 0xf8, 0xd1, 0xf8  ; 4626
    db 0xd1, 0xf8, 0xd1, 0xf8, 0x99, 0x89, 0x46, 0xf0, 0x89, 0x56, 0xf2, 0xa1, 0xf0, 0x1b, 0x25, 0x0f  ; 4636
    db 0x00, 0x89, 0x46, 0xf8, 0xe9, 0x1b, 0x00, 0x2b, 0xff, 0x57, 0xba, 0x0a, 0x00, 0x52, 0x8b, 0x46  ; 4646
    db 0xf0, 0x8b, 0x56, 0xf2, 0x9a, 0x5d, 0x00, 0x72, 0xe7, 0x89, 0x46, 0xf0, 0x89, 0x56, 0xf2, 0xff  ; 4656
    db 0x4e, 0xf8, 0x83, 0x7e, 0xf8, 0x00, 0x7f, 0xdf, 0xa0, 0x76, 0x1b, 0x24, 0x02, 0x3c, 0x00, 0x75  ; 4666
    db 0x74, 0x2b, 0xff, 0x57, 0x57, 0x8b, 0x46, 0xf0, 0x8b, 0x56, 0xf2, 0x9a, 0x33, 0x00, 0x72, 0xe7  ; 4676
    db 0x74, 0x63, 0xff, 0x36, 0xf4, 0x1b, 0xff, 0x36, 0xf2, 0x1b, 0x8b, 0x46, 0xf0, 0x8b, 0x56, 0xf2  ; 4686
    db 0x9a, 0x33, 0x00, 0x72, 0xe7, 0x73, 0x4e, 0x83, 0x3e, 0x4a, 0x05, 0x00, 0x75, 0x47, 0x80, 0x3e  ; 4696
    db 0x1f, 0x00, 0x03, 0x74, 0x40, 0x80, 0x3e, 0x1f, 0x00, 0x04, 0x74, 0x39, 0xff, 0x36, 0x80, 0x06  ; 46A6
    db 0xff, 0x36, 0x7e, 0x06, 0xa1, 0xf2, 0x1b, 0x8b, 0x16, 0xf4, 0x1b, 0x9a, 0x33, 0x00, 0x72, 0xe7  ; 46B6
    db 0x74, 0x7a, 0xa1, 0xf2, 0x1b, 0x8b, 0x16, 0xf4, 0x1b, 0xa3, 0x7e, 0x06, 0x89, 0x16, 0x80, 0x06  ; 46C6
    db 0xa1, 0xf2, 0x1b, 0x8b, 0x16, 0xf4, 0x1b, 0x89, 0x46, 0xf4, 0x89, 0x56, 0xf6, 0xc7, 0x46, 0xf8  ; 46D6
    db 0x00, 0x00, 0xe9, 0x42, 0x00, 0xe9, 0xce, 0x00, 0x2b, 0xff, 0x57, 0xba, 0x0a, 0x00, 0x52, 0x8b  ; 46E6
    db 0x46, 0xf4, 0x8b, 0x56, 0xf6, 0x9a, 0x46, 0x01, 0x72, 0xe7, 0x05, 0x30, 0x00, 0x83, 0xd2, 0x00  ; 46F6
    db 0x8a, 0xd0, 0xbf, 0x06, 0x00, 0x2b, 0x7e, 0xf8, 0x88, 0x95, 0x5e, 0x06, 0x2b, 0xdb, 0x53, 0xb8  ; 4706
    db 0x0a, 0x00, 0x50, 0x8b, 0x46, 0xf4, 0x8b, 0x56, 0xf6, 0x9a, 0x1d, 0x01, 0x72, 0xe7, 0x89, 0x46  ; 4716
    db 0xf4, 0x89, 0x56, 0xf6, 0xff, 0x46, 0xf8, 0x83, 0x7e, 0xf8, 0x07, 0x7d, 0x0d, 0x8b, 0x46, 0xf4  ; 4726
    db 0x8b, 0x56, 0xf6, 0x9a, 0x2c, 0x00, 0x72, 0xe7, 0x75, 0xae, 0xeb, 0x03, 0xe9, 0x57, 0x01, 0xbf  ; 4736
    db 0x06, 0x00, 0x2b, 0x7e, 0xf8, 0xc6, 0x85, 0x5e, 0x06, 0x23, 0xc6, 0x06, 0x65, 0x06, 0x00, 0x2b  ; 4746
    db 0xd2, 0x52, 0x1e, 0xbb, 0x74, 0x06, 0x53, 0xc4, 0x3e, 0xc4, 0x1c, 0x8d, 0x85, 0x70, 0x0d, 0x06  ; 4756
    db 0x50, 0xba, 0x06, 0x00, 0x2b, 0x56, 0xf8, 0xb8, 0x5e, 0x06, 0x03, 0xc2, 0x1e, 0x50, 0x9a, 0x0a  ; 4766
    db 0x00, 0x51, 0xe9, 0x83, 0xc4, 0x0a, 0xbf, 0x31, 0x00, 0x57, 0xbf, 0x10, 0x00, 0x57, 0x57, 0xc4  ; 4776
    db 0x3e, 0xa0, 0x1d, 0x26, 0xff, 0x75, 0x1a, 0xc4, 0x1e, 0x9c, 0x1d, 0x26, 0xff, 0x77, 0x1a, 0xc4  ; 4786
    db 0x16, 0xc4, 0x1c, 0x8b, 0xfa, 0x81, 0xc7, 0x70, 0x0d, 0x06, 0x57, 0x9a, 0x48, 0x03, 0x51, 0xe9  ; 4796
    db 0x83, 0xc4, 0x0a, 0xbf, 0x31, 0x00, 0x57, 0xba, 0x11, 0x00, 0x52, 0x9a, 0xcc, 0x02, 0x51, 0xe9  ; 47A6
    db 0x83, 0xc4, 0x02, 0xe9, 0xe0, 0x00, 0xa0, 0x76, 0x1b, 0x24, 0x02, 0x3c, 0x00, 0x75, 0x34, 0x2b  ; 47B6
    db 0xff, 0x57, 0x57, 0x8b, 0x46, 0xf0, 0x8b, 0x56, 0xf2, 0x9a, 0x33, 0x00, 0x72, 0xe7, 0x74, 0x6d  ; 47C6
    db 0xff, 0x36, 0xf4, 0x1b, 0xff, 0x36, 0xf2, 0x1b, 0x8b, 0x46, 0xf0, 0x8b, 0x56, 0xf2, 0x9a, 0x33  ; 47D6
    db 0x00, 0x72, 0xe7, 0x72, 0x58, 0x80, 0x3e, 0x1f, 0x00, 0x03, 0x74, 0x51, 0x80, 0x3e, 0x1f, 0x00  ; 47E6
    db 0x04, 0x74, 0x4a, 0x83, 0x3e, 0x4a, 0x05, 0x00, 0x75, 0x43, 0xa0, 0x76, 0x1b, 0x24, 0x02, 0x3c  ; 47F6
    db 0x00, 0x74, 0x3d, 0xbf, 0x31, 0x00, 0x57, 0xbf, 0x10, 0x00, 0x57, 0x57, 0xc4, 0x3e, 0xa0, 0x1d  ; 4806
    db 0x26, 0xff, 0x75, 0x1a, 0xc4, 0x1e, 0x9c, 0x1d, 0x26, 0xff, 0x77, 0x1a, 0xc4, 0x16, 0xc4, 0x1c  ; 4816
    db 0x8c, 0xc3, 0xc4, 0x3e, 0x90, 0x1d, 0x26, 0x8b, 0x45, 0x1a, 0x8e, 0xc3, 0x8b, 0xfa, 0x03, 0xf8  ; 4826
    db 0x06, 0x57, 0x9a, 0x48, 0x03, 0x51, 0xe9, 0x83, 0xc4, 0x0a, 0xe9, 0x36, 0x00, 0xe9, 0x46, 0x00  ; 4836
    db 0xc7, 0x06, 0x7e, 0x06, 0xff, 0xff, 0xc7, 0x06, 0x80, 0x06, 0xff, 0xff, 0xbf, 0x31, 0x00, 0x57  ; 4846
    db 0xba, 0x10, 0x00, 0x52, 0x52, 0xc4, 0x3e, 0xa0, 0x1d, 0x26, 0xff, 0x75, 0x1a, 0xc4, 0x1e, 0x9c  ; 4856
    db 0x1d, 0x26, 0xff, 0x77, 0x1a, 0xc4, 0x16, 0x96, 0x06, 0x06, 0x52, 0x9a, 0x48, 0x03, 0x51, 0xe9  ; 4866
    db 0x83, 0xc4, 0x0a, 0xbf, 0x31, 0x00, 0x57, 0xbf, 0x11, 0x00, 0x57, 0x9a, 0xcc, 0x02, 0x51, 0xe9  ; 4876
    db 0x83, 0xc4, 0x02, 0xe9, 0x10, 0x00, 0xbf, 0x31, 0x00, 0x57, 0xba, 0x10, 0x00, 0x52, 0x9a, 0xcc  ; 4886
    db 0x02, 0x51, 0xe9, 0x83, 0xc4, 0x02, 0x8b, 0xe5, 0x5d, 0xcb, 0x55, 0x8b, 0xec, 0x83, 0xec, 0x06  ; 4896
    db 0xc4, 0x3e, 0xc4, 0x1c, 0x8c, 0xc2, 0xc4, 0x1e, 0x90, 0x1d, 0x8b, 0xc7, 0x26, 0x03, 0x47, 0x16  ; 48A6
    db 0xa3, 0xae, 0x06, 0x89, 0x16, 0xb0, 0x06, 0xc7, 0x06, 0x5c, 0x06, 0x00, 0x00, 0x83, 0x3e, 0x4e  ; 48B6
    db 0x05, 0x00, 0x74, 0x3e, 0x06, 0x53, 0x2b, 0xd2, 0x52, 0xba, 0x7b, 0xff, 0x52, 0xba, 0x8a, 0x01  ; 48C6
    db 0x52, 0x9a, 0xf5, 0x04, 0x51, 0xe9, 0x83, 0xc4, 0x02, 0xbf, 0x30, 0x00, 0x57, 0xba, 0x11, 0x00  ; 48D6
    db 0x52, 0x9a, 0xcc, 0x02, 0x51, 0xe9, 0x83, 0xc4, 0x02, 0xbf, 0x2f, 0x00, 0x57, 0xbf, 0x10, 0x00  ; 48E6
    db 0x57, 0x9a, 0xcc, 0x02, 0x51, 0xe9, 0x83, 0xc4, 0x02, 0x83, 0xc4, 0x02, 0x83, 0xc4, 0x02, 0xe9  ; 48F6
    db 0xe1, 0x03, 0x83, 0x3e, 0x4a, 0x05, 0x00, 0x74, 0x78, 0x83, 0x3e, 0x4c, 0x05, 0x00, 0x74, 0x34  ; 4906
    db 0x2b, 0xff, 0x57, 0xc4, 0x16, 0x70, 0x1d, 0x06, 0x52, 0x9a, 0xf5, 0x04, 0x51, 0xe9, 0x83, 0xc4  ; 4916
    db 0x02, 0xbf, 0x2f, 0x00, 0x57, 0xba, 0x11, 0x00, 0x52, 0x9a, 0xcc, 0x02, 0x51, 0xe9, 0x83, 0xc4  ; 4926
    db 0x02, 0xbf, 0x30, 0x00, 0x57, 0xbf, 0x10, 0x00, 0x57, 0x9a, 0xcc, 0x02, 0x51, 0xe9, 0x83, 0xc4  ; 4936
    db 0x02, 0xe9, 0x9f, 0x03, 0xa0, 0x9c, 0x01, 0x24, 0x01, 0x3c, 0x00, 0x74, 0x47, 0xa0, 0xe5, 0x1b  ; 4946
    db 0x8a, 0x16, 0xe4, 0x1b, 0x0a, 0xd0, 0x80, 0xfa, 0x00, 0x74, 0x39, 0x2b, 0xff, 0x57, 0xc4, 0x16  ; 4956
    db 0x80, 0x1d, 0x06, 0x52, 0x9a, 0xf5, 0x04, 0x51, 0xe9, 0x83, 0xc4, 0x02, 0xbf, 0x2f, 0x00, 0x57  ; 4966
    db 0xba, 0x11, 0x00, 0x52, 0x9a, 0xcc, 0x02, 0x51, 0xe9, 0x83, 0xc4, 0x02, 0xbf, 0x30, 0x00, 0xeb  ; 4976
    db 0x03, 0xe9, 0x09, 0x01, 0x57, 0xbf, 0x10, 0x00, 0x57, 0x9a, 0xcc, 0x02, 0x51, 0xe9, 0x83, 0xc4  ; 4986
    db 0x02, 0xe9, 0xf6, 0x00, 0x2b, 0xff, 0x57, 0xba, 0x7b, 0xff, 0x52, 0xbb, 0x97, 0x01, 0x53, 0x9a  ; 4996
    db 0xf5, 0x04, 0x51, 0xe9, 0x83, 0xc4, 0x02, 0xc7, 0x06, 0x78, 0x06, 0x23, 0x00, 0x80, 0x3e, 0xe4  ; 49A6
    db 0x1b, 0x00, 0x75, 0x07, 0x80, 0x3e, 0xe5, 0x1b, 0x00, 0x74, 0x19, 0x2b, 0xff, 0x57, 0xc4, 0x16  ; 49B6
    db 0x74, 0x1d, 0x06, 0x52, 0x9a, 0xf5, 0x04, 0x51, 0xe9, 0x83, 0xc4, 0x02, 0x83, 0x06, 0x78, 0x06  ; 49C6
    db 0x31, 0xe9, 0x16, 0x00, 0x2b, 0xff, 0x57, 0xc4, 0x16, 0x84, 0x1d, 0x06, 0x52, 0x9a, 0xf5, 0x04  ; 49D6
    db 0x51, 0xe9, 0x83, 0xc4, 0x02, 0x83, 0x06, 0x78, 0x06, 0x38, 0x80, 0x3e, 0xe6, 0x1b, 0x00, 0x75  ; 49E6
    db 0x07, 0x80, 0x3e, 0xe7, 0x1b, 0x00, 0x74, 0x19, 0x2b, 0xff, 0x57, 0xc4, 0x16, 0x78, 0x1d, 0x06  ; 49F6
    db 0x52, 0x9a, 0xf5, 0x04, 0x51, 0xe9, 0x83, 0xc4, 0x02, 0x83, 0x06, 0x78, 0x06, 0x31, 0xe9, 0x16  ; 4A06
    db 0x00, 0x2b, 0xff, 0x57, 0xc4, 0x16, 0x88, 0x1d, 0x06, 0x52, 0x9a, 0xf5, 0x04, 0x51, 0xe9, 0x83  ; 4A16
    db 0xc4, 0x02, 0x83, 0x06, 0x78, 0x06, 0x38, 0x80, 0x3e, 0xe8, 0x1b, 0x00, 0x75, 0x07, 0x80, 0x3e  ; 4A26
    db 0xe9, 0x1b, 0x00, 0x74, 0x19, 0x2b, 0xff, 0x57, 0xc4, 0x16, 0x7c, 0x1d, 0x06, 0x52, 0x9a, 0xf5  ; 4A36
    db 0x04, 0x51, 0xe9, 0x83, 0xc4, 0x02, 0x83, 0x06, 0x78, 0x06, 0x31, 0xe9, 0x16, 0x00, 0x2b, 0xff  ; 4A46
    db 0x57, 0xc4, 0x16, 0x8c, 0x1d, 0x06, 0x52, 0x9a, 0xf5, 0x04, 0x51, 0xe9, 0x83, 0xc4, 0x02, 0x83  ; 4A56
    db 0x06, 0x78, 0x06, 0x38, 0xc7, 0x06, 0x78, 0x06, 0x00, 0x00, 0xbf, 0x2f, 0x00, 0x57, 0xbf, 0x11  ; 4A66
    db 0x00, 0x57, 0x9a, 0xcc, 0x02, 0x51, 0xe9, 0x83, 0xc4, 0x02, 0xbf, 0x30, 0x00, 0x57, 0xbf, 0x10  ; 4A76
    db 0x00, 0x57, 0x9a, 0xcc, 0x02, 0x51, 0xe9, 0x83, 0xc4, 0x02, 0xe9, 0x56, 0x02, 0xa0, 0xe9, 0x1b  ; 4A86
    db 0x8a, 0x16, 0xe8, 0x1b, 0x0a, 0xd0, 0xa0, 0xe7, 0x1b, 0x0a, 0xc2, 0x8a, 0x16, 0xe6, 0x1b, 0x0a  ; 4A96
    db 0xd0, 0xa0, 0xe5, 0x1b, 0x0a, 0xc2, 0x8a, 0x16, 0xe4, 0x1b, 0x0a, 0xd0, 0x80, 0xe2, 0x01, 0x80  ; 4AA6
    db 0xfa, 0x00, 0x74, 0x77, 0x2b, 0xff, 0x57, 0xba, 0x7b, 0xff, 0x52, 0xbb, 0x9d, 0x01, 0x53, 0x9a  ; 4AB6
    db 0xf5, 0x04, 0x51, 0xe9, 0x83, 0xc4, 0x02, 0xc7, 0x06, 0x78, 0x06, 0x2a, 0x00, 0xa0, 0x9c, 0x01  ; 4AC6
    db 0x24, 0x01, 0x3c, 0x00, 0x74, 0x67, 0xa0, 0xe5, 0x1b, 0x8a, 0x16, 0xe4, 0x1b, 0x0a, 0xd0, 0x80  ; 4AD6
    db 0xfa, 0x00, 0x74, 0x59, 0x83, 0x3e, 0x70, 0x05, 0x01, 0x75, 0x17, 0xbf, 0x01, 0x00, 0x57, 0xbf  ; 4AE6
    db 0x7b, 0xff, 0x57, 0xba, 0xa3, 0x01, 0x52, 0x9a, 0xf5, 0x04, 0x51, 0xe9, 0x83, 0xc4, 0x02, 0xe9  ; 4AF6
    db 0x13, 0x00, 0x2b, 0xff, 0x57, 0xba, 0x7b, 0xff, 0x52, 0xbb, 0xa9, 0x01, 0x53, 0x9a, 0xf5, 0x04  ; 4B06
    db 0x51, 0xe9, 0x83, 0xc4, 0x02, 0x83, 0x06, 0x78, 0x06, 0x2f, 0x83, 0x3e, 0x70, 0x05, 0x00, 0x75  ; 4B16
    db 0x1f, 0xbf, 0x01, 0x00, 0x57, 0xbf, 0x7b, 0xff, 0x57, 0xeb, 0x03, 0xe9, 0x51, 0x01, 0xba, 0xaf  ; 4B26
    db 0x01, 0x52, 0x9a, 0xf5, 0x04, 0x51, 0xe9, 0x83, 0xc4, 0x02, 0xe9, 0x1f, 0x01, 0xe9, 0x16, 0x00  ; 4B36
    db 0x2b, 0xff, 0x57, 0xba, 0x7b, 0xff, 0x52, 0xbb, 0xb1, 0x01, 0x53, 0x9a, 0xf5, 0x04, 0x51, 0xe9  ; 4B46
    db 0x83, 0xc4, 0x02, 0xe9, 0x06, 0x01, 0xa0, 0xe5, 0x1b, 0x8a, 0x16, 0xe4, 0x1b, 0x0a, 0xd0, 0x80  ; 4B56
    db 0xe2, 0x01, 0x80, 0xfa, 0x00, 0x74, 0x36, 0x83, 0x3e, 0x70, 0x05, 0x01, 0x75, 0x17, 0xbf, 0x01  ; 4B66
    db 0x00, 0x57, 0xbf, 0x7b, 0xff, 0x57, 0xba, 0xb3, 0x01, 0x52, 0x9a, 0xf5, 0x04, 0x51, 0xe9, 0x83  ; 4B76
    db 0xc4, 0x02, 0xe9, 0x13, 0x00, 0x2b, 0xff, 0x57, 0xba, 0x7b, 0xff, 0x52, 0xbb, 0xb5, 0x01, 0x53  ; 4B86
    db 0x9a, 0xf5, 0x04, 0x51, 0xe9, 0x83, 0xc4, 0x02, 0x83, 0x06, 0x78, 0x06, 0x13, 0xa0, 0xe7, 0x1b  ; 4B96
    db 0x8a, 0x16, 0xe6, 0x1b, 0x0a, 0xd0, 0x80, 0xe2, 0x01, 0x80, 0xfa, 0x00, 0x74, 0x36, 0x83, 0x3e  ; 4BA6
    db 0x70, 0x05, 0x02, 0x75, 0x17, 0xbf, 0x01, 0x00, 0x57, 0xbf, 0x7b, 0xff, 0x57, 0xba, 0xb7, 0x01  ; 4BB6
    db 0x52, 0x9a, 0xf5, 0x04, 0x51, 0xe9, 0x83, 0xc4, 0x02, 0xe9, 0x13, 0x00, 0x2b, 0xff, 0x57, 0xba  ; 4BC6
    db 0x7b, 0xff, 0x52, 0xbb, 0xb9, 0x01, 0x53, 0x9a, 0xf5, 0x04, 0x51, 0xe9, 0x83, 0xc4, 0x02, 0x83  ; 4BD6
    db 0x06, 0x78, 0x06, 0x13, 0xa0, 0xe9, 0x1b, 0x8a, 0x16, 0xe8, 0x1b, 0x0a, 0xd0, 0x80, 0xe2, 0x01  ; 4BE6
    db 0x80, 0xfa, 0x00, 0x74, 0x36, 0x83, 0x3e, 0x70, 0x05, 0x03, 0x75, 0x17, 0xbf, 0x01, 0x00, 0x57  ; 4BF6
    db 0xbf, 0x7b, 0xff, 0x57, 0xba, 0xbb, 0x01, 0x52, 0x9a, 0xf5, 0x04, 0x51, 0xe9, 0x83, 0xc4, 0x02  ; 4C06
    db 0xe9, 0x13, 0x00, 0x2b, 0xff, 0x57, 0xba, 0x7b, 0xff, 0x52, 0xbb, 0xbd, 0x01, 0x53, 0x9a, 0xf5  ; 4C16
    db 0x04, 0x51, 0xe9, 0x83, 0xc4, 0x02, 0x83, 0x06, 0x78, 0x06, 0x13, 0x83, 0x3e, 0x70, 0x05, 0x00  ; 4C26
    db 0x75, 0x17, 0xbf, 0x01, 0x00, 0x57, 0xbf, 0x7b, 0xff, 0x57, 0xba, 0xbf, 0x01, 0x52, 0x9a, 0xf5  ; 4C36
    db 0x04, 0x51, 0xe9, 0x83, 0xc4, 0x02, 0xe9, 0x13, 0x00, 0x2b, 0xff, 0x57, 0xba, 0x7b, 0xff, 0x52  ; 4C46
    db 0xbb, 0xc1, 0x01, 0x53, 0x9a, 0xf5, 0x04, 0x51, 0xe9, 0x83, 0xc4, 0x02, 0xbf, 0x30, 0x00, 0x57  ; 4C56
    db 0xbf, 0x11, 0x00, 0x57, 0x9a, 0xcc, 0x02, 0x51, 0xe9, 0x83, 0xc4, 0x02, 0xbf, 0x2f, 0x00, 0x57  ; 4C66
    db 0xbf, 0x10, 0x00, 0x57, 0x9a, 0xcc, 0x02, 0x51, 0xe9, 0x83, 0xc4, 0x02, 0xe9, 0x5e, 0x00, 0x80  ; 4C76
    db 0x3e, 0x77, 0x1b, 0x00, 0x75, 0x37, 0xbf, 0x02, 0x00, 0x57, 0xbf, 0x7b, 0xff, 0x57, 0xba, 0xc3  ; 4C86
    db 0x01, 0x52, 0x9a, 0xf5, 0x04, 0x51, 0xe9, 0x83, 0xc4, 0x02, 0xbf, 0x30, 0x00, 0x57, 0xbf, 0x11  ; 4C96
    db 0x00, 0x57, 0x9a, 0xcc, 0x02, 0x51, 0xe9, 0x83, 0xc4, 0x02, 0xbf, 0x2f, 0x00, 0x57, 0xbf, 0x10  ; 4CA6
    db 0x00, 0x57, 0x9a, 0xcc, 0x02, 0x51, 0xe9, 0x83, 0xc4, 0x02, 0xe9, 0x20, 0x00, 0xbf, 0x2f, 0x00  ; 4CB6
    db 0x57, 0xbf, 0x10, 0x00, 0x57, 0x9a, 0xcc, 0x02, 0x51, 0xe9, 0x83, 0xc4, 0x02, 0xbf, 0x30, 0x00  ; 4CC6
    db 0x57, 0xbf, 0x10, 0x00, 0x57, 0x9a, 0xcc, 0x02, 0x51, 0xe9, 0x83, 0xc4, 0x02, 0xc7, 0x06, 0x78  ; 4CD6
    db 0x06, 0x00, 0x00, 0x8b, 0xe5, 0x5d, 0xcb, 0x55, 0x8b, 0xec, 0x83, 0xec, 0x0c, 0x8b, 0x7e, 0x0a  ; 4CE6
    db 0x4f, 0x8b, 0xc7, 0xba, 0x06, 0x00, 0xf7, 0xea, 0x8b, 0xd8, 0x8a, 0x97, 0x3d, 0x06, 0x88, 0x56  ; 4CF6
    db 0xf5, 0x8b, 0x46, 0x0a, 0xba, 0x06, 0x00, 0xf7, 0xea, 0xba, 0x38, 0x06, 0x03, 0xd0, 0x89, 0x56  ; 4D06
    db 0xf6, 0x8c, 0x5e, 0xf8, 0xc4, 0x7e, 0x06, 0x26, 0x80, 0x7d, 0x01, 0x64, 0x75, 0x0b, 0xc4, 0x7e  ; 4D16
    db 0xf6, 0x26, 0xc6, 0x45, 0x04, 0x20, 0xe9, 0x08, 0x00, 0xc4, 0x7e, 0xf6, 0x26, 0xc6, 0x45, 0x04  ; 4D26
    db 0x0e, 0xc4, 0x7e, 0xf6, 0x8d, 0x55, 0x02, 0x06, 0x52, 0xc4, 0x5e, 0x06, 0x06, 0x53, 0x9a, 0x82  ; 4D36
    db 0x21, 0xd0, 0xea, 0x83, 0xc4, 0x04, 0xc4, 0x7e, 0xf6, 0x26, 0x89, 0x05, 0xc4, 0x5e, 0x06, 0x26  ; 4D46
    db 0x80, 0x3f, 0x30, 0x75, 0x0c, 0xc4, 0x7e, 0xf6, 0x26, 0xc7, 0x45, 0x02, 0x02, 0x00, 0xe9, 0x1f  ; 4D56
    db 0x00, 0xc4, 0x7e, 0x06, 0x26, 0x80, 0x7d, 0x01, 0x30, 0x75, 0x0c, 0xc4, 0x5e, 0xf6, 0x26, 0xc7  ; 4D66
    db 0x47, 0x02, 0x00, 0x00, 0xe9, 0x09, 0x00, 0xc4, 0x7e, 0xf6, 0x26, 0xc7, 0x45, 0x02, 0x01, 0x00  ; 4D76
    db 0x80, 0x7e, 0xf5, 0x6d, 0x75, 0x0b, 0xc4, 0x7e, 0xf6, 0x26, 0xc6, 0x45, 0x05, 0x6b, 0xe9, 0x2a  ; 4D86
    db 0x00, 0x80, 0x7e, 0xf5, 0x15, 0x75, 0x0b, 0xc4, 0x7e, 0xf6, 0x26, 0xc6, 0x45, 0x05, 0x4d, 0xe9  ; 4D96
    db 0x19, 0x00, 0x80, 0x7e, 0xf5, 0x6e, 0x75, 0x0b, 0xc4, 0x7e, 0xf6, 0x26, 0xc6, 0x45, 0x05, 0x47  ; 4DA6
    db 0xe9, 0x08, 0x00, 0xc4, 0x7e, 0xf6, 0x26, 0xc6, 0x45, 0x05, 0x00, 0x8b, 0xe5, 0x5d, 0xca, 0x04  ; 4DB6
    db 0x00, 0x55, 0x8b, 0xec, 0x83, 0xec, 0x06, 0xc4, 0x7e, 0x0a, 0x26, 0x83, 0x3d, 0x01, 0x7d, 0x50  ; 4DC6
    db 0x26, 0x83, 0x05, 0x03, 0xc4, 0x5e, 0x06, 0x26, 0x80, 0x3f, 0x6b, 0x75, 0x07, 0x26, 0xc6, 0x07  ; 4DD6
    db 0x00, 0xe9, 0x27, 0x00, 0xc4, 0x7e, 0x06, 0x26, 0x80, 0x3d, 0x4d, 0x75, 0x07, 0x26, 0xc6, 0x05  ; 4DE6
    db 0x6b, 0xe9, 0x17, 0x00, 0xc4, 0x7e, 0x06, 0x26, 0x80, 0x3d, 0x47, 0x75, 0x07, 0x26, 0xc6, 0x05  ; 4DF6
    db 0x4d, 0xe9, 0x07, 0x00, 0xc4, 0x7e, 0x06, 0x26, 0xc6, 0x05, 0x6d, 0xc4, 0x7e, 0x0a, 0x06, 0x57  ; 4E06
    db 0xc4, 0x56, 0x06, 0x06, 0x52, 0x9a, 0xc7, 0x20, 0xd0, 0xea, 0x83, 0xc4, 0x04, 0xe9, 0x56, 0x00  ; 4E16
    db 0xc4, 0x7e, 0x0a, 0x26, 0x83, 0x3d, 0x03, 0x7e, 0x4d, 0x26, 0x83, 0x05, 0xfd, 0xc4, 0x5e, 0x06  ; 4E26
    db 0x26, 0x80, 0x3f, 0x6b, 0x75, 0x07, 0x26, 0xc6, 0x07, 0x4d, 0xe9, 0x27, 0x00, 0xc4, 0x7e, 0x06  ; 4E36
    db 0x26, 0x80, 0x3d, 0x4d, 0x75, 0x07, 0x26, 0xc6, 0x05, 0x47, 0xe9, 0x17, 0x00, 0xc4, 0x7e, 0x06  ; 4E46
    db 0x26, 0x80, 0x3d, 0x6d, 0x75, 0x07, 0x26, 0xc6, 0x05, 0x00, 0xe9, 0x07, 0x00, 0xc4, 0x7e, 0x06  ; 4E56
    db 0x26, 0xc6, 0x05, 0x6b, 0xc4, 0x7e, 0x0a, 0x06, 0x57, 0xc4, 0x56, 0x06, 0x06, 0x52, 0x9a, 0xc7  ; 4E66
    db 0x20, 0xd0, 0xea, 0x83, 0xc4, 0x04, 0x8b, 0xe5, 0x5d, 0xca, 0x04, 0x00, 0x55, 0x8b, 0xec, 0x83  ; 4E76
    db 0xec, 0x06, 0xc4, 0x7e, 0x06, 0x26, 0x80, 0x3d, 0x30, 0x75, 0x19, 0xc4, 0x5e, 0x0a, 0x26, 0xc7  ; 4E86
    db 0x07, 0x02, 0x00, 0xc4, 0x7e, 0x06, 0x26, 0x8a, 0x55, 0x02, 0x2a, 0xf6, 0x83, 0xc2, 0xd0, 0x8b  ; 4E96
    db 0xc2, 0xe9, 0x2a, 0x00, 0xc4, 0x7e, 0x06, 0x26, 0x80, 0x7d, 0x01, 0x30, 0x75, 0x0b, 0xc4, 0x5e  ; 4EA6
    db 0x0a, 0x26, 0xc7, 0x07, 0x04, 0x00, 0xe9, 0x08, 0x00, 0xc4, 0x7e, 0x0a, 0x26, 0xc7, 0x05, 0x03  ; 4EB6
    db 0x00, 0xc4, 0x7e, 0x06, 0x26, 0x8a, 0x15, 0x2a, 0xf6, 0x83, 0xc2, 0xd0, 0x8b, 0xc2, 0x8b, 0xe5  ; 4EC6
    db 0x5d, 0xca, 0x04, 0x00, 0x55, 0x8b, 0xec, 0x83, 0xec, 0x10, 0xc4, 0x7e, 0x06, 0x89, 0x7e, 0xf0  ; 4ED6
    db 0x8c, 0x46, 0xf2, 0x80, 0x7e, 0x0e, 0x56, 0x75, 0x04, 0x80, 0x46, 0x0a, 0x0d, 0x8a, 0x56, 0x0a  ; 4EE6
    db 0x2a, 0xf6, 0x8b, 0xc2, 0x99, 0xbf, 0x03, 0x00, 0xf7, 0xff, 0x89, 0x56, 0xf8, 0x83, 0xfa, 0x00  ; 4EF6
    db 0x75, 0x07, 0xc6, 0x46, 0xf5, 0x35, 0xe9, 0x11, 0x00, 0x83, 0x7e, 0xf8, 0x01, 0x75, 0x07, 0xc6  ; 4F06
    db 0x46, 0xf5, 0x31, 0xe9, 0x04, 0x00, 0xc6, 0x46, 0xf5, 0x32, 0x8a, 0x56, 0x0a, 0x2a, 0xf6, 0x83  ; 4F16
    db 0xc2, 0x02, 0x8b, 0xc2, 0x99, 0xbf, 0x03, 0x00, 0xf7, 0xff, 0x89, 0x46, 0xf6, 0x80, 0x7e, 0x0e  ; 4F26
    db 0x73, 0x75, 0x12, 0x8b, 0x56, 0x0c, 0x81, 0xe2, 0x20, 0x00, 0x83, 0xfa, 0x00, 0x74, 0x29, 0xff  ; 4F36
    db 0x4e, 0xf6, 0xe9, 0x23, 0x00, 0x83, 0x7e, 0x0c, 0x09, 0x75, 0x07, 0x83, 0x46, 0xf6, 0x03, 0xe9  ; 4F46
    db 0x16, 0x00, 0x83, 0x7e, 0x0c, 0x06, 0x75, 0x07, 0x83, 0x46, 0xf6, 0x02, 0xe9, 0x09, 0x00, 0x83  ; 4F56
    db 0x7e, 0x0c, 0x03, 0x75, 0x03, 0xff, 0x46, 0xf6, 0x83, 0x46, 0xf6, 0x02, 0x8b, 0x46, 0xf6, 0x99  ; 4F66
    db 0xbf, 0x03, 0x00, 0xf7, 0xff, 0x83, 0xfa, 0x02, 0x75, 0x15, 0xc4, 0x5e, 0x06, 0x8a, 0x56, 0xf5  ; 4F76
    db 0x26, 0x88, 0x17, 0x26, 0xc6, 0x47, 0x01, 0x30, 0x83, 0x46, 0x06, 0x02, 0xe9, 0x36, 0x00, 0x8b  ; 4F86
    db 0x46, 0xf6, 0x99, 0xbf, 0x03, 0x00, 0xf7, 0xff, 0x83, 0xfa, 0x00, 0x75, 0x1c, 0xc4, 0x5e, 0x06  ; 4F96
    db 0x26, 0xc6, 0x07, 0x30, 0x26, 0xc6, 0x47, 0x01, 0x2e, 0x8a, 0x56, 0xf5, 0xc4, 0x5e, 0x06, 0x26  ; 4FA6
    db 0x88, 0x57, 0x02, 0x01, 0x7e, 0x06, 0xe9, 0x0c, 0x00, 0xc4, 0x7e, 0x06, 0x8a, 0x56, 0xf5, 0x26  ; 4FB6
    db 0x88, 0x15, 0xff, 0x46, 0x06, 0x8b, 0x46, 0xf6, 0x99, 0xbf, 0x03, 0x00, 0xf7, 0xff, 0x3d, 0x00  ; 4FC6
    db 0x00, 0x75, 0x0d, 0xc4, 0x5e, 0x06, 0x26, 0xc6, 0x07, 0x6e, 0xff, 0x46, 0x06, 0xe9, 0x4b, 0x00  ; 4FD6
    db 0x8b, 0x46, 0xf6, 0x99, 0xbf, 0x03, 0x00, 0xf7, 0xff, 0x3d, 0x01, 0x00, 0x75, 0x0d, 0xc4, 0x5e  ; 4FE6
    db 0x06, 0x26, 0xc6, 0x07, 0x15, 0xff, 0x46, 0x06, 0xe9, 0x30, 0x00, 0x8b, 0x46, 0xf6, 0x99, 0xbf  ; 4FF6
    db 0x03, 0x00, 0xf7, 0xff, 0x3d, 0x02, 0x00, 0x75, 0x0a, 0xc4, 0x5e, 0x06, 0x26, 0xc6, 0x07, 0x6d  ; 5006
    db 0xff, 0x46, 0x06, 0x8b, 0x46, 0xf6, 0x99, 0xbf, 0x03, 0x00, 0xf7, 0xff, 0x3d, 0x04, 0x00, 0x75  ; 5016
    db 0x0a, 0xc4, 0x5e, 0x06, 0x26, 0xc6, 0x07, 0x6b, 0xff, 0x46, 0x06, 0xc4, 0x7e, 0x06, 0x8a, 0x56  ; 5026
    db 0x0e, 0x26, 0x88, 0x15, 0xff, 0x46, 0x06, 0xc4, 0x5e, 0x06, 0x26, 0xc6, 0x07, 0x00, 0x8a, 0x56  ; 5036
    db 0x10, 0x80, 0xe2, 0x80, 0x80, 0xfa, 0x00, 0x74, 0x21, 0x8a, 0x56, 0x10, 0x80, 0xe2, 0x40, 0x80  ; 5046
    db 0xfa, 0x00, 0x74, 0x4b, 0x80, 0x7e, 0x0e, 0x73, 0x75, 0x45, 0xc4, 0x7e, 0xf0, 0x06, 0x57, 0x9a  ; 5056
    db 0x4e, 0x29, 0xd0, 0xea, 0x01, 0x46, 0x06, 0xe9, 0x35, 0x00, 0x8a, 0x56, 0x10, 0x2a, 0xf6, 0xd1  ; 5066
    db 0xe2, 0xd1, 0xe2, 0xd1, 0xe2, 0xd1, 0xe2, 0x8b, 0xfa, 0x8a, 0x9d, 0x8c, 0x01, 0x80, 0xe3, 0x40  ; 5076
    db 0x80, 0xfb, 0x00, 0x74, 0x1a, 0x80, 0x7e, 0x0e, 0x73, 0x75, 0x14, 0x80, 0x3e, 0x78, 0x1b, 0x00  ; 5086
    db 0x74, 0x0d, 0xc4, 0x5e, 0xf0, 0x06, 0x53, 0x9a, 0x4e, 0x29, 0xd0, 0xea, 0x01, 0x46, 0x06, 0xc4  ; 5096
    db 0x5e, 0x06, 0x8b, 0xe5, 0x5d, 0xca, 0x04, 0x00, 0x55, 0x8b, 0xec, 0x83, 0xec, 0x10, 0xc7, 0x46  ; 50A6
    db 0xf0, 0x01, 0x00, 0xc7, 0x46, 0xf4, 0x10, 0x27, 0x8b, 0x46, 0x08, 0xba, 0x06, 0x00, 0xf7, 0xea  ; 50B6
    db 0x8b, 0xf8, 0x80, 0xbd, 0x3c, 0x06, 0x25, 0x75, 0x0b, 0x8b, 0x56, 0x06, 0xd1, 0xe2, 0x89, 0x56  ; 50C6
    db 0xf6, 0xe9, 0x18, 0x00, 0x8b, 0x7e, 0x06, 0x8b, 0x46, 0x08, 0xba, 0x06, 0x00, 0xf7, 0xea, 0x8b  ; 50D6
    db 0xd0, 0x8b, 0xc7, 0x8b, 0xda, 0xf7, 0xaf, 0x38, 0x06, 0x89, 0x46, 0xf6, 0xc7, 0x46, 0xf8, 0x00  ; 50E6
    db 0x00, 0xe9, 0x94, 0x00  ; 50F6
L_F50FA:
    mov ax, word [bp + 8]                    ; 50FA: mov ax, word ptr [bp + 8]
    mov dx, 6                                ; 50FD: mov dx, 6
    imul dx                                  ; 5100: imul dx
    mov di, word [bp - 8]                    ; 5102: mov di, word ptr [bp - 8]
    mov bx, ax                               ; 5105: mov bx, ax
    cmp word [bx + 0x63a], di                ; 5107: cmp word ptr [bx + 0x63a], di
    jne short 0x5117                         ; 510B: jne 0x437
    les di, [bp + 0xa]                       ; 510D: les di, ptr [bp + 0xa]
    mov byte [es:di], 0x2e                   ; 5110: mov byte ptr es:[di], 0x2e
    inc word [bp + 0xa]                      ; 5114: inc word ptr [bp + 0xa]
L_F5117:
    mov ax, word [bp - 0xa]                  ; 5117: mov ax, word ptr [bp - 0xa]
    cwd                                      ; 511A: cdq 
    idiv word [bp - 0xc]                     ; 511B: idiv word ptr [bp - 0xc]
    mov word [bp - 0xe], ax                  ; 511E: mov word ptr [bp - 0xe], ax
    mov di, word [bp - 0xc]                  ; 5121: mov di, word ptr [bp - 0xc]
    mov ax, word [bp - 0xa]                  ; 5124: mov ax, word ptr [bp - 0xa]
    cwd                                      ; 5127: cdq 
    idiv di                                  ; 5128: idiv di
    mov word [bp - 0xa], dx                  ; 512A: mov word ptr [bp - 0xa], dx
    mov ax, di                               ; 512D: mov ax, di
    cwd                                      ; 512F: cdq 
    mov bx, 0xa                              ; 5130: mov bx, 0xa
    idiv bx                                  ; 5133: idiv bx
    mov word [bp - 0xc], ax                  ; 5135: mov word ptr [bp - 0xc], ax
    cmp word [bp - 0xe], 0                   ; 5138: cmp word ptr [bp - 0xe], 0
    jne short 0x5175                         ; 513C: jne 0x495
    cmp word [bp - 0x10], 0                  ; 513E: cmp word ptr [bp - 0x10], 0
    je short 0x515c                          ; 5142: je 0x47c
    mov di, word [bp - 8]                    ; 5144: mov di, word ptr [bp - 8]
    mov ax, word [bp + 8]                    ; 5147: mov ax, word ptr [bp + 8]
    mov dx, 6                                ; 514A: mov dx, 6
    imul dx                                  ; 514D: imul dx
    mov bx, ax                               ; 514F: mov bx, ax
    mov dx, word [bx + 0x63a]                ; 5151: mov dx, word ptr [bx + 0x63a]
    add dx, -2                               ; 5155: add dx, -2
    cmp di, dx                               ; 5158: cmp di, dx
    jle short 0x518b                         ; 515A: jle 0x4ab
L_F515C:
    mov di, word [bp - 0xe]                  ; 515C: mov di, word ptr [bp - 0xe]
    add di, 0x30                             ; 515F: add di, 0x30
    les bx, [bp + 0xa]                       ; 5162: les bx, ptr [bp + 0xa]
    mov dx, di                               ; 5165: mov dx, di
    mov byte [es:bx], dl                     ; 5167: mov byte ptr es:[bx], dl
    inc word [bp + 0xa]                      ; 516A: inc word ptr [bp + 0xa]
    mov word [bp - 0x10], 0                  ; 516D: mov word ptr [bp - 0x10], 0
    jmp 0x518b                               ; 5172: jmp 0x4ab
L_F5175:
    mov di, word [bp - 0xe]                  ; 5175: mov di, word ptr [bp - 0xe]
    add di, 0x30                             ; 5178: add di, 0x30
    les bx, [bp + 0xa]                       ; 517B: les bx, ptr [bp + 0xa]
    mov dx, di                               ; 517E: mov dx, di
    mov byte [es:bx], dl                     ; 5180: mov byte ptr es:[bx], dl
    inc word [bp + 0xa]                      ; 5183: inc word ptr [bp + 0xa]
    mov word [bp - 0x10], 0                  ; 5186: mov word ptr [bp - 0x10], 0
L_F518B:
    inc word [bp - 8]                        ; 518B: inc word ptr [bp - 8]
    cmp word [bp - 8], 5                     ; 518E: cmp word ptr [bp - 8], 5
    jge short 0x5197                         ; 5192: jge 0x4b7
    jmp 0x50fa                               ; 5194: jmp 0x41a
L_F5197:
    mov ax, word [bp + 8]                    ; 5197: mov ax, word ptr [bp + 8]
    mov dx, 6                                ; 519A: mov dx, 6
    imul dx                                  ; 519D: imul dx
    mov di, ax                               ; 519F: mov di, ax
    cmp byte [di + 0x63d], 0                 ; 51A1: cmp byte ptr [di + 0x63d], 0
    je short 0x51b5                          ; 51A6: je 0x4d5
    les bx, [bp + 0xa]                       ; 51A8: les bx, ptr [bp + 0xa]
    mov dl, byte [di + 0x63d]                ; 51AB: mov dl, byte ptr [di + 0x63d]
    mov byte [es:bx], dl                     ; 51AF: mov byte ptr es:[bx], dl
    inc word [bp + 0xa]                      ; 51B2: inc word ptr [bp + 0xa]
L_F51B5:
    mov ax, word [bp + 8]                    ; 51B5: mov ax, word ptr [bp + 8]
    mov dx, 6                                ; 51B8: mov dx, 6
    imul dx                                  ; 51BB: imul dx
    les di, [bp + 0xa]                       ; 51BD: les di, ptr [bp + 0xa]
    mov bx, ax                               ; 51C0: mov bx, ax
    mov dl, byte [bx + 0x63c]                ; 51C2: mov dl, byte ptr [bx + 0x63c]
    mov byte [es:di], dl                     ; 51C6: mov byte ptr es:[di], dl
    inc word [bp + 0xa]                      ; 51C9: inc word ptr [bp + 0xa]
    les di, [bp + 0xa]                       ; 51CC: les di, ptr [bp + 0xa]
    mov byte [es:di], 0                      ; 51CF: mov byte ptr es:[di], 0
    mov sp, bp                               ; 51D3: mov sp, bp
    pop bp                                   ; 51D5: pop bp
    retf 2                                   ; 51D6: retf 2
    db 0x55, 0x8b, 0xec, 0x83, 0xec, 0x18, 0xc7, 0x46, 0xec, 0x01, 0x00, 0xc7, 0x46, 0xf4, 0x10, 0x27  ; 51D9
    db 0x8b, 0x46, 0x08, 0xba, 0x06, 0x00, 0xf7, 0xea, 0xbf, 0x38, 0x06, 0x03, 0xf8, 0x89, 0x7e, 0xe8  ; 51E9
    db 0x8c, 0x5e, 0xea, 0x8b, 0x56, 0x06, 0x8b, 0xc2, 0xc4, 0x5e, 0xe8, 0x26, 0xf7, 0x2f, 0x89, 0x46  ; 51F9
    db 0x06, 0x26, 0x8a, 0x57, 0x05, 0x2a, 0xf6, 0x89, 0x56, 0xee, 0x8c, 0xc0, 0xc4, 0x7e, 0x0a, 0x26  ; 5209
    db 0xc6, 0x05, 0x00, 0x81, 0x7e, 0x06, 0x10, 0x27, 0x7d, 0x6e, 0x81, 0x7e, 0x06, 0xe8, 0x03, 0x7d  ; 5219
    db 0x4e, 0x83, 0x7e, 0x06, 0x64, 0x7d, 0x30, 0x83, 0x7e, 0x06, 0x0a, 0x7d, 0x0f, 0x26, 0xc6, 0x05  ; 5229
    db 0x3f, 0xc4, 0x7e, 0x0a, 0x26, 0xc6, 0x45, 0x01, 0x00, 0xe9, 0x67, 0x00, 0xff, 0x76, 0x06, 0x9a  ; 5239
    db 0x02, 0x00, 0x4b, 0xe9, 0x89, 0x46, 0xf6, 0xc4, 0x7e, 0xe8, 0x26, 0x8b, 0x55, 0x02, 0x83, 0xc2  ; 5249
    db 0x02, 0x89, 0x56, 0xf0, 0xe9, 0x4c, 0x00, 0xff, 0x76, 0x06, 0x9a, 0x1c, 0x00, 0x4b, 0xe9, 0x89  ; 5259
    db 0x46, 0xf6, 0xc4, 0x7e, 0xe8, 0x26, 0x8b, 0x55, 0x02, 0x89, 0x56, 0xf0, 0xe9, 0x34, 0x00, 0xff  ; 5269
    db 0x76, 0x06, 0x9a, 0x36, 0x00, 0x4b, 0xe9, 0x89, 0x46, 0xf6, 0xc4, 0x7e, 0xe8, 0x26, 0x8b, 0x55  ; 5279
    db 0x02, 0x4a, 0x89, 0x56, 0xf0, 0xe9, 0x1b, 0x00, 0xe9, 0x00, 0x00, 0xff, 0x76, 0x06, 0x9a, 0x50  ; 5289
    db 0x00, 0x4b, 0xe9, 0x89, 0x46, 0xf6, 0xc4, 0x7e, 0xe8, 0x26, 0x8b, 0x55, 0x02, 0x83, 0xc2, 0xfe  ; 5299
    db 0x89, 0x56, 0xf0, 0xc4, 0x7e, 0x0a, 0x26, 0x80, 0x3d, 0x3f, 0x74, 0x76, 0xc4, 0x5e, 0xe8, 0x26  ; 52A9
    db 0x80, 0x7f, 0x04, 0x20, 0x74, 0x12, 0x8d, 0x56, 0xf0, 0x16, 0x52, 0x8d, 0x46, 0xee, 0x16, 0x50  ; 52B9
    db 0x9a, 0xc7, 0x20, 0xd0, 0xea, 0x83, 0xc4, 0x04, 0xc7, 0x46, 0xf8, 0x00, 0x00, 0xe9, 0x81, 0x00  ; 52C9
    db 0x8b, 0x7e, 0xf8, 0x39, 0x7e, 0xf0, 0x75, 0x0a, 0xc4, 0x7e, 0x0a, 0x26, 0xc6, 0x05, 0x2e, 0xff  ; 52D9
    db 0x46, 0x0a, 0x8b, 0x46, 0xf6, 0x99, 0xf7, 0x7e, 0xf4, 0x89, 0x46, 0xf2, 0x8b, 0x7e, 0xf4, 0x8b  ; 52E9
    db 0x46, 0xf6, 0x99, 0xf7, 0xff, 0x89, 0x56, 0xf6, 0x8b, 0xc7, 0x99, 0xbb, 0x0a, 0x00, 0xf7, 0xfb  ; 52F9
    db 0x89, 0x46, 0xf4, 0x83, 0x7e, 0xf2, 0x00, 0x75, 0x2f, 0x83, 0x7e, 0xec, 0x00, 0x74, 0x0b, 0x8b  ; 5309
    db 0x7e, 0xf0, 0x83, 0xc7, 0xfe, 0x39, 0x7e, 0xf8, 0x7e, 0x34, 0x8b, 0x7e, 0xf2, 0x83, 0xc7, 0x30  ; 5319
    db 0xeb, 0x03, 0xe9, 0x62, 0x00, 0xc4, 0x5e, 0x0a, 0x8b, 0xd7, 0x26, 0x88, 0x17, 0xff, 0x46, 0x0a  ; 5329
    db 0xc7, 0x46, 0xec, 0x00, 0x00, 0xe9, 0x16, 0x00, 0x8b, 0x7e, 0xf2, 0x83, 0xc7, 0x30, 0xc4, 0x5e  ; 5339
    db 0x0a, 0x8b, 0xd7, 0x26, 0x88, 0x17, 0xff, 0x46, 0x0a, 0xc7, 0x46, 0xec, 0x00, 0x00, 0xff, 0x46  ; 5349
    db 0xf8, 0x83, 0x7e, 0xf8, 0x05, 0x7d, 0x03, 0xe9, 0x76, 0xff, 0x83, 0x7e, 0xee, 0x00, 0x74, 0x0c  ; 5359
    db 0xc4, 0x7e, 0x0a, 0x8a, 0x56, 0xee, 0x26, 0x88, 0x15, 0xff, 0x46, 0x0a, 0xc4, 0x7e, 0x0a, 0x8c  ; 5369
    db 0xc2, 0xc4, 0x5e, 0xe8, 0x26, 0x8a, 0x47, 0x04, 0x8e, 0xc2, 0x26, 0x88, 0x05, 0xff, 0x46, 0x0a  ; 5379
    db 0xc4, 0x7e, 0x0a, 0x26, 0xc6, 0x05, 0x00, 0x8b, 0xe5, 0x5d, 0xca, 0x02, 0x00, 0x55, 0x8b, 0xec  ; 5389
    db 0x83, 0xec, 0x12, 0xa1, 0x70, 0x05, 0xd1, 0xe0, 0xd1, 0xe0, 0xd1, 0xe0, 0xd1, 0xe0, 0xbf, 0x8c  ; 5399
    db 0x01, 0x03, 0xf8, 0x89, 0x7e, 0xf6, 0x8c, 0x5e, 0xf8, 0xa1, 0x70, 0x05, 0xd1, 0xe0, 0xba, 0x0a  ; 53A9
    db 0x00, 0xf7, 0xea, 0xba, 0x14, 0x1c, 0x03, 0xd0, 0x89, 0x56, 0xf2, 0x8c, 0x5e, 0xf4, 0xa1, 0x70  ; 53B9
    db 0x05, 0xd1, 0xe0, 0x40, 0xba, 0x0a, 0x00, 0xf7, 0xea, 0xba, 0x14, 0x1c, 0x03, 0xd0, 0x89, 0x56  ; 53C9
    db 0xee, 0x8c, 0x5e, 0xf0, 0xc4, 0x5e, 0xf2, 0x26, 0x8a, 0x57, 0x06, 0x80, 0xe2, 0x01, 0x80, 0xfa  ; 53D9
    db 0x00, 0x74, 0x3f, 0xc4, 0x7e, 0xf6, 0x26, 0x8a, 0x55, 0x03, 0x2a, 0xf6, 0x81, 0xca, 0xf4, 0x00  ; 53E9
    db 0x81, 0xfa, 0xf4, 0x00, 0x75, 0x06, 0xbf, 0x01, 0x00, 0xe9, 0x02, 0x00, 0x2b, 0xff, 0x8b, 0xd7  ; 53F9
    db 0x52, 0xc4, 0x7e, 0xee, 0x26, 0x8a, 0x5d, 0x06, 0x80, 0xe3, 0x01, 0x80, 0xfb, 0x00, 0x75, 0x06  ; 5409
    db 0xbf, 0x01, 0x00, 0xe9, 0x02, 0x00, 0x2b, 0xff, 0x5a, 0x8b, 0xdf, 0x22, 0xda, 0x80, 0xfb, 0x00  ; 5419
    db 0x74, 0x19, 0xc6, 0x06, 0x3d, 0x06, 0x00, 0xc6, 0x06, 0x3c, 0x06, 0x25, 0xc7, 0x06, 0x38, 0x06  ; 5429
    db 0x01, 0x00, 0xc7, 0x06, 0x3a, 0x06, 0x04, 0x00, 0xe9, 0x90, 0x00, 0x2b, 0xff, 0x57, 0xba, 0x56  ; 5439
    db 0x00, 0x52, 0x57, 0xc4, 0x5e, 0xf2, 0x26, 0x8a, 0x57, 0x04, 0x2a, 0xf6, 0x52, 0x1e, 0xb8, 0x5e  ; 5449
    db 0x06, 0x50, 0x9a, 0xda, 0x21, 0xd0, 0xea, 0x83, 0xc4, 0x08, 0x89, 0x1e, 0x34, 0x06, 0x8c, 0x06  ; 5459
    db 0x36, 0x06, 0x83, 0x3e, 0x70, 0x05, 0x00, 0x75, 0x09, 0xa0, 0x76, 0x1b, 0x24, 0x02, 0x3c, 0x00  ; 5469
    db 0x75, 0x59, 0xc4, 0x3e, 0x34, 0x06, 0x26, 0x80, 0x7d, 0xfe, 0x6d, 0x74, 0x16, 0xc4, 0x1e, 0x34  ; 5479
    db 0x06, 0x26, 0x80, 0x7f, 0xfe, 0x6e, 0x74, 0x0b, 0xc4, 0x3e, 0x34, 0x06, 0x26, 0x80, 0x7d, 0xfe  ; 5489
    db 0x15, 0x75, 0x0f, 0xc4, 0x3e, 0x34, 0x06, 0x26, 0x8a, 0x55, 0xfe, 0x88, 0x16, 0x3d, 0x06, 0xe9  ; 5499
    db 0x05, 0x00, 0xc6, 0x06, 0x3d, 0x06, 0x00, 0xc4, 0x3e, 0x34, 0x06, 0x26, 0x8a, 0x55, 0xff, 0x88  ; 54A9
    db 0x16, 0x3c, 0x06, 0xbb, 0x38, 0x06, 0x83, 0xc3, 0x02, 0x1e, 0x53, 0x1e, 0xb8, 0x5e, 0x06, 0x50  ; 54B9
    db 0x9a, 0x82, 0x21, 0xd0, 0xea, 0x83, 0xc4, 0x04, 0xa3, 0x38, 0x06, 0xc4, 0x7e, 0xee, 0x26, 0x8a  ; 54C9
    db 0x55, 0x06, 0x80, 0xe2, 0x01, 0x80, 0xfa, 0x00, 0x75, 0x19, 0xc6, 0x06, 0x43, 0x06, 0x00, 0xc6  ; 54D9
    db 0x06, 0x42, 0x06, 0x25, 0xc7, 0x06, 0x3e, 0x06, 0x01, 0x00, 0xc7, 0x06, 0x40, 0x06, 0x04, 0x00  ; 54E9
    db 0xe9, 0x90, 0x00, 0x2b, 0xff, 0x57, 0xba, 0x56, 0x00, 0x52, 0x57, 0xc4, 0x5e, 0xee, 0x26, 0x8a  ; 54F9
    db 0x57, 0x04, 0x2a, 0xf6, 0x52, 0x1e, 0xb8, 0x5e, 0x06, 0x50, 0x9a, 0xda, 0x21, 0xd0, 0xea, 0x83  ; 5509
    db 0xc4, 0x08, 0x89, 0x1e, 0x34, 0x06, 0x8c, 0x06, 0x36, 0x06, 0x83, 0x3e, 0x70, 0x05, 0x00, 0x75  ; 5519
    db 0x09, 0xa0, 0x76, 0x1b, 0x24, 0x02, 0x3c, 0x00, 0x75, 0x59, 0xc4, 0x3e, 0x34, 0x06, 0x26, 0x80  ; 5529
    db 0x7d, 0xfe, 0x6d, 0x74, 0x16, 0xc4, 0x1e, 0x34, 0x06, 0x26, 0x80, 0x7f, 0xfe, 0x6e, 0x74, 0x0b  ; 5539
    db 0xc4, 0x3e, 0x34, 0x06, 0x26, 0x80, 0x7d, 0xfe, 0x15, 0x75, 0x0f, 0xc4, 0x3e, 0x34, 0x06, 0x26  ; 5549
    db 0x8a, 0x55, 0xfe, 0x88, 0x16, 0x43, 0x06, 0xe9, 0x05, 0x00, 0xc6, 0x06, 0x43, 0x06, 0x00, 0xc4  ; 5559
    db 0x3e, 0x34, 0x06, 0x26, 0x8a, 0x55, 0xff, 0x88, 0x16, 0x42, 0x06, 0xbb, 0x38, 0x06, 0x83, 0xc3  ; 5569
    db 0x08, 0x1e, 0x53, 0x1e, 0xb8, 0x5e, 0x06, 0x50, 0x9a, 0x82, 0x21, 0xd0, 0xea, 0x83, 0xc4, 0x04  ; 5579
    db 0xa3, 0x3e, 0x06, 0xc4, 0x7e, 0xf6, 0x26, 0x80, 0x7d, 0x02, 0x19, 0x75, 0x20, 0xc6, 0x06, 0x5e  ; 5589
    db 0x06, 0x31, 0xc6, 0x06, 0x5f, 0x06, 0x64, 0xc6, 0x06, 0x60, 0x06, 0x00, 0xba, 0x5e, 0x06, 0x83  ; 5599
    db 0xc2, 0x02, 0x89, 0x16, 0x34, 0x06, 0x8c, 0x1e, 0x36, 0x06, 0xe9, 0x2a, 0x00, 0xff, 0x36, 0x70  ; 55A9
    db 0x05, 0xbf, 0x73, 0x00, 0x57, 0x2b, 0xd2, 0x52, 0xc4, 0x7e, 0xf6, 0x26, 0x8a, 0x5d, 0x02, 0x2a  ; 55B9
    db 0xff, 0x53, 0x1e, 0xb8, 0x5e, 0x06, 0x50, 0x9a, 0xda, 0x21, 0xd0, 0xea, 0x83, 0xc4, 0x08, 0x89  ; 55C9
    db 0x1e, 0x34, 0x06, 0x8c, 0x06, 0x36, 0x06, 0xc4, 0x3e, 0x34, 0x06, 0x26, 0x80, 0x7d, 0xfe, 0x6d  ; 55D9
    db 0x74, 0x16, 0xc4, 0x1e, 0x34, 0x06, 0x26, 0x80, 0x7f, 0xfe, 0x6e, 0x74, 0x0b, 0xc4, 0x3e, 0x34  ; 55E9
    db 0x06, 0x26, 0x80, 0x7d, 0xfe, 0x15, 0x75, 0x0f, 0xc4, 0x3e, 0x34, 0x06, 0x26, 0x8a, 0x55, 0xfe  ; 55F9
    db 0x88, 0x16, 0x49, 0x06, 0xe9, 0x05, 0x00, 0xc6, 0x06, 0x49, 0x06, 0x00, 0xc4, 0x3e, 0x34, 0x06  ; 5609
    db 0x26, 0x8a, 0x55, 0xff, 0x88, 0x16, 0x48, 0x06, 0xbb, 0x38, 0x06, 0x83, 0xc3, 0x0e, 0x1e, 0x53  ; 5619
    db 0x1e, 0xb8, 0x5e, 0x06, 0x50, 0x9a, 0x82, 0x21, 0xd0, 0xea, 0x83, 0xc4, 0x04, 0xa3, 0x44, 0x06  ; 5629
    db 0xbf, 0x03, 0x00, 0x57, 0x1e, 0xba, 0x5e, 0x06, 0x52, 0x9a, 0xed, 0x1f, 0xd0, 0xea, 0x83, 0xc4  ; 5639
    db 0x02, 0x8b, 0xe5, 0x5d, 0xcb, 0x55, 0x8b, 0xec, 0x83, 0xec, 0x06, 0xc4, 0x7e, 0x06, 0x26, 0x80  ; 5649
    db 0x3d, 0x30, 0x75, 0x04, 0x83, 0x46, 0x06, 0x02, 0xc4, 0x7e, 0x06, 0x26, 0x80  ; 5659
    db 0x3d, 0x35, 0x75, 0x76, 0x26  ; 5666: "=5uv&"
    db 0x80, 0x7d, 0x01, 0x30, 0x75, 0x72, 0xe9, 0xc0, 0x00, 0xc4, 0x7e, 0x06, 0xff, 0x46, 0x06, 0x26  ; 566B
    db 0xc6, 0x05, 0x30, 0xc4, 0x5e, 0x06, 0xff, 0x46, 0x06, 0x26, 0xc6, 0x07, 0x2e, 0xc4, 0x7e, 0x06  ; 567B
    db 0xff, 0x46, 0x06, 0x26, 0xc6, 0x05, 0x32, 0xc4, 0x7e, 0x06, 0xff, 0x46, 0x06, 0x26, 0xc6, 0x05  ; 568B
    db 0x15, 0xc4, 0x5e, 0x06, 0xff, 0x46, 0x06, 0x26, 0xc6, 0x07, 0x73, 0xc4, 0x7e, 0x06, 0x26, 0xc6  ; 569B
    db 0x05, 0x00, 0xb8, 0x01, 0x00, 0xe9, 0x26, 0x01, 0xc4, 0x7e, 0x06, 0xff, 0x46, 0x06, 0x26, 0xc6  ; 56AB
    db 0x05, 0x30, 0xc4, 0x5e, 0x06, 0xff, 0x46, 0x06, 0x26, 0xc6, 0x07, 0x2e, 0xc4, 0x7e, 0x06, 0xff  ; 56BB
    db 0x46, 0x06, 0x26, 0xc6, 0x05, 0x32, 0xc4, 0x7e, 0x06, 0xff, 0x46, 0x06, 0x26, 0xc6, 0x05, 0x6d  ; 56CB
    db 0xc4, 0x5e, 0x06, 0xeb, 0x06, 0xe9, 0xdd, 0x00, 0xe9, 0x71, 0x00, 0xff, 0x46, 0x06, 0x26, 0xc6  ; 56DB
    db 0x07, 0x73, 0xc4, 0x7e, 0x06, 0xff, 0x46, 0x06, 0x26, 0xc6, 0x05, 0x00, 0xb8, 0x01, 0x00, 0xe9  ; 56EB
    db 0xdc, 0x00, 0xc4, 0x7e, 0x06, 0xff, 0x46, 0x06, 0x26, 0xc6, 0x05, 0x30, 0xc4, 0x5e, 0x06, 0xff  ; 56FB
    db 0x46, 0x06, 0x26, 0xc6, 0x07, 0x2e, 0xc4, 0x7e, 0x06, 0xff, 0x46, 0x06, 0x26, 0xc6, 0x05, 0x32  ; 570B
    db 0xc4, 0x7e, 0x06, 0xff, 0x46, 0x06, 0x26, 0xc6, 0x05, 0x73, 0xc4, 0x5e, 0x06, 0xff, 0x46, 0x06  ; 571B
    db 0x26, 0xc6, 0x07, 0x00, 0x2b, 0xc0, 0xe9, 0xa5, 0x00, 0xc4, 0x7e, 0x06, 0x26, 0x8a, 0x55, 0x02  ; 572B
    db 0x2a, 0xf6, 0x8b, 0xc2, 0x3d, 0x15, 0x00, 0x75, 0x03, 0xe9, 0x6c, 0xff, 0x3d, 0x6d, 0x00, 0x74  ; 573B
    db 0xb1, 0x3d, 0x6e, 0x00, 0x75, 0x03, 0xe9, 0x20, 0xff, 0xe9, 0x82, 0x00, 0xc4, 0x7e, 0x06, 0x26  ; 574B
    db 0x80, 0x7d, 0xff, 0x2e, 0x75, 0x2a, 0x26, 0xc6, 0x45, 0xfe, 0x32, 0xc4, 0x56, 0x06, 0x8b, 0xda  ; 575B
    db 0x26, 0x8a, 0x47, 0x01, 0x26, 0x88, 0x47, 0xff, 0xc4, 0x7e, 0x06, 0x26, 0x8a, 0x45, 0x02, 0x26  ; 576B
    db 0x88, 0x05, 0x26, 0x8a, 0x55, 0x03, 0x26, 0x88, 0x55, 0x01, 0xb8, 0xfe, 0xff, 0xe9, 0x4e, 0x00  ; 577B
    db 0xc4, 0x7e, 0x06, 0x26, 0x8a, 0x55, 0x03, 0x26, 0x88, 0x55, 0x04, 0xc4, 0x5e, 0x06, 0x26, 0x8a  ; 578B
    db 0x47, 0x02, 0x26, 0x88, 0x47, 0x03, 0xc4, 0x56, 0x06, 0x8b, 0xfa, 0x26, 0x8a, 0x55, 0x01, 0x26  ; 579B
    db 0x88, 0x55, 0x02, 0xc4, 0x7e, 0x06, 0x26, 0xc6, 0x45, 0x01, 0x30, 0x26, 0xc6, 0x05, 0x32, 0xb8  ; 57AB
    db 0x01, 0x00, 0xe9, 0x19, 0x00, 0xc4, 0x7e, 0x06, 0x26, 0x8a, 0x15, 0x2a, 0xf6, 0x83, 0xc2, 0xd0  ; 57BB
    db 0xd1, 0xe2, 0xd1, 0xe2, 0x83, 0xc2, 0x30, 0x8b, 0xda, 0x26, 0x88, 0x1d, 0x2b, 0xc0, 0x8b, 0xe5  ; 57CB
    db 0x5d, 0xca, 0x04, 0x00, 0x55, 0x8b, 0xec, 0x83, 0xec, 0x0c, 0x80, 0x3e, 0x7a, 0x1b, 0x00, 0x74  ; 57DB
    db 0x07, 0x80, 0x3e, 0xf7, 0x1b, 0x00, 0x74, 0x78, 0xc7, 0x46, 0xf4, 0x00, 0x00, 0xc4, 0x3e, 0xc4  ; 57EB
    db 0x1c, 0x8c, 0xc2, 0xc4, 0x1e, 0x90, 0x1d, 0x8b, 0xc7, 0x26, 0x03, 0x47, 0x0a, 0x89, 0x46, 0xf6  ; 57FB
    db 0x89, 0x56, 0xf8, 0x06, 0x53, 0xa1, 0x02, 0x1c, 0xc4, 0x56, 0xf6, 0x8b, 0xfa, 0x03, 0xf8, 0x06  ; 580B
    db 0x57, 0xbf, 0x7b, 0xff, 0x57, 0xbf, 0xd5, 0x01, 0x57, 0x9a, 0x46, 0x09, 0x34, 0xea, 0x83, 0xc4  ; 581B
    db 0x04, 0x83, 0xc4, 0x02, 0x83, 0xc4, 0x02, 0xa0, 0xfb, 0x1b, 0x24, 0x04, 0x3c, 0x00, 0x74, 0x3a  ; 582B
    db 0xc4, 0x7e, 0xf6, 0x06, 0x57, 0xba, 0x7b, 0xff, 0x52, 0xbb, 0xd9, 0x01, 0x53, 0x9a, 0x46, 0x09  ; 583B
    db 0x34, 0xea, 0x83, 0xc4, 0x04, 0xa1, 0x02, 0x1c, 0xc4, 0x7e, 0xf6, 0x8b, 0xd7, 0x03, 0xd0, 0x06  ; 584B
    db 0x52, 0xbb, 0x7b, 0xff, 0x53, 0xba, 0xeb, 0x01, 0x52, 0x9a, 0x46, 0x09, 0x34, 0xea, 0xeb, 0x03  ; 585B
    db 0xe9, 0xa3, 0x00, 0x83, 0xc4, 0x04, 0x83, 0x46, 0xf4, 0x0e, 0xa0, 0xfb, 0x1b, 0x24, 0x02, 0x3c  ; 586B
    db 0x00, 0x74, 0x3f, 0x8b, 0x7e, 0xf4, 0xc4, 0x56, 0xf6, 0x8b, 0xda, 0x03, 0xdf, 0x06, 0x53, 0xb8  ; 587B
    db 0x7b, 0xff, 0x50, 0xbb, 0xfd, 0x01, 0x53, 0x9a, 0x46, 0x09, 0x34, 0xea, 0x83  ; 588B
SUB_F5898:
    les ax, [si]                             ; 5898: les ax, ptr [si]
    mov ax, word [0x1c02]                    ; 589A: mov ax, word ptr [0x1c02]
    add ax, word [bp - 0xc]                  ; 589D: add ax, word ptr [bp - 0xc]
    les di, [bp - 0xa]                       ; 58A0: les di, ptr [bp - 0xa]
    mov dx, di                               ; 58A3: mov dx, di
    add dx, ax                               ; 58A5: add dx, ax
    push es                                  ; 58A7: push es
    push dx                                  ; 58A8: push dx
    mov bx, 0xff7b                           ; 58A9: mov bx, 0xff7b
    push bx                                  ; 58AC: push bx
    mov dx, 0x20f                            ; 58AD: mov dx, 0x20f
    push dx                                  ; 58B0: push dx
    call 0xea34:0x0946                       ; 58B1: lcall 0xea34, 0x946
    add sp, 4                                ; 58B6: add sp, 4
    add word [bp - 0xc], 0xe                 ; 58B9: add word ptr [bp - 0xc], 0xe
    mov al, byte [0x1bfb]                    ; 58BD: mov al, byte ptr [0x1bfb]
    and al, 1                                ; 58C0: and al, 1
    cmp al, 0                                ; 58C2: cmp al, 0
    je short 0x5901                          ; 58C4: je 0x6e1
    mov di, word [bp - 0xc]                  ; 58C6: mov di, word ptr [bp - 0xc]
    les dx, [bp - 0xa]                       ; 58C9: les dx, ptr [bp - 0xa]
    mov bx, dx                               ; 58CC: mov bx, dx
    add bx, di                               ; 58CE: add bx, di
    push es                                  ; 58D0: push es
    push bx                                  ; 58D1: push bx
    mov ax, 0xff7b                           ; 58D2: mov ax, 0xff7b
    push ax                                  ; 58D5: push ax
    mov bx, 0x221                            ; 58D6: mov bx, 0x221
    push bx                                  ; 58D9: push bx
    call 0xea34:0x0946                       ; 58DA: lcall 0xea34, 0x946
    add sp, 4                                ; 58DF: add sp, 4
    mov ax, word [0x1c02]                    ; 58E2: mov ax, word ptr [0x1c02]
    add ax, word [bp - 0xc]                  ; 58E5: add ax, word ptr [bp - 0xc]
    les di, [bp - 0xa]                       ; 58E8: les di, ptr [bp - 0xa]
    mov dx, di                               ; 58EB: mov dx, di
    add dx, ax                               ; 58ED: add dx, ax
    push es                                  ; 58EF: push es
    push dx                                  ; 58F0: push dx
    mov bx, 0xff7b                           ; 58F1: mov bx, 0xff7b
    push bx                                  ; 58F4: push bx
    mov dx, 0x233                            ; 58F5: mov dx, 0x233
    push dx                                  ; 58F8: push dx
    call 0xea34:0x0946                       ; 58F9: lcall 0xea34, 0x946
    add sp, 4                                ; 58FE: add sp, 4
L_F5901:
    mov di, 0x29                             ; 5901: mov di, 0x29
    push di                                  ; 5904: push di
    mov dx, 0x11                             ; 5905: mov dx, 0x11
    push dx                                  ; 5908: push dx
    call 0xe951:0x02cc                       ; 5909: lcall 0xe951, 0x2cc
    add sp, 2                                ; 590E: add sp, 2
    mov sp, bp                               ; 5911: mov sp, bp
    pop bp                                   ; 5913: pop bp
    retf                                     ; 5914: retf 
    db 0xff, 0x32, 0x00, 0xfa, 0x00, 0xc2, 0x01, 0x8a, 0x02, 0x52, 0x03, 0x00, 0x00, 0x0c, 0x12, 0x7e  ; 5915
    db 0x04, 0xaa, 0x05, 0xd6, 0x06, 0x02, 0x08, 0xca, 0x08, 0xca, 0x08, 0x94, 0x0c, 0x60, 0x0e, 0x80  ; 5925
    db 0x11, 0xb2, 0x11, 0xd0, 0x11, 0xee, 0x11, 0x70, 0x12, 0xfe, 0x13  ; 5935
    db 0x20, 0x33, 0x20, 0x45, 0x4d, 0x50, 0x54, 0x59  ; 5940: " 3 EMPTY"
    db 0x00, 0xff  ; 5948
    db 0x20, 0x32, 0x20, 0x45, 0x4d, 0x50, 0x54, 0x59  ; 594A: " 2 EMPTY"
    db 0x00, 0xff  ; 5952
    db 0x20, 0x31, 0x20, 0x45, 0x4d, 0x50, 0x54, 0x59  ; 5954: " 1 EMPTY"
    db 0x00, 0xff  ; 595C
    db 0x53, 0x52, 0x45, 0x46, 0x20, 0x20, 0x34, 0x6b, 0x20, 0x28, 0x31, 0x2c, 0x32, 0x2c, 0x33, 0x20, 0x46, 0x55, 0x4c, 0x4c, 0x29  ; 595E: "SREF  4k (1,2,3 FULL)"
    db 0x00  ; 5973
    db 0x20, 0x33, 0x20, 0x46, 0x55, 0x4c, 0x4c  ; 5974: " 3 FULL"
    db 0x00  ; 597B
    db 0x20, 0x32, 0x20, 0x46, 0x55, 0x4c, 0x4c  ; 597C: " 2 FULL"
    db 0x00  ; 5983
    db 0x20, 0x31, 0x20, 0x46, 0x55, 0x4c, 0x4c  ; 5984: " 1 FULL"
    db 0x00  ; 598B
    db 0x23, 0x31, 0x20, 0x2d, 0x20, 0x34, 0x6b, 0x20, 0x20, 0x28, 0x46, 0x49, 0x4c, 0x4c, 0x20, 0x20, 0x31, 0x2c, 0x32, 0x2c, 0x33, 0x29, 0x20, 0x20, 0x20, 0x20, 0x20, 0x20, 0x23, 0x32, 0x20, 0x2d, 0x20, 0x31, 0x6b, 0x20, 0x20, 0x28, 0x46, 0x49, 0x4c, 0x4c, 0x20, 0x20, 0x31, 0x29  ; 598C: "#1 - 4k  (FILL  1,2,3)      #2 - 1k  (FILL  1)"
    db 0x00, 0xff, 0x55, 0x8b, 0xec, 0x83, 0xec, 0x06, 0xff, 0x06, 0x32, 0x06, 0x83, 0x06, 0x2e, 0x06  ; 59BA
    db 0x09, 0x83, 0x3e, 0x32, 0x06, 0x06, 0x7e, 0x16, 0xc7, 0x06, 0x32, 0x06, 0x00, 0x00, 0xc4, 0x3e  ; 59CA
    db 0xdc, 0x1d, 0x8d, 0x95, 0x44, 0x01, 0x89, 0x16, 0x2e, 0x06, 0x8c, 0x06, 0x30, 0x06, 0xc4, 0x3e  ; 59DA
    db 0x2e, 0x06, 0x26, 0x8a, 0x15, 0x80, 0xe2, 0x02, 0x80, 0xfa, 0x00, 0x74, 0x28, 0x80, 0x3e, 0xf6  ; 59EA
    db 0x1b, 0x00, 0x74, 0x21, 0xa1, 0x32, 0x06, 0xd1, 0xe0, 0xc4, 0x1e, 0xe0, 0x1d, 0x8b, 0xf8, 0x8b  ; 59FA
    db 0x95, 0x0a, 0x06, 0x26, 0x89, 0x17, 0xc4, 0x1e, 0x2e, 0x06, 0x26, 0x8a, 0x07, 0x2a, 0xe4, 0x25  ; 5A0A
    db 0x01, 0x00, 0xe9, 0x02, 0x00, 0x2b, 0xc0, 0x8b, 0xe5, 0x5d, 0xcb, 0xff, 0x55, 0x8b, 0xec, 0x83  ; 5A1A
    db 0xec, 0x0c, 0x8b, 0x7e, 0x06, 0xd1, 0xe7, 0x8b, 0xc7, 0xba, 0x0e, 0x00, 0xf7, 0xea, 0xba, 0x74  ; 5A2A
    db 0x05, 0x03, 0xd0, 0x89, 0x56, 0xf4, 0x8c, 0x5e, 0xf6, 0x8b, 0x5e, 0x06, 0x8a, 0x97, 0x64, 0x05  ; 5A3A
    db 0x80, 0xe2, 0xfb, 0x88, 0x56, 0xf9, 0xd1, 0xe3, 0xd1, 0xe3, 0xd1, 0xe3, 0xd1, 0xe3, 0x8a, 0x97  ; 5A4A
    db 0x8c, 0x01, 0x80, 0xe2, 0x01, 0x80, 0xfa, 0x00, 0x74, 0x04, 0x80, 0x4e, 0xf9, 0x04, 0xc4, 0x7e  ; 5A5A
    db 0xf4, 0x26, 0x8a, 0x55, 0x0c, 0x88, 0x56, 0xf8, 0x8b, 0x5e, 0x08, 0x81, 0xe3, 0x80, 0x00, 0x83  ; 5A6A
    db 0xfb, 0x00, 0x74, 0x5f, 0xff, 0x76, 0x06, 0x9a, 0x84, 0x0d, 0xa2, 0xed, 0x09, 0x46, 0x08, 0xe9  ; 5A7A
    db 0x51, 0x00, 0x8a, 0x56, 0xf9, 0x38, 0x56, 0xf8, 0x74, 0x77, 0xc4, 0x7e, 0xf4, 0x26, 0x80, 0x4d  ; 5A8A
    db 0x0c, 0x02, 0xc4, 0x5e, 0xf4, 0x26, 0x80, 0x4f, 0x1a, 0x02, 0xe9, 0x64, 0x00, 0x8a, 0x56, 0xf9  ; 5A9A
    db 0x38, 0x56, 0xf8, 0x74, 0x10, 0xc4, 0x7e, 0xf4, 0x26, 0x80, 0x65, 0x0c, 0xfd, 0xc4, 0x5e, 0xf4  ; 5AAA
    db 0x26, 0x80, 0x67, 0x1a, 0xfd, 0xe9, 0x49, 0x00, 0x83, 0x7e, 0x06, 0x00, 0x75, 0x18, 0xbf, 0x01  ; 5ABA
    db 0x00, 0x57, 0xff, 0x76, 0x06, 0x9a, 0xcd, 0x09, 0xa2, 0xed, 0x83, 0xc4, 0x02, 0x09, 0x46, 0x08  ; 5ACA
    db 0xe9, 0x0e, 0x00, 0xe9, 0x19, 0x01, 0xff, 0x76, 0x06, 0x9a, 0xda, 0x0e, 0xa2, 0xed, 0x09, 0x46  ; 5ADA
    db 0x08, 0xe9, 0x1d, 0x00, 0x83, 0x7e, 0x06, 0x00, 0x75, 0x28, 0x2b, 0xff, 0x57, 0xff, 0x76, 0x06  ; 5AEA
    db 0x9a, 0xbc, 0x07, 0xa2, 0xed, 0x83, 0xc4, 0x02, 0x09, 0x46, 0x08, 0xbf, 0x01, 0x00, 0x57, 0xeb  ; 5AFA
    db 0x03, 0xe9, 0x16, 0x01, 0xff, 0x76, 0x06, 0x9a, 0xcd, 0x09, 0xa2, 0xed, 0x83, 0xc4, 0x02, 0x09  ; 5B0A
    db 0x46, 0x08, 0xe9, 0x05, 0x01, 0x8a, 0x56, 0xf8, 0x2a, 0xf6, 0x81, 0xe2, 0x06, 0x00, 0x8b, 0xc2  ; 5B1A
    db 0x3d, 0x00, 0x00, 0x75, 0x03, 0xe9, 0x5a, 0xff, 0x3d, 0x02, 0x00, 0x75, 0x03, 0xe9, 0x6d, 0xff  ; 5B2A
    db 0x3d, 0x04, 0x00, 0x74, 0x83, 0x3d, 0x06, 0x00, 0x74, 0xaa, 0xe9, 0xdd, 0x00, 0xc4, 0x7e, 0xf4  ; 5B3A
    db 0x26, 0x80, 0x65, 0x0c, 0xfd, 0xc4, 0x5e, 0xf4, 0x26, 0x80, 0x67, 0x1a, 0xfd, 0xba, 0x04, 0x00  ; 5B4A
    db 0x52, 0xff, 0x76, 0x06, 0x9a, 0xcd, 0x09, 0xa2, 0xed, 0x83, 0xc4, 0x02, 0x09, 0x46, 0x08, 0xe9  ; 5B5A
    db 0x2e, 0x00, 0x2b, 0xff, 0x57, 0xff, 0x76, 0x06, 0x9a, 0xbc, 0x07, 0xa2, 0xed, 0x83, 0xc4, 0x02  ; 5B6A
    db 0x09, 0x46, 0x08, 0xe9, 0x1a, 0x00, 0x8a, 0x56, 0xf8, 0x2a, 0xf6, 0x81, 0xe2, 0x06, 0x00, 0x8b  ; 5B7A
    db 0xc2, 0x3d, 0x00, 0x00, 0x74, 0xb7, 0x3d, 0x02, 0x00, 0x74, 0xb2, 0x3d, 0x06, 0x00, 0x74, 0xd2  ; 5B8A
    db 0xe9, 0x87, 0x00, 0xbf, 0x04, 0x00, 0x57, 0xff, 0x76, 0x06, 0x9a, 0xcd, 0x09, 0xa2, 0xed, 0x83  ; 5B9A
    db 0xc4, 0x02, 0x09, 0x46, 0x08, 0xbf, 0x01, 0x00, 0x57, 0xff, 0x76, 0x06, 0x9a, 0xbc, 0x07, 0xa2  ; 5BAA
    db 0xed, 0x83, 0xc4, 0x02, 0x09, 0x46, 0x08, 0xe9, 0x2f, 0x00, 0xbf, 0x01, 0x00, 0x57, 0xff, 0x76  ; 5BBA
    db 0x06, 0x9a, 0xbc, 0x07, 0xa2, 0xed, 0x83, 0xc4, 0x02, 0x09, 0x46, 0x08, 0xe9, 0x1a, 0x00, 0x8a  ; 5BCA
    db 0x56, 0xf8, 0x2a, 0xf6, 0x81, 0xe2, 0x06, 0x00, 0x8b, 0xc2, 0x3d, 0x00, 0x00, 0x74, 0xb4, 0x3d  ; 5BDA
    db 0x02, 0x00, 0x74, 0xaf, 0x3d, 0x04, 0x00, 0x74, 0xd1, 0xe9, 0x2e, 0x00, 0xe9, 0x2b, 0x00, 0x8a  ; 5BEA
    db 0x56, 0xf9, 0x2a, 0xf6, 0x81, 0xe2, 0x06, 0x00, 0x8b, 0xc2, 0x3d, 0x00, 0x00, 0x75, 0x03, 0xe9  ; 5BFA
    db 0x13, 0xff, 0x3d, 0x02, 0x00, 0x75, 0x03, 0xe9, 0x0b, 0xff, 0x3d, 0x04, 0x00, 0x75, 0x03, 0xe9  ; 5C0A
    db 0x64, 0xff, 0x3d, 0x06, 0x00, 0x74, 0xb8, 0xe9, 0xd2, 0xff, 0x8a, 0x56, 0xf8, 0x80, 0xe2, 0x01  ; 5C1A
    db 0x80, 0xfa, 0x00, 0x75, 0x06, 0xbf, 0x01, 0x00, 0xe9, 0x02, 0x00, 0x2b, 0xff, 0x8a, 0x56, 0xf9  ; 5C2A
    db 0x8b, 0xdf, 0x22, 0xd3, 0x80, 0xe2, 0x01, 0x80, 0xfa, 0x00, 0x74, 0x6b, 0xe9, 0x30, 0x00, 0x2b  ; 5C3A
    db 0xff, 0x57, 0xba, 0x97, 0x01, 0x52, 0xff, 0x76, 0x06, 0x9a, 0xc2, 0x03, 0xa2, 0xed, 0x83, 0xc4  ; 5C4A
    db 0x04, 0x09, 0x46, 0x08, 0xe9, 0x37, 0x00, 0x2b, 0xff, 0x57, 0xba, 0x65, 0x00, 0x52, 0xff, 0x76  ; 5C5A
    db 0x06, 0x9a, 0xc2, 0x03, 0xa2, 0xed, 0x83, 0xc4, 0x04, 0x09, 0x46, 0x08, 0xe9, 0x1f, 0x00, 0x8a  ; 5C6A
    db 0x56, 0xf9, 0x2a, 0xf6, 0x81, 0xe2, 0x06, 0x00, 0x8b, 0xc2, 0x3d, 0x00, 0x00, 0x74, 0xc0, 0x3d  ; 5C7A
    db 0x02, 0x00, 0x74, 0xbb, 0x3d, 0x04, 0x00, 0x74, 0xce, 0x3d, 0x06, 0x00, 0x74, 0xb1, 0x8b, 0x7e  ; 5C8A
    db 0x06, 0xd1, 0xe7, 0xd1, 0xe7, 0xd1, 0xe7, 0xd1, 0xe7, 0x80, 0x8d, 0x8c, 0x01, 0x08, 0x81, 0x0e  ; 5C9A
    db 0x48, 0x05, 0x80, 0x00, 0xe9, 0x91, 0x00, 0xe9, 0x00, 0x00, 0x8a, 0x56, 0xf8, 0x52, 0x8a, 0x5e  ; 5CAA
    db 0xf9, 0x80, 0xe3, 0x01, 0x80, 0xfb, 0x00, 0x75, 0x06, 0xbf, 0x01, 0x00, 0xe9, 0x02, 0x00, 0x2b  ; 5CBA
    db 0xff, 0x5a, 0x8b, 0xdf, 0x22, 0xda, 0x80, 0xe3, 0x01, 0x80, 0xfb, 0x00, 0x74, 0x6a, 0xe9, 0x32  ; 5CCA
    db 0x00, 0xbf, 0x01, 0x00, 0x57, 0xba, 0xff, 0x0f, 0x52, 0xff, 0x76, 0x06, 0x9a, 0xc2, 0x03, 0xa2  ; 5CDA
    db 0xed, 0x83, 0xc4, 0x04, 0x09, 0x46, 0x08, 0xe9, 0x38, 0x00, 0xbf, 0x01, 0x00, 0x57, 0xba, 0xff  ; 5CEA
    db 0x03, 0x52, 0xff, 0x76, 0x06, 0x9a, 0xc2, 0x03, 0xa2, 0xed, 0x83, 0xc4, 0x04, 0x09, 0x46, 0x08  ; 5CFA
    db 0xe9, 0x1f, 0x00, 0x8a, 0x56, 0xf9, 0x2a, 0xf6, 0x81, 0xe2, 0x06, 0x00, 0x8b, 0xc2, 0x3d, 0x00  ; 5D0A
    db 0x00, 0x74, 0xbe, 0x3d, 0x02, 0x00, 0x74, 0xb9, 0x3d, 0x04, 0x00, 0x74, 0xcd, 0x3d, 0x06, 0x00  ; 5D1A
    db 0x74, 0xaf, 0x8b, 0x7e, 0x06, 0xd1, 0xe7, 0xd1, 0xe7, 0xd1, 0xe7, 0xd1, 0xe7, 0x80, 0xa5, 0x8c  ; 5D2A
    db 0x01, 0xf7, 0x81, 0x0e, 0x48, 0x05, 0x80, 0x00, 0x83, 0x7e, 0x06, 0x00, 0x75, 0x46, 0x8a, 0x56  ; 5D3A
    db 0xf9, 0x80, 0xe2, 0x02, 0x80, 0xfa, 0x00, 0x74, 0x25, 0x8b, 0x7e, 0x06, 0xd1, 0xe7, 0xd1, 0xe7  ; 5D4A
    db 0xd1, 0xe7, 0xd1, 0xe7, 0x8a, 0x95, 0x8c, 0x01, 0x80, 0xe2, 0x01, 0x80, 0xfa, 0x00, 0x74, 0x0e  ; 5D5A
    db 0x80, 0x8d, 0x8c, 0x01, 0x40, 0x81, 0x0e, 0x48, 0x05, 0x00, 0x01, 0xe9, 0x16, 0x00, 0x8b, 0x7e  ; 5D6A
    db 0x06, 0xd1, 0xe7, 0xd1, 0xe7, 0xd1, 0xe7, 0xd1, 0xe7, 0x80, 0xa5, 0x8c, 0x01, 0xbf, 0x81  ; 5D7A
SUB_F5D89:
    push cs                                  ; 5D89: push cs
    dec ax                                   ; 5D8A: dec ax
    add ax, strict word 0x100                ; 5D8B: add ax, 0x100
    mov dl, byte [bp - 7]                    ; 5D8E: mov dl, byte ptr [bp - 7]
    les di, [bp - 0xc]                       ; 5D91: les di, ptr [bp - 0xc]
    mov byte [es:di + 0xc], dl               ; 5D94: mov byte ptr es:[di + 0xc], dl
    mov byte [es:di + 0x1a], dl              ; 5D98: mov byte ptr es:[di + 0x1a], dl
    les bx, [bp - 0xc]                       ; 5D9C: les bx, ptr [bp - 0xc]
    mov ax, word [es:bx]                     ; 5D9F: mov ax, word ptr es:[bx]
    mov di, word [es:bx + 2]                 ; 5DA2: mov di, word ptr es:[bx + 2]
    cmp ax, di                               ; 5DA6: cmp ax, di
    je short 0x5db5                          ; 5DA8: je 0x405
    push word [bp + 6]                       ; 5DAA: push word ptr [bp + 6]
    call 0xeda2:0x05dd                       ; 5DAD: lcall 0xeda2, 0x5dd
    or word [bp + 8], ax                     ; 5DB2: or word ptr [bp + 8], ax
L_F5DB5:
    mov di, word [bp + 8]                    ; 5DB5: mov di, word ptr [bp + 8]
    and di, strict word 0x100                ; 5DB8: and di, 0x100
    cmp di, 0                                ; 5DBC: cmp di, 0
    je short 0x5dc7                          ; 5DBF: je 0x417
    or word [0x548], strict word 1           ; 5DC1: or word ptr [0x548], 1
L_F5DC7:
    mov di, word [bp + 8]                    ; 5DC7: mov di, word ptr [bp + 8]
    and di, strict word 0x200                ; 5DCA: and di, 0x200
    cmp di, 0                                ; 5DCE: cmp di, 0
    je short 0x5dd9                          ; 5DD1: je 0x429
    or word [0x548], strict word 2           ; 5DD3: or word ptr [0x548], 2
L_F5DD9:
    mov ax, word [bp + 8]                    ; 5DD9: mov ax, word ptr [bp + 8]
    mov sp, bp                               ; 5DDC: mov sp, bp
    pop bp                                   ; 5DDE: pop bp
    retf 2                                   ; 5DDF: retf 2
    db 0x55, 0x8b, 0xec, 0x83, 0xec, 0x0c, 0x8b, 0x7e, 0x06, 0xd1, 0xe7, 0x8b, 0xc7, 0xba, 0x0e, 0x00  ; 5DE2
    db 0xf7, 0xea, 0xba, 0x74, 0x05, 0x03, 0xd0, 0x89, 0x56, 0xf4, 0x8c, 0x5e, 0xf6, 0xc7, 0x46, 0xf8  ; 5DF2
    db 0x00, 0x00, 0x83, 0x7e, 0x0a, 0x00, 0x75, 0x33, 0xff, 0x76, 0x08, 0xbb, 0x0a, 0x00, 0x53, 0xc4  ; 5E02
    db 0x7e, 0xf4, 0x06, 0x57, 0x9a, 0x56, 0x04, 0xa2, 0xed, 0x83, 0xc4, 0x04, 0xff, 0x76, 0x08, 0xbf  ; 5E12
    db 0x0a, 0x00, 0x57, 0xc4, 0x7e, 0xf4, 0x8d, 0x55, 0x0e, 0x06, 0x52, 0x9a, 0x56, 0x04, 0xa2, 0xed  ; 5E22
    db 0x83, 0xc4, 0x04, 0x81, 0x4e, 0xf8, 0x00, 0x02, 0xe9, 0x30, 0x00, 0xff, 0x76, 0x08, 0xbf, 0x0a  ; 5E32
    db 0x00, 0x57, 0xc4, 0x7e, 0xf4, 0x06, 0x57, 0x9a, 0x30, 0x05, 0xa2, 0xed, 0x83, 0xc4, 0x04, 0xff  ; 5E42
    db 0x76, 0x08, 0xbf, 0x0a, 0x00, 0x57, 0xc4, 0x7e, 0xf4, 0x8d, 0x55, 0x0e, 0x06, 0x52, 0x9a, 0x30  ; 5E52
    db 0x05, 0xa2, 0xed, 0x83, 0xc4, 0x04, 0x81, 0x4e, 0xf8, 0x00, 0x02, 0x8b, 0x46, 0xf8, 0x8b, 0xe5  ; 5E62
    db 0x5d, 0xca, 0x02, 0x00, 0x55, 0x8b, 0xec, 0x83, 0xec, 0x0a, 0x8b, 0x7e, 0x0a, 0xc4, 0x56, 0x06  ; 5E72
    db 0x8b, 0xda, 0x26, 0x8b, 0x47, 0x04, 0x26, 0x8b, 0x57, 0x02, 0x2b, 0xd0, 0x8b, 0xc2, 0x99, 0xf7  ; 5E82
    db 0xff, 0x89, 0x46, 0xf8, 0x26, 0x8b, 0x57, 0x02, 0x2b, 0xd0, 0x89, 0x56, 0xf6, 0x26, 0x8b, 0x7f  ; 5E92
    db 0x02, 0x3b, 0xd7, 0x7e, 0x07, 0x26, 0x8b, 0x7f, 0x02, 0x89, 0x7e, 0xf6, 0x8b, 0x7e, 0x0c, 0x8b  ; 5EA2
    db 0x56, 0xf6, 0xc4, 0x5e, 0x06, 0x26, 0x8b, 0x47, 0x02, 0x2b, 0xc7, 0x3b, 0xd0, 0x7d, 0x09, 0x26  ; 5EB2
    db 0x8b, 0x47, 0x02, 0x2b, 0xc7, 0x89, 0x46, 0xf6, 0x83, 0x7e, 0xf6, 0x00, 0x7d, 0x05, 0xc7, 0x46  ; 5EC2
    db 0xf6, 0x00, 0x00, 0xbf, 0xff, 0x0f, 0x2b, 0x7e, 0x0c, 0x39, 0x7e, 0xf6, 0x7e, 0x09, 0xbf, 0xff  ; 5ED2
    db 0x0f, 0x2b, 0x7e, 0x0c, 0x89, 0x7e, 0xf6, 0x80, 0x3e, 0x83, 0x1b, 0x14, 0x75, 0x4b, 0xc4, 0x7e  ; 5EE2
    db 0x06, 0x26, 0x8b, 0x55, 0x02, 0xa1, 0x76, 0x05, 0x3b, 0xd0, 0x75, 0x3d, 0x8b, 0x5e, 0x0c, 0xd1  ; 5EF2
    db 0xfb, 0x8b, 0x7e, 0xf6, 0x8d, 0x11, 0xc4, 0x7e, 0x06, 0x26, 0x89, 0x15, 0x8b, 0x46, 0x0c, 0xd1  ; 5F02
    db 0xf8, 0x8b, 0x7e, 0xf6, 0x03, 0xf8, 0xc4, 0x5e, 0x06, 0x26, 0x89, 0x7f, 0x02, 0x26, 0x8b, 0x57  ; 5F12
    db 0x02, 0x89, 0x16, 0xc8, 0x05, 0x81, 0x0e, 0x60, 0x05, 0x00, 0x01, 0x26, 0x8b, 0x57, 0x02, 0x89  ; 5F22
    db 0x16, 0x90, 0x05, 0x81, 0x0e, 0x5c, 0x05, 0x00, 0x01, 0x8b, 0x7e, 0xf6, 0xc4, 0x5e, 0x06, 0x26  ; 5F32
    db 0x89, 0x7f, 0x04, 0x26, 0x80, 0x4f, 0x0c, 0x01, 0x8b, 0xe5, 0x5d, 0xca, 0x04, 0x00, 0x55, 0x8b  ; 5F42
    db 0xec, 0x83, 0xec, 0x0a, 0x8b, 0x7e, 0x0a, 0xc4, 0x56, 0x06, 0x8b, 0xda, 0x26, 0x8b, 0x47, 0x04  ; 5F52
    db 0x26, 0x8b, 0x57, 0x02, 0x2b, 0xd0, 0x8b, 0xc7, 0xf7, 0xea, 0x89, 0x46, 0xf8, 0x26, 0x8b, 0x57  ; 5F62
    db 0x02, 0x2b, 0xd0, 0x89, 0x56, 0xf6, 0x83, 0xfa, 0x00, 0x7d, 0x05, 0xc7, 0x46, 0xf6, 0x00, 0x00  ; 5F72
    db 0xbf, 0xff, 0x0f, 0x2b, 0x7e, 0x0c, 0x39, 0x7e, 0xf6, 0x7e, 0x09, 0xbf, 0xff, 0x0f, 0x2b, 0x7e  ; 5F82
    db 0x0c, 0x89, 0x7e, 0xf6, 0x80, 0x3e, 0x83, 0x1b, 0x14, 0x75, 0x4b, 0xc4, 0x7e, 0x06, 0x26, 0x8b  ; 5F92
    db 0x55, 0x02, 0xa1, 0x76, 0x05, 0x3b, 0xd0, 0x75, 0x3d, 0x8b, 0x5e, 0x0c, 0xd1, 0xfb, 0x8b, 0x7e  ; 5FA2
    db 0xf6, 0x8d, 0x11, 0xc4, 0x7e, 0x06, 0x26, 0x89, 0x15, 0x8b, 0x46, 0x0c, 0xd1, 0xf8, 0x8b, 0x7e  ; 5FB2
    db 0xf6, 0x03, 0xf8, 0xc4, 0x5e, 0x06, 0x26, 0x89, 0x7f, 0x02, 0x26, 0x8b, 0x57, 0x02, 0x89, 0x16  ; 5FC2
    db 0xc8, 0x05, 0x81, 0x0e, 0x60, 0x05, 0x00, 0x01, 0x26, 0x8b, 0x57, 0x02, 0x89, 0x16, 0x90, 0x05  ; 5FD2
    db 0x81, 0x0e, 0x5c, 0x05, 0x00, 0x01, 0x8b, 0x7e, 0xf6, 0xc4, 0x5e, 0x06, 0x26, 0x89, 0x7f, 0x04  ; 5FE2
    db 0x26, 0x80, 0x67, 0x0c, 0xfe, 0x8b, 0xe5, 0x5d, 0xca, 0x04, 0x00, 0x55, 0x8b, 0xec, 0x83, 0xec  ; 5FF2
    db 0x18, 0xc7, 0x46, 0xe8, 0x00, 0x00, 0x8b, 0x7e, 0x06, 0xd1, 0xe7, 0x8b, 0xc7, 0xba, 0x0e, 0x00  ; 6002
    db 0xf7, 0xea, 0xba, 0x74, 0x05, 0x03, 0xd0, 0x89, 0x56, 0xf4, 0x8c, 0x5e, 0xf6, 0xc4, 0x5e, 0xf4  ; 6012
    db 0x8d, 0x7f, 0x0e, 0x89, 0x7e, 0xf0, 0x8c, 0x46, 0xf2, 0x26, 0x8a, 0x57, 0x0c, 0x88, 0x56, 0xeb  ; 6022
    db 0x2a, 0xf6, 0x52, 0x9a, 0x59, 0x0e, 0xa2, 0xed, 0x89, 0x46, 0xee, 0x80, 0x3e, 0x83, 0x1b, 0x14  ; 6032
    db 0x75, 0x0c, 0x99, 0xbf, 0x02, 0x00, 0xf7, 0xff, 0x89, 0x46, 0xec, 0xe9, 0x0c, 0x00, 0x8b, 0x46  ; 6042
    db 0xee, 0x99, 0xbf, 0x0a, 0x00, 0xf7, 0xff, 0x89, 0x46, 0xec, 0xc4, 0x7e, 0xf4, 0x26, 0x8b, 0x15  ; 6052
    db 0x26, 0x2b, 0x55, 0x02, 0x89, 0x56, 0xf8, 0x26, 0x8b, 0x1d, 0x26, 0x89, 0x5d, 0x02, 0xc4, 0x56  ; 6062
    db 0xf4, 0x8b, 0xda, 0x83, 0xc3, 0x0e, 0x89, 0x5e, 0xf0, 0x8c, 0x46, 0xf2, 0x81, 0x4e, 0xe8, 0x00  ; 6072
    db 0x01, 0x8b, 0x7e, 0xec, 0x8b, 0xda, 0x26, 0x8b, 0x47, 0x02, 0x26, 0x8b, 0x57, 0x04, 0x03, 0x56  ; 6082
    db 0xee, 0x2b, 0xd7, 0x3b, 0xc2, 0x7e, 0x17, 0x8b, 0x56, 0xee, 0x26, 0x8b, 0x47, 0x02, 0x03, 0xc7  ; 6092
    db 0x2b, 0xc2, 0x26, 0x89, 0x47, 0x04, 0x81, 0x4e, 0xe8, 0x00, 0x02, 0xe9, 0x24, 0x00, 0xc4, 0x7e  ; 60A2
    db 0xf4, 0x26, 0x8b, 0x55, 0x02, 0x26, 0x8b, 0x5d, 0x04, 0x03, 0x5e, 0xec, 0x3b, 0xd3, 0x7d, 0x12  ; 60B2
    db 0x8b, 0x46, 0xec, 0x26, 0x8b, 0x55, 0x02, 0x2b, 0xd0, 0x26, 0x89, 0x55, 0x04, 0x81, 0x4e, 0xe8  ; 60C2
    db 0x00, 0x02, 0xbf, 0xff, 0x0f, 0x2b, 0x7e, 0xee, 0xc4, 0x5e, 0xf4, 0x26, 0x39, 0x7f, 0x04, 0x7e  ; 60D2
    db 0x0d, 0xbf, 0xff, 0x0f, 0x2b, 0x7e, 0xee, 0x26, 0x89, 0x7f, 0x04, 0xe9, 0x10, 0x00, 0xc4, 0x7e  ; 60E2
    db 0xf4, 0x26, 0x83, 0x7d, 0x04  ; 60F2
SUB_F60F7:
    add byte [di + 6], bh                    ; 60F7: add byte ptr [di + 6], bh
    mov word [es:di + 4], 0                  ; 60FA: mov word ptr es:[di + 4], 0
    les di, [bp - 0x10]                      ; 6100: les di, ptr [bp - 0x10]
    mov dx, word [es:di + 2]                 ; 6103: mov dx, word ptr es:[di + 2]
    les bx, [bp - 0xc]                       ; 6107: les bx, ptr [bp - 0xc]
    mov ax, word [es:bx + 4]                 ; 610A: mov ax, word ptr es:[bx + 4]
    cmp dx, ax                               ; 610E: cmp dx, ax
    jle short 0x6132                         ; 6110: jle 0x1e2
    les di, [bp - 0x10]                      ; 6112: les di, ptr [bp - 0x10]
    mov dx, word [es:di + 2]                 ; 6115: mov dx, word ptr es:[di + 2]
    les bx, [bp - 0xc]                       ; 6119: les bx, ptr [bp - 0xc]
    mov ax, word [es:bx + 4]                 ; 611C: mov ax, word ptr es:[bx + 4]
    add ax, word [bp - 0x12]                 ; 6120: add ax, word ptr [bp - 0x12]
    cmp dx, ax                               ; 6123: cmp dx, ax
    jge short 0x6132                         ; 6125: jge 0x1e2
    mov di, word [es:bx + 4]                 ; 6127: mov di, word ptr es:[bx + 4]
    les bx, [bp - 0x10]                      ; 612B: les bx, ptr [bp - 0x10]
    mov word [es:bx + 4], di                 ; 612E: mov word ptr es:[bx + 4], di
L_F6132:
    mov ax, word [bp - 0x18]                 ; 6132: mov ax, word ptr [bp - 0x18]
    mov sp, bp                               ; 6135: mov sp, bp
    pop bp                                   ; 6137: pop bp
    retf 2                                   ; 6138: retf 2
    db 0x55, 0x8b, 0xec, 0x83, 0xec, 0x06, 0x8b, 0x7e, 0x06, 0x89, 0x3e, 0x70, 0x05, 0xd1, 0xe7, 0x81  ; 613B
    db 0x8d, 0x50, 0x05, 0x00, 0x08, 0x81, 0x0e, 0x3a, 0x05, 0x7f, 0x46, 0x8b, 0xe5, 0x5d, 0xca, 0x02  ; 614B
    db 0x00, 0x55, 0x8b, 0xec, 0x83, 0xec, 0x0e, 0x8b, 0x7e, 0x06, 0xd1, 0xe7, 0x8b, 0xc7, 0xba, 0x0e  ; 615B
    db 0x00, 0xf7, 0xea, 0xba, 0x74, 0x05, 0x03, 0xd0, 0x89, 0x56, 0xf6, 0x8c, 0x5e, 0xf8, 0x8b, 0x5e  ; 616B
    db 0x06, 0xd1, 0xe3, 0xd1, 0xe3, 0xd1, 0xe3, 0xd1, 0xe3, 0x8a, 0x97, 0x8c, 0x01, 0x2a, 0xf6, 0x81  ; 617B
    db 0xe2, 0x08, 0x00, 0x83, 0xfa, 0x00, 0x75, 0x0a, 0xc4, 0x7e, 0xf6, 0x26, 0x8b, 0x45, 0x04, 0xe9  ; 618B
    db 0x39, 0x00, 0xc4, 0x7e, 0xf6, 0x26, 0x8b, 0x55, 0x04, 0x26, 0x8b, 0x5d, 0x02, 0x2b, 0xda, 0x8b  ; 619B
    db 0xc3, 0xba, 0x0a, 0x00, 0xf7, 0xea, 0x89, 0x46, 0xf4, 0x26, 0x8b, 0x55, 0x02, 0x2b, 0xd0, 0x89  ; 61AB
    db 0x56, 0xf2, 0x83, 0xfa, 0x00, 0x7d, 0x05, 0xc7, 0x46, 0xf2, 0x00, 0x00, 0x81, 0x7e, 0xf2, 0x00  ; 61BB
    db 0x0c, 0x7e, 0x05, 0xc7, 0x46, 0xf2, 0x00, 0x0c, 0x8b, 0x46, 0xf2, 0x8b, 0xe5, 0x5d, 0xca, 0x02  ; 61CB
    db 0x00, 0x55, 0x8b, 0xec, 0x83, 0xec, 0x0e, 0x8b, 0x7e, 0x06, 0xd1, 0xe7, 0xd1, 0xe7, 0xd1, 0xe7  ; 61DB
    db 0xd1, 0xe7, 0x8a, 0x95, 0x8c, 0x01, 0x2a, 0xf6, 0x81, 0xe2, 0x08, 0x00, 0x89, 0x56, 0xf2, 0x83  ; 61EB
    db 0x7e, 0x08, 0x00, 0x74, 0x40, 0x8b, 0x5e, 0x06, 0xd1, 0xe3, 0x89, 0x5e, 0xf8, 0x8b, 0xc3, 0xba  ; 61FB
    db 0x0e, 0x00, 0xf7, 0xea, 0xba, 0x74, 0x05, 0x03, 0xd0, 0x89, 0x56, 0xf4, 0x8c, 0x5e, 0xf6, 0xff  ; 620B
    db 0x76, 0xf2, 0xc4, 0x56, 0xf4, 0x06, 0x52, 0x9a, 0x66, 0x08, 0xa2, 0xed, 0x83, 0xc4, 0x02, 0xff  ; 621B
    db 0x76, 0xf2, 0xc4, 0x7e, 0xf4, 0x8d, 0x55, 0x0e, 0x06, 0x52, 0x9a, 0x66, 0x08, 0xa2, 0xed, 0x83  ; 622B
    db 0xc4, 0x02, 0xe9, 0x3d, 0x00, 0x8b, 0x7e, 0x06, 0xd1, 0xe7, 0x89, 0x7e, 0xf8, 0x8b, 0xc7, 0xba  ; 623B
    db 0x0e, 0x00, 0xf7, 0xea, 0xba, 0x74, 0x05, 0x03, 0xd0, 0x89, 0x56, 0xf4, 0x8c, 0x5e, 0xf6, 0xff  ; 624B
    db 0x76, 0xf2, 0xc4, 0x5e, 0xf4, 0x06, 0x53, 0x9a, 0xf9, 0x08, 0xa2, 0xed, 0x83, 0xc4, 0x02, 0xff  ; 625B
    db 0x76, 0xf2, 0xc4, 0x7e, 0xf4, 0x8d, 0x55, 0x0e, 0x06, 0x52, 0x9a, 0xf9, 0x08, 0xa2, 0xed, 0x83  ; 626B
    db 0xc4, 0x02, 0xb8, 0x40, 0x02, 0x8b, 0xe5, 0x5d, 0xca, 0x02, 0x00, 0x55, 0x8b, 0xec, 0x83, 0xec  ; 627B
    db 0x0a, 0xc4, 0x7e, 0x06, 0x26, 0x8b, 0x55, 0x04, 0x26, 0x8b, 0x5d, 0x02, 0x2b, 0xda, 0xd1, 0xe3  ; 628B
    db 0xd1, 0xe3, 0x89, 0x5e, 0xf8, 0x26, 0x8b, 0x55, 0x02, 0x2b, 0xd3, 0x89, 0x56, 0xf6, 0x83, 0xfa  ; 629B
    db 0x00, 0x7d, 0x05, 0xc7, 0x46, 0xf6, 0x00, 0x00, 0x83, 0x7e, 0x0a, 0x00, 0x75, 0x0e, 0x83, 0x7e  ; 62AB
    db 0xf6, 0x00, 0x7e, 0x14, 0xc7, 0x46, 0xf6, 0x00, 0x00, 0xe9, 0x0c, 0x00, 0x81, 0x7e, 0xf6, 0x68  ; 62BB
    db 0x0e, 0x7e, 0x05, 0xc7, 0x46, 0xf6, 0x68, 0x0e, 0x80, 0x3e, 0x83, 0x1b, 0x14, 0x75, 0x2a, 0xc4  ; 62CB
    db 0x7e, 0x06, 0x26, 0x8b, 0x55, 0x02, 0xa1, 0x76, 0x05, 0x3b, 0xd0, 0x75, 0x1c, 0x26, 0x8b, 0x55  ; 62DB
    db 0x02, 0x89, 0x16, 0xc8, 0x05, 0x81, 0x0e, 0x60, 0x05, 0x00, 0x01, 0x26, 0x8b, 0x5d, 0x02, 0x89  ; 62EB
    db 0x1e, 0x90, 0x05, 0x81, 0x0e, 0x5c, 0x05, 0x00, 0x01, 0x8b, 0x7e, 0xf6, 0xc4, 0x5e, 0x06, 0x26  ; 62FB
    db 0x89, 0x7f, 0x04, 0x26, 0x80, 0x4f, 0x0c, 0x02, 0x8b, 0xe5, 0x5d, 0xca, 0x04, 0x00, 0x55, 0x8b  ; 630B
    db 0xec, 0x83, 0xec, 0x0a, 0xc4, 0x7e, 0x06, 0x26, 0x8b, 0x55, 0x04, 0x26, 0x8b, 0x5d, 0x02, 0x2b  ; 631B
    db 0xda, 0x8b, 0xc3, 0x99, 0xbb, 0x04, 0x00, 0xf7, 0xfb, 0x89, 0x46, 0xf8, 0x26, 0x8b, 0x55, 0x02  ; 632B
    db 0x2b, 0xd0, 0x89, 0x56, 0xf6, 0x83, 0xfa, 0x00, 0x7d, 0x05, 0xc7, 0x46, 0xf6, 0x00, 0x00, 0x83  ; 633B
    db 0x7e, 0x0a, 0x00, 0x75, 0x2e, 0x81, 0x7e, 0xf6, 0x00, 0x0c, 0x7e, 0x05, 0xc7, 0x46, 0xf6, 0x00  ; 634B
    db 0x0c, 0x80, 0x3e  ; 635B
SUB_F635E:
    sbb word [bp + di], 0x14                 ; 635E: sbb word ptr [bp + di], 0x14
    jne short 0x63a7                         ; 6361: jne 0x457
    mov di, word [bp - 0xa]                  ; 6363: mov di, word ptr [bp - 0xa]
    add di, strict word 0x1ff                ; 6366: add di, 0x1ff
    les bx, [bp + 6]                         ; 636A: les bx, ptr [bp + 6]
    mov word [es:bx], di                     ; 636D: mov word ptr es:[bx], di
    mov dx, word [bp - 0xa]                  ; 6370: mov dx, word ptr [bp - 0xa]
    add dx, strict word 0x1ff                ; 6373: add dx, 0x1ff
    mov word [es:bx + 2], dx                 ; 6377: mov word ptr es:[bx + 2], dx
    jmp 0x63a7                               ; 637B: jmp 0x457
    db 0x81, 0x7e, 0xf6, 0x9a  ; 637E
SUB_F6382:
    movd dword [di], mm0                     ; 6382: movd dword ptr [di], mm0
    mov word [bp - 0xa], 0xf9a               ; 6385: mov word ptr [bp - 0xa], 0xf9a
    cmp byte [0x1b83], 0x14                  ; 638A: cmp byte ptr [0x1b83], 0x14
    jne short 0x63a7                         ; 638F: jne 0x27
    mov di, word [bp - 0xa]                  ; 6391: mov di, word ptr [bp - 0xa]
    add di, 0x32                             ; 6394: add di, 0x32
    les bx, [bp + 6]                         ; 6397: les bx, ptr [bp + 6]
    mov word [es:bx], di                     ; 639A: mov word ptr es:[bx], di
    mov dx, word [bp - 0xa]                  ; 639D: mov dx, word ptr [bp - 0xa]
    add dx, 0x32                             ; 63A0: add dx, 0x32
    mov word [es:bx + 2], dx                 ; 63A3: mov word ptr es:[bx + 2], dx
L_F63A7:
    cmp byte [0x1b83], 0x14                  ; 63A7: cmp byte ptr [0x1b83], 0x14
    jne short 0x63d8                         ; 63AC: jne 0x488
    les di, [bp + 6]                         ; 63AE: les di, ptr [bp + 6]
    mov dx, word [es:di + 2]                 ; 63B1: mov dx, word ptr es:[di + 2]
    mov ax, word [0x576]                     ; 63B5: mov ax, word ptr [0x576]
    cmp dx, ax                               ; 63B8: cmp dx, ax
    jne short 0x63d8                         ; 63BA: jne 0x488
    mov dx, word [es:di + 2]                 ; 63BC: mov dx, word ptr es:[di + 2]
    mov word [0x5c8], dx                     ; 63C0: mov word ptr [0x5c8], dx
    or word [0x560], strict word 0x100       ; 63C4: or word ptr [0x560], 0x100
    mov bx, word [es:di + 2]                 ; 63CA: mov bx, word ptr es:[di + 2]
    mov word [0x590], bx                     ; 63CE: mov word ptr [0x590], bx
    or word [0x55c], strict word 0x100       ; 63D2: or word ptr [0x55c], 0x100
L_F63D8:
    mov di, word [bp - 0xa]                  ; 63D8: mov di, word ptr [bp - 0xa]
    les bx, [bp + 6]                         ; 63DB: les bx, ptr [bp + 6]
    mov word [es:bx + 4], di                 ; 63DE: mov word ptr es:[bx + 4], di
    and byte [es:bx + 0xc], 0xfd             ; 63E2: and byte ptr es:[bx + 0xc], 0xfd
    mov sp, bp                               ; 63E7: mov sp, bp
    pop bp                                   ; 63E9: pop bp
    retf 4                                   ; 63EA: retf 4
    db 0x55, 0x8b, 0xec, 0x83, 0xec, 0x1a, 0xc7, 0x46, 0xea, 0x00, 0x00, 0x8b, 0x7e, 0x06, 0xd1, 0xe7  ; 63ED
    db 0x89, 0x7e, 0xe8, 0x47, 0x89, 0x7e, 0xe6, 0x8b, 0x56, 0x06, 0xd1, 0xe2, 0xd1, 0xe2, 0xd1, 0xe2  ; 63FD
    db 0xd1, 0xe2, 0x8b, 0xda, 0x8b, 0x87, 0x92, 0x01, 0x89, 0x46, 0xf8, 0xd1, 0xf8, 0xd1, 0xf8, 0x8b  ; 640D
    db 0x7e, 0xf8, 0x2b, 0xf8, 0x89, 0x7e, 0xf6, 0x83, 0x7e, 0x08, 0x04, 0x75, 0x78, 0x8b, 0x46, 0xe8  ; 641D
    db 0xba, 0x0e, 0x00, 0xf7, 0xea, 0x8b, 0xf8, 0x8a, 0x95, 0x80, 0x05, 0x2a, 0xf6, 0x81, 0xe2, 0x02  ; 642D
    db 0x00, 0x83, 0xfa, 0x00, 0x75, 0x62, 0x8a, 0x95, 0x80, 0x05, 0x80, 0xe2, 0x01, 0x80, 0xfa, 0x00  ; 643D
    db 0x74, 0x08, 0xc7, 0x46, 0xec, 0x65, 0x00, 0xe9, 0x05, 0x00, 0xc7, 0x46, 0xec, 0xff, 0x03, 0x8b  ; 644D
    db 0x46, 0xe8, 0xba, 0x0e, 0x00, 0xf7, 0xea, 0x8b, 0xf8, 0x8b, 0x95, 0x76, 0x05, 0xd1, 0xfa, 0xd1  ; 645D
    db 0xfa, 0x03, 0x56, 0xf6, 0x89, 0x56, 0xf4, 0x8b, 0x9d, 0x78, 0x05, 0xd1, 0xfb, 0xd1, 0xfb, 0x03  ; 646D
    db 0x5e, 0xf6, 0x89, 0x5e, 0xf0, 0x8b, 0x46, 0xe6, 0xba, 0x0e, 0x00, 0xf7, 0xea, 0x8b, 0xd8, 0x8b  ; 647D
    db 0x97, 0x76, 0x05, 0xd1, 0xfa, 0xd1, 0xfa, 0x03, 0x56, 0xf6, 0x89, 0x56, 0xf2, 0x8b, 0x97, 0x78  ; 648D
    db 0x05, 0xd1, 0xfa, 0xeb, 0x06, 0xe9, 0x9f, 0x01, 0xe9, 0x8f, 0x00, 0xd1, 0xfa, 0x03, 0x56, 0xf6  ; 649D
    db 0x89, 0x56, 0xee, 0x83, 0x7e, 0xf0, 0x00, 0x7d, 0x08, 0xc7, 0x46, 0xf0, 0x00, 0x00, 0xe9, 0x15  ; 64AD
    db 0x00, 0x8b, 0x7e, 0xf0, 0x03, 0x7e, 0xec, 0x81, 0xff, 0xff, 0x0f, 0x7e, 0x09, 0xba, 0xff, 0x0f  ; 64BD
    db 0x2b, 0x56, 0xec, 0x89, 0x56, 0xf0, 0x83, 0x7e, 0xee, 0x00, 0x7d, 0x08, 0xc7, 0x46, 0xee, 0x00  ; 64CD
    db 0x00, 0xe9, 0x15, 0x00, 0x8b, 0x7e, 0xee, 0x03, 0x7e, 0xec, 0x81, 0xff, 0xff, 0x0f, 0x7e, 0x09  ; 64DD
    db 0xba, 0xff, 0x0f, 0x2b, 0x56, 0xec, 0x89, 0x56, 0xee, 0x8b, 0x7e, 0xf0, 0x39, 0x7e, 0xf4, 0x7d  ; 64ED
    db 0x06, 0x89, 0x7e, 0xf4, 0xe9, 0x11, 0x00, 0x8b, 0x7e, 0xf0, 0x03, 0x7e, 0xec, 0x39, 0x7e, 0xf4  ; 64FD
    db 0x7e, 0x06, 0x8b, 0x56, 0xf0, 0x89, 0x7e, 0xf4, 0x8b, 0x7e, 0xee, 0x39, 0x7e, 0xf2, 0x7d, 0x06  ; 650D
    db 0x89, 0x7e, 0xf2, 0xe9, 0x00, 0x01, 0x8b, 0x7e, 0xee, 0x03, 0x7e, 0xec, 0x39, 0x7e, 0xf2, 0x7e  ; 651D
    db 0x06, 0x8b, 0x56, 0xee, 0x89, 0x7e, 0xf2, 0xe9, 0xec, 0x00, 0x8b, 0x46, 0xe8, 0xba, 0x0e, 0x00  ; 652D
    db 0xf7, 0xea, 0x8b, 0xf8, 0x8a, 0x95, 0x80, 0x05, 0x2a, 0xf6, 0x81, 0xca, 0x04, 0x00, 0x52, 0x9a  ; 653D
    db 0x59, 0x0e, 0xa2, 0xed, 0x89, 0x46, 0xec, 0x8b, 0x46, 0xe8, 0xba, 0x0e, 0x00, 0xf7, 0xea, 0x8b  ; 654D
    db 0xf8, 0x8b, 0x95, 0x76, 0x05, 0xd1, 0xfa, 0xd1, 0xfa, 0x03, 0x56, 0xf6, 0x89, 0x56, 0xf4, 0x8b  ; 655D
    db 0x9d, 0x78, 0x05, 0xd1, 0xfb, 0xd1, 0xfb, 0x03, 0x5e, 0xf6, 0x89, 0x5e, 0xf0, 0x8b, 0x46, 0xe6  ; 656D
    db 0xba, 0x0e, 0x00, 0xf7, 0xea, 0x8b, 0xf8, 0x8b, 0x95, 0x76, 0x05, 0xd1, 0xfa, 0xd1, 0xfa, 0x03  ; 657D
    db 0x56, 0xf6, 0x89, 0x56, 0xf2, 0x8b, 0x95, 0x78, 0x05, 0xd1, 0xfa, 0xd1, 0xfa, 0x03, 0x56, 0xf6  ; 658D
    db 0x89, 0x56, 0xee, 0x83, 0xfb, 0x00, 0x7d, 0x08, 0xc7, 0x46, 0xf0, 0x00, 0x00, 0xe9, 0x15, 0x00  ; 659D
    db 0x8b, 0x7e, 0xf0, 0x03, 0x7e, 0xec, 0x81, 0xff, 0xff, 0x0f, 0x7e, 0x09, 0xba, 0xff, 0x0f, 0x2b  ; 65AD
    db 0x56, 0xec, 0x89, 0x56, 0xf0, 0x83, 0x7e, 0xee, 0x00, 0x7d, 0x08, 0xc7, 0x46, 0xee, 0x00, 0x00  ; 65BD
    db 0xe9, 0x15, 0x00, 0x8b, 0x7e, 0xee, 0x03, 0x7e, 0xec, 0x81, 0xff, 0xff, 0x0f, 0x7e, 0x09, 0xba  ; 65CD
    db 0xff, 0x0f, 0x2b, 0x56, 0xec, 0x89, 0x56, 0xee, 0x8b, 0x7e, 0xf0, 0x39, 0x7e, 0xf4, 0x7d, 0x06  ; 65DD
    db 0x89, 0x7e, 0xf4, 0xe9, 0x11, 0x00, 0x8b, 0x7e, 0xf0, 0x03, 0x7e, 0xec, 0x39, 0x7e, 0xf4, 0x7e  ; 65ED
    db 0x06, 0x8b, 0x56, 0xf0, 0x89, 0x7e, 0xf4, 0x8b, 0x7e, 0xee, 0x39, 0x7e, 0xf2, 0x7d, 0x06, 0x89  ; 65FD
    db 0x7e, 0xf2, 0xe9, 0x11, 0x00, 0x8b, 0x7e, 0xee, 0x03, 0x7e, 0xec, 0x39, 0x7e, 0xf2, 0x7e, 0x06  ; 660D
    db 0x8b, 0x56, 0xee, 0x89, 0x7e, 0xf2, 0x8b, 0x46, 0xe8, 0xba, 0x0e, 0x00, 0xf7, 0xea, 0x8b, 0xf8  ; 661D
    db 0x80, 0x8d, 0x80, 0x05, 0x04, 0x8b, 0x46, 0xe6, 0xba, 0x0e, 0x00, 0xf7, 0xea, 0x8b, 0xd8, 0x80  ; 662D
    db 0x8f, 0x80, 0x05, 0x04, 0xe9, 0x14, 0x01, 0x8b, 0x46, 0xe8, 0xba, 0x0e, 0x00, 0xf7, 0xea, 0x8b  ; 663D
    db 0xf8, 0x8a, 0x95, 0x80, 0x05, 0x2a, 0xf6, 0x81, 0xe2, 0xfb, 0xff, 0x52, 0x9a, 0x59, 0x0e, 0xa2  ; 664D
    db 0xed, 0x89, 0x46, 0xec, 0x8b, 0x7e, 0xf6, 0x8b, 0x46, 0xe8, 0xba, 0x0e, 0x00, 0xf7, 0xea, 0x8b  ; 665D
    db 0xd8, 0x8b, 0x97, 0x76, 0x05, 0x2b, 0xd7, 0xd1, 0xe2, 0xd1, 0xe2, 0x89, 0x56, 0xf4, 0x8b, 0x46  ; 666D
    db 0xe6, 0xba, 0x0e, 0x00, 0xf7, 0xea, 0x8b, 0xd8, 0x8b, 0x97, 0x76, 0x05, 0x2b, 0xd7, 0xd1, 0xe2  ; 667D
    db 0xd1, 0xe2, 0x89, 0x56, 0xf2, 0x8b, 0x46, 0xe8, 0xba, 0x0e, 0x00, 0xf7, 0xea, 0x8b, 0xd8, 0x8b  ; 668D
    db 0x97, 0x78, 0x05, 0x2b, 0xd7, 0xd1, 0xe2, 0xd1, 0xe2, 0x89, 0x56, 0xf0, 0x8b, 0x46, 0xe6, 0xba  ; 669D
    db 0x0e, 0x00, 0xf7, 0xea, 0x8b, 0xd8, 0x8b, 0x97, 0x78, 0x05, 0x2b, 0xd7, 0xd1, 0xe2, 0xd1, 0xe2  ; 66AD
    db 0x89, 0x56, 0xee, 0x83, 0x7e, 0xf4, 0x00, 0x7d, 0x08, 0xc7, 0x46, 0xf4, 0x00, 0x00, 0xe9, 0x0c  ; 66BD
    db 0x00, 0x81, 0x7e, 0xf4, 0xff, 0x0f, 0x7e, 0x05, 0xc7, 0x46, 0xf4, 0xff, 0x0f, 0x83, 0x7e, 0xf2  ; 66CD
    db 0x00, 0x7d, 0x08, 0xc7, 0x46, 0xf2, 0x00, 0x00, 0xe9, 0x0c, 0x00, 0x81, 0x7e, 0xf2, 0xff, 0x0f  ; 66DD
    db 0x7e, 0x05, 0xc7, 0x46, 0xf2, 0xff, 0x0f, 0x83, 0x7e, 0xf0, 0x00, 0x7d, 0x08, 0xc7, 0x46, 0xf0  ; 66ED
    db 0x00, 0x00, 0xe9, 0x15, 0x00, 0x8b, 0x7e, 0xf0, 0x03, 0x7e, 0xec, 0x81, 0xff, 0xff, 0x0f, 0x7e  ; 66FD
    db 0x09, 0xba, 0xff, 0x0f, 0x2b, 0x56, 0xec, 0x89, 0x56, 0xf0, 0x83, 0x7e, 0xee, 0x00, 0x7d, 0x08  ; 670D
    db 0xc7, 0x46, 0xee, 0x00, 0x00, 0xe9, 0x15, 0x00, 0x8b, 0x7e, 0xee, 0x03, 0x7e, 0xec, 0x81, 0xff  ; 671D
    db 0xff, 0x0f, 0x7e, 0x09, 0xba, 0xff, 0x0f, 0x2b, 0x56, 0xec, 0x89, 0x56, 0xee, 0x8b, 0x46, 0xe8  ; 672D
    db 0xba, 0x0e, 0x00, 0xf7, 0xea, 0x8b, 0xf8, 0x80, 0xa5, 0x80, 0x05, 0xfb, 0x8b, 0x46, 0xe6, 0xba  ; 673D
    db 0x0e, 0x00, 0xf7, 0xea, 0x8b, 0xd8, 0x80, 0xa7, 0x80, 0x05, 0xfb, 0x8b, 0x7e, 0xf0, 0x8b, 0x46  ; 674D
    db 0xe8, 0xba, 0x0e, 0x00, 0xf7, 0xea, 0x8b, 0xd8, 0x89, 0xbf, 0x78, 0x05, 0x8b, 0x56, 0xf4, 0x89  ; 675D
    db 0x97, 0x76, 0x05, 0x89, 0x97, 0x74, 0x05, 0x8b, 0x7e, 0xee, 0x8b, 0x46, 0xe6, 0xba, 0x0e, 0x00  ; 676D
    db 0xf7, 0xea, 0x8b, 0xd8, 0x89, 0xbf, 0x78, 0x05, 0x8b, 0x56, 0xf2, 0x89, 0x97, 0x76, 0x05, 0x89  ; 677D
    db 0x97, 0x74, 0x05, 0x81, 0x4e, 0xea, 0x40, 0x07, 0x81, 0x0e, 0x3a, 0x05, 0x00, 0x01, 0x8b, 0x46  ; 678D
    db 0xea, 0x8b, 0xe5, 0x5d, 0xca, 0x02, 0x00, 0x55, 0x8b, 0xec, 0x83, 0xec, 0x22, 0xc7, 0x46, 0xde  ; 679D
    db 0x00, 0x00, 0x8b, 0x7e, 0x06, 0xd1, 0xe7, 0x8b, 0xc7, 0xba, 0x0e, 0x00, 0xf7, 0xea, 0xba, 0x74  ; 67AD
    db 0x05, 0x03, 0xd0, 0x89, 0x56, 0xe4, 0x8c, 0x5e, 0xe6, 0xc4, 0x5e, 0xe4, 0x8d, 0x7f, 0x0e, 0x89  ; 67BD
    db 0x7e, 0xe0, 0x8c, 0x46, 0xe2, 0x8d, 0x7e, 0xec, 0x89, 0x7e, 0xe8, 0x8c, 0x56, 0xea, 0xc4, 0x7e  ; 67CD
    db 0xe8, 0x8c, 0xc0, 0xc4, 0x5e, 0xe0, 0x26, 0x8b, 0x17, 0x8e, 0xc0, 0x26, 0x89, 0x15, 0xc4, 0x5e  ; 67DD
    db 0xe0, 0x26, 0x8b, 0x7f, 0x02, 0xc4, 0x5e, 0xe8, 0x26, 0x89, 0x7f, 0x02, 0xc4, 0x46, 0xe0, 0x8b  ; 67ED
    db 0xd8, 0x26, 0x8b, 0x57, 0x04, 0xc4, 0x7e, 0xe8, 0x26, 0x89, 0x55, 0x04, 0xc4, 0x7e, 0xe0, 0x8c  ; 67FD
    db 0xc2, 0xc4, 0x5e, 0xe4, 0x26, 0x8b, 0x07, 0x8e, 0xc2, 0x26, 0x89, 0x05, 0xc4, 0x5e, 0xe4, 0x26  ; 680D
    db 0x8b, 0x7f, 0x02, 0xc4, 0x5e, 0xe0, 0x26, 0x89, 0x7f, 0x02, 0xc4, 0x56, 0xe4, 0x8b, 0xda, 0x26  ; 681D
    db 0x8b, 0x57, 0x04, 0xc4, 0x7e, 0xe0, 0x26, 0x89, 0x55, 0x04, 0xc4, 0x7e, 0xe4, 0x8c, 0xc2, 0xc4  ; 682D
    db 0x5e, 0xe8, 0x26, 0x8b, 0x07, 0x8e, 0xc2, 0x26, 0x89, 0x05, 0xc4, 0x5e, 0xe8, 0x26, 0x8b, 0x7f  ; 683D
    db 0x02, 0xc4, 0x5e, 0xe4, 0x26, 0x89, 0x7f, 0x02, 0xc4, 0x56, 0xe8, 0x8b, 0xda, 0x26, 0x8b, 0x57  ; 684D
    db 0x04, 0xc4, 0x7e, 0xe4, 0x26, 0x89, 0x55, 0x04, 0x81, 0x0e, 0x48, 0x05, 0x01, 0x00, 0x81, 0x4e  ; 685D
    db 0xde, 0x00, 0x02, 0x8b, 0x46, 0xde, 0x8b, 0xe5, 0x5d, 0xca, 0x02, 0x00, 0x55, 0x8b, 0xec, 0x83  ; 686D
    db 0xec, 0x08, 0xe9, 0x40, 0x00, 0xc7, 0x46, 0xf8, 0xff, 0x0f, 0xe9, 0x67, 0x00, 0xc7, 0x46, 0xf8  ; 687D
    db 0x97, 0x01, 0xe9, 0x5f, 0x00, 0xc7, 0x46, 0xf8, 0xff, 0x0f, 0xe9, 0x57, 0x00, 0xc7, 0x46, 0xf8  ; 688D
    db 0x97, 0x01, 0xe9, 0x4f, 0x00, 0xc7, 0x46, 0xf8, 0xff, 0x03, 0xe9, 0x47, 0x00, 0xc7, 0x46, 0xf8  ; 689D
    db 0x65, 0x00, 0xe9, 0x3f, 0x00, 0xc7, 0x46, 0xf8, 0xff, 0x0f, 0xe9, 0x37, 0x00, 0xc7, 0x46, 0xf8  ; 68AD
    db 0x97, 0x01, 0xe9, 0x2f, 0x00, 0x8a, 0x56, 0x06, 0x2a, 0xf6, 0x8b, 0xc2, 0x3d, 0x00, 0x00, 0x74  ; 68BD
    db 0xb4, 0x3d, 0x01, 0x00, 0x74, 0xb7, 0x3d, 0x02, 0x00, 0x74, 0xba, 0x3d, 0x03, 0x00, 0x74, 0xbd  ; 68CD
    db 0x3d, 0x04, 0x00, 0x74, 0xc0, 0x3d, 0x05, 0x00, 0x74, 0xc3, 0x3d, 0x06, 0x00, 0x74, 0xc6, 0x3d  ; 68DD
    db 0x07, 0x00, 0x74, 0xc9, 0x8b, 0x46, 0xf8, 0x8b, 0xe5, 0x5d, 0xca, 0x02, 0x00, 0x55, 0x8b, 0xec  ; 68ED
    db 0x83, 0xec, 0x14, 0x51, 0xff, 0x76, 0x06, 0x9a, 0x3c, 0x07, 0xa2, 0xed, 0x89, 0x46, 0xf8, 0x8b  ; 68FD
    db 0x7e, 0x06, 0xd1, 0xe7, 0x8b, 0xc7, 0xba, 0x0e, 0x00, 0xf7, 0xea, 0xba, 0x74, 0x05, 0x03, 0xd0  ; 690D
    db 0x89, 0x56, 0xf4, 0x8c, 0x5e, 0xf6, 0x8b, 0x5e, 0xf8, 0xc4, 0x7e, 0xf4, 0x26, 0x8b, 0x55, 0x02  ; 691D
    db 0x2b, 0xd3, 0x26, 0x89, 0x55, 0x02, 0xc4, 0x5e, 0xf4, 0x26, 0x83, 0x7f, 0x02, 0x00, 0x7d, 0x06  ; 692D
    db 0x26, 0xc7, 0x47, 0x02, 0x00, 0x00, 0xb9, 0x02, 0x00, 0xc4, 0x7e, 0xf4, 0x26, 0xd3, 0x65, 0x02  ; 693D
    db 0xc4, 0x5e, 0xf4, 0x26, 0x8b, 0x57, 0x02, 0x26, 0x89, 0x17, 0x8b, 0x46, 0xf8, 0x26, 0x8b, 0x7f  ; 694D
    db 0x04, 0x2b, 0xf8, 0x26, 0x89, 0x7f, 0x04, 0xc4, 0x7e, 0xf4, 0x26, 0x83, 0x7d, 0x04, 0x00, 0x7d  ; 695D
    db 0x06, 0x26, 0xc7, 0x45, 0x04, 0x00, 0x00, 0xb9, 0x02, 0x00, 0xc4, 0x7e, 0xf4, 0x26, 0xd3, 0x65  ; 696D
    db 0x04, 0xc4, 0x5e, 0xf4, 0x26, 0x80, 0x67, 0x0c, 0xf9, 0xc4, 0x56, 0xf4, 0x89, 0x56, 0xf0, 0x8c  ; 697D
    db 0x46, 0xf2, 0x8b, 0xfa, 0x26, 0x8a, 0x45, 0x0c, 0x24, 0xf9, 0x88, 0x46, 0xed, 0x2a, 0xe4, 0x50  ; 698D
    db 0x9a, 0x59, 0x0e, 0xa2, 0xed, 0x89, 0x46, 0xee, 0x83, 0x46, 0xf4, 0x0e, 0x8b, 0x7e, 0xf8, 0xc4  ; 699D
    db 0x5e, 0xf4, 0x26, 0x8b, 0x57, 0x02, 0x2b, 0xd7, 0x26, 0x89, 0x57, 0x02, 0xc4, 0x7e, 0xf4, 0x26  ; 69AD
    db 0x83, 0x7d, 0x02, 0x00, 0x7d, 0x06, 0x26, 0xc7, 0x45, 0x02, 0x00, 0x00, 0xb9, 0x02, 0x00, 0xc4  ; 69BD
    db 0x7e, 0xf4, 0x26, 0xd3, 0x65, 0x02, 0xc4, 0x5e, 0xf4, 0x26, 0x8b, 0x57, 0x02, 0xc4, 0x7e, 0xf0  ; 69CD
    db 0x26, 0x8b, 0x4d, 0x04, 0x03, 0x4e, 0xee, 0x3b, 0xd1, 0x7e, 0x0e, 0x26, 0x8b, 0x45, 0x04, 0x03  ; 69DD
    db 0x46, 0xee, 0xc4, 0x5e, 0xf4, 0x26, 0x89, 0x47, 0x02, 0xc4, 0x7e, 0xf4, 0x26, 0x8b, 0x55, 0x02  ; 69ED
    db 0x26, 0x89, 0x15, 0x8b, 0x4e, 0xf8, 0x26, 0x8b, 0x5d, 0x04, 0x2b, 0xd9, 0x26, 0x89, 0x5d, 0x04  ; 69FD
    db 0xc4, 0x7e, 0xf4, 0x26, 0x83, 0x7d, 0x04, 0x00, 0x7d, 0x06, 0x26, 0xc7, 0x45, 0x04, 0x00, 0x00  ; 6A0D
    db 0xb9, 0x02, 0x00, 0xc4, 0x7e, 0xf4, 0x26, 0xd3, 0x65, 0x04, 0xba, 0xff, 0x0f, 0x2b, 0x56, 0xee  ; 6A1D
    db 0xc4, 0x5e, 0xf4, 0x26, 0x39, 0x57, 0x04, 0x7e, 0x0a, 0xba, 0xff, 0x0f, 0x2b, 0x56, 0xee, 0x26  ; 6A2D
    db 0x89, 0x57, 0x04, 0xc4, 0x7e, 0xf4, 0x26, 0x80, 0x65, 0x0c, 0xf9, 0x81, 0x0e, 0x48, 0x05, 0x00  ; 6A3D
    db 0x01, 0xb8, 0x40, 0x07, 0x59, 0x8b, 0xe5, 0x5d, 0xca, 0x02, 0x00, 0x55, 0x8b, 0xec, 0x83, 0xec  ; 6A4D
    db 0x08, 0x80, 0x3e, 0x76, 0x1b, 0x00, 0x74, 0x76, 0x80, 0x3e, 0x12, 0x05, 0x00, 0x74, 0x1d, 0xbf  ; 6A5D
    db 0xff, 0x00, 0x57, 0xff, 0x36, 0x0e, 0x05, 0xff, 0x36, 0x14, 0x1c, 0x9a, 0x62, 0x02, 0xa5, 0xee  ; 6A6D
    db 0x83, 0xc4, 0x04, 0xa3, 0x16, 0x1c, 0x81, 0x0e, 0x50, 0x05, 0x04, 0x00, 0x80, 0x3e, 0x1a, 0x05  ; 6A7D
    db 0x00, 0x74, 0x1d, 0xbf, 0xff, 0x00, 0x57, 0xff, 0x36, 0x16, 0x05, 0xff, 0x36, 0x1e, 0x1c, 0x9a  ; 6A8D
    db 0x62, 0x02, 0xa5, 0xee, 0x83, 0xc4, 0x04, 0xa3, 0x20, 0x1c, 0x81, 0x0e, 0x50, 0x05, 0x08, 0x00  ; 6A9D
    db 0xc4, 0x3e, 0x1c, 0x1d, 0x26, 0x80, 0x7d, 0x22, 0x00, 0x75, 0x0b, 0xc4, 0x1e, 0x1c, 0x1d, 0x26  ; 6AAD
    db 0x80, 0x7f, 0x40, 0x00, 0x74, 0x6f, 0xc4, 0x3e, 0x1c, 0x1d, 0x26, 0x8b, 0x55, 0x3c, 0x81, 0xe2  ; 6ABD
    db 0x80, 0x00, 0x83, 0xfa, 0x00, 0x75, 0x22, 0xa0, 0x18, 0x1c, 0x2a, 0xe4, 0xeb, 0x03, 0xe9, 0xd6  ; 6ACD
    db 0x00, 0xc4, 0x1e, 0x1c, 0x1d, 0x26, 0x8b, 0x57, 0x1e, 0xc4, 0x3e, 0x1c, 0x1d, 0x26, 0x03, 0x55  ; 6ADD
    db 0x3c, 0x2b, 0xd0, 0x89, 0x56, 0xf8, 0xe9, 0x12, 0x00, 0xa0, 0x18, 0x1c, 0x2a, 0xe4, 0xc4, 0x3e  ; 6AED
    db 0x1c, 0x1d, 0x26, 0x8b, 0x55, 0x1e, 0x2b, 0xd0, 0x89, 0x56, 0xf8, 0x83, 0x7e, 0xf8, 0x03, 0x7e  ; 6AFD
    db 0x05, 0xc7, 0x46, 0xf8, 0x03, 0x00, 0x83, 0x7e, 0xf8, 0xfd, 0x7d, 0x05, 0xc7, 0x46, 0xf8, 0xfd  ; 6B0D
    db 0xff, 0xa0, 0x18, 0x1c, 0x2a, 0xe4, 0x03, 0x46, 0xf8, 0x8b, 0xd0, 0x88, 0x16, 0x19, 0x1c, 0x81  ; 6B1D
    db 0x0e, 0x50, 0x05, 0x01, 0x00, 0xc4, 0x3e, 0x1c, 0x1d, 0x26, 0x80, 0x7d, 0x2e, 0x00, 0x75, 0x0b  ; 6B2D
    db 0xc4, 0x1e, 0x1c, 0x1d, 0x26, 0x80, 0x7f, 0x3a, 0x00, 0x74, 0x6c, 0xc4, 0x3e, 0x1c, 0x1d, 0x26  ; 6B3D
    db 0x8b, 0x55, 0x36, 0x81, 0xe2, 0x80, 0x00, 0x83, 0xfa, 0x00, 0x75, 0x1f, 0xa0, 0x22, 0x1c, 0x2a  ; 6B4D
    db 0xe4, 0xc4, 0x16, 0x1c, 0x1d, 0x8b, 0xda, 0x26, 0x8b, 0x7f, 0x2a, 0xc4, 0x1e, 0x1c, 0x1d, 0x26  ; 6B5D
    db 0x03, 0x7f, 0x36, 0x2b, 0xf8, 0x89, 0x7e, 0xf8, 0xe9, 0x12, 0x00, 0xa0, 0x22, 0x1c, 0x2a, 0xe4  ; 6B6D
    db 0xc4, 0x3e, 0x1c, 0x1d, 0x26, 0x8b, 0x55, 0x2a, 0x2b, 0xd0, 0x89, 0x56, 0xf8, 0x83, 0x7e, 0xf8  ; 6B7D
    db 0x03, 0x7e, 0x05, 0xc7, 0x46, 0xf8, 0x03, 0x00, 0x83, 0x7e, 0xf8, 0xfd, 0x7d, 0x05, 0xc7, 0x46  ; 6B8D
    db 0xf8, 0xfd, 0xff, 0xa0, 0x22, 0x1c, 0x2a, 0xe4, 0x03, 0x46, 0xf8, 0x8b, 0xd0, 0x88, 0x16, 0x23  ; 6B9D
    db 0x1c, 0x81, 0x0e, 0x50, 0x05, 0x02, 0x00, 0x80, 0x3e, 0x83, 0x1b, 0x14, 0x75, 0x66, 0xa0, 0xfc  ; 6BAD
    db 0x04, 0x24, 0x08, 0x3c, 0x00, 0x74, 0x26, 0xa0, 0xfb, 0x04, 0x2a, 0xe4, 0x25, 0x08, 0x00, 0x3d  ; 6BBD
    db 0x00, 0x00, 0x74, 0x08, 0x80, 0x0e, 0x64, 0x05, 0x01, 0xe9, 0x05, 0x00, 0x80, 0x26, 0x64, 0x05  ; 6BCD
    db 0xfe, 0x81, 0x0e, 0x3a, 0x05, 0x80, 0x00, 0x81, 0x0e, 0x50, 0x05, 0x10, 0x02, 0xa0, 0xfc, 0x04  ; 6BDD
    db 0x24, 0x04, 0x3c, 0x00, 0x74, 0x74, 0xa0, 0xfb, 0x04, 0x24, 0x04, 0x3c, 0x00, 0x74, 0x08, 0x80  ; 6BED
    db 0x0e, 0x64, 0x05, 0x02, 0xe9, 0x05, 0x00, 0x80, 0x26, 0x64, 0x05, 0xfd, 0xa0, 0x8c, 0x01, 0x24  ; 6BFD
    db 0x01, 0x3c, 0x00, 0x74, 0x06, 0x81, 0x0e, 0x50, 0x05, 0x40, 0x00, 0x81, 0x0e, 0x3a, 0x05, 0x00  ; 6C0D
    db 0x01, 0xe9, 0x46, 0x00, 0xe9, 0x00, 0x00, 0xa0, 0xec, 0x04, 0x24, 0x08, 0x3c, 0x00, 0x74, 0x26  ; 6C1D
    db 0xa0, 0xeb, 0x04, 0x2a, 0xe4, 0x25, 0x08, 0x00, 0x3d, 0x00, 0x00, 0x74, 0x08, 0x80, 0x0e, 0x64  ; 6C2D
    db 0x05, 0x01, 0xe9, 0x05, 0x00, 0x80, 0x26, 0x64, 0x05, 0xfe, 0x81, 0x0e, 0x3a, 0x05, 0x80, 0x00  ; 6C3D
    db 0x81, 0x0e, 0x50, 0x05, 0x10, 0x02, 0xa0, 0xec, 0x04, 0x24, 0x04, 0x3c, 0x00, 0x74, 0x30, 0xa0  ; 6C4D
    db 0xeb, 0x04, 0x24, 0x04, 0x3c, 0x00, 0x74, 0x0d, 0xeb, 0x03, 0xe9, 0x22, 0x00, 0x80, 0x0e, 0x64  ; 6C5D
    db 0x05, 0x02, 0xe9, 0x05, 0x00, 0x80, 0x26, 0x64, 0x05, 0xfd, 0xa0, 0x8c, 0x01, 0x24, 0x01, 0x3c  ; 6C6D
    db 0x00, 0x74, 0x06, 0x81, 0x0e, 0x50, 0x05, 0x40, 0x00, 0x81, 0x0e, 0x3a, 0x05, 0x00, 0x01, 0x80  ; 6C7D
    db 0x3e, 0x12, 0x05, 0x00, 0x74, 0x0a, 0x80, 0x0e, 0x01, 0x06, 0x02, 0x80, 0x0e, 0x00, 0x06, 0x01  ; 6C8D
    db 0x80, 0x3e, 0x1a, 0x05, 0x00, 0x74, 0x0a, 0x80, 0x0e, 0x01, 0x06, 0x20, 0x80, 0x0e, 0x00, 0x06  ; 6C9D
    db 0x02, 0x8b, 0xe5, 0x5d, 0xcb, 0x55, 0x8b, 0xec, 0x83, 0xec, 0x06, 0x8b, 0x7e, 0x06, 0x2b, 0x7e  ; 6CAD
    db 0x0a, 0x39, 0x7e, 0x08, 0x7f, 0x0b, 0x8b, 0x7e, 0x06, 0x2b, 0x7e, 0x0a, 0x8b, 0xc7, 0xe9, 0x16  ; 6CBD
    db 0x00, 0x8b, 0x7e, 0x06, 0x03, 0x7e, 0x0a, 0x39, 0x7e, 0x08, 0x7c, 0x08, 0x8b, 0x56, 0x06, 0x8b  ; 6CCD
    db 0xc7, 0xe9, 0x03, 0x00, 0x8b, 0x46, 0x08, 0x8b, 0xe5, 0x5d, 0xca, 0x02, 0x00, 0x55, 0x8b, 0xec  ; 6CDD
    db 0x83, 0xec, 0x24, 0xc4, 0x3e, 0x1c, 0x1d, 0x26, 0x8b, 0x55, 0x42, 0x89, 0x56, 0xf4, 0xc4, 0x1e  ; 6CED
    db 0x1c, 0x1d, 0x26, 0x8b, 0x47, 0x48, 0x89, 0x46, 0xf2, 0xa0, 0xf3, 0x04, 0x2a, 0xe4, 0x25, 0x40  ; 6CFD
    db 0x00, 0x3d, 0x00, 0x00, 0x74, 0x06, 0xbf, 0x01, 0x00, 0xe9, 0x02, 0x00, 0x2b, 0xff, 0x89, 0x7e  ; 6D0D
    db 0xf0, 0xa0, 0xf3, 0x04, 0x2a, 0xe4, 0x25, 0x80, 0x00, 0x3d, 0x00, 0x00, 0x74, 0x06, 0xba, 0x01  ; 6D1D
    db 0x00, 0xe9, 0x02, 0x00, 0x2b, 0xd2, 0x89, 0x56, 0xee, 0xc4, 0x3e, 0x5c, 0x1d, 0x89, 0x7e, 0xea  ; 6D2D
    db 0x8c, 0x46, 0xec, 0xc7, 0x46, 0xf6, 0x00, 0x00, 0xc7, 0x46, 0xf8, 0x00, 0x00, 0xe9, 0x42, 0x00  ; 6D3D
    db 0xc4, 0x7e, 0xea, 0x26, 0x8b, 0x15, 0x39, 0x56, 0xf4, 0x75, 0x30, 0x8b, 0x5e, 0xf2, 0x26, 0x8b  ; 6D4D
    db 0x45, 0x02, 0x3b, 0xd8, 0x75, 0x25, 0x8b, 0x7e, 0xf0, 0xc4, 0x5e, 0xea, 0x26, 0x8a, 0x57, 0x04  ; 6D5D
    db 0x2a, 0xf6, 0x3b, 0xfa, 0x75, 0x15, 0x8b, 0x7e, 0xee, 0x26, 0x8a, 0x47, 0x05, 0x2a, 0xe4, 0x3b  ; 6D6D
    db 0xf8, 0x75, 0x08, 0xc7, 0x46, 0xf6, 0x01, 0x00, 0xe9, 0x0d, 0x00, 0x83, 0x46, 0xea, 0x06, 0xff  ; 6D7D
    db 0x46, 0xf8, 0x83, 0x7e, 0xf8, 0x17, 0x7c, 0xb8, 0x8b, 0x7e, 0xf8, 0xa0, 0x64, 0x1b, 0x2a, 0xe4  ; 6D8D
    db 0x3b, 0xc7, 0x74, 0x0c, 0x8b, 0xd7, 0x88, 0x16, 0x64, 0x1b, 0x81, 0x0e, 0x3a, 0x05, 0x10, 0x00  ; 6D9D
    db 0xc4, 0x3e, 0x1c, 0x1d, 0x26, 0x8b, 0x55, 0x4e, 0x89, 0x56, 0xe6, 0xc4, 0x1e, 0x1c, 0x1d, 0x26  ; 6DAD
    db 0x8b, 0x47, 0x54, 0x89, 0x46, 0xe4, 0xc4, 0x3e, 0x60, 0x1d, 0x89, 0x7e, 0xe0, 0x8c, 0x46, 0xe2  ; 6DBD
    db 0xc7, 0x46, 0xde, 0x00, 0x00, 0xc7, 0x46, 0xe8, 0x00, 0x00, 0xe9, 0x25, 0x00, 0xc4, 0x7e, 0xe0  ; 6DCD
    db 0x26, 0x8b, 0x15, 0x39, 0x56, 0xe6, 0x75, 0x13, 0x8b, 0x5e, 0xe4, 0x26, 0x8b, 0x45, 0x02, 0x3b  ; 6DDD
    db 0xd8, 0x75, 0x08, 0xc7, 0x46, 0xde, 0x01, 0x00, 0xe9, 0x0d, 0x00, 0x83, 0x46, 0xe0, 0x04, 0xff  ; 6DED
    db 0x46, 0xe8, 0x83, 0x7e, 0xe8, 0x17, 0x7c, 0xd5, 0x8b, 0x7e, 0xe8, 0xa0, 0x67, 0x1b, 0x2a, 0xe4  ; 6DFD
    db 0x3b, 0xc7, 0x74, 0x0c, 0x8b, 0xd7, 0x88, 0x16, 0x67, 0x1b, 0x81, 0x0e, 0x3a, 0x05, 0x20, 0x00  ; 6E0D
    db 0xe9, 0x37, 0x00, 0xa0, 0x64, 0x1b, 0x2a, 0xe4, 0x89, 0x46, 0xdc, 0x3d, 0x16, 0x00, 0x75, 0x08  ; 6E1D
    db 0xc7, 0x46, 0xdc, 0x19, 0x00, 0xe9, 0x39, 0x00, 0xa0, 0x72, 0x1b, 0x24, 0x40, 0x3c, 0x00, 0x74  ; 6E2D
    db 0x0b, 0x80, 0x3e, 0x64, 0x1b, 0x13, 0x72, 0x04, 0x83, 0x46, 0xdc, 0x03, 0xe9, 0x22, 0x00, 0xa0  ; 6E3D
    db 0x67, 0x1b, 0x2a, 0xe4, 0x89, 0x46, 0xdc, 0xe9, 0x17, 0x00, 0xa0, 0x72, 0x1b, 0x2a, 0xe4, 0x25  ; 6E4D
    db 0x03, 0x00, 0x3d, 0x01, 0x00, 0x74, 0xbc, 0x3d, 0x02, 0x00, 0x74, 0xe3, 0x3d, 0x03, 0x00, 0x74  ; 6E5D
    db 0xb2, 0x8b, 0x7e, 0xdc, 0x8b, 0xd7, 0x88, 0x16, 0x8c, 0x1b, 0x8b, 0xe5, 0x5d, 0xcb, 0xff, 0x55  ; 6E6D
    db 0x8b, 0xec, 0x83, 0xec, 0x0c, 0xa0, 0xeb, 0x04, 0x2a, 0xe4, 0x89, 0x46, 0xf8, 0xa0, 0x72, 0x1b  ; 6E7D
    db 0x2a, 0xe4, 0x25, 0xcc, 0x00, 0x50, 0x8b, 0x7e, 0xf8, 0x81, 0xe7, 0x04, 0x00, 0x83, 0xff, 0x00  ; 6E8D
    db 0x74, 0x06, 0xbf, 0x10, 0x00, 0xe9, 0x02, 0x00, 0x2b, 0xff, 0x5a, 0x0b, 0xfa, 0x57, 0x8b, 0x56  ; 6E9D
    db 0xf8, 0x81, 0xe2, 0x08, 0x00, 0x83, 0xfa, 0x00, 0x74, 0x06, 0xba, 0x20, 0x00, 0xe9, 0x02, 0x00  ; 6EAD
    db 0x2b, 0xd2, 0x5f, 0x0b, 0xd7, 0x52, 0x8b, 0x7e, 0xf8, 0x81, 0xe7, 0x01, 0x00, 0x83, 0xff, 0x00  ; 6EBD
    db 0x74, 0x06, 0xbf, 0x02, 0x00, 0xe9, 0x02, 0x00, 0x2b, 0xff, 0x5a, 0x0b, 0xfa, 0x57, 0x8b, 0x56  ; 6ECD
    db 0xf8, 0x81, 0xe2, 0x40, 0x00, 0x83, 0xfa, 0x00, 0x74, 0x06, 0xba, 0x01, 0x00, 0xe9, 0x02, 0x00  ; 6EDD
    db 0x2b, 0xd2, 0x5f, 0x0b, 0xd7, 0x88, 0x56, 0xf7, 0x38, 0x16, 0x72, 0x1b, 0x74, 0x0a, 0x88, 0x16  ; 6EED
    db 0x72, 0x1b, 0x81, 0x0e, 0x3a, 0x05, 0x30, 0x00, 0x8b, 0x7e, 0xf8, 0x81, 0xe7, 0x02, 0x00, 0x83  ; 6EFD
    db 0xff, 0x02, 0x75, 0x06, 0xbf, 0x01, 0x00, 0xe9, 0x02, 0x00, 0x2b, 0xff, 0x8b, 0xd7, 0x88, 0x16  ; 6F0D
    db 0x82, 0x1b, 0x8b, 0x7e, 0xf8, 0x81, 0xe7, 0x10, 0x00, 0x83, 0xff, 0x10, 0x75, 0x06, 0xbf, 0x01  ; 6F1D
    db 0x00, 0xe9, 0x02, 0x00, 0x2b, 0xff, 0x8b, 0xd7, 0x88, 0x16, 0x7b, 0x1b, 0xa0, 0xec, 0x04, 0x24  ; 6F2D
    db 0x20, 0x3c, 0x00, 0x74, 0x51, 0x8b, 0x7e, 0xf8, 0x81, 0xe7, 0x20, 0x00, 0x83, 0xff, 0x20, 0x75  ; 6F3D
    db 0x06, 0xbf, 0x01, 0x00, 0xe9, 0x02, 0x00, 0x2b, 0xff, 0x8b, 0xd7, 0x88, 0x16, 0x79, 0x1b, 0x80  ; 6F4D
    db 0xfa, 0x00, 0x74, 0x28, 0x80, 0x3e, 0x76, 0x1b, 0x00, 0x75, 0x13, 0x80, 0x0e, 0x76, 0x1b, 0x02  ; 6F5D
    db 0x9a, 0x68, 0x02, 0xa8, 0xe6, 0x81, 0x0e, 0x3a, 0x05, 0x00, 0x20, 0xe9, 0x18, 0x00, 0x80, 0x0e  ; 6F6D
    db 0x76, 0x1b, 0x02, 0x81, 0x0e, 0x3a, 0x05, 0x00, 0x20, 0xe9, 0x0a, 0x00, 0x80, 0x26, 0x76, 0x1b  ; 6F7D
    db 0xfd, 0x9a, 0x84, 0x02, 0xa8, 0xe6, 0xa0, 0xec, 0x04, 0x24, 0x80, 0x3c, 0x00, 0x74, 0x4e, 0xc7  ; 6F8D
    db 0x06, 0x3a, 0x05, 0xff, 0xff, 0x8b, 0x7e, 0xf8, 0x81, 0xe7, 0x80, 0x00, 0x81, 0xff, 0x80, 0x00  ; 6F9D
    db 0x75, 0x06, 0xbf, 0x01, 0x00, 0xe9, 0x02, 0x00, 0x2b, 0xff, 0x8b, 0xd7, 0x88, 0x16, 0x78, 0x1b  ; 6FAD
    db 0x80, 0x3e, 0x78, 0x1b, 0x00, 0x75, 0x1c, 0x80, 0x3e, 0x76, 0x1b, 0x00, 0x75, 0x0d, 0x80, 0x0e  ; 6FBD
    db 0x76, 0x1b, 0x01, 0x9a, 0x68, 0x02, 0xa8, 0xe6, 0xe9, 0x12, 0x00, 0x80, 0x0e, 0x76, 0x1b, 0x01  ; 6FCD
    db 0xe9, 0x0a, 0x00, 0x80, 0x26, 0x76, 0x1b, 0xfe, 0x9a, 0x84, 0x02, 0xa8, 0xe6, 0xa0, 0xe7, 0x04  ; 6FDD
    db 0x2a, 0xe4, 0x89, 0x46, 0xf8, 0x25, 0x08, 0x00, 0x3d, 0x08, 0x00, 0x75, 0x06, 0xbf, 0x04, 0x00  ; 6FED
    db 0xe9, 0x03, 0x00, 0xbf, 0x01, 0x00, 0x8b, 0xd7, 0x88, 0x56, 0xf6, 0xa0, 0x70, 0x1b, 0x3a, 0xd0  ; 6FFD
    db 0x74, 0x0a, 0x88, 0x16, 0x70, 0x1b, 0x81, 0x0e, 0x3a, 0x05, 0x00, 0x01, 0x8b, 0x7e, 0xf8, 0x81  ; 700D
    db 0xe7, 0x04, 0x00, 0x83, 0xff, 0x00, 0x74, 0x08, 0xc6, 0x06, 0x77, 0x1b, 0x01, 0xe9, 0x05, 0x00  ; 701D
    db 0xc6, 0x06, 0x77, 0x1b, 0x00, 0xa0, 0xe8, 0x04, 0x24, 0x04, 0x3c, 0x00, 0x74, 0x06, 0x81, 0x0e  ; 702D
    db 0x3a, 0x05, 0x00, 0x40, 0x8b, 0xe5, 0x5d, 0xcb, 0x55, 0x8b, 0xec, 0x83, 0xec, 0x0a, 0xa0, 0xfb  ; 703D
    db 0x04, 0x2a, 0xe4, 0x89, 0x46, 0xf8, 0xa0, 0x72, 0x1b, 0x2a, 0xe4, 0x25, 0xcf, 0x00, 0x50, 0x8b  ; 704D
    db 0x7e, 0xf8, 0x81, 0xe7, 0x04, 0x00, 0x83, 0xff, 0x00, 0x74, 0x06, 0xbf, 0x10, 0x00, 0xe9, 0x02  ; 705D
    db 0x00  ; 706D
SUB_F706E:
    sub di, di                               ; 706E: sub di, di
    pop dx                                   ; 7070: pop dx
    or di, dx                                ; 7071: or di, dx
    push di                                  ; 7073: push di
    mov dx, word [bp - 8]                    ; 7074: mov dx, word ptr [bp - 8]
    and dx, strict word 8                    ; 7077: and dx, 8
    cmp dx, 0                                ; 707B: cmp dx, 0
    je short 0x7086                          ; 707E: je 0x26
    mov dx, 0x20                             ; 7080: mov dx, 0x20
    jmp 0x7088                               ; 7083: jmp 0x28
L_F7086:
    sub dx, dx                               ; 7086: sub dx, dx
L_F7088:
    pop di                                   ; 7088: pop di
    or dx, di                                ; 7089: or dx, di
    mov byte [bp - 9], dl                    ; 708B: mov byte ptr [bp - 9], dl
    cmp byte [0x1b72], dl                    ; 708E: cmp byte ptr [0x1b72], dl
    je short 0x709e                          ; 7092: je 0x3e
    mov byte [0x1b72], dl                    ; 7094: mov byte ptr [0x1b72], dl
    or word [0x53a], strict word 0x30        ; 7098: or word ptr [0x53a], 0x30
L_F709E:
    mov al, byte [0x4fc]                     ; 709E: mov al, byte ptr [0x4fc]
    and al, 0x12                             ; 70A1: and al, 0x12
    cmp al, 0                                ; 70A3: cmp al, 0
    je short 0x7103                          ; 70A5: je 0xa3
    mov di, word [bp - 8]                    ; 70A7: mov di, word ptr [bp - 8]
    and di, strict word 2                    ; 70AA: and di, 2
    cmp di, 0                                ; 70AE: cmp di, 0
    je short 0x70cd                          ; 70B1: je 0x6d
    mov di, word [bp - 8]                    ; 70B3: mov di, word ptr [bp - 8]
    and di, strict word 0x10                 ; 70B6: and di, 0x10
    cmp di, 0                                ; 70BA: cmp di, 0
    jne short 0x70cd                         ; 70BD: jne 0x6d
    mov byte [0x1b82], 0                     ; 70BF: mov byte ptr [0x1b82], 0
    mov word [0x1bec], 0x400                 ; 70C4: mov word ptr [0x1bec], 0x400
    jmp 0x70fe                               ; 70CA: jmp 0x9e
L_F70CD:
    mov di, word [bp - 8]                    ; 70CD: mov di, word ptr [bp - 8]
    and di, strict word 2                    ; 70D0: and di, 2
    cmp di, 0                                ; 70D4: cmp di, 0
    jne short 0x70f3                         ; 70D7: jne 0x93
    mov di, word [bp - 8]                    ; 70D9: mov di, word ptr [bp - 8]
    and di, strict word 0x10                 ; 70DC: and di, 0x10
    cmp di, 0                                ; 70E0: cmp di, 0
    je short 0x70f3                          ; 70E3: je 0x93
    mov byte [0x1b82], 1                     ; 70E5: mov byte ptr [0x1b82], 1
    mov word [0x1bec], 0x400                 ; 70EA: mov word ptr [0x1bec], 0x400
    jmp 0x70fe                               ; 70F0: jmp 0x9e
L_F70F3:
    mov byte [0x1b82], 1                     ; 70F3: mov byte ptr [0x1b82], 1
    mov word [0x1bec], 0x1000                ; 70F8: mov word ptr [0x1bec], 0x1000
L_F70FE:
    call 0xf0cc:0x000c                       ; 70FE: lcall 0xf0cc, 0xc
L_F7103:
    mov al, byte [0x4fc]                     ; 7103: mov al, byte ptr [0x4fc]
    and al, 0x20                             ; 7106: and al, 0x20
    cmp al, 0                                ; 7108: cmp al, 0
    je short 0x7151                          ; 710A: je 0xf1
    mov di, word [bp - 8]                    ; 710C: mov di, word ptr [bp - 8]
    and di, strict word 0x20                 ; 710F: and di, 0x20
    cmp di, 0x20                             ; 7113: cmp di, 0x20
    jne short 0x711e                         ; 7116: jne 0xbe
    mov di, 1                                ; 7118: mov di, 1
    jmp 0x7120                               ; 711B: jmp 0xc0
L_F711E:
    sub di, di                               ; 711E: sub di, di
L_F7120:
    mov dx, di                               ; 7120: mov dx, di
    mov byte [0x1b79], dl                    ; 7122: mov byte ptr [0x1b79], dl
    cmp dl, 0                                ; 7126: cmp dl, 0
    je short 0x7147                          ; 7129: je 0xe7
    cmp byte [0x1b76], 0                     ; 712B: cmp byte ptr [0x1b76], 0
    jne short 0x713f                         ; 7130: jne 0xdf
    or byte [0x1b76], 2                      ; 7132: or byte ptr [0x1b76], 2
    call 0xe6a8:0x0268                       ; 7137: lcall 0xe6a8, 0x268
    jmp 0x7151                               ; 713C: jmp 0xf1
L_F713F:
    or byte [0x1b76], 2                      ; 713F: or byte ptr [0x1b76], 2
    jmp 0x7151                               ; 7144: jmp 0xf1
L_F7147:
    and byte [0x1b76], 0xfd                  ; 7147: and byte ptr [0x1b76], 0xfd
    call 0xe6a8:0x0284                       ; 714C: lcall 0xe6a8, 0x284
L_F7151:
    mov al, byte [0x4fc]                     ; 7151: mov al, byte ptr [0x4fc]
    and al, 0x80                             ; 7154: and al, 0x80
    cmp al, 0                                ; 7156: cmp al, 0
    je short 0x71a7                          ; 7158: je 0x147
    mov di, word [bp - 8]                    ; 715A: mov di, word ptr [bp - 8]
    and di, strict word 0x80                 ; 715D: and di, 0x80
    cmp di, strict word 0x80                 ; 7161: cmp di, 0x80
    jne short 0x716d                         ; 7165: jne 0x10d
    mov di, 1                                ; 7167: mov di, 1
    jmp 0x716f                               ; 716A: jmp 0x10f
L_F716D:
    sub di, di                               ; 716D: sub di, di
L_F716F:
    mov dx, di                               ; 716F: mov dx, di
    mov byte [0x1b78], dl                    ; 7171: mov byte ptr [0x1b78], dl
    cmp byte [0x1b78], 0                     ; 7175: cmp byte ptr [0x1b78], 0
    jne short 0x7198                         ; 717A: jne 0x138
    cmp byte [0x1b76], 0                     ; 717C: cmp byte ptr [0x1b76], 0
    jne short 0x7190                         ; 7181: jne 0x130
    or byte [0x1b76], 1                      ; 7183: or byte ptr [0x1b76], 1
    call 0xe6a8:0x0268                       ; 7188: lcall 0xe6a8, 0x268
    jmp 0x71a2                               ; 718D: jmp 0x142
L_F7190:
    or byte [0x1b76], 1                      ; 7190: or byte ptr [0x1b76], 1
    jmp 0x71a2                               ; 7195: jmp 0x142
L_F7198:
    and byte [0x1b76], 0xfe                  ; 7198: and byte ptr [0x1b76], 0xfe
    call 0xe6a8:0x0284                       ; 719D: lcall 0xe6a8, 0x284
L_F71A2:
    call 0xf0cc:0x000c                       ; 71A2: lcall 0xf0cc, 0xc
L_F71A7:
    mov al, byte [0x4f7]                     ; 71A7: mov al, byte ptr [0x4f7]
    sub ah, ah                               ; 71AA: sub ah, ah
    mov word [bp - 8], ax                    ; 71AC: mov word ptr [bp - 8], ax
    mov byte [0x1b70], 4                     ; 71AF: mov byte ptr [0x1b70], 4
    mov byte [0x1b66], 4                     ; 71B4: mov byte ptr [0x1b66], 4
    mov byte [0x1b77], 0                     ; 71B9: mov byte ptr [0x1b77], 0
    mov di, word [bp - 8]                    ; 71BE: mov di, word ptr [bp - 8]
    and di, strict word 2                    ; 71C1: and di, 2
    cmp di, 2                                ; 71C5: cmp di, 2
    jne short 0x71fc                         ; 71C8: jne 0x19c
    cmp byte [0x1b78], 0                     ; 71CA: cmp byte ptr [0x1b78], 0
    je short 0x71fc                          ; 71CF: je 0x19c
    cmp byte [0x1bf7], 0                     ; 71D1: cmp byte ptr [0x1bf7], 0
    jne short 0x71ea                         ; 71D6: jne 0x18a
    call 0xe925:0x0060                       ; 71D8: lcall 0xe925, 0x60
    mov byte [0x6b6], 1                      ; 71DD: mov byte ptr [0x6b6], 1
    mov byte [0x1bf7], 1                     ; 71E2: mov byte ptr [0x1bf7], 1
    jmp 0x71fc                               ; 71E7: jmp 0x19c
L_F71EA:
    add word [0x3e0], -0x40                  ; 71EA: add word ptr [0x3e0], -0x40
    cmp word [0x3e0], 0                      ; 71EF: cmp word ptr [0x3e0], 0
    jge short 0x71fc                         ; 71F4: jge 0x19c
    mov word [0x3e0], 0x25f                  ; 71F6: mov word ptr [0x3e0], 0x25f
L_F71FC:
    mov di, word [bp - 8]                    ; 71FC: mov di, word ptr [bp - 8]
    and di, strict word 0x10                 ; 71FF: and di, 0x10
    cmp di, 0                                ; 7203: cmp di, 0
    jne short 0x720d                         ; 7206: jne 0x1ad
    mov byte [0x4e0], 0                      ; 7208: mov byte ptr [0x4e0], 0
L_F720D:
    cmp byte [0x4e0], 0                      ; 720D: cmp byte ptr [0x4e0], 0
    jne short 0x7244                         ; 7212: jne 0x1e4
    mov di, word [bp - 8]                    ; 7214: mov di, word ptr [bp - 8]
    and di, strict word 0x10                 ; 7217: and di, 0x10
    cmp di, 0x10                             ; 721B: cmp di, 0x10
    jne short 0x7226                         ; 721E: jne 0x1c6
    mov di, 1                                ; 7220: mov di, 1
    jmp 0x7228                               ; 7223: jmp 0x1c8
L_F7226:
    sub di, di                               ; 7226: sub di, di
L_F7228:
    mov dx, di                               ; 7228: mov dx, di
    mov byte [0x1bf8], dl                    ; 722A: mov byte ptr [0x1bf8], dl
    mov di, word [bp - 8]                    ; 722E: mov di, word ptr [bp - 8]
    and di, strict word 0x10                 ; 7231: and di, 0x10
    cmp di, 0x10                             ; 7235: cmp di, 0x10
    jne short 0x7244                         ; 7238: jne 0x1e4
    mov byte [0x3fd], 1                      ; 723A: mov byte ptr [0x3fd], 1
    mov byte [0x608], 1                      ; 723F: mov byte ptr [0x608], 1
L_F7244:
    mov al, byte [0x4f8]                     ; 7244: mov al, byte ptr [0x4f8]
    and al, 0x20                             ; 7247: and al, 0x20
    cmp al, 0                                ; 7249: cmp al, 0
    je short 0x726f                          ; 724B: je 0x20f
    mov al, byte [0x4f7]                     ; 724D: mov al, byte ptr [0x4f7]
    and al, 0x20                             ; 7250: and al, 0x20
    cmp al, 0                                ; 7252: cmp al, 0
    je short 0x726f                          ; 7254: je 0x20f
    cmp byte [0x3ed], 1                      ; 7256: cmp byte ptr [0x3ed], 1
    jne short 0x7265                         ; 725B: jne 0x205
    mov byte [0x3ed], 0                      ; 725D: mov byte ptr [0x3ed], 0
    jmp 0x726a                               ; 7262: jmp 0x20a
L_F7265:
    mov byte [0x3ed], 1                      ; 7265: mov byte ptr [0x3ed], 1
L_F726A:
    call 0xf0cc:0x000c                       ; 726A: lcall 0xf0cc, 0xc
L_F726F:
    mov sp, bp                               ; 726F: mov sp, bp
    pop bp                                   ; 7271: pop bp
    retf                                     ; 7272: retf 
    db 0x55, 0x8b, 0xec, 0x83, 0xec, 0x0a, 0xa0, 0xef, 0x04, 0x2a, 0xe4, 0x89, 0x46, 0xf8, 0xa0, 0x72  ; 7273
    db 0x1b, 0x2a, 0xe4, 0x25, 0xbf, 0xff, 0x50, 0x8b, 0x7e, 0xf8, 0x81, 0xe7, 0x08, 0x00, 0x83, 0xff  ; 7283
    db 0x00, 0x74, 0x06, 0xbf, 0x40, 0x00, 0xe9, 0x02, 0x00, 0x2b, 0xff, 0x5a, 0x0b, 0xfa, 0x8b, 0xd7  ; 7293
    db 0x88, 0x56, 0xf7, 0x38, 0x16, 0x72, 0x1b, 0x74, 0x0a, 0x88, 0x16, 0x72, 0x1b, 0x81, 0x0e, 0x3a  ; 72A3
    db 0x05, 0x30, 0x00, 0xa0, 0xf0, 0x04, 0x2a, 0xe4, 0x8b, 0x7e, 0xf8, 0x23, 0xf8, 0x81, 0xe7, 0x80  ; 72B3
    db 0x00, 0x8b, 0xd7, 0x88, 0x16, 0x43, 0x05, 0xa0, 0xf0, 0x04, 0x24, 0x04, 0x3c, 0x00, 0x74, 0x1f  ; 72C3
    db 0x8b, 0x7e, 0xf8, 0x81, 0xe7, 0x04, 0x00, 0x83, 0xff, 0x00, 0x74, 0x08, 0xc6, 0x06, 0x6c, 0x1b  ; 72D3
    db 0x01, 0xe9, 0x05, 0x00, 0xc6, 0x06, 0x6c, 0x1b, 0x00, 0x81, 0x0e, 0x3a, 0x05, 0x08, 0x00, 0x8b  ; 72E3
    db 0x7e, 0xf8, 0x81, 0xe7, 0x20, 0x00, 0x83, 0xff, 0x00, 0x74, 0x08, 0xc6, 0x06, 0x73, 0x1b, 0x01  ; 72F3
    db 0xe9, 0x2f, 0x00, 0xa0, 0xf3, 0x04, 0x24, 0x02, 0x3c, 0x00, 0x74, 0x21, 0x8b, 0x7e, 0xf8, 0x81  ; 7303
    db 0xe7, 0x10, 0x00, 0x83, 0xff, 0x00, 0x74, 0x05, 0x2b, 0xff, 0xe9, 0x03, 0x00, 0xbf, 0x10, 0x00  ; 7313
    db 0x81, 0xcf, 0x02, 0x00, 0x8b, 0xd7, 0x88, 0x16, 0x73, 0x1b, 0xe9, 0x05, 0x00, 0xc6, 0x06, 0x73  ; 7323
    db 0x1b, 0x00, 0x8b, 0xe5, 0x5d, 0xcb, 0x55, 0x8b, 0xec, 0x83, 0xec, 0x06, 0x8b, 0xe5, 0x5d, 0xca  ; 7333
    db 0x02, 0x00, 0xff, 0x55, 0x8b, 0xec, 0x83, 0xec, 0x06, 0xa0, 0xef, 0x04, 0x2a, 0xe4, 0x25, 0x02  ; 7343
    db 0x00, 0x3d, 0x00, 0x00, 0x75, 0x36, 0xa0, 0xf0, 0x04, 0x2a, 0xe4, 0x25, 0x02, 0x00, 0x3d, 0x00  ; 7353
    db 0x00, 0x74, 0x29, 0x80, 0x3e, 0x7a, 0x1b, 0x00, 0x75, 0x22, 0x80, 0x3e, 0xf7, 0x1b, 0x00, 0x75  ; 7363
    db 0x1b, 0x80, 0x3e, 0xf6, 0x1b, 0x00, 0x75, 0x06, 0xbf, 0x01, 0x00, 0xe9, 0x02, 0x00, 0x2b, 0xff  ; 7373
    db 0x8b, 0xd7, 0x88, 0x16, 0xf6, 0x1b, 0xc7, 0x06, 0x3a, 0x05, 0xff, 0xff, 0x8b, 0xe5, 0x5d, 0xcb  ; 7383
    db 0x55, 0x8b, 0xec, 0x83, 0xec, 0x08, 0xc4, 0x3e, 0x1c, 0x1d, 0x26, 0x80, 0x7d, 0x40, 0x00, 0x74  ; 7393
    db 0x47, 0xc4, 0x1e, 0x1c, 0x1d, 0x26, 0x8b, 0x57, 0x3c, 0x89, 0x56, 0xf8, 0xe9, 0x14, 0x00, 0x8b  ; 73A3
    db 0x7e, 0xf8, 0x8b, 0xd7, 0x88, 0x16, 0x69, 0x1b, 0xe9, 0x27, 0x00, 0xc6, 0x06, 0x69, 0x1b, 0xfe  ; 73B3
    db 0xe9, 0x1f, 0x00, 0x8b, 0x46, 0xf8, 0x3d, 0x00, 0x00, 0x74, 0xe4, 0x3d, 0x03, 0x00, 0x74, 0xdf  ; 73C3
    db 0x3d, 0x06, 0x00, 0x74, 0xda, 0x3d, 0x09, 0x00, 0x74, 0xd5, 0x3d, 0xff, 0x00, 0x74, 0xd0, 0xe9  ; 73D3
    db 0xd9, 0xff, 0x81, 0x0e, 0x3a, 0x05, 0x04, 0x00, 0xc4, 0x3e, 0x1c, 0x1d, 0x26, 0x80, 0x7d, 0x3a  ; 73E3
    db 0x00, 0x74, 0x45, 0xc4, 0x1e, 0x1c, 0x1d, 0x26, 0x8b, 0x57, 0x36, 0x89, 0x56, 0xf8, 0xe9, 0x12  ; 73F3
    db 0x00, 0x8a, 0x56, 0xf8, 0x88, 0x16, 0x6d, 0x1b, 0xe9, 0x27, 0x00, 0xc6, 0x06, 0x6d, 0x1b, 0xfe  ; 7403
    db 0xe9, 0x1f, 0x00, 0x8b, 0x46, 0xf8, 0x3d, 0x00, 0x00, 0x74, 0xe6, 0x3d, 0x03, 0x00, 0x74, 0xe1  ; 7413
    db 0x3d, 0x06, 0x00, 0x74, 0xdc, 0x3d, 0x09, 0x00, 0x74, 0xd7, 0x3d, 0xff, 0x00, 0x74, 0xd2, 0xe9  ; 7423
    db 0xd9, 0xff, 0x81, 0x0e, 0x3a, 0x05, 0x08, 0x00, 0x8b, 0xe5, 0x5d, 0xcb, 0xff, 0x55, 0x8b, 0xec  ; 7433
    db 0x83, 0xec, 0x06, 0x80, 0x3e, 0x7a, 0x1b, 0x00, 0x75, 0x77, 0xa0, 0xe7, 0x04, 0x2a, 0xe4, 0x25  ; 7443
    db 0x04, 0x00, 0x3d, 0x00, 0x00, 0x75, 0x49, 0xa1, 0x2a, 0x05, 0x01, 0x06, 0x6e, 0x05, 0x81, 0x3e  ; 7453
    db 0x6e, 0x05, 0x96, 0x00, 0x7e, 0x08, 0x9a, 0xad, 0x00, 0x44, 0xef, 0xe9, 0x78, 0x00, 0x81, 0x3e  ; 7463
    db 0x6e, 0x05, 0x6a, 0xff, 0x7d, 0x08, 0x9a, 0x27, 0x01, 0x44, 0xef, 0xe9, 0x68, 0x00, 0xa0, 0xe7  ; 7473
    db 0x04, 0x2a, 0xe4, 0x25, 0x80, 0x00, 0x3d, 0x80, 0x00, 0x75, 0x12, 0xa0, 0xe8, 0x04, 0x2a, 0xe4  ; 7483
    db 0x25, 0x80, 0x00, 0x3d, 0x80, 0x00, 0x75, 0x05, 0x9a, 0xad, 0x00, 0x44, 0xef, 0xe9, 0x46, 0x00  ; 7493
    db 0x9a, 0xa1, 0x01, 0x44, 0xef, 0xa0, 0xe7, 0x04, 0x2a, 0xe4, 0x25, 0x80, 0x00, 0x3d, 0x80, 0x00  ; 74A3
    db 0x75, 0x34, 0xa0, 0xe8, 0x04, 0x2a, 0xe4, 0x25, 0x80, 0x00, 0x3d, 0x80, 0x00, 0x75, 0x27, 0xeb  ; 74B3
    db 0x03, 0xe9, 0x22, 0x00, 0xa1, 0x70, 0x05, 0xd1, 0xe0, 0x8b, 0xf8, 0x81, 0x8d, 0x50, 0x05, 0x80  ; 74C3
    db 0x00, 0x8b, 0x1e, 0x70, 0x05, 0x8a, 0x97, 0x69, 0x05, 0xf6, 0xd2, 0x80, 0xe2, 0x01, 0x8b, 0x1e  ; 74D3
    db 0x70, 0x05, 0x88, 0x97, 0x69, 0x05, 0x8b, 0xe5, 0x5d, 0xcb, 0x55, 0x8b, 0xec, 0x83, 0xec, 0x0c  ; 74E3
    db 0xa1, 0x70, 0x05, 0xd1, 0xe0, 0x89, 0x46, 0xf8, 0x89, 0x46, 0xf6, 0xa1, 0x70, 0x05, 0x89, 0x46  ; 74F3
    db 0xf4  ; 7503
L_F7504:
    add word [bp - 8], 2                     ; 7504: add word ptr [bp - 8], 2
    cmp word [bp - 8], 6                     ; 7508: cmp word ptr [bp - 8], 6
    jle short 0x7513                         ; 750C: jle 0x4b3
    mov word [bp - 8], 0                     ; 750E: mov word ptr [bp - 8], 0
L_F7513:
    mov di, word [bp - 8]                    ; 7513: mov di, word ptr [bp - 8]
    mov dl, byte [di + 0x1be3]               ; 7516: mov dl, byte ptr [di + 0x1be3]
    mov bl, byte [di + 0x1be2]               ; 751A: mov bl, byte ptr [di + 0x1be2]
    or bl, dl                                ; 751E: or bl, dl
    and bl, 1                                ; 7520: and bl, 1
    cmp bl, 0                                ; 7523: cmp bl, 0
    jne short 0x752f                         ; 7526: jne 0x4cf
    mov bx, word [bp - 0xa]                  ; 7528: mov bx, word ptr [bp - 0xa]
    cmp di, bx                               ; 752B: cmp di, bx
    jne short 0x7504                         ; 752D: jne 0x4a4
L_F752F:
    mov di, word [bp - 0xa]                  ; 752F: mov di, word ptr [bp - 0xa]
    cmp word [bp - 8], di                    ; 7532: cmp word ptr [bp - 8], di
    jne short 0x7540                         ; 7535: jne 0x4e0
    mov word [0x570], 0                      ; 7537: mov word ptr [0x570], 0
    jmp 0x7549                               ; 753D: jmp 0x4e9
L_F7540:
    mov di, word [bp - 8]                    ; 7540: mov di, word ptr [bp - 8]
    sar di, 1                                ; 7543: sar di, 1
    mov word [0x570], di                     ; 7545: mov word ptr [0x570], di
L_F7549:
    mov word [0x56e], 0                      ; 7549: mov word ptr [0x56e], 0
    push word [0x570]                        ; 754F: push word ptr [0x570]
    call 0xeda2:0x071b                       ; 7553: lcall 0xeda2, 0x71b
    mov di, word [bp - 0xc]                  ; 7558: mov di, word ptr [bp - 0xc]
    shl di, 1                                ; 755B: shl di, 1
    or word [di + 0x550], strict word 0x800  ; 755D: or word ptr [di + 0x550], 0x800
    mov sp, bp                               ; 7563: mov sp, bp
    pop bp                                   ; 7565: pop bp
    retf                                     ; 7566: retf 
    db 0x55, 0x8b, 0xec, 0x83, 0xec, 0x0c, 0xa1, 0x70, 0x05, 0xd1, 0xe0, 0x89, 0x46, 0xf8, 0x89, 0x46  ; 7567
    db 0xf6, 0xa1, 0x70, 0x05, 0x89, 0x46, 0xf4, 0x83, 0x46, 0xf8, 0xfe, 0x83, 0x7e, 0xf8, 0x00, 0x7d  ; 7577
    db 0x05, 0xc7, 0x46, 0xf8, 0x06, 0x00, 0x8b, 0x7e, 0xf8, 0x8a, 0x95, 0xe3, 0x1b, 0x8a, 0x9d, 0xe2  ; 7587
    db 0x1b, 0x0a, 0xda, 0x80, 0xe3, 0x01, 0x80, 0xfb, 0x00, 0x75, 0x07, 0x8b, 0x5e, 0xf6, 0x3b, 0xfb  ; 7597
    db 0x75, 0xd5, 0x8b, 0x7e, 0xf6, 0x39, 0x7e, 0xf8, 0x75, 0x09, 0xc7, 0x06, 0x70, 0x05, 0x00, 0x00  ; 75A7
    db 0xe9, 0x09, 0x00, 0x8b, 0x7e, 0xf8, 0xd1, 0xff, 0x89, 0x3e, 0x70, 0x05, 0xc7, 0x06, 0x6e, 0x05  ; 75B7
    db 0x00, 0x00, 0xff, 0x36, 0x70, 0x05, 0x9a, 0x1b, 0x07, 0xa2, 0xed, 0x8b, 0x7e, 0xf4, 0xd1, 0xe7  ; 75C7
    db 0x81, 0x8d, 0x50, 0x05, 0x00, 0x08, 0x8b, 0xe5, 0x5d, 0xcb, 0x55, 0x8b, 0xec, 0x83, 0xec, 0x12  ; 75D7
    db 0xa1, 0x70, 0x05, 0xd1, 0xe0, 0xba, 0x0e, 0x00, 0xf7, 0xea, 0xbf, 0x74, 0x05, 0x03, 0xf8, 0x89  ; 75E7
    db 0x7e, 0xf4, 0x8c, 0x5e, 0xf6, 0xa1, 0x2a, 0x05, 0x01, 0x06, 0x2c, 0x05  ; 75F7
SUB_F7603:
    cmp word [0x52c], 0                      ; 7603: cmp word ptr [0x52c], 0
    jge short 0x761a                         ; 7608: jge 0x5ba
    mov word [bp - 0x12], 0xffff             ; 760A: mov word ptr [bp - 0x12], 0xffff
    mov ax, word [0x52c]                     ; 760F: mov ax, word ptr [0x52c]
    neg ax                                   ; 7612: neg ax
    mov word [bp - 0xe], ax                  ; 7614: mov word ptr [bp - 0xe], ax
    jmp 0x7625                               ; 7617: jmp 0x5c5
L_F761A:
    mov word [bp - 0x12], 1                  ; 761A: mov word ptr [bp - 0x12], 1
    mov ax, word [0x52c]                     ; 761F: mov ax, word ptr [0x52c]
    mov word [bp - 0xe], ax                  ; 7622: mov word ptr [bp - 0xe], ax
L_F7625:
    cmp word [bp - 0xe], 0x14                ; 7625: cmp word ptr [bp - 0xe], 0x14
    jl short 0x76a2                          ; 7629: jl 0x642
    cmp word [bp - 0xe], 0x1e                ; 762B: cmp word ptr [bp - 0xe], 0x1e
    jge short 0x7639                         ; 762F: jge 0x5d9
    mov word [bp - 0xe], 1                   ; 7631: mov word ptr [bp - 0xe], 1
    jmp 0x7658                               ; 7636: jmp 0x5f8
L_F7639:
    cmp word [bp - 0xe], 0x46                ; 7639: cmp word ptr [bp - 0xe], 0x46
    jge short 0x7646                         ; 763D: jge 0x5e6
    add word [bp - 0xe], -0x1d               ; 763F: add word ptr [bp - 0xe], -0x1d
    jmp 0x7658                               ; 7643: jmp 0x5f8
L_F7646:
    cmp word [bp - 0xe], 0x78                ; 7646: cmp word ptr [bp - 0xe], 0x78
    jle short 0x7658                         ; 764A: jle 0x5f8
    mov di, word [bp - 0xe]                  ; 764C: mov di, word ptr [bp - 0xe]
    mov dx, di                               ; 764F: mov dx, di
    sar dx, 1                                ; 7651: sar dx, 1
    add di, dx                               ; 7653: add di, dx
    mov word [bp - 0xe], di                  ; 7655: mov word ptr [bp - 0xe], di
L_F7658:
    mov word [0x52c], 0                      ; 7658: mov word ptr [0x52c], 0
    cmp word [bp - 0x12], -1                 ; 765E: cmp word ptr [bp - 0x12], -1
    jne short 0x766c                         ; 7662: jne 0x60c
    mov di, word [bp - 0xe]                  ; 7664: mov di, word ptr [bp - 0xe]
    neg di                                   ; 7667: neg di
    mov word [bp - 0xe], di                  ; 7669: mov word ptr [bp - 0xe], di
L_F766C:
    les di, [bp - 0xc]                       ; 766C: les di, ptr [bp - 0xc]
    mov dx, word [es:di]                     ; 766F: mov dx, word ptr es:[di]
    add dx, word [bp - 0xe]                  ; 7672: add dx, word ptr [bp - 0xe]
    mov word [bp - 8], dx                    ; 7675: mov word ptr [bp - 8], dx
    cmp dx, 0                                ; 7678: cmp dx, 0
    jge short 0x7682                         ; 767B: jge 0x622
    mov word [bp - 8], 0                     ; 767D: mov word ptr [bp - 8], 0
L_F7682:
    cmp word [bp - 8], strict word 0xfff     ; 7682: cmp word ptr [bp - 8], 0xfff
    jle short 0x768e                         ; 7687: jle 0x62e
    mov word [bp - 8], 0xfff                 ; 7689: mov word ptr [bp - 8], 0xfff
L_F768E:
    les di, [bp - 0xc]                       ; 768E: les di, ptr [bp - 0xc]
    mov dx, word [bp - 8]                    ; 7691: mov dx, word ptr [bp - 8]
    sub dx, word [es:di]                     ; 7694: sub dx, word ptr es:[di]
    mov word [bp - 0x10], dx                 ; 7697: mov word ptr [bp - 0x10], dx
    mov dx, word [bp - 8]                    ; 769A: mov dx, word ptr [bp - 8]
    mov word [es:di], dx                     ; 769D: mov word ptr es:[di], dx
    jmp short 0x76a5                         ; 76A0: jmp 0x645
L_F76A2:
    jmp 0x76b8                               ; 76A2: jmp 0x658
L_F76A5:
    cmp word [bp - 0x10], 0                  ; 76A5: cmp word ptr [bp - 0x10], 0
    je short 0x76b8                          ; 76A9: je 0x658
    mov ax, word [0x570]                     ; 76AB: mov ax, word ptr [0x570]
    shl ax, 1                                ; 76AE: shl ax, 1
    mov bx, ax                               ; 76B0: mov bx, ax
    or word [bx + 0x550], strict word 0x100  ; 76B2: or word ptr [bx + 0x550], 0x100
L_F76B8:
    mov sp, bp                               ; 76B8: mov sp, bp
    pop bp                                   ; 76BA: pop bp
    retf                                     ; 76BB: retf 
    db 0x55, 0x8b, 0xec, 0x83, 0xec, 0x12, 0xc7, 0x46, 0xee, 0x74, 0x05, 0x8c, 0x5e, 0xf0, 0xa0, 0xf7  ; 76BC
    db 0x04, 0x2a, 0xe4, 0x25, 0x01, 0x00, 0x3d, 0x01, 0x00, 0x75, 0x2f, 0xa0, 0xf8, 0x04, 0x2a, 0xe4  ; 76CC
    db 0x25, 0x01, 0x00, 0x3d, 0x01, 0x00, 0x75, 0x22, 0xff, 0x36, 0x52, 0x07, 0xff, 0x36, 0x52, 0x07  ; 76DC
    db 0x9a, 0xd9, 0x03, 0x44, 0xef, 0x83, 0xc4, 0x02, 0x89, 0x46, 0xf4, 0xa1, 0x52, 0x07, 0xa3, 0x04  ; 76EC
    db 0x06, 0xc7, 0x06, 0x06, 0x06, 0xc8, 0x00, 0xe9, 0x69, 0x00, 0xa0, 0xf7, 0x04, 0x2a, 0xe4, 0x25  ; 76FC
    db 0x40, 0x00, 0x3d, 0x40, 0x00, 0x75, 0x2f, 0xa0, 0xf8, 0x04, 0x2a, 0xe4, 0x25, 0x40, 0x00, 0x3d  ; 770C
    db 0x40, 0x00, 0x75, 0x22, 0xff, 0x36, 0x52, 0x07, 0xff, 0x36, 0x52, 0x07, 0x9a, 0x88, 0x04, 0x44  ; 771C
    db 0xef, 0x83, 0xc4, 0x02, 0x89, 0x46, 0xf4, 0xa1, 0x52, 0x07, 0xa3, 0x04, 0x06, 0xc7, 0x06, 0x06  ; 772C
    db 0x06, 0xc8, 0x00, 0xe9, 0x2d, 0x00, 0xa0, 0xf7, 0x04, 0x2a, 0xe4, 0x25, 0x01, 0x00, 0x3d, 0x01  ; 773C
    db 0x00, 0x75, 0x20, 0xa0, 0xf8, 0x04, 0x2a, 0xe4, 0x25, 0x01, 0x00, 0x3d, 0x00, 0x00, 0x75, 0x13  ; 774C
    db 0xff, 0x36, 0x52, 0x07, 0xff, 0x36, 0x04, 0x06, 0x9a, 0xd9, 0x03, 0x44, 0xef, 0x83, 0xc4, 0x02  ; 775C
    db 0x89, 0x46, 0xf4, 0xa0, 0xf7, 0x04, 0x2a, 0xe4, 0x25, 0x40, 0x00, 0x3d, 0x40, 0x00, 0x75, 0x20  ; 776C
    db 0xa0, 0xf8, 0x04, 0x2a, 0xe4, 0x25, 0x40, 0x00, 0x3d, 0x00, 0x00, 0x75, 0x13, 0xff, 0x36, 0x52  ; 777C
    db 0x07, 0xff, 0x36, 0x04, 0x06, 0x9a, 0x88, 0x04, 0x44, 0xef, 0x83, 0xc4, 0x02, 0x89, 0x46, 0xf4  ; 778C
    db 0xa0, 0x80, 0x05, 0x88, 0x46, 0xf9, 0x2a, 0xe4, 0x50, 0x9a, 0x59, 0x0e, 0xa2, 0xed, 0x99, 0xbf  ; 779C
    db 0x02, 0x00, 0xf7, 0xff, 0x89, 0x46, 0xf6, 0x39, 0x46, 0xf4, 0x7d, 0x03, 0x89, 0x46, 0xf4, 0xbf  ; 77AC
    db 0xff, 0x0f, 0x2b, 0x7e, 0xf6, 0x39, 0x7e, 0xf4, 0x7e, 0x09, 0xbf, 0xff, 0x0f, 0x2b, 0x7e, 0xf6  ; 77BC
    db 0x89, 0x7e, 0xf4, 0xc4, 0x7e, 0xee, 0x8b, 0x56, 0xf4, 0x26, 0x2b, 0x15, 0x89, 0x56, 0xf2, 0x8b  ; 77CC
    db 0x56, 0xf4, 0x26, 0x89, 0x15, 0x83, 0x7e, 0xf2, 0x00, 0x74, 0x06, 0x81, 0x0e, 0x5a, 0x05, 0x00  ; 77DC
    db 0x01, 0x8a, 0x56, 0xf9, 0x80, 0xe2, 0x02, 0x80, 0xfa, 0x00, 0x74, 0x10, 0x8b, 0x7e, 0xf4, 0x89  ; 77EC
    db 0x3e, 0xc8, 0x05, 0x81, 0x0e, 0x60, 0x05, 0x00, 0x01, 0xe9, 0x0d, 0x00, 0x8b, 0x7e, 0xf4, 0x89  ; 77FC
    db 0x3e, 0x90, 0x05, 0x81, 0x0e, 0x5c, 0x05, 0x00, 0x01, 0x8b, 0xe5, 0x5d, 0xcb, 0x55, 0x8b, 0xec  ; 780C
    db 0x83, 0xec, 0x0c, 0x8b, 0x7e, 0x06, 0x39, 0x7e, 0x08, 0x75, 0x27, 0xa0, 0x8c, 0x01, 0x24, 0x08  ; 781C
    db 0x3c, 0x00, 0x74, 0x0c, 0xa1, 0x74, 0x05, 0x05, 0xfe, 0xff, 0x89, 0x46, 0xf8, 0xe9, 0x09, 0x00  ; 782C
    db 0xa1, 0x74, 0x05, 0x05, 0xec, 0xff, 0x89, 0x46, 0xf8, 0xa1, 0x52, 0x07, 0xa3, 0x04, 0x06, 0xe9  ; 783C
    db 0x71, 0x00, 0x8b, 0x7e, 0x06, 0x39, 0x7e, 0x08, 0x72, 0x0b, 0x8b, 0x56, 0x08, 0x2b, 0xd7, 0x89  ; 784C
    db 0x56, 0xf6, 0xe9, 0x0c, 0x00, 0xbf, 0xff, 0xff, 0x2b, 0x7e, 0x06, 0x03, 0x7e, 0x08, 0x89, 0x7e  ; 785C
    db 0xf6, 0xa1, 0x06, 0x06, 0x39, 0x46, 0xf6, 0x7e, 0x44, 0xa0, 0x8c, 0x01, 0x24, 0x08, 0x3c, 0x00  ; 786C
    db 0x74, 0x1b, 0x8b, 0x7e, 0xf6, 0x2b, 0x3e, 0x06, 0x06, 0x8b, 0xc7, 0x99, 0xbf, 0x04, 0x00, 0xf7  ; 787C
    db 0xff, 0x8b, 0x16, 0x74, 0x05, 0x2b, 0xd0, 0x89, 0x56, 0xf8, 0xe9, 0x11, 0x00, 0x8b, 0x7e, 0xf6  ; 788C
    db 0x2b, 0x3e, 0x06, 0x06, 0xd1, 0xe7, 0xa1, 0x74, 0x05, 0x2b, 0xc7, 0x89, 0x46, 0xf8, 0xc7, 0x06  ; 789C
    db 0x06, 0x06, 0x00, 0x00, 0xa1, 0x52, 0x07, 0xa3, 0x04, 0x06, 0xe9, 0x06, 0x00, 0xa1, 0x74, 0x05  ; 78AC
    db 0x89, 0x46, 0xf8, 0x8b, 0x46, 0xf8, 0x8b, 0xe5, 0x5d, 0xca, 0x02, 0x00, 0x55, 0x8b, 0xec, 0x83  ; 78BC
    db 0xec, 0x0c, 0x8b, 0x7e, 0x06, 0x39, 0x7e, 0x08, 0x75, 0x27, 0xa0, 0x8c, 0x01, 0x24, 0x08, 0x3c  ; 78CC
    db 0x00, 0x74, 0x0c, 0xa1, 0x74, 0x05, 0x05, 0x02, 0x00, 0x89, 0x46, 0xf8, 0xe9, 0x09, 0x00, 0xa1  ; 78DC
    db 0x74, 0x05, 0x05, 0x14, 0x00, 0x89, 0x46, 0xf8, 0xa1, 0x52, 0x07, 0xa3, 0x04, 0x06, 0xe9, 0x71  ; 78EC
    db 0x00, 0x8b, 0x7e, 0x06, 0x39, 0x7e, 0x08, 0x72, 0x0b, 0x8b, 0x56, 0x08, 0x2b, 0xd7, 0x89, 0x56  ; 78FC
    db 0xf6, 0xe9, 0x0c, 0x00, 0xbf, 0xff, 0xff, 0x2b, 0x7e, 0x06, 0x03, 0x7e, 0x08, 0x89, 0x7e, 0xf6  ; 790C
    db 0xa1, 0x06, 0x06, 0x39, 0x46, 0xf6, 0x7e, 0x44, 0xa0, 0x8c, 0x01, 0x24, 0x08, 0x3c, 0x00, 0x74  ; 791C
    db 0x1b, 0x8b, 0x7e, 0xf6, 0x2b, 0x3e, 0x06, 0x06, 0x8b, 0xc7, 0x99, 0xbf, 0x04, 0x00, 0xf7, 0xff  ; 792C
    db 0x8b, 0x16, 0x74, 0x05, 0x03, 0xd0, 0x89, 0x56, 0xf8, 0xe9, 0x11, 0x00, 0x8b, 0x7e, 0xf6, 0x2b  ; 793C
    db 0x3e, 0x06, 0x06, 0xd1, 0xe7, 0xa1, 0x74, 0x05, 0x03, 0xc7, 0x89, 0x46, 0xf8, 0xc7, 0x06, 0x06  ; 794C
    db 0x06, 0x00, 0x00, 0xa1, 0x52, 0x07, 0xa3, 0x04, 0x06, 0xe9, 0x06, 0x00, 0xa1, 0x74, 0x05, 0x89  ; 795C
    db 0x46, 0xf8, 0x8b, 0x46, 0xf8, 0x8b, 0xe5, 0x5d, 0xca, 0x02, 0x00, 0xff, 0x55, 0x8b, 0xec, 0x83  ; 796C
    db 0xec, 0x06, 0xa0, 0x68, 0x1b, 0x2a, 0xe4, 0xc4, 0x3e, 0x1c, 0x1d, 0x26, 0x8b, 0x55, 0x24, 0x3b  ; 797C
    db 0xc2, 0x74, 0x24, 0xc4, 0x1e, 0x1c, 0x1d, 0x26, 0x8a, 0x57, 0x24, 0x88, 0x16, 0x68, 0x1b, 0x81  ; 798C
    db 0x0e, 0x3a, 0x05, 0x04, 0x00, 0xa0, 0x68, 0x1b, 0x2a, 0xe4, 0x25, 0xfe, 0xff, 0x3d, 0x02, 0x00  ; 799C
    db 0x75, 0x05, 0x80, 0x0e, 0x01, 0x06, 0x01, 0xa0, 0x6b, 0x1b, 0x2a, 0xe4, 0xc4, 0x3e, 0x1c, 0x1d  ; 79AC
    db 0x26, 0x8b, 0x55, 0x30, 0x3b, 0xc2, 0x74, 0x24, 0xc4, 0x1e, 0x1c, 0x1d, 0x26, 0x8a, 0x57, 0x30  ; 79BC
    db 0x88, 0x16, 0x6b, 0x1b, 0x81, 0x0e, 0x3a, 0x05, 0x08, 0x00, 0xa0, 0x6b, 0x1b, 0x2a, 0xe4, 0x25  ; 79CC
    db 0xfe, 0xff, 0x3d, 0x02, 0x00, 0x75, 0x05, 0x80, 0x0e, 0x01, 0x06, 0x10, 0xa0, 0x6a, 0x1b, 0x2a  ; 79DC
    db 0xe4, 0xc4, 0x3e, 0x1c, 0x1d, 0x26, 0x8b, 0x55, 0x1e, 0x3b, 0xc2, 0x74, 0x17, 0xc4, 0x1e, 0x1c  ; 79EC
    db 0x1d, 0x26, 0x8a, 0x57, 0x1e, 0x88, 0x16, 0x6a, 0x1b, 0x81, 0x0e, 0x3a, 0x05, 0x04, 0x00, 0x80  ; 79FC
    db 0x0e, 0x01, 0x06, 0x01, 0xa0, 0x6e, 0x1b, 0x2a, 0xe4, 0xc4, 0x3e, 0x1c, 0x1d, 0x26, 0x8b, 0x55  ; 7A0C
    db 0x2a, 0x3b, 0xc2, 0x74, 0x17, 0xc4, 0x1e, 0x1c, 0x1d, 0x26, 0x8a, 0x57, 0x2a, 0x88, 0x16, 0x6e  ; 7A1C
    db 0x1b, 0x81, 0x0e, 0x3a, 0x05, 0x08, 0x00, 0x80, 0x0e, 0x01, 0x06, 0x10, 0x8b, 0xe5, 0x5d, 0xcb  ; 7A2C
    db 0x55, 0x8b, 0xec, 0x83, 0xec, 0x0a, 0xa0, 0x75, 0x1b, 0x88, 0x46, 0xf7, 0xa0, 0xef, 0x04, 0x24  ; 7A3C
    db 0x40, 0x3c, 0x00, 0x74, 0x08, 0xc6, 0x06, 0x75, 0x1b, 0x08, 0xe9, 0x8e, 0x00, 0xa0, 0xf3, 0x04  ; 7A4C
    db 0x2a, 0xe4, 0x25, 0x39, 0x00, 0x89, 0x46, 0xf8, 0xe9, 0x43, 0x00, 0xc6, 0x06, 0x75, 0x1b, 0x01  ; 7A5C
    db 0xe9, 0x78, 0x00, 0xc6, 0x06, 0x75, 0x1b, 0x02, 0xe9, 0x70, 0x00, 0xc6, 0x06, 0x75, 0x1b, 0x03  ; 7A6C
    db 0xe9, 0x68, 0x00, 0xc6, 0x06, 0x75, 0x1b, 0x07, 0xe9, 0x60, 0x00, 0xc6, 0x06, 0x75, 0x1b, 0x00  ; 7A7C
    db 0xe9, 0x58, 0x00, 0xc7, 0x06, 0x34, 0x05, 0xcc, 0x00, 0xc7, 0x06, 0x36, 0x05, 0x97, 0xef, 0x8b  ; 7A8C
    db 0x7e, 0xf8, 0x89, 0x3e, 0x38, 0x05, 0xc6, 0x06, 0x75, 0x1b, 0x01, 0xe9, 0x3d, 0x00, 0x8b, 0x46  ; 7A9C
    db 0xf8, 0x3d, 0x01, 0x00, 0x74, 0xc5, 0x3d, 0x08, 0x00, 0x74, 0xc8, 0x3d, 0x10, 0x00, 0x74, 0xb3  ; 7AAC
    db 0x3d, 0x11, 0x00, 0x74, 0xae, 0x3d, 0x18, 0x00, 0x74, 0xa9, 0x3d, 0x19, 0x00, 0x74, 0xa4, 0x3d  ; 7ABC
    db 0x20, 0x00, 0x74, 0x97, 0x3d, 0x21, 0x00, 0x74, 0x92, 0x3d, 0x28, 0x00, 0x74, 0x8d, 0x3d, 0x29  ; 7ACC
    db 0x00, 0x74, 0x88, 0x3d, 0x30, 0x00, 0x74, 0xa3, 0xe9, 0xa8, 0xff, 0x8a, 0x56, 0xf7, 0x38, 0x16  ; 7ADC
    db 0x75, 0x1b, 0x74, 0x6f, 0x81, 0x0e, 0x3a, 0x05, 0x0c, 0x00, 0x80, 0x3e, 0x75, 0x1b, 0x00, 0x74  ; 7AEC
    db 0x11, 0x80, 0xfa, 0x00, 0x74, 0x0c, 0x80, 0x3e, 0x75, 0x1b, 0x08, 0x74, 0x05, 0x80, 0xfa, 0x08  ; 7AFC
    db 0x75, 0x05, 0x80, 0x0e, 0x01, 0x06, 0x11, 0x8a, 0x56, 0xf7, 0x2a, 0xf6, 0xa0, 0x75, 0x1b, 0x2a  ; 7B0C
    db 0xe4, 0x33, 0xc2, 0x25, 0x01, 0x00, 0x3d, 0x01, 0x00, 0x75, 0x05, 0x80, 0x0e, 0x01, 0x06, 0x01  ; 7B1C
    db 0x8a, 0x56, 0xf7, 0x2a, 0xf6, 0xa0, 0x75, 0x1b, 0x2a, 0xe4, 0x33, 0xc2, 0x25, 0x02, 0x00, 0x3d  ; 7B2C
    db 0x02, 0x00, 0x75, 0x05, 0x80, 0x0e, 0x01, 0x06, 0x10, 0x8a, 0x56, 0xf7, 0x2a, 0xf6, 0xa0, 0x75  ; 7B3C
    db 0x1b, 0x2a, 0xe4, 0x33, 0xc2, 0x25, 0x08, 0x00, 0x3d, 0x08, 0x00, 0x75, 0x06, 0x81, 0x0e, 0x3a  ; 7B4C
    db 0x05, 0x70, 0x00, 0x8b, 0xe5, 0x5d, 0xcb, 0xff, 0x55, 0x8b, 0xec, 0x83, 0xec, 0x06, 0xa0, 0xe7  ; 7B5C
    db 0x04, 0x2a, 0xe4, 0x25, 0x10, 0x00, 0x3d, 0x00, 0x00, 0x75, 0x1e, 0x80, 0x3e, 0x86, 0x06, 0x00  ; 7B6C
    db 0x75, 0x17, 0x80, 0x3e, 0x7a, 0x1b, 0x00, 0x74, 0x08, 0x9a, 0xa0, 0x00, 0xb6, 0xef, 0xe9, 0x14  ; 7B7C
    db 0x00, 0x9a, 0x45, 0x00, 0xb6, 0xef, 0xe9, 0x0c, 0x00, 0x80, 0x3e, 0x7a, 0x1b, 0x00, 0x74, 0x05  ; 7B8C
    db 0x9a, 0x39, 0x02, 0xb6, 0xef, 0x8b, 0xe5, 0x5d, 0xcb, 0x55, 0x8b, 0xec, 0x83, 0xec, 0x06, 0xc6  ; 7B9C
    db 0x06, 0x7a, 0x1b, 0x01, 0xa1, 0x52, 0x07, 0xa3, 0x3e, 0x05, 0xc6, 0x06, 0x42, 0x05, 0x00, 0xc6  ; 7BAC
    db 0x06, 0x67, 0x04, 0x00, 0xc6, 0x06, 0x6a, 0x04, 0x01, 0x80, 0x3e, 0x76, 0x1b, 0x00, 0x75, 0x0d  ; 7BBC
    db 0x80, 0x0e, 0x76, 0x1b, 0x04, 0x9a, 0x68, 0x02, 0xa8, 0xe6, 0xe9, 0x05, 0x00, 0x80, 0x0e, 0x76  ; 7BCC
    db 0x1b, 0x04, 0x9a, 0x06, 0x00, 0x41, 0xe7, 0x9a, 0x05, 0x02, 0xa8, 0xe6, 0x9a, 0x0c, 0x00, 0xf5  ; 7BDC
    db 0xe6, 0xc6, 0x06, 0xe2, 0x03, 0x73, 0x9a, 0x08, 0x00, 0xce, 0xf4, 0x9a, 0x06, 0x00, 0xf5, 0xf5  ; 7BEC
    db 0x8b, 0xe5, 0x5d, 0xcb, 0x55, 0x8b, 0xec, 0x83, 0xec, 0x08, 0x80, 0x3e, 0x67, 0x04, 0x00, 0x74  ; 7BFC
    db 0x0f, 0xc6, 0x06, 0x67, 0x04, 0x00, 0xc6, 0x06, 0x68, 0x04, 0x01, 0xc6, 0x06, 0x6a, 0x04, 0x01  ; 7C0C
    db 0xa0, 0xe9, 0x04, 0x2a, 0xe4, 0x25, 0x63, 0x00, 0x89, 0x46, 0xf8, 0x3d, 0x00, 0x00, 0x74, 0x73  ; 7C1C
    db 0x8a, 0x16, 0x42, 0x05, 0x2a, 0xf6, 0x3b, 0xc2, 0x75, 0x69, 0xe9, 0x71, 0x00, 0xa1, 0x3e, 0x05  ; 7C2C
    db 0x05, 0x80, 0x01, 0xa3, 0x40, 0x05, 0xa1, 0x3e, 0x05, 0x39, 0x06, 0x40, 0x05, 0x76, 0x2a, 0xa1  ; 7C3C
    db 0x40, 0x05, 0x39, 0x06, 0x52, 0x07, 0x77, 0x09, 0xa1, 0x3e, 0x05, 0x39, 0x06, 0x52, 0x07, 0x73  ; 7C4C
    db 0x62, 0x8b, 0x7e, 0xf8, 0x8b, 0xd7, 0x08, 0x16, 0xe8, 0x04, 0xc7, 0x06, 0x32, 0x05, 0x01, 0x00  ; 7C5C
    db 0xa1, 0x52, 0x07, 0xa3, 0x3e, 0x05, 0xe9, 0x4a, 0x00, 0xa1, 0x40, 0x05, 0x39, 0x06, 0x52, 0x07  ; 7C6C
    db 0x76, 0x1e, 0xa1, 0x3e, 0x05, 0x39, 0x06, 0x52, 0x07, 0x73, 0x15, 0x8b, 0x7e, 0xf8, 0x8b, 0xd7  ; 7C7C
    db 0x08, 0x16, 0xe8, 0x04, 0xc7, 0x06, 0x32, 0x05, 0x01, 0x00, 0xa1, 0x52, 0x07, 0xa3, 0x3e, 0x05  ; 7C8C
    db 0xe9, 0x20, 0x00, 0xe9, 0x2b, 0x00, 0xc6, 0x06, 0x42, 0x05, 0x00, 0xe9, 0x15, 0x00, 0x8b, 0x46  ; 7C9C
    db 0xf8, 0x3d, 0x01, 0x00, 0x74, 0x87, 0x3d, 0x02, 0x00, 0x74, 0x82, 0x3d, 0x20, 0x00, 0x75, 0x06  ; 7CAC
    db 0xe9, 0x7a, 0xff, 0xe9, 0x0b, 0x00, 0x3d, 0x40, 0x00, 0x75, 0x03, 0xe9, 0x6f, 0xff, 0xe9, 0xd5  ; 7CBC
    db 0xff, 0xa0, 0xe8, 0x04, 0x2a, 0xe4, 0x8a, 0x16, 0xe7, 0x04, 0x2a, 0xf6, 0x23, 0xd0, 0x81, 0xe2  ; 7CCC
    db 0x63, 0x00, 0x89, 0x56, 0xf8, 0x83, 0xfa, 0x00, 0x74, 0x77, 0xa1, 0x52, 0x07, 0xa3, 0x3e, 0x05  ; 7CDC
    db 0x8b, 0xda, 0x88, 0x1e, 0x42, 0x05, 0x81, 0xe2, 0x20, 0x00, 0x83, 0xfa, 0x00, 0x74, 0x0f, 0xc6  ; 7CEC
    db 0x06, 0xe2, 0x03, 0x75, 0x9a, 0x08, 0x00, 0xce, 0xf4, 0x9a, 0x06, 0x00, 0xf5, 0xf5, 0x8b, 0x7e  ; 7CFC
    db 0xf8, 0x81, 0xe7, 0x01, 0x00, 0x83, 0xff, 0x00, 0x74, 0x0f, 0xc6, 0x06, 0xe2, 0x03, 0x64, 0x9a  ; 7D0C
    db 0x08, 0x00, 0xce, 0xf4, 0x9a, 0x06, 0x00, 0xf5, 0xf5, 0x8b, 0x7e, 0xf8, 0x81, 0xe7, 0x02, 0x00  ; 7D1C
    db 0x83, 0xff, 0x00, 0x74, 0x0f, 0xc6, 0x06, 0xe2, 0x03, 0x6c, 0x9a, 0x08, 0x00, 0xce, 0xf4, 0x9a  ; 7D2C
    db 0x06, 0x00, 0xf5, 0xf5, 0x8b, 0x7e, 0xf8, 0x81, 0xe7, 0x40, 0x00, 0x83, 0xff, 0x00, 0x74, 0x3d  ; 7D3C
    db 0xc6, 0x06, 0xe2, 0x03, 0x72, 0x9a, 0x08, 0x00, 0xce, 0xf4, 0x9a, 0x06, 0x00, 0xf5, 0xf5, 0xeb  ; 7D4C
    db 0x03, 0xe9, 0x03, 0x00, 0xe9, 0x26, 0x00, 0x83, 0x3e, 0x32, 0x05, 0x00, 0x75, 0x10, 0xa0, 0x66  ; 7D5C
    db 0x04, 0x24, 0x20, 0x3c, 0x00, 0x75, 0x07, 0x80, 0x3e, 0x68, 0x04, 0x00, 0x74, 0x0f, 0xc6, 0x06  ; 7D6C
    db 0xe2, 0x03, 0x78, 0x9a, 0x08, 0x00, 0xce, 0xf4, 0x9a, 0x06, 0x00, 0xf5, 0xf5, 0x80, 0x3e, 0x68  ; 7D7C
    db 0x04, 0x00, 0x74, 0x05, 0xc6, 0x06, 0x68, 0x04, 0x00, 0x8b, 0xe5, 0x5d, 0xcb, 0x55, 0x8b, 0xec  ; 7D8C
    db 0x83, 0xec, 0x06, 0x9a, 0x66, 0x04, 0xce, 0xf4, 0x9a, 0x0e, 0x00, 0x08, 0xf4, 0xc6, 0x06, 0x7a  ; 7D9C
    db 0x1b, 0x00, 0xc7, 0x06, 0x3a, 0x05, 0xff, 0xff, 0x80, 0x26, 0x76, 0x1b, 0xfb, 0x9a, 0x05, 0x02  ; 7DAC
    db 0xa8, 0xe6, 0x8b, 0xe5, 0x5d, 0xcb, 0x55, 0x8b, 0xec, 0x83, 0xec, 0x12, 0x51, 0x8b, 0x7e, 0x08  ; 7DBC
    db 0xd1, 0xe7, 0xd1, 0xe7, 0xd1, 0xe7, 0xba, 0xfe, 0x04, 0x03, 0xd7, 0x89, 0x56, 0xee, 0x8c, 0x5e  ; 7DCC
    db 0xf0, 0xc4, 0x1e, 0x54, 0x1d, 0x26, 0x8b, 0x47, 0x02, 0x89, 0x46, 0xf4, 0xc4, 0x1e, 0x54, 0x1d  ; 7DDC
    db 0x26, 0x8b, 0x17, 0x89, 0x56, 0xf6, 0xc4, 0x3e, 0x54, 0x1d, 0x26, 0x8b, 0x55, 0x04, 0x89, 0x56  ; 7DEC
    db 0xf2, 0x3d, 0x00, 0x00, 0x74, 0x2c, 0x8b, 0xc8, 0xc4, 0x7e, 0xee, 0x26, 0x8b, 0x5d, 0x02, 0xd3  ; 7DFC
    db 0xfb, 0x26, 0x8b, 0x45, 0x02, 0x2b, 0xc3, 0x03, 0x46, 0x06, 0x26, 0x89, 0x45, 0x02, 0x8b, 0x56  ; 7E0C
    db 0xf4, 0x8b, 0xca, 0xc4, 0x5e, 0xee, 0x26, 0x8b, 0x7f, 0x02, 0xd3, 0xff, 0x89, 0x7e, 0xf8, 0xe9  ; 7E1C
    db 0x0d, 0x00, 0x8b, 0x7e, 0x06, 0xc4, 0x5e, 0xee, 0x26, 0x89, 0x7f, 0x02, 0x89, 0x7e, 0xf8, 0xc4  ; 7E2C
    db 0x7e, 0xee, 0x26, 0x8b, 0x15, 0x03, 0x56, 0xf6, 0x39, 0x56, 0x06, 0x7e, 0x30, 0x8b, 0x4e, 0x06  ; 7E3C
    db 0x26, 0x89, 0x0d, 0xc4, 0x5e, 0xee, 0x26, 0xc6, 0x47, 0x04, 0x01, 0x26, 0xc6, 0x47, 0x05, 0x01  ; 7E4C
    db 0xc4, 0x7e, 0xee, 0x26, 0xc6, 0x45, 0x06, 0x00, 0x8b, 0x4e, 0xf4, 0x8b, 0x56, 0x06, 0xd3, 0xe2  ; 7E5C
    db 0x26, 0x89, 0x55, 0x02, 0xc7, 0x06, 0x32, 0x05, 0x01, 0x00, 0xe9, 0x6d, 0x01, 0xc4, 0x7e, 0xee  ; 7E6C
    db 0x26, 0x8b, 0x15, 0x2b, 0x56, 0xf6, 0x39, 0x56, 0x06, 0x7d, 0x75, 0x8b, 0x56, 0x06, 0x26, 0x89  ; 7E7C
    db 0x15, 0xc4, 0x5e, 0xee, 0x26, 0xc6, 0x47, 0x04, 0x02, 0x26, 0xc6, 0x47, 0x05, 0x02, 0xc4, 0x7e  ; 7E8C
    db 0xee, 0x26, 0xc6, 0x45, 0x06, 0x00, 0x8b, 0x4e, 0xf4, 0x8b, 0x56, 0x06, 0xd3, 0xe2, 0x26, 0x89  ; 7E9C
    db 0x55, 0x02, 0xc7, 0x06, 0x32, 0x05, 0x01, 0x00, 0xe9, 0x2f, 0x01, 0xc4, 0x7e, 0xee, 0x26, 0x8b  ; 7EAC
    db 0x15, 0x39, 0x56, 0x06, 0x7e, 0x1c, 0x8b, 0x56, 0x06, 0x26, 0x89, 0x15, 0xc4, 0x5e, 0xee, 0x26  ; 7EBC
    db 0xc6, 0x47, 0x04, 0x01, 0xc7, 0x06, 0x32, 0x05, 0x01, 0x00, 0x26, 0xc6, 0x47, 0x06, 0x00, 0xe9  ; 7ECC
    db 0x08, 0x01, 0xc4, 0x7e, 0xee, 0x26, 0xc6, 0x45, 0x04, 0x00, 0x26, 0xfe, 0x45, 0x06, 0x8b, 0x56  ; 7EDC
    db 0xf2, 0xc4, 0x5e, 0xee, 0x26, 0x8a, 0x4f, 0x06, 0x2a, 0xed, 0x3b, 0xca, 0x7e, 0x12, 0xeb, 0x03  ; 7EEC
    db 0xe9, 0xc4, 0x00, 0x26, 0xc6, 0x47, 0x06, 0x00, 0xc4, 0x7e, 0xee, 0x26, 0xc6, 0x45, 0x05, 0x00  ; 7EFC
    db 0xe9, 0xd7, 0x00, 0xc4, 0x7e, 0xee, 0x26, 0x8b, 0x15, 0x39, 0x56, 0x06, 0x7d, 0x1c, 0x8b, 0x56  ; 7F0C
    db 0x06, 0x26, 0x89, 0x15, 0xc4, 0x5e, 0xee, 0x26, 0xc6, 0x47, 0x04, 0x02, 0xc7, 0x06, 0x32, 0x05  ; 7F1C
    db 0x01, 0x00, 0x26, 0xc6, 0x47, 0x06, 0x00, 0xe9, 0x29, 0x00, 0xc4, 0x7e, 0xee, 0x26, 0xc6, 0x45  ; 7F2C
    db 0x04, 0x00, 0x26, 0xfe, 0x45, 0x06, 0x8b, 0x56, 0xf2, 0xc4, 0x5e, 0xee, 0x26, 0x8a, 0x4f, 0x06  ; 7F3C
    db 0x2a, 0xed, 0x3b, 0xca, 0x7e, 0x0d, 0x26, 0xc6, 0x47, 0x06, 0x00, 0xc4, 0x7e, 0xee, 0x26, 0xc6  ; 7F4C
    db 0x45, 0x05, 0x00, 0xe9, 0x84, 0x00, 0x83, 0x7e, 0xf4, 0x00, 0x7e, 0x55, 0xc4, 0x7e, 0xee, 0x26  ; 7F5C
    db 0x8b, 0x15, 0x42, 0x39, 0x56, 0xf8, 0x7e, 0x17, 0x8b, 0x4e, 0xf8, 0x26, 0x89, 0x0d, 0xc4, 0x5e  ; 7F6C
    db 0xee, 0x26, 0xc6, 0x47, 0x04, 0x01, 0xc7, 0x06, 0x32, 0x05, 0x01, 0x00, 0xe9, 0x32, 0x00, 0xc4  ; 7F7C
    db 0x7e, 0xee, 0x26, 0x8b, 0x15, 0x4a, 0x39, 0x56, 0xf8, 0x7d, 0x17, 0x8b, 0x4e, 0xf8, 0x26, 0x89  ; 7F8C
    db 0x0d, 0xc4, 0x5e, 0xee, 0x26, 0xc6, 0x47, 0x04, 0x02, 0xc7, 0x06, 0x32, 0x05, 0x01, 0x00, 0xe9  ; 7F9C
    db 0x0f, 0x00, 0xc4, 0x7e, 0xee, 0x26, 0x80, 0x7d, 0x04, 0x00, 0x74, 0x05, 0x26, 0xc6, 0x45, 0x04  ; 7FAC
    db 0x00, 0xe9, 0x26, 0x00, 0xe9, 0x23, 0x00, 0xc4, 0x7e, 0xee, 0x26, 0x8a, 0x55, 0x05, 0x2a, 0xf6  ; 7FBC
    db 0x8b, 0xc2, 0x3d, 0x00, 0x00, 0x74, 0x8f, 0x3d, 0x01, 0x00, 0x75, 0x03, 0xe9, 0xdc, 0xfe, 0x3d  ; 7FCC
    db 0x02, 0x00, 0x75, 0x03, 0xe9, 0x2c, 0xff, 0xe9, 0xda, 0xff, 0x59, 0x8b, 0xe5, 0x5d, 0xca, 0x02  ; 7FDC
    db 0x00, 0xff, 0x55, 0x8b, 0xec, 0x83, 0xec, 0x10, 0x56, 0x8b, 0x7e, 0x08, 0x89, 0x7e, 0xf0, 0x8b  ; 7FEC
    db 0xc7, 0xba, 0x06, 0x00, 0xfe, 0xe9, 0x12, 0x00, 0x8b, 0x46, 0xf0, 0xba, 0x09, 0x00, 0xf7, 0xea  ; 7FFC
    db 0xc4, 0x3e, 0xdc, 0x1d, 0x8b, 0xd8, 0x26, 0x80, 0x21, 0xfe, 0xff, 0x46, 0xf6, 0x8b, 0x7e, 0xf4  ; 800C
    db 0x47, 0x39, 0x7e, 0xf6, 0x7f, 0x03, 0xe9, 0x74, 0xff, 0x8b, 0xe5, 0x5d, 0xca, 0x02, 0x00, 0x55  ; 801C
    db 0x8b, 0xec, 0x83, 0xec, 0x12, 0x8b, 0x7e, 0x06, 0xd1, 0xe7, 0xd1, 0xe7, 0xd1, 0xe7, 0xc4, 0x1e  ; 802C
    db 0x94, 0x1c, 0x26, 0x8a, 0x51, 0x07, 0x2a, 0xf6, 0x89, 0x56, 0xf6, 0x8b, 0x46, 0x06, 0xba, 0x14  ; 803C
    db 0x00, 0xf7, 0xea, 0xba, 0xa6, 0x00, 0x03, 0xd0, 0x83, 0xc2, 0x0b, 0x89, 0x56, 0xf2, 0x8c, 0x5e  ; 804C
    db 0xf4, 0x8b, 0x46, 0x06, 0xba, 0x0a, 0x00, 0xf7, 0xea, 0x8b, 0xd8, 0x8b, 0x97, 0x1c, 0x1c, 0x89  ; 805C
    db 0x56, 0xf8, 0x8b, 0x46, 0xf6, 0xba, 0x09, 0x00, 0xf7, 0xea, 0xc4, 0x16, 0xdc, 0x1d, 0x8b, 0xfa  ; 806C
    db 0x03, 0xf8, 0x83, 0xc7, 0x02, 0x89, 0x7e, 0xee, 0x8c, 0x46, 0xf0, 0xc4, 0x7e, 0xee, 0x06, 0x57  ; 807C
    db 0xc4, 0x7e, 0xf2, 0x06, 0x57, 0xff, 0x76, 0xf8, 0x2b, 0xff, 0x57, 0x9a, 0x69, 0x05, 0xfc, 0xfa  ; 808C
    db 0x83, 0xc4, 0x0a, 0x8b, 0xe5, 0x5d, 0xca, 0x02, 0x00, 0xff  ; 809C
SUB_F80A6:
    push bp                                  ; 80A6: push bp
    mov bp, sp                               ; 80A7: mov bp, sp
    sub sp, 0x10                             ; 80A9: sub sp, 0x10
    les di, [0x1ddc]                         ; 80AC: les di, ptr [0x1ddc]
    lea dx, [di + 0x5a]                      ; 80B0: lea dx, [di + 0x5a]
    mov word [bp - 0xa], dx                  ; 80B3: mov word ptr [bp - 0xa], dx
    mov word [bp - 8], es                    ; 80B6: mov word ptr [bp - 8], es
    mov bx, 0x10                             ; 80B9: mov bx, 0x10
    push bx                                  ; 80BC: push bx
    push bx                                  ; 80BD: push bx
    sub ax, ax                               ; 80BE: sub ax, ax
    push ax                                  ; 80C0: push ax
    push ax                                  ; 80C1: push ax
    mov dx, 0x30                             ; 80C2: mov dx, 0x30
    push dx                                  ; 80C5: push dx
    les dx, [0x1e8]                          ; 80C6: les dx, ptr [0x1e8]
    push es                                  ; 80CA: push es
    push dx                                  ; 80CB: push dx
    les bx, [bp - 0xa]                       ; 80CC: les bx, ptr [bp - 0xa]
    push es                                  ; 80CF: push es
    push bx                                  ; 80D0: push bx
    call 0xf80a:0x01d2                       ; 80D1: lcall 0xf80a, 0x1d2
    add sp, 0xe                              ; 80D6: add sp, 0xe
    add word [bp - 0xa], 9                   ; 80D9: add word ptr [bp - 0xa], 9
    mov di, 0x10                             ; 80DD: mov di, 0x10
    push di                                  ; 80E0: push di
    push di                                  ; 80E1: push di
    sub dx, dx                               ; 80E2: sub dx, dx
    push dx                                  ; 80E4: push dx
    push dx                                  ; 80E5: push dx
    mov bx, 0x30                             ; 80E6: mov bx, 0x30
    push bx                                  ; 80E9: push bx
    les ax, [0x1e8]                          ; 80EA: les ax, ptr [0x1e8]
    mov di, ax                               ; 80EE: mov di, ax
    add di, 0x22                             ; 80F0: add di, 0x22
    push es                                  ; 80F3: push es
    push di                                  ; 80F4: push di
    les bx, [bp - 0xa]                       ; 80F5: les bx, ptr [bp - 0xa]
    push es                                  ; 80F8: push es
    push bx                                  ; 80F9: push bx
    call 0xf80a:0x01d2                       ; 80FA: lcall 0xf80a, 0x1d2
    add sp, 0xe                              ; 80FF: add sp, 0xe
    add word [bp - 0xa], 9                   ; 8102: add word ptr [bp - 0xa], 9
    mov di, 0x10                             ; 8106: mov di, 0x10
    push di                                  ; 8109: push di
    push di                                  ; 810A: push di
    sub dx, dx                               ; 810B: sub dx, dx
    push dx                                  ; 810D: push dx
    push dx                                  ; 810E: push dx
    mov di, 0x30                             ; 810F: mov di, 0x30
    push di                                  ; 8112: push di
    les di, [0x1e8]                          ; 8113: les di, ptr [0x1e8]
    push es                                  ; 8117: push es
    push di                                  ; 8118: push di
    les bx, [bp - 0xa]                       ; 8119: les bx, ptr [bp - 0xa]
    push es                                  ; 811C: push es
    push bx                                  ; 811D: push bx
    call 0xf80a:0x01d2                       ; 811E: lcall 0xf80a, 0x1d2
    add sp, 0xe                              ; 8123: add sp, 0xe
    add word [bp - 0xa], 9                   ; 8126: add word ptr [bp - 0xa], 9
    mov di, 0x10                             ; 812A: mov di, 0x10
    push di                                  ; 812D: push di
    push di                                  ; 812E: push di
    sub dx, dx                               ; 812F: sub dx, dx
    push dx                                  ; 8131: push dx
    push dx                                  ; 8132: push dx
    mov bx, 0x30                             ; 8133: mov bx, 0x30
    push bx                                  ; 8136: push bx
    les ax, [0x1e8]                          ; 8137: les ax, ptr [0x1e8]
    mov di, ax                               ; 813B: mov di, ax
    add di, 0x22                             ; 813D: add di, 0x22
    push es                                  ; 8140: push es
    push di                                  ; 8141: push di
    les bx, [bp - 0xa]                       ; 8142: les bx, ptr [bp - 0xa]
    push es                                  ; 8145: push es
    push bx                                  ; 8146: push bx
    call 0xf80a:0x01d2                       ; 8147: lcall 0xf80a, 0x1d2
    add sp, 0xe                              ; 814C: add sp, 0xe
    mov word [bp - 0xe], 0x1f1               ; 814F: mov word ptr [bp - 0xe], 0x1f1
    mov word [bp - 0xc], ds                  ; 8154: mov word ptr [bp - 0xc], ds
    mov word [bp - 0x10], 0                  ; 8157: mov word ptr [bp - 0x10], 0
    jmp 0x8182                               ; 815C: jmp 0xe2
L_F815F:
    mov di, 4                                ; 815F: mov di, 4
    push di                                  ; 8162: push di
    les di, [bp - 0xe]                       ; 8163: les di, ptr [bp - 0xe]
    lea dx, [di + 2]                         ; 8166: lea dx, [di + 2]
    push es                                  ; 8169: push es
    push dx                                  ; 816A: push dx
    les bx, [bp - 0xa]                       ; 816B: les bx, ptr [bp - 0xa]
    lea ax, [bx + 1]                         ; 816E: lea ax, [bx + 1]
    push es                                  ; 8171: push es
    push ax                                  ; 8172: push ax
    call 0xfbbe:0x0029                       ; 8173: lcall 0xfbbe, 0x29
    add sp, 6                                ; 8178: add sp, 6
    add word [bp - 0xe], 6                   ; 817B: add word ptr [bp - 0xe], 6
    inc word [bp - 0x10]                     ; 817F: inc word ptr [bp - 0x10]
L_F8182:
    cmp word [bp - 0x10], 7                  ; 8182: cmp word ptr [bp - 0x10], 7
    jle short 0x815f                         ; 8186: jle 0xbf
    les di, [0x1ddc]                         ; 8188: les di, ptr [0x1ddc]
    lea dx, [di + 0x7e]                      ; 818C: lea dx, [di + 0x7e]
    mov word [bp - 0xa], dx                  ; 818F: mov word ptr [bp - 0xa], dx
    mov word [bp - 8], es                    ; 8192: mov word ptr [bp - 8], es
    mov bx, 0x10                             ; 8195: mov bx, 0x10
    push bx                                  ; 8198: push bx
    push bx                                  ; 8199: push bx
    sub bx, bx                               ; 819A: sub bx, bx
    push bx                                  ; 819C: push bx
    push bx                                  ; 819D: push bx
    mov ax, 0x30                             ; 819E: mov ax, 0x30
    push ax                                  ; 81A1: push ax
    les ax, [0x1e8]                          ; 81A2: les ax, ptr [0x1e8]
    mov dx, ax                               ; 81A6: mov dx, ax
    add dx, 0x44                             ; 81A8: add dx, 0x44
    push es                                  ; 81AB: push es
    push dx                                  ; 81AC: push dx
    les dx, [bp - 0xa]                       ; 81AD: les dx, ptr [bp - 0xa]
    push es                                  ; 81B0: push es
    push dx                                  ; 81B1: push dx
    call 0xf80a:0x01d2                       ; 81B2: lcall 0xf80a, 0x1d2
    add sp, 0xe                              ; 81B7: add sp, 0xe
    add word [bp - 0xa], 9                   ; 81BA: add word ptr [bp - 0xa], 9
    mov di, 0x10                             ; 81BE: mov di, 0x10
    push di                                  ; 81C1: push di
    push di                                  ; 81C2: push di
    sub dx, dx                               ; 81C3: sub dx, dx
    push dx                                  ; 81C5: push dx
    push dx                                  ; 81C6: push dx
    mov di, 0x30                             ; 81C7: mov di, 0x30
    push di                                  ; 81CA: push di
    les di, [0x1e8]                          ; 81CB: les di, ptr [0x1e8]
    lea bx, [di + 0x66]                      ; 81CF: lea bx, [di + 0x66]
    push es                                  ; 81D2: push es
    push bx                                  ; 81D3: push bx
    les ax, [bp - 0xa]                       ; 81D4: les ax, ptr [bp - 0xa]
    push es                                  ; 81D7: push es
    push ax                                  ; 81D8: push ax
    call 0xf80a:0x01d2                       ; 81D9: lcall 0xf80a, 0x1d2
    add sp, 0xe                              ; 81DE: add sp, 0xe
    add word [bp - 0xa], 9                   ; 81E1: add word ptr [bp - 0xa], 9
    mov di, 0x10                             ; 81E5: mov di, 0x10
    push di                                  ; 81E8: push di
    push di                                  ; 81E9: push di
    sub dx, dx                               ; 81EA: sub dx, dx
    push dx                                  ; 81EC: push dx
    push dx                                  ; 81ED: push dx
    mov di, 0x30                             ; 81EE: mov di, 0x30
    push di                                  ; 81F1: push di
    les di, [0x1e8]                          ; 81F2: les di, ptr [0x1e8]
    lea bx, [di + 0x44]                      ; 81F6: lea bx, [di + 0x44]
    push es                                  ; 81F9: push es
    push bx                                  ; 81FA: push bx
    les ax, [bp - 0xa]                       ; 81FB: les ax, ptr [bp - 0xa]
    push es                                  ; 81FE: push es
    push ax                                  ; 81FF: push ax
    call 0xf80a:0x01d2                       ; 8200: lcall 0xf80a, 0x1d2
    add sp, 0xe                              ; 8205: add sp, 0xe
    add word [bp - 0xa], 9                   ; 8208: add word ptr [bp - 0xa], 9
    mov di, 0x10                             ; 820C: mov di, 0x10
    push di                                  ; 820F: push di
    push di                                  ; 8210: push di
    sub dx, dx                               ; 8211: sub dx, dx
    push dx                                  ; 8213: push dx
    push dx                                  ; 8214: push dx
    mov di, 0x30                             ; 8215: mov di, 0x30
    push di                                  ; 8218: push di
    les di, [0x1e8]                          ; 8219: les di, ptr [0x1e8]
    lea bx, [di + 0x88]                      ; 821D: lea bx, [di + 0x88]
    push es                                  ; 8221: push es
    push bx                                  ; 8222: push bx
    les ax, [bp - 0xa]                       ; 8223: les ax, ptr [bp - 0xa]
    push es                                  ; 8226: push es
    push ax                                  ; 8227: push ax
    call 0xf80a:0x01d2                       ; 8228: lcall 0xf80a, 0x1d2
    add sp, 0xe                              ; 822D: add sp, 0xe
    mov sp, bp                               ; 8230: mov sp, bp
    pop bp                                   ; 8232: pop bp
    retf                                     ; 8233: retf 
SUB_F8234:
    push bp                                  ; 8234: push bp
    mov bp, sp                               ; 8235: mov bp, sp
    sub sp, 8                                ; 8237: sub sp, 8
    mov word [bp - 8], 0xaa                  ; 823A: mov word ptr [bp - 8], 0xaa
    mov di, 0xaa                             ; 823F: mov di, 0xaa
    push di                                  ; 8242: push di
    les dx, [0x1e8]                          ; 8243: les dx, ptr [0x1e8]
    push es                                  ; 8247: push es
    push dx                                  ; 8248: push dx
    les bx, [0x1c9c]                         ; 8249: les bx, ptr [0x1c9c]
    push es                                  ; 824D: push es
    push bx                                  ; 824E: push bx
    call 0xfbbe:0x0029                       ; 824F: lcall 0xfbbe, 0x29
    add sp, 6                                ; 8254: add sp, 6
    push word [bp - 8]                       ; 8257: push word ptr [bp - 8]
    les di, [0x1ec]                          ; 825A: les di, ptr [0x1ec]
    push es                                  ; 825E: push es
    push di                                  ; 825F: push di
    les dx, [0x1ca0]                         ; 8260: les dx, ptr [0x1ca0]
    push es                                  ; 8264: push es
    push dx                                  ; 8265: push dx
    call 0xfbbe:0x0029                       ; 8266: lcall 0xfbbe, 0x29
    add sp, 6                                ; 826B: add sp, 6
    mov sp, bp                               ; 826E: mov sp, bp
    pop bp                                   ; 8270: pop bp
    retf                                     ; 8271: retf 
SUB_F8272:
    push bp                                  ; 8272: push bp
    mov bp, sp                               ; 8273: mov bp, sp
    sub sp, 8                                ; 8275: sub sp, 8
    les di, [bp + 6]                         ; 8278: les di, ptr [bp + 6]
    mov dl, byte [bp + 0xe]                  ; 827B: mov dl, byte ptr [bp + 0xe]
    mov byte [es:di], dl                     ; 827E: mov byte ptr es:[di], dl
    mov bl, byte [bp + 0x16]                 ; 8281: mov bl, byte ptr [bp + 0x16]
    sub bh, bh                               ; 8284: sub bh, bh
    push bx                                  ; 8286: push bx
    lea ax, [di + 1]                         ; 8287: lea ax, [di + 1]
    push es                                  ; 828A: push es
    push ax                                  ; 828B: push ax
    call 0xfbc2:0x0049                       ; 828C: lcall 0xfbc2, 0x49
    add sp, 2                                ; 8291: add sp, 2
    mov dl, byte [bp + 0x14]                 ; 8294: mov dl, byte ptr [bp + 0x14]
    sub dh, dh                               ; 8297: sub dh, dh
    push dx                                  ; 8299: push dx
    les di, [bp + 6]                         ; 829A: les di, ptr [bp + 6]
    lea bx, [di + 3]                         ; 829D: lea bx, [di + 3]
    push es                                  ; 82A0: push es
    push bx                                  ; 82A1: push bx
    call 0xfbc2:0x0049                       ; 82A2: lcall 0xfbc2, 0x49
    add sp, 2                                ; 82A7: add sp, 2
    push word [bp + 0x10]                    ; 82AA: push word ptr [bp + 0x10]
    les di, [bp + 6]                         ; 82AD: les di, ptr [bp + 6]
    lea dx, [di + 4]                         ; 82B0: lea dx, [di + 4]
    push es                                  ; 82B3: push es
    push dx                                  ; 82B4: push dx
    call 0xfbc2:0x0064                       ; 82B5: lcall 0xfbc2, 0x64
    add sp, 2                                ; 82BA: add sp, 2
    push word [bp + 0x12]                    ; 82BD: push word ptr [bp + 0x12]
    les di, [bp + 6]                         ; 82C0: les di, ptr [bp + 6]
    lea dx, [di + 2]                         ; 82C3: lea dx, [di + 2]
    push es                                  ; 82C6: push es
    push dx                                  ; 82C7: push dx
    call 0xfbc2:0x0064                       ; 82C8: lcall 0xfbc2, 0x64
    add sp, 2                                ; 82CD: add sp, 2
    les di, [bp + 0xa]                       ; 82D0: les di, ptr [bp + 0xa]
    push es                                  ; 82D3: push es
    push di                                  ; 82D4: push di
    call 0xfbc2:0x000f                       ; 82D5: lcall 0xfbc2, 0xf
    mov word [bp - 8], ax                    ; 82DA: mov word ptr [bp - 8], ax
    les di, [bp + 6]                         ; 82DD: les di, ptr [bp + 6]
    lea dx, [di + 5]                         ; 82E0: lea dx, [di + 5]
    push es                                  ; 82E3: push es
    push dx                                  ; 82E4: push dx
    lea bx, [bp - 8]                         ; 82E5: lea bx, [bp - 8]
    push ss                                  ; 82E8: push ss
    push bx                                  ; 82E9: push bx
    call 0xfbc2:0x002d                       ; 82EA: lcall 0xfbc2, 0x2d
    add sp, 4                                ; 82EF: add sp, 4
    les di, [bp + 6]                         ; 82F2: les di, ptr [bp + 6]
    mov dl, byte [es:di + 5]                 ; 82F5: mov dl, byte ptr es:[di + 5]
    mov byte [es:di + 7], dl                 ; 82F9: mov byte ptr es:[di + 7], dl
    les bx, [bp + 6]                         ; 82FD: les bx, ptr [bp + 6]
    mov al, byte [es:bx + 6]                 ; 8300: mov al, byte ptr es:[bx + 6]
    mov byte [es:bx + 8], al                 ; 8304: mov byte ptr es:[bx + 8], al
    mov sp, bp                               ; 8308: mov sp, bp
    pop bp                                   ; 830A: pop bp
    retf 4                                   ; 830B: retf 4
SUB_F830E:
    push bp                                  ; 830E: push bp
    mov bp, sp                               ; 830F: mov bp, sp
    sub sp, 0x12                             ; 8311: sub sp, 0x12
    push cx                                  ; 8314: push cx
    mov di, word [bp + 0xa]                  ; 8315: mov di, word ptr [bp + 0xa]
    sar di, 1                                ; 8318: sar di, 1
    mov word [bp - 0xc], di                  ; 831A: mov word ptr [bp - 0xc], di
    mov ax, word [bp + 0xa]                  ; 831D: mov ax, word ptr [bp + 0xa]
    mov dx, 0x14                             ; 8320: mov dx, 0x14
    imul dx                                  ; 8323: imul dx
    mov bx, ax                               ; 8325: mov bx, ax
    mov dl, byte [bx + 0xa7]                 ; 8327: mov dl, byte ptr [bx + 0xa7]
    and dl, 1                                ; 832B: and dl, 1
    cmp dl, 0                                ; 832E: cmp dl, 0
    je short 0x83a8                          ; 8331: je 0x308
    shl di, 1                                ; 8333: shl di, 1
    shl di, 1                                ; 8335: shl di, 1
    shl di, 1                                ; 8337: shl di, 1
    shl di, 1                                ; 8339: shl di, 1
    mov dx, word [di + 0x194]                ; 833B: mov dx, word ptr [di + 0x194]
    mov word [bp - 8], dx                    ; 833F: mov word ptr [bp - 8], dx
    cmp word [bp - 0xc], 0                   ; 8342: cmp word ptr [bp - 0xc], 0
    jne short 0x83ab                         ; 8346: jne 0x30b
    mov ax, word [bp + 0xa]                  ; 8348: mov ax, word ptr [bp + 0xa]
    mov di, dx                               ; 834B: mov di, dx
    mov dx, 0xa                              ; 834D: mov dx, 0xa
    imul dx                                  ; 8350: imul dx
    mov bx, ax                               ; 8352: mov bx, ax
    mov dx, word [bx + 0x68]                 ; 8354: mov dx, word ptr [bx + 0x68]
    times 1 nop  ; padding to preserve address alignment
    sub dx, di                               ; 8358: sub dx, di
    add dx, word [bp + 0xc]                  ; 835A: add dx, word ptr [bp + 0xc]
    mov ax, word [0x2a]                      ; 835D: mov ax, word ptr [0x2a]
    cmp dx, ax                               ; 8360: cmp dx, ax
    jle short 0x8379                         ; 8362: jle 0x2d9
    mov ax, word [0x2a]                      ; 8364: mov ax, word ptr [0x2a]
    mov dx, word [bx + 0x68]                 ; 8367: mov dx, word ptr [bx + 0x68]
    times 1 nop  ; padding to preserve address alignment
    sub dx, di                               ; 836B: sub dx, di
    add dx, word [bp + 0xc]                  ; 836D: add dx, word ptr [bp + 0xc]
    sub dx, ax                               ; 8370: sub dx, ax
    dec dx                                   ; 8372: dec dx
    mov word [bp + 0xc], dx                  ; 8373: mov word ptr [bp + 0xc], dx
    jmp 0x8444                               ; 8376: jmp 0x3a4
L_F8379:
    mov di, word [bp - 8]                    ; 8379: mov di, word ptr [bp - 8]
    mov ax, word [bp + 0xa]                  ; 837C: mov ax, word ptr [bp + 0xa]
    mov dx, 0xa                              ; 837F: mov dx, 0xa
    imul dx                                  ; 8382: imul dx
    mov bx, ax                               ; 8384: mov bx, ax
    mov dx, word [bx + 0x68]                 ; 8386: mov dx, word ptr [bx + 0x68]
    times 1 nop  ; padding to preserve address alignment
    sub dx, di                               ; 838A: sub dx, di
    add dx, word [bp + 0xc]                  ; 838C: add dx, word ptr [bp + 0xc]
    cmp dx, 0                                ; 838F: cmp dx, 0
    jge short 0x83ae                         ; 8392: jge 0x30e
    mov ax, word [bx + 0x68]                 ; 8394: mov ax, word ptr [bx + 0x68]
    times 1 nop  ; padding to preserve address alignment
    sub ax, di                               ; 8398: sub ax, di
    add ax, word [bp + 0xc]                  ; 839A: add ax, word ptr [bp + 0xc]
    add ax, word [0x2a]                      ; 839D: add ax, word ptr [0x2a]
    inc ax                                   ; 83A1: inc ax
    mov word [bp + 0xc], ax                  ; 83A2: mov word ptr [bp + 0xc], ax
    jmp 0x8444                               ; 83A5: jmp 0x3a4
L_F83A8:
    jmp 0x8444                               ; 83A8: jmp 0x3a4
L_F83AB:
    jmp 0x83ca                               ; 83AB: jmp 0x32a
L_F83AE:
    mov di, word [bp - 8]                    ; 83AE: mov di, word ptr [bp - 8]
    mov ax, word [bp + 0xa]                  ; 83B1: mov ax, word ptr [bp + 0xa]
    mov dx, 0xa                              ; 83B4: mov dx, 0xa
    imul dx                                  ; 83B7: imul dx
    mov bx, ax                               ; 83B9: mov bx, ax
    mov dx, word [bx + 0x68]                 ; 83BB: mov dx, word ptr [bx + 0x68]
    times 1 nop  ; padding to preserve address alignment
    sub dx, di                               ; 83BF: sub dx, di
    add dx, word [bp + 0xc]                  ; 83C1: add dx, word ptr [bp + 0xc]
    mov word [bp + 0xc], dx                  ; 83C4: mov word ptr [bp + 0xc], dx
    jmp 0x8444                               ; 83C7: jmp 0x3a4
L_F83CA:
    cmp word [bp - 0xc], 4                   ; 83CA: cmp word ptr [bp - 0xc], 4
    jne short 0x8435                         ; 83CE: jne 0x395
    cmp word [bp + 0xa], 8                   ; 83D0: cmp word ptr [bp + 0xa], 8
    jne short 0x83e3                         ; 83D4: jne 0x343
    mov ax, word [0x68]                      ; 83D6: mov ax, word ptr [0x68]
    sar ax, 1                                ; 83D9: sar ax, 1
    sar ax, 1                                ; 83DB: sar ax, 1
    mov word [bp - 0x12], ax                 ; 83DD: mov word ptr [bp - 0x12], ax
    jmp 0x83ed                               ; 83E0: jmp 0x34d
L_F83E3:
    mov ax, word [0x72]                      ; 83E3: mov ax, word ptr [0x72]
    sar ax, 1                                ; 83E6: sar ax, 1
    sar ax, 1                                ; 83E8: sar ax, 1
    mov word [bp - 0x12], ax                 ; 83EA: mov word ptr [bp - 0x12], ax
L_F83ED:
    mov di, word [bp - 0x12]                 ; 83ED: mov di, word ptr [bp - 0x12]
    sub di, word [bp - 8]                    ; 83F0: sub di, word ptr [bp - 8]
    add di, word [bp + 0xc]                  ; 83F3: add di, word ptr [bp + 0xc]
    mov ax, word [0x176]                     ; 83F6: mov ax, word ptr [0x176]
    inc ax                                   ; 83F9: inc ax
    cmp di, ax                               ; 83FA: cmp di, ax
    jle short 0x8411                         ; 83FC: jle 0x371
    mov dx, word [bp - 0x12]                 ; 83FE: mov dx, word ptr [bp - 0x12]
    sub dx, word [bp - 8]                    ; 8401: sub dx, word ptr [bp - 8]
    add dx, word [bp + 0xc]                  ; 8404: add dx, word ptr [bp + 0xc]
    sub dx, word [0x176]                     ; 8407: sub dx, word ptr [0x176]
    mov word [bp + 0xc], dx                  ; 840B: mov word ptr [bp + 0xc], dx
    jmp 0x8444                               ; 840E: jmp 0x3a4
L_F8411:
    mov di, word [bp - 0x12]                 ; 8411: mov di, word ptr [bp - 0x12]
    sub di, word [bp - 8]                    ; 8414: sub di, word ptr [bp - 8]
    add di, word [bp + 0xc]                  ; 8417: add di, word ptr [bp + 0xc]
    cmp di, 0                                ; 841A: cmp di, 0
    jge short 0x8438                         ; 841D: jge 0x398
    mov dx, word [bp - 0x12]                 ; 841F: mov dx, word ptr [bp - 0x12]
    sub dx, word [bp - 8]                    ; 8422: sub dx, word ptr [bp - 8]
    add dx, word [bp + 0xc]                  ; 8425: add dx, word ptr [bp + 0xc]
    add dx, word [0x176]                     ; 8428: add dx, word ptr [0x176]
    add dx, 2                                ; 842C: add dx, 2
    mov word [bp + 0xc], dx                  ; 842F: mov word ptr [bp + 0xc], dx
    jmp 0x8444                               ; 8432: jmp 0x3a4
L_F8435:
    jmp 0x8444                               ; 8435: jmp 0x3a4
L_F8438:
    mov di, word [bp - 0x12]                 ; 8438: mov di, word ptr [bp - 0x12]
    sub di, word [bp - 8]                    ; 843B: sub di, word ptr [bp - 8]
    add di, word [bp + 0xc]                  ; 843E: add di, word ptr [bp + 0xc]
    mov word [bp + 0xc], di                  ; 8441: mov word ptr [bp + 0xc], di
L_F8444:
    cmp word [bp + 0xc], 0                   ; 8444: cmp word ptr [bp + 0xc], 0
    jl short 0x8451                          ; 8448: jl 0x3b1
    cmp word [bp + 0xc], strict word 0x2000  ; 844A: cmp word ptr [bp + 0xc], 0x2000
    jle short 0x845b                         ; 844F: jle 0x3bb
L_F8451:
    mov byte [0x3b0], 1                      ; 8451: mov byte ptr [0x3b0], 1
    sub ax, ax                               ; 8456: sub ax, ax
    jmp 0x84db                               ; 8458: jmp 0x43b
L_F845B:
    mov di, word [bp + 0xc]                  ; 845B: mov di, word ptr [bp + 0xc]
    les dx, [bp + 6]                         ; 845E: les dx, ptr [bp + 6]
    mov bx, word [bp + 0xa]                  ; 8461: mov bx, word ptr [bp + 0xa]
    shl bx, 1                                ; 8464: shl bx, 1
    shl bx, 1                                ; 8466: shl bx, 1
    add di, word [bx + 0x3c]                 ; 8468: add di, word ptr [bx + 0x3c]
    times 1 nop  ; padding to preserve address alignment
    mov ax, dx                               ; 846C: mov ax, dx
    add ax, di                               ; 846E: add ax, di
    mov word [bp - 0x10], ax                 ; 8470: mov word ptr [bp - 0x10], ax
    mov word [bp - 0xe], es                  ; 8473: mov word ptr [bp - 0xe], es
    mov ax, word [bp + 0xa]                  ; 8476: mov ax, word ptr [bp + 0xa]
    sar ax, 1                                ; 8479: sar ax, 1
    shl ax, 1                                ; 847B: shl ax, 1
    shl ax, 1                                ; 847D: shl ax, 1
    shl ax, 1                                ; 847F: shl ax, 1
    shl ax, 1                                ; 8481: shl ax, 1
    mov di, ax                               ; 8483: mov di, ax
    mov al, byte [di + 0x18c]                ; 8485: mov al, byte ptr [di + 0x18c]
    and al, 0x10                             ; 8489: and al, 0x10
    cmp al, 0                                ; 848B: cmp al, 0
    je short 0x84bd                          ; 848D: je 0x41d
    les di, [bp - 0x10]                      ; 848F: les di, ptr [bp - 0x10]
    mov al, byte [es:di + 1]                 ; 8492: mov al, byte ptr es:[di + 1]
    sub ah, ah                               ; 8496: sub ah, ah
    and ax, strict word 0xff                 ; 8498: and ax, 0xff
    shl ax, 1                                ; 849B: shl ax, 1
    shl ax, 1                                ; 849D: shl ax, 1
    shl ax, 1                                ; 849F: shl ax, 1
    shl ax, 1                                ; 84A1: shl ax, 1
    mov word [bp - 0xa], ax                  ; 84A3: mov word ptr [bp - 0xa], ax
    mov dl, byte [es:di]                     ; 84A6: mov dl, byte ptr es:[di]
    sub dh, dh                               ; 84A9: sub dh, dh
    sar dx, 1                                ; 84AB: sar dx, 1
    sar dx, 1                                ; 84AD: sar dx, 1
    sar dx, 1                                ; 84AF: sar dx, 1
    sar dx, 1                                ; 84B1: sar dx, 1
    and dx, strict word 0xff                 ; 84B3: and dx, 0xff
    or word [bp - 0xa], dx                   ; 84B7: or word ptr [bp - 0xa], dx
    jmp 0x84d2                               ; 84BA: jmp 0x432
L_F84BD:
    les di, [bp - 0x10]                      ; 84BD: les di, ptr [bp - 0x10]
    mov dl, byte [es:di]                     ; 84C0: mov dl, byte ptr es:[di]
    sub dh, dh                               ; 84C3: sub dh, dh
    and dx, strict word 0xff                 ; 84C5: and dx, 0xff
    mov word [bp - 0xa], dx                  ; 84C9: mov word ptr [bp - 0xa], dx
    mov cx, 4                                ; 84CC: mov cx, 4
    shl word [bp - 0xa], cl                  ; 84CF: shl word ptr [bp - 0xa], cl
L_F84D2:
    mov cx, 2                                ; 84D2: mov cx, 2
    sar word [bp - 0xa], cl                  ; 84D5: sar word ptr [bp - 0xa], cl
    mov ax, word [bp - 0xa]                  ; 84D8: mov ax, word ptr [bp - 0xa]
L_F84DB:
    pop cx                                   ; 84DB: pop cx
    mov sp, bp                               ; 84DC: mov sp, bp
    pop bp                                   ; 84DE: pop bp
    retf 4                                   ; 84DF: retf 4
    db 0x55, 0x8b, 0xec, 0x83, 0xec, 0x16, 0x8b, 0x7e, 0x06, 0xd1, 0xe7, 0xd1, 0xe7, 0xd1, 0xe7, 0xc4  ; 84E2
    db 0x16, 0x94, 0x1c, 0x03, 0x7e, 0x08, 0x8b, 0xda, 0x03, 0xdf, 0x83, 0xc3, 0x04, 0x89, 0x5e, 0xf2  ; 84F2
    db 0x8c, 0x46, 0xf4, 0x8b, 0x46, 0x06, 0x25, 0x01, 0x00, 0x3d, 0x00, 0x00, 0x74, 0x08, 0x83, 0x46  ; 8502
    db 0x08, 0x04, 0x83, 0x46, 0x0a, 0x04, 0x8b, 0x46, 0x08, 0xba, 0x06, 0x00, 0xf7, 0xea, 0xbf, 0xf1  ; 8512
    db 0x01, 0x03, 0xf8, 0x89, 0x7e, 0xf6, 0x8c, 0x5e, 0xf8, 0x8b, 0x46, 0x06, 0xba, 0x14, 0x00, 0xf7  ; 8522
    db 0xea, 0x8b, 0xd8, 0x8a, 0x97, 0xb1, 0x00, 0x88, 0x56, 0xed, 0x80, 0x66, 0xed, 0x1f, 0x8b, 0x7e  ; 8532
    db 0x08, 0x89, 0x7e, 0xea, 0xe9, 0x37, 0x00, 0xc4, 0x7e, 0xf6, 0x26, 0x80, 0x4d, 0x01, 0x01, 0xc4  ; 8542
    db 0x5e, 0xf6, 0x8c, 0xc2, 0xc4, 0x7e, 0xf2, 0x26, 0x8a, 0x05, 0x8e, 0xc2, 0x26, 0x88, 0x07, 0x8d  ; 8552
    db 0x47, 0x02, 0x89, 0x46, 0xee, 0x8c, 0x46, 0xf0, 0xc4, 0x7e, 0xee, 0xff, 0x46, 0xee, 0x8a, 0x56  ; 8562
    db 0xed, 0x26, 0x88, 0x15, 0x83, 0x46, 0xf6, 0x06, 0xff, 0x46, 0xf2, 0xff, 0x46, 0xea, 0x8b, 0x7e  ; 8572
    db 0x0a, 0x39, 0x7e, 0xea, 0x7e, 0xc1, 0x8b, 0xe5, 0x5d, 0xca, 0x02, 0x00, 0x55, 0x8b, 0xec, 0x83  ; 8582
    db 0xec, 0x0c, 0xa0, 0x64, 0x1b, 0x2a, 0xe4, 0x89, 0x46, 0xf8, 0xa0, 0x67, 0x1b, 0x2a, 0xe4, 0x89  ; 8592
    db 0x46, 0xf6, 0x8b, 0x7e, 0x06, 0xd1, 0xe7, 0x89, 0x7e, 0x06, 0x8b, 0x56, 0xf8, 0x2b, 0xd0, 0x83  ; 85A2
    db 0xfa, 0x0c, 0x7e, 0x06, 0xb8, 0x01, 0x00, 0xe9, 0x62, 0x00, 0xc7, 0x46, 0xf4, 0x02, 0x00, 0xe9  ; 85B2
    db 0x2e, 0x00, 0x8b, 0x7e, 0xf6, 0x47, 0x8b, 0xc7, 0x99, 0xbb, 0x03, 0x00, 0xf7, 0xfb, 0x83, 0xfa  ; 85C2
    db 0x00, 0x75, 0x12, 0x8b, 0x56, 0xf4, 0xd1, 0xe2, 0xd1, 0xe2, 0x03, 0x56, 0xf4, 0xd1, 0xfa, 0x89  ; 85D2
    db 0x56, 0xf4, 0xe9, 0x08, 0x00, 0x8b, 0x7e, 0xf4, 0xd1, 0xe7, 0x89, 0x7e, 0xf4, 0xff, 0x46, 0xf6  ; 85E2
    db 0x8b, 0x7e, 0xf8, 0x39, 0x7e, 0xf6, 0x7c, 0xca, 0x8b, 0x56, 0x06, 0x39, 0x56, 0xf4, 0x7d, 0x05  ; 85F2
    db 0x83, 0xfa, 0x00, 0x75, 0x06, 0xb8, 0x01, 0x00, 0xe9, 0x11, 0x00, 0x8b, 0x7e, 0xf4, 0x8b, 0xd7  ; 8602
    db 0xd1, 0xfa, 0x8b, 0x5e, 0x06, 0x03, 0xda, 0x8b, 0xc3, 0x99, 0xf7, 0xff, 0x8b, 0xe5, 0x5d, 0xca  ; 8612
    db 0x02, 0x00, 0x55, 0x8b, 0xec, 0x83, 0xec, 0x24, 0xbf, 0x07, 0x00, 0x57, 0x2b, 0xd2, 0x52, 0x9a  ; 8622
    db 0x68, 0x00, 0x23, 0xe7, 0x83, 0xc4, 0x02, 0x9a, 0x0e, 0x00, 0x30, 0xfa, 0xa1, 0x70, 0x05, 0x89  ; 8632
    db 0x46, 0xec, 0xd1, 0xe0, 0x8b, 0xf8, 0x83, 0xbd, 0x5a, 0x05, 0x00, 0x74, 0x16, 0x80, 0x3e, 0x83  ; 8642
    db 0x1b, 0x1e, 0x75, 0x0f, 0x8b, 0x56, 0xec, 0x89, 0x56, 0xe8, 0x81, 0x0e, 0x48, 0x05, 0xc3, 0x88  ; 8652
    db 0xe9, 0x05, 0x00, 0xc7, 0x46, 0xe8, 0x00, 0x00, 0x8b, 0x7e, 0xe8, 0x89, 0x7e, 0xea, 0xe9, 0x46  ; 8662
    db 0x02, 0x8b, 0x7e, 0xea, 0xd1, 0xe7, 0x83, 0xbd, 0x5a, 0x05, 0x00, 0x74, 0x77, 0x9a, 0x1f, 0x00  ; 8672
    db 0xd1, 0xe5, 0x8b, 0x7e, 0xea, 0xd1, 0xe7, 0x8b, 0x95, 0x5a, 0x05, 0x89, 0x56, 0xe6, 0x8b, 0x9d  ; 8682
    db 0x5a, 0x05, 0x89, 0x1e, 0xae, 0x03, 0xc7, 0x85, 0x5a, 0x05, 0x00, 0x00, 0x9a, 0x18, 0x00, 0xd1  ; 8692
    db 0xe5, 0x8b, 0x7e, 0xe6, 0x81, 0xe7, 0xf0, 0x09, 0x83, 0xff, 0x00, 0x74, 0x2e, 0xa1, 0x22, 0x00  ; 86A2
    db 0x25, 0x00, 0x20, 0x3d, 0x00, 0x00, 0x74, 0x12, 0x81, 0x26, 0x22, 0x00, 0xff, 0xdf, 0xa0, 0x64  ; 86B2
    db 0x05, 0xa2, 0x80, 0x05, 0xa0, 0x64, 0x05, 0xa2, 0x8e, 0x05, 0xff, 0x76, 0xe6, 0xff, 0x76, 0xea  ; 86C2
    db 0x9a, 0x06, 0x00, 0xa2, 0xed, 0x83, 0xc4, 0x02, 0x09, 0x46, 0xe6, 0x8b, 0x7e, 0xe6, 0x81, 0xe7  ; 86D2
    db 0x1f, 0x00, 0x83, 0xff, 0x00, 0x74, 0x19, 0xff, 0x76, 0xe6, 0xff, 0x76, 0xea, 0x9a, 0xd2, 0x02  ; 86E2
    db 0x62, 0xf8, 0xeb, 0x03, 0xe9, 0xbd, 0x01, 0x83, 0xc4, 0x02, 0x81, 0x0e, 0x48, 0x05, 0x00, 0x80  ; 86F2
    db 0x8b, 0x7e, 0xe6, 0x81, 0xe7, 0x40, 0x00, 0x83, 0xff, 0x00, 0x74, 0x0b, 0x9a, 0x58, 0x04, 0x62  ; 8702
    db 0xf8, 0x81, 0x0e, 0x48, 0x05, 0x00, 0x80, 0x8b, 0x7e, 0xea, 0xd1, 0xe7, 0x8b, 0xc7, 0xba, 0x0e  ; 8712
    db 0x00, 0xf7, 0xea, 0xba, 0x74, 0x05, 0x03, 0xd0, 0x89, 0x56, 0xf6, 0x8c, 0x5e, 0xf8, 0xc4, 0x5e  ; 8722
    db 0xf6, 0x26, 0x8b, 0x7f, 0x02, 0x89, 0x7e, 0xe2, 0x26, 0x8b, 0x7f, 0x04, 0x89, 0x7e, 0xe0, 0x26  ; 8732
    db 0x8b, 0x7f, 0x10, 0x89, 0x7e, 0xe4, 0xa1, 0x86, 0x01, 0x25, 0x40, 0x00, 0x3d, 0x00, 0x00, 0x74  ; 8742
    db 0x36, 0x83, 0x7e, 0xea, 0x00, 0x75, 0x30, 0xc7, 0x46, 0xea, 0x04, 0x00, 0xba, 0x8c, 0x01, 0x83  ; 8752
    db 0xc2, 0x40, 0x89, 0x56, 0xf2, 0x8c, 0x5e, 0xf4, 0xbf, 0x74, 0x05, 0x83, 0xc7, 0x70, 0x89, 0x7e  ; 8762
    db 0xf6, 0x8c, 0x5e, 0xf8, 0x83, 0x7e, 0xec, 0x00, 0x75, 0x06, 0x8b, 0x46, 0xea, 0x89, 0x46, 0xec  ; 8772
    db 0xc6, 0x46, 0xdd, 0x01, 0xe9, 0x16, 0x00, 0x8b, 0x7e, 0xea, 0xd1, 0xe7, 0xd1, 0xe7, 0xd1, 0xe7  ; 8782
    db 0xd1, 0xe7, 0xba, 0x8c, 0x01, 0x03, 0xd7, 0x89, 0x56, 0xf2, 0x8c, 0x5e, 0xf4, 0x8b, 0x7e, 0xe6  ; 8792
    db 0x81, 0xe7, 0x00, 0x0a, 0x83, 0xff, 0x00, 0x74, 0x1d, 0xff, 0x76, 0xe0, 0xff, 0x76, 0xea, 0xc4  ; 87A2
    db 0x7e, 0xf6, 0x06, 0x57, 0xc4, 0x56, 0xf2, 0x06, 0x52, 0x9a, 0x00, 0x00, 0x9d, 0xf7, 0x83, 0xc4  ; 87B2
    db 0x08, 0x81, 0x4e, 0xe6, 0x00, 0x01, 0x8b, 0x7e, 0xe6, 0x81, 0xe7, 0xc0, 0x09, 0x83, 0xff, 0x00  ; 87C2
    db 0x74, 0x56, 0x8b, 0x7e, 0xea, 0x39, 0x7e, 0xec, 0x75, 0x4e, 0xc7, 0x46, 0xee, 0xf1, 0x01, 0x8c  ; 87D2
    db 0x5e, 0xf0, 0xc4, 0x5e, 0xf6, 0x26, 0xff, 0x77, 0x08, 0xff, 0x76, 0xe2, 0x1e, 0xba, 0xf1, 0x01  ; 87E2
    db 0x52, 0x06, 0x53, 0xc4, 0x46, 0xf2, 0x06, 0x50, 0x9a, 0x05, 0x00, 0xfc, 0xfa, 0x83, 0xc4, 0x0c  ; 87F2
    db 0x83, 0x46, 0xee, 0x06, 0xc4, 0x7e, 0xf6, 0x26, 0xff, 0x75, 0x08, 0xff, 0x76, 0xe4, 0xc4, 0x56  ; 8802
    db 0xee, 0x06, 0x52, 0xc4, 0x7e, 0xf6, 0x8d, 0x5d, 0x0e, 0x06, 0x53, 0xc4, 0x46, 0xf2, 0x06, 0x50  ; 8812
    db 0x9a, 0x05, 0x00, 0xfc, 0xfa, 0x83, 0xc4, 0x0c, 0x8b, 0x7e, 0xe6, 0x81, 0xe7, 0x40, 0x0a, 0x83  ; 8822
    db 0xff, 0x00, 0x74, 0x4a, 0x8b, 0x7e, 0xea, 0x39, 0x7e, 0xec, 0x75, 0x42, 0x57, 0x9a, 0x15, 0x01  ; 8832
    db 0xfc, 0xfa, 0xff, 0x76, 0xea, 0x9a, 0x3a, 0x02, 0xbf, 0xf7, 0xff, 0x76, 0xea, 0x9a, 0x82, 0x03  ; 8842
    db 0xbf, 0xf7, 0x8b, 0x7e, 0xea, 0xd1, 0xe7, 0x89, 0x7e, 0xde, 0xba, 0x03, 0x00, 0x52, 0x2b, 0xd2  ; 8852
    db 0x52, 0x57, 0x9a, 0x42, 0x04, 0x0a, 0xf8, 0x83, 0xc4, 0x04, 0xbf, 0x03, 0x00, 0x57, 0x2b, 0xd2  ; 8862
    db 0x52, 0x8b, 0x7e, 0xde, 0x47, 0x57, 0x9a, 0x42, 0x04, 0x0a, 0xf8, 0x83, 0xc4, 0x04, 0x8b, 0x7e  ; 8872
    db 0xe6, 0x81, 0xe7, 0x1f, 0x00, 0x83, 0xff, 0x00, 0x74, 0x0e, 0x8b, 0x7e, 0xea, 0x39, 0x7e, 0xec  ; 8882
    db 0x75, 0x06, 0x57, 0x9a, 0x82, 0x03, 0xbf, 0xf7, 0x81, 0x0e, 0x86, 0x01, 0x02, 0x00, 0x80, 0x3e  ; 8892
    db 0x83, 0x1b, 0x1e, 0x74, 0x1b, 0x80, 0x7e, 0xdd, 0x00, 0x74, 0x09, 0xc7, 0x46, 0xea, 0x01, 0x00  ; 88A2
    db 0xc6, 0x46, 0xdd, 0x00, 0xff, 0x46, 0xea, 0x83, 0x7e, 0xea, 0x04, 0x7f, 0x03, 0xe9, 0xb1, 0xfd  ; 88B2
    db 0xc7, 0x06, 0xae, 0x03, 0x00, 0x00, 0xa1, 0x86, 0x01, 0x25, 0x04, 0x00, 0x3d, 0x00, 0x00, 0x74  ; 88C2
    db 0x06, 0x81, 0x26, 0x86, 0x01, 0xfb, 0xff, 0x81, 0x0e, 0x86, 0x01, 0x10, 0x00, 0xbf, 0x07, 0x00  ; 88D2
    db 0x57, 0x2b, 0xd2, 0x52, 0x9a, 0xd9, 0x00, 0x23, 0xe7, 0x83, 0xc4, 0x02, 0x8b, 0xe5, 0x5d, 0xcb  ; 88E2
    db 0x55, 0x8b, 0xec, 0x83, 0xec, 0x10, 0x8b, 0x7e, 0x06, 0xd1, 0xe7, 0x8b, 0xd7, 0x88, 0x56, 0xf9  ; 88F2
    db 0x8b, 0x7e, 0x06, 0xd1, 0xe7, 0xd1, 0xe7, 0xd1, 0xe7, 0xd1, 0xe7, 0xbb, 0x8c, 0x01, 0x03, 0xdf  ; 8902
    db 0x89, 0x5e, 0xf4, 0x8c, 0x5e, 0xf6, 0x8b, 0x56, 0x08, 0x81, 0xe2, 0x10, 0x00, 0x83, 0xfa, 0x00  ; 8912
    db 0x74, 0x33, 0xc4, 0x7e, 0xf4, 0x26, 0x8a, 0x15, 0x80, 0xe2, 0x08, 0x88, 0x56, 0xf8, 0x2a, 0xf6  ; 8922
    db 0x52, 0xff, 0x76, 0x06, 0x9a, 0x0a, 0x00, 0xae, 0xf7, 0x83, 0xc4, 0x02, 0x83, 0x7e, 0x06, 0x00  ; 8932
    db 0x75, 0x13, 0x80, 0x7e, 0xf8, 0x00, 0x74, 0x08, 0x80, 0x0e, 0xcc, 0x01, 0x08, 0xe9, 0x05, 0x00  ; 8942
    db 0x80, 0x26, 0xcc, 0x01, 0xf7, 0x8b, 0x7e, 0x08, 0x81, 0xe7, 0x05, 0x00, 0x83, 0xff, 0x00, 0x74  ; 8952
    db 0x21, 0x8a, 0x56, 0xf9, 0x2a, 0xf6, 0x52, 0x9a, 0x0a, 0x00, 0xf4, 0xf6, 0xbf, 0x03, 0x00, 0x57  ; 8962
    db 0xba, 0x02, 0x00, 0x52, 0x8a, 0x56, 0xf9, 0x2a, 0xf6, 0x52, 0x9a, 0x42, 0x04, 0x0a, 0xf8, 0x83  ; 8972
    db 0xc4, 0x04, 0x8b, 0x7e, 0x08, 0x81, 0xe7, 0x0a, 0x00, 0x83, 0xff, 0x00, 0x74, 0x23, 0x8a, 0x56  ; 8982
    db 0xf9, 0x2a, 0xf6, 0x42, 0x52, 0x9a, 0x0a, 0x00, 0xf4, 0xf6, 0xbf, 0x03, 0x00, 0x57, 0xba, 0x02  ; 8992
    db 0x00, 0x52, 0x8a, 0x56, 0xf9, 0x2a, 0xf6, 0x42, 0x52, 0x9a, 0x42, 0x04, 0x0a, 0xf8, 0x83, 0xc4  ; 89A2
    db 0x04, 0x8b, 0x7e, 0x06, 0x39, 0x3e, 0x70, 0x05, 0x75, 0x43, 0x8b, 0x56, 0x08, 0x81, 0xe2, 0x05  ; 89B2
    db 0x00, 0x83, 0xfa, 0x00, 0x74, 0x15, 0xba, 0x01, 0x00, 0x52, 0x2b, 0xd2, 0x52, 0x8a, 0x5e, 0xf9  ; 89C2
    db 0x2a, 0xff, 0x53, 0x9a, 0x42, 0x04, 0x0a, 0xf8, 0x83, 0xc4, 0x04, 0x8b, 0x7e, 0x08, 0x81, 0xe7  ; 89D2
    db 0x0a, 0x00, 0x83, 0xff, 0x00, 0x74, 0x16, 0xbf, 0x01, 0x00, 0x57, 0x2b, 0xff, 0x57, 0x8a, 0x56  ; 89E2
    db 0xf9, 0x2a, 0xf6, 0x42, 0x52, 0x9a, 0x42, 0x04, 0x0a, 0xf8, 0x83, 0xc4, 0x04, 0x83, 0x7e, 0x06  ; 89F2
    db 0x00, 0x75, 0x6d, 0xc4, 0x7e, 0xf4, 0x26, 0x8a, 0x15, 0x80, 0xe2, 0x01, 0x80, 0xfa, 0x00, 0x74  ; 8A02
    db 0x5f, 0xc7, 0x46, 0xf0, 0xa6, 0x00, 0x8c, 0x5e, 0xf2, 0xba, 0x04, 0x00, 0x52, 0xba, 0xa6, 0x00  ; 8A12
    db 0x81, 0xc2, 0xab, 0x00, 0x1e, 0x52, 0xbb, 0xa6, 0x00, 0x83, 0xc3, 0x0b, 0x1e, 0x53, 0x9a, 0x29  ; 8A22
    db 0x00, 0xbe, 0xfb, 0x83, 0xc4, 0x06, 0xc4, 0x7e, 0xf0, 0x26, 0x8a, 0x15, 0x80, 0xca, 0x04, 0x26  ; 8A32
    db 0x08, 0x95, 0xa0, 0x00, 0x83, 0x46, 0xf0, 0x14, 0xba, 0x04, 0x00, 0x52, 0xc4, 0x5e, 0xf0, 0x8d  ; 8A42
    db 0x87, 0xab, 0x00, 0x06, 0x50, 0x8d, 0x57, 0x0b, 0x06, 0x52, 0x9a, 0x29, 0x00, 0xbe, 0xfb, 0x83  ; 8A52
    db 0xc4, 0x06, 0xc4, 0x7e, 0xf0, 0x26, 0x8a, 0x15, 0x80, 0xca, 0x04, 0x26, 0x08, 0x95, 0xa0, 0x00  ; 8A62
    db 0x8b, 0xe5, 0x5d, 0xca, 0x02, 0x00, 0x55, 0x8b, 0xec, 0x83, 0xec, 0x10, 0xc7, 0x46, 0xf6, 0x8c  ; 8A72
    db 0x01, 0x8c, 0x5e, 0xf8, 0xa0, 0x8c, 0x01, 0x24, 0x40, 0x3c, 0x00, 0x74, 0x37, 0x81, 0x0e, 0x86  ; 8A82
    db 0x01, 0x40, 0x00, 0xbf, 0x04, 0x00, 0x57, 0x9a, 0x06, 0x00, 0xe6, 0xf8, 0xc7, 0x46, 0xf0, 0xa6  ; 8A92
    db 0x00, 0x8c, 0x5e, 0xf2, 0x80, 0x26, 0xb0, 0x00, 0xfe, 0x80, 0x0e, 0xa6, 0x00, 0x01, 0x83, 0x46  ; 8AA2
    db 0xf0, 0x14, 0xc4, 0x7e, 0xf0, 0x26, 0x80, 0x65, 0x0a, 0xfe, 0xc4, 0x5e, 0xf0, 0x26, 0x80, 0x0f  ; 8AB2
    db 0x01, 0xe9, 0x17, 0x00, 0x81, 0x26, 0x86, 0x01, 0xbf, 0xff, 0x2b, 0xff, 0x57, 0x9a, 0x06, 0x00  ; 8AC2
    db 0xe6, 0xf8, 0xbf, 0x04, 0x00, 0x57, 0x9a, 0x38, 0x00, 0xe6, 0xf8, 0x80, 0x3e, 0x76, 0x1b, 0x00  ; 8AD2
    db 0x74, 0x2e, 0xa1, 0x86, 0x01, 0x25, 0x40, 0x00, 0x3d, 0x00, 0x00, 0x74, 0x23, 0xa0, 0x20, 0x00  ; 8AE2
    db 0x88, 0x46, 0xf5, 0xc4, 0x7e, 0xf6, 0x26, 0x8a, 0x15, 0x80, 0xe2, 0x04, 0x80, 0xfa, 0x00, 0x74  ; 8AF2
    db 0x04, 0x80, 0x4e, 0xf5, 0x03, 0x8a, 0x56, 0xf5, 0x2a, 0xf6, 0x52, 0x9a, 0xa5, 0x02, 0x70, 0xf6  ; 8B02
    db 0x8b, 0xe5, 0x5d, 0xcb, 0x55, 0x8b, 0xec, 0x83, 0xec, 0x0a, 0x51, 0xa0, 0x6f, 0x01, 0x2a, 0xe4  ; 8B12
    db 0x8b, 0xc8, 0xa1, 0x24, 0x00, 0xd3, 0xf8, 0x89, 0x46, 0xf8, 0xc7, 0x46, 0xf6, 0x00, 0x00, 0xa0  ; 8B22
    db 0x20, 0x00, 0x24, 0x01, 0x3c, 0x00, 0x74, 0x13, 0x8b, 0x7e, 0xf8, 0x39, 0x3e, 0x6c, 0x00, 0x7e  ; 8B32
    db 0x0a, 0x80, 0x0e, 0xa7, 0x00, 0x01, 0xc7, 0x46, 0xf6, 0x01, 0x00, 0xa0, 0x20, 0x00, 0x24, 0x02  ; 8B42
    db 0x3c, 0x00, 0x74, 0x13, 0x8b, 0x7e, 0xf8, 0x39, 0x3e, 0x76, 0x00, 0x7e, 0x0a, 0x80, 0x0e, 0xbb  ; 8B52
    db 0x00, 0x01, 0xc7, 0x46, 0xf6, 0x01, 0x00, 0x8b, 0x46, 0xf6, 0x59, 0x8b, 0xe5, 0x5d, 0xcb, 0x55  ; 8B62
    db 0x8b, 0xec, 0x83, 0xec, 0x0a, 0x81, 0x0e, 0x86, 0x01, 0x80, 0x00, 0xa1, 0x90, 0x01, 0x48, 0x89  ; 8B72
    db 0x46, 0xf8, 0xa1, 0xd0, 0x01, 0x48, 0x89, 0x46, 0xf6, 0xa0, 0x20, 0x00, 0x24, 0x01, 0x3c, 0x00  ; 8B82
    db 0x74, 0x13, 0x8b, 0x7e, 0xf8, 0x89, 0x3e, 0x98, 0x00, 0x8b, 0x56, 0xf6, 0x89, 0x16, 0xa0, 0x00  ; 8B92
    db 0x80, 0x26, 0xa7, 0x00, 0xfe, 0xa0, 0x20, 0x00, 0x24, 0x02, 0x3c, 0x00, 0x74, 0x13, 0x8b, 0x7e  ; 8BA2
    db 0xf8, 0x89, 0x3e, 0x9c, 0x00, 0x8b, 0x56, 0xf6, 0x89, 0x16, 0xa4, 0x00, 0x80, 0x26, 0xbb, 0x00  ; 8BB2
    db 0xfe, 0x81, 0x0e, 0x5a, 0x05, 0x40, 0x03, 0x8b, 0xe5, 0x5d, 0xcb, 0x55, 0x8b, 0xec, 0x83, 0xec  ; 8BC2
    db 0x0e, 0x51, 0xa1, 0x24, 0x00, 0x8b, 0x3e, 0x28, 0x00, 0x2b, 0xf8, 0x89, 0x7e, 0xf4, 0xa0, 0x6f  ; 8BD2
    db 0x01, 0x2a, 0xe4, 0x8b, 0xc8, 0xd3, 0x7e, 0xf4, 0xa1, 0x26, 0x00, 0x03, 0x46, 0xf4, 0x8b, 0x3e  ; 8BE2
    db 0x2a, 0x00, 0x3b, 0xc7, 0x7e, 0x13, 0xa1, 0x2a, 0x00, 0x8b, 0x3e, 0x26, 0x00, 0x03, 0x7e, 0xf4  ; 8BF2
    db 0x2b, 0xf8, 0x4f, 0x89, 0x7e, 0xf2, 0xe9, 0x27, 0x00, 0xa1, 0x26, 0x00, 0x03, 0x46, 0xf4, 0x3d  ; 8C02
    db 0x00, 0x00, 0x7d, 0x13, 0xa1, 0x26, 0x00, 0x8b, 0x7e, 0xf4, 0x03, 0xc7, 0x03, 0x06, 0x2a, 0x00  ; 8C12
    db 0x40, 0x89, 0x46, 0xf2, 0xe9, 0x09, 0x00, 0xa1, 0x26, 0x00, 0x03, 0x46, 0xf4, 0x89, 0x46, 0xf2  ; 8C22
    db 0xa1, 0x94, 0x01, 0x89, 0x46, 0xf8, 0xa0, 0x8c, 0x01, 0x24, 0x20, 0x3c, 0x00, 0x75, 0x05, 0x81  ; 8C32
    db 0x66, 0xf2, 0xfe, 0xff, 0xa1, 0xd4, 0x01, 0x89, 0x46, 0xf6, 0xa0, 0x20, 0x00, 0x24, 0x01, 0x3c  ; 8C42
    db 0x00, 0x74, 0x18, 0xff, 0x76, 0xf2, 0xff, 0x76, 0xf8, 0x2b, 0xff, 0x57, 0x9a, 0x90, 0x01, 0xb1  ; 8C52
    db 0xf8, 0x83, 0xc4, 0x04, 0x8b, 0x7e, 0xf6, 0x89, 0x3e, 0xa0, 0x00, 0xa0, 0x20, 0x00, 0x24, 0x02  ; 8C62
    db 0x3c, 0x00, 0x74, 0x19, 0xff, 0x76, 0xf2, 0xff, 0x76, 0xf8, 0xbf, 0x01, 0x00, 0x57, 0x9a, 0x90  ; 8C72
    db 0x01, 0xb1, 0xf8, 0x83, 0xc4, 0x04, 0x8b, 0x7e, 0xf6, 0x89, 0x3e, 0xa4, 0x00, 0x81, 0x26, 0x86  ; 8C82
    db 0x01, 0x5f, 0xff, 0x81, 0x0e, 0x5a, 0x05, 0x00, 0x02, 0x59, 0x8b, 0xe5, 0x5d, 0xcb, 0x55, 0x8b  ; 8C92
    db 0xec, 0x83, 0xec, 0x12, 0x8b, 0x7e, 0x0a, 0x8b, 0x46, 0x06, 0xba, 0x0a, 0x00, 0xf7, 0xea, 0x8b  ; 8CA2
    db 0xd8, 0x89, 0xbf, 0x68, 0x00, 0x8b, 0x97, 0x66, 0x00, 0x83, 0xc2, 0x04, 0xa1, 0x2a, 0x00, 0x3b  ; 8CB2
    db 0xd0, 0x7e, 0x13, 0xa1, 0x2a, 0x00, 0x8b, 0xbf, 0x66, 0x00, 0x83, 0xc7, 0x04, 0x2b, 0xf8, 0x4f  ; 8CC2
    db 0x89, 0x7e, 0xf6, 0xe9, 0x3b, 0x00, 0x8b, 0x46, 0x06, 0xba, 0x0a, 0x00, 0xf7, 0xea, 0x8b, 0xf8  ; 8CD2
    db 0x8b, 0x95, 0x66, 0x00, 0x83, 0xc2, 0x04, 0x83, 0xfa, 0x00, 0x7d, 0x11, 0x8b, 0x9d, 0x66, 0x00  ; 8CE2
    db 0x03, 0x1e, 0x2a, 0x00, 0x83, 0xc3, 0x05, 0x89, 0x5e, 0xf6, 0xe9, 0x14, 0x00, 0x8b, 0x46, 0x06  ; 8CF2
    db 0xba, 0x0a, 0x00, 0xf7, 0xea, 0x8b, 0xf8, 0x8b, 0x95, 0x66, 0x00, 0x83, 0xc2, 0x04, 0x89, 0x56  ; 8D02
    db 0xf6, 0xc4, 0x3e, 0x80, 0x1c, 0x8b, 0x56, 0xf6, 0x8b, 0x5e, 0x06, 0xd1, 0xe3, 0xd1, 0xe3, 0x03  ; 8D12
    db 0x97, 0x3c, 0x00, 0x8b, 0xc7, 0x03, 0xc2, 0x89, 0x46, 0xf2, 0x8c, 0x46, 0xf4, 0x8b, 0x46, 0xf6  ; 8D22
    db 0xd1, 0xf8, 0xd1, 0xf8, 0xc4, 0x3e, 0x80, 0x1c, 0x8b, 0x56, 0x06, 0x83, 0xc2, 0x08, 0xd1, 0xe2  ; 8D32
    db 0xd1, 0xe2, 0x8b, 0xda, 0x03, 0x87, 0x3c, 0x00, 0x8b, 0xd7, 0x03, 0xd0, 0x89, 0x56, 0xee, 0x8c  ; 8D42
    db 0x46, 0xf0, 0x8b, 0x56, 0xf6, 0x39, 0x56, 0x0a, 0x7c, 0x0b, 0x8b, 0x7e, 0x0a, 0x2b, 0xfa, 0x89  ; 8D52
    db 0x7e, 0xf8, 0xe9, 0x0f, 0x00, 0x8b, 0x7e, 0xf6, 0xa1, 0x2a, 0x00, 0x2b, 0xc7, 0x03, 0x46, 0x0a  ; 8D62
    db 0x40, 0x89, 0x46, 0xf8, 0x8b, 0x7e, 0x0a, 0x39, 0x7e, 0xf6, 0x7d, 0x30, 0x2b, 0xd2, 0x52, 0x52  ; 8D72
    db 0xff, 0x76, 0xf8, 0xc4, 0x5e, 0xf2, 0x06, 0x53, 0x9a, 0x09, 0x00, 0xbe, 0xfb, 0x83, 0xc4, 0x06  ; 8D82
    db 0x2b, 0xff, 0x57, 0x57, 0x8b, 0x56, 0xf8, 0xd1, 0xfa, 0xd1, 0xfa, 0x52, 0xc4, 0x56, 0xee, 0x06  ; 8D92
    db 0x52, 0x9a, 0x09, 0x00, 0xbe, 0xfb, 0x83, 0xc4, 0x06, 0xe9, 0xa1, 0x00, 0x8b, 0x7e, 0xf6, 0xa1  ; 8DA2
    db 0x2a, 0x00, 0x40, 0x2b, 0xc7, 0x89, 0x46, 0xf8, 0x2b, 0xd2, 0x52, 0x52, 0x50, 0xc4, 0x5e, 0xf2  ; 8DB2
    db 0x06, 0x53, 0x9a, 0x09, 0x00, 0xbe, 0xfb, 0x83, 0xc4, 0x06, 0xc4, 0x3e, 0x80, 0x1c, 0x8b, 0x56  ; 8DC2
    db 0x06, 0xd1, 0xe2, 0xd1, 0xe2, 0x8b, 0xda, 0x8b, 0xc7, 0x03, 0x87, 0x3c, 0x00, 0x89, 0x46, 0xf2  ; 8DD2
    db 0x8c, 0x46, 0xf4, 0x53, 0x2b, 0xc0, 0x50, 0x50, 0xff, 0x76, 0x0a, 0xc4, 0x7e, 0xf2, 0x06, 0x57  ; 8DE2
    db 0x9a, 0x09, 0x00, 0xbe, 0xfb, 0x83, 0xc4, 0x06, 0x2b, 0xff, 0x57, 0x57, 0x8b, 0x56, 0xf8, 0xd1  ; 8DF2
    db 0xfa, 0xd1, 0xfa, 0x52, 0xc4, 0x56, 0xee, 0x06, 0x52, 0x9a, 0x09, 0x00, 0xbe, 0xfb, 0x83, 0xc4  ; 8E02
    db 0x06, 0xc4, 0x3e, 0x80, 0x1c, 0x8b, 0x56, 0x06, 0x83, 0xc2, 0x08, 0xd1, 0xe2, 0xd1, 0xe2, 0x8b  ; 8E12
    db 0xda, 0x8b, 0xc7, 0x03, 0x87, 0x3c, 0x00, 0x89, 0x46, 0xee, 0x8c, 0x46, 0xf0, 0x53, 0x2b, 0xc0  ; 8E22
    db 0x50, 0x50, 0x8b, 0x7e, 0x0a, 0xd1, 0xff, 0xd1, 0xff, 0x57, 0xc4, 0x7e, 0xee, 0x06, 0x57, 0x9a  ; 8E32
    db 0x09, 0x00, 0xbe, 0xfb, 0x83, 0xc4, 0x06, 0x83, 0xc4, 0x02, 0x83, 0xc4, 0x02, 0x8b, 0x7e, 0x08  ; 8E42
    db 0x8b, 0x56, 0x06, 0xd1, 0xe2, 0xd1, 0xe2, 0x8b, 0xda, 0x89, 0xbf, 0x98, 0x00, 0x8b, 0xe5, 0x5d  ; 8E52
    db 0xca, 0x02, 0x00, 0xff  ; 8E62
SUB_F8E66:
    push bp                                  ; 8E66: push bp
    mov bp, sp                               ; 8E67: mov bp, sp
    sub sp, 8                                ; 8E69: sub sp, 8
    mov di, word [bp + 6]                    ; 8E6C: mov di, word ptr [bp + 6]
    shl di, 1                                ; 8E6F: shl di, 1
    mov word [bp - 8], di                    ; 8E71: mov word ptr [bp - 8], di
    mov dx, 1                                ; 8E74: mov dx, 1
    push dx                                  ; 8E77: push dx
    push di                                  ; 8E78: push di
    call 0xf8e6:0x0068                       ; 8E79: lcall 0xf8e6, 0x68
    add sp, 2                                ; 8E7E: add sp, 2
    mov di, 1                                ; 8E81: mov di, 1
    push di                                  ; 8E84: push di
    mov dx, word [bp - 8]                    ; 8E85: mov dx, word ptr [bp - 8]
    inc dx                                   ; 8E88: inc dx
    push dx                                  ; 8E89: push dx
    call 0xf8e6:0x0068                       ; 8E8A: lcall 0xf8e6, 0x68
    add sp, 2                                ; 8E8F: add sp, 2
    mov sp, bp                               ; 8E92: mov sp, bp
    pop bp                                   ; 8E94: pop bp
    retf 2                                   ; 8E95: retf 2
SUB_F8E98:
    push bp                                  ; 8E98: push bp
    mov bp, sp                               ; 8E99: mov bp, sp
    sub sp, 8                                ; 8E9B: sub sp, 8
    mov di, word [bp + 6]                    ; 8E9E: mov di, word ptr [bp + 6]
    shl di, 1                                ; 8EA1: shl di, 1
    mov word [bp - 8], di                    ; 8EA3: mov word ptr [bp - 8], di
    sub dx, dx                               ; 8EA6: sub dx, dx
    push dx                                  ; 8EA8: push dx
    push di                                  ; 8EA9: push di
    call 0xf8e6:0x0068                       ; 8EAA: lcall 0xf8e6, 0x68
    add sp, 2                                ; 8EAF: add sp, 2
    sub di, di                               ; 8EB2: sub di, di
    push di                                  ; 8EB4: push di
    mov dx, word [bp - 8]                    ; 8EB5: mov dx, word ptr [bp - 8]
    inc dx                                   ; 8EB8: inc dx
    push dx                                  ; 8EB9: push dx
    call 0xf8e6:0x0068                       ; 8EBA: lcall 0xf8e6, 0x68
    add sp, 2                                ; 8EBF: add sp, 2
    mov sp, bp                               ; 8EC2: mov sp, bp
    pop bp                                   ; 8EC4: pop bp
    retf 2                                   ; 8EC5: retf 2
SUB_F8EC8:
    push bp                                  ; 8EC8: push bp
    mov bp, sp                               ; 8EC9: mov bp, sp
    sub sp, 6                                ; 8ECB: sub sp, 6
    cmp byte [bp + 8], 0                     ; 8ECE: cmp byte ptr [bp + 8], 0
    je short 0x8ef9                          ; 8ED2: je 0x99
    mov di, word [bp + 6]                    ; 8ED4: mov di, word ptr [bp + 6]
    mov dl, byte [di + 0x1be2]               ; 8ED7: mov dl, byte ptr [di + 0x1be2]
    and dl, 2                                ; 8EDB: and dl, 2
    cmp dl, 0                                ; 8EDE: cmp dl, 0
    je short 0x8f1e                          ; 8EE1: je 0xbe
    or byte [di + 0x1be2], 1                 ; 8EE3: or byte ptr [di + 0x1be2], 1
    mov ax, di                               ; 8EE8: mov ax, di
    mov dx, 0x14                             ; 8EEA: mov dx, 0x14
    imul dx                                  ; 8EED: imul dx
    mov bx, ax                               ; 8EEF: mov bx, ax
    or byte [bx + 0xb0], 1                   ; 8EF1: or byte ptr [bx + 0xb0], 1
    jmp 0x8f0f                               ; 8EF6: jmp 0xaf
L_F8EF9:
    mov di, word [bp + 6]                    ; 8EF9: mov di, word ptr [bp + 6]
    and byte [di + 0x1be2], 0xfe             ; 8EFC: and byte ptr [di + 0x1be2], 0xfe
    mov ax, di                               ; 8F01: mov ax, di
    mov dx, 0x14                             ; 8F03: mov dx, 0x14
    imul dx                                  ; 8F06: imul dx
    mov bx, ax                               ; 8F08: mov bx, ax
    and byte [bx + 0xb0], 0xfe               ; 8F0A: and byte ptr [bx + 0xb0], 0xfe
L_F8F0F:
    mov ax, word [bp + 6]                    ; 8F0F: mov ax, word ptr [bp + 6]
    mov dx, 0x14                             ; 8F12: mov dx, 0x14
    imul dx                                  ; 8F15: imul dx
    mov di, ax                               ; 8F17: mov di, ax
    or byte [di + 0xa6], 1                   ; 8F19: or byte ptr [di + 0xa6], 1
L_F8F1E:
    mov sp, bp                               ; 8F1E: mov sp, bp
    pop bp                                   ; 8F20: pop bp
    retf 2                                   ; 8F21: retf 2
SUB_F8F24:
    push bp                                  ; 8F24: push bp
    mov bp, sp                               ; 8F25: mov bp, sp
    sub sp, 8                                ; 8F27: sub sp, 8
    push word [bp + 6]                       ; 8F2A: push word ptr [bp + 6]
    call 0xf8e6:0x0038                       ; 8F2D: lcall 0xf8e6, 0x38
    mov di, word [bp + 6]                    ; 8F32: mov di, word ptr [bp + 6]
    shl di, 1                                ; 8F35: shl di, 1
    mov word [bp - 8], di                    ; 8F37: mov word ptr [bp - 8], di
    and byte [di + 0x1be2], 0xfd             ; 8F3A: and byte ptr [di + 0x1be2], 0xfd
    inc word [bp - 8]                        ; 8F3F: inc word ptr [bp - 8]
    mov bx, word [bp - 8]                    ; 8F42: mov bx, word ptr [bp - 8]
    and byte [bx + 0x1be2], 0xfd             ; 8F45: and byte ptr [bx + 0x1be2], 0xfd
    mov sp, bp                               ; 8F4A: mov sp, bp
    pop bp                                   ; 8F4C: pop bp
    retf 2                                   ; 8F4D: retf 2
    db 0x55, 0x8b, 0xec, 0x83, 0xec, 0x0c, 0x80, 0x3e, 0x8a, 0x1b, 0x02, 0x75, 0x0b, 0xc6, 0x46, 0xf6  ; 8F50
    db 0xff, 0xc6, 0x46, 0xf5, 0x00, 0xe9, 0x08, 0x00, 0xc6, 0x46, 0xf6, 0x00, 0xc6, 0x46, 0xf5, 0x00  ; 8F60
    db 0x8a, 0x56, 0xf5, 0x2a, 0xf6, 0x52, 0x8a, 0x5e, 0xf6, 0x2a, 0xff, 0x53, 0xbf, 0x00, 0x20, 0x57  ; 8F70
    db 0xc4, 0x3e, 0x80, 0x1c, 0x06, 0x57, 0x9a, 0x09, 0x00, 0xbe, 0xfb, 0x83, 0xc4, 0x06, 0xbf, 0x01  ; 8F80
    db 0x00, 0x57, 0x57, 0xba, 0xff, 0x1f, 0x52, 0xc4, 0x3e, 0x36, 0x00, 0x06, 0x57, 0x9a, 0x09, 0x00  ; 8F90
    db 0xbe, 0xfb, 0x83, 0xc4, 0x06, 0xa0, 0x8c, 0x01, 0x88, 0x46, 0xf7, 0x24, 0x01, 0x3c, 0x00, 0x74  ; 8FA0
    db 0x78, 0xc4, 0x3e, 0x94, 0x1c, 0x26, 0x8b, 0x55, 0x40, 0x89, 0x56, 0xf8, 0x80, 0x3e, 0x83, 0x1b  ; 8FB0
    db 0x1e, 0x75, 0x3b, 0xbb, 0x01, 0x00, 0x53, 0x53, 0xbb, 0x00, 0x08, 0x53, 0xc4, 0x1e, 0x36, 0x00  ; 8FC0
    db 0x8b, 0xc3, 0x03, 0xc2, 0x06, 0x50, 0x9a, 0x09, 0x00, 0xbe, 0xfb, 0x83, 0xc4, 0x06, 0x2b, 0xff  ; 8FD0
    db 0x57, 0x57, 0xba, 0x00, 0x08, 0x52, 0x8b, 0x56, 0xf8, 0xc4, 0x1e, 0x80, 0x1c, 0x8b, 0xc3, 0x03  ; 8FE0
    db 0xc2, 0x06, 0x50, 0x9a, 0x09, 0x00, 0xbe, 0xfb, 0x83, 0xc4, 0x06, 0xe9, 0x40, 0x00, 0xbf, 0x01  ; 8FF0
    db 0x00, 0x57, 0x57, 0xbf, 0x40, 0x04, 0x57, 0x8b, 0x7e, 0xf8, 0xc4, 0x16, 0x36, 0x00, 0x8b, 0xda  ; 9000
    db 0x03, 0xdf, 0x06, 0x53, 0x9a, 0x09, 0x00, 0xbe, 0xfb, 0x83, 0xc4, 0x06, 0x2b, 0xff, 0x57, 0x57  ; 9010
    db 0xba, 0x40, 0x04, 0x52, 0x8b, 0x56, 0xf8, 0xeb, 0x03, 0xe9, 0x12, 0x00, 0xc4, 0x1e, 0x80, 0x1c  ; 9020
    db 0x8b, 0xc3, 0x03, 0xc2, 0x06, 0x50, 0x9a, 0x09, 0x00, 0xbe, 0xfb, 0x83, 0xc4, 0x06, 0x8b, 0xe5  ; 9030
    db 0x5d, 0xcb, 0x55, 0x8b, 0xec, 0x83, 0xec, 0x0a, 0x8b, 0x7e, 0x06, 0xd1, 0xe7, 0xd1, 0xe7, 0x8b  ; 9040
    db 0x95, 0x3c, 0x00, 0x89, 0x56, 0xf6, 0xa1, 0x2a, 0x00, 0x40, 0x89, 0x46, 0xf8, 0x8b, 0x5e, 0x06  ; 9050
    db 0x80, 0xa7, 0xdc, 0x01, 0xfe, 0x80, 0xa7, 0xe4, 0x01, 0xfe, 0x8a, 0x56, 0x08, 0x80, 0xe2, 0x01  ; 9060
    db 0x80, 0xfa, 0x00, 0x74, 0x48, 0x2b, 0xff, 0x57, 0x57, 0x8b, 0x56, 0xf8, 0xd1, 0xfa, 0xd1, 0xfa  ; 9070
    db 0x52, 0xc4, 0x16, 0x80, 0x1c, 0x8b, 0x5e, 0x06, 0x83, 0xc3, 0x08, 0xd1, 0xe3, 0xd1, 0xe3, 0x8b  ; 9080
    db 0xbf, 0x3c, 0x00, 0x8b, 0xc2, 0x03, 0xc7, 0x06, 0x50, 0x9a, 0x09, 0x00, 0xbe, 0xfb, 0x83, 0xc4  ; 9090
    db 0x06, 0x2b, 0xff, 0x57, 0x57, 0xff, 0x76, 0xf8, 0x8b, 0x56, 0xf6, 0xc4, 0x1e, 0x80, 0x1c, 0x8b  ; 90A0
    db 0xc3, 0x03, 0xc2, 0x06, 0x50, 0x9a, 0x09, 0x00, 0xbe, 0xfb, 0x83, 0xc4, 0x06, 0x8a, 0x56, 0x08  ; 90B0
    db 0x80, 0xe2, 0x02, 0x80, 0xfa, 0x00, 0x74, 0x4e, 0xbf, 0x01, 0x00, 0x57, 0x8b, 0x7e, 0xf8, 0xd1  ; 90C0
    db 0xff, 0xd1, 0xff, 0x57, 0x2b, 0xff, 0x57, 0xc4, 0x16, 0x36, 0x00, 0x8b, 0x5e, 0x06, 0x83, 0xc3  ; 90D0
    db 0x08, 0xd1, 0xe3, 0xd1, 0xe3, 0x8b, 0x87, 0x3c, 0x00, 0x8b, 0xda, 0x03, 0xd8, 0x06, 0x53, 0x9a  ; 90E0
    db 0x10, 0x01, 0x02, 0xfa, 0x83, 0xc4, 0x06, 0xbf, 0x01, 0x00, 0x57, 0xff, 0x76, 0xf8, 0x2b, 0xff  ; 90F0
    db 0x57, 0x8b, 0x56, 0xf6, 0xc4, 0x1e, 0x36, 0x00, 0x8b, 0xc3, 0x03, 0xc2, 0x06, 0x50, 0x9a, 0x10  ; 9100
    db 0x01, 0x02, 0xfa, 0x83, 0xc4, 0x06, 0x8b, 0xe5, 0x5d, 0xca, 0x02, 0x00  ; 9110
SUB_F911C:
    push bp                                  ; 911C: push bp
    mov bp, sp                               ; 911D: mov bp, sp
    sub sp, 6                                ; 911F: sub sp, 6
    les di, [0x1c80]                         ; 9122: les di, ptr [0x1c80]
    lea dx, [di + 0x4851]                    ; 9126: lea dx, [di + 0x4851]
    mov word [0x1e8], dx                     ; 912A: mov word ptr [0x1e8], dx
    mov word [0x1ea], es                     ; 912E: mov word ptr [0x1ea], es
    les bx, [0x1c80]                         ; 9132: les bx, ptr [0x1c80]
    lea ax, [bx - 0x37af]                    ; 9136: lea ax, [bx - 0x37af]
    mov word [0x1ec], ax                     ; 913A: mov word ptr [0x1ec], ax
    mov word [0x1ee], es                     ; 913D: mov word ptr [0x1ee], es
    call 0xf80a:0x0194                       ; 9141: lcall 0xf80a, 0x194
    call 0xf80a:0x0006                       ; 9146: lcall 0xf80a, 6
    mov di, 1                                ; 914B: mov di, 1
    push di                                  ; 914E: push di
    push di                                  ; 914F: push di
    mov di, 0x4800                           ; 9150: mov di, 0x4800
    push di                                  ; 9153: push di
    les di, [0x36]                           ; 9154: les di, ptr [0x36]
    push es                                  ; 9158: push es
    push di                                  ; 9159: push di
    call 0xfbbe:0x0009                       ; 915A: lcall 0xfbbe, 9
    add sp, 6                                ; 915F: add sp, 6
    mov sp, bp                               ; 9162: mov sp, bp
    pop bp                                   ; 9164: pop bp
    retf                                     ; 9165: retf 
    db 0x55, 0x8b, 0xec, 0x83, 0xec, 0x0e, 0x8a, 0x56, 0x06, 0x2a, 0xf6, 0xd1, 0xe2, 0xd1, 0xe2, 0xd1  ; 9166
    db 0xe2, 0xd1, 0xe2, 0xbf, 0x8c, 0x01, 0x03, 0xfa, 0x89, 0x7e, 0xf2, 0x8c, 0x5e, 0xf4, 0xc4, 0x5e  ; 9176
    db 0xf2, 0x26, 0xc6, 0x07, 0x00, 0x80, 0x3e, 0x83, 0x1b, 0x14, 0x75, 0x08, 0xa0, 0x8c, 0x01, 0x24  ; 9186
    db 0x08, 0x26, 0x08, 0x07, 0xc4, 0x7e, 0x08, 0x26, 0x8a, 0x15, 0x88, 0x56, 0xf9, 0x80, 0xe2, 0x01  ; 9196
    db 0x80, 0xfa, 0x00, 0x74, 0x13, 0xc4, 0x5e, 0xf2, 0x26, 0x80, 0x0f, 0x01, 0xc4, 0x7e, 0xf2, 0x26  ; 91A6
    db 0xc7, 0x45, 0x08, 0x00, 0x10, 0xe9, 0x09, 0x00, 0xc4, 0x7e, 0xf2, 0x26, 0xc7, 0x45, 0x08, 0x00  ; 91B6
    db 0x04, 0x8a, 0x56, 0xf9, 0x80, 0xe2, 0x02, 0x80, 0xfa, 0x00, 0x74, 0x0e, 0xc4, 0x7e, 0xf2, 0x26  ; 91C6
    db 0x80, 0x0d, 0x04, 0xc4, 0x5e, 0xf2, 0x26, 0xd1, 0x7f, 0x08, 0x8a, 0x56, 0xf9, 0x80, 0xe2, 0x04  ; 91D6
    db 0x80, 0xfa, 0x00, 0x74, 0x0e, 0xc4, 0x7e, 0xf2, 0x26, 0x80, 0x0d, 0x10, 0xc4, 0x5e, 0xf2, 0x26  ; 91E6
    db 0xd1, 0x67, 0x08, 0x8a, 0x56, 0xf9, 0x80, 0xe2, 0x08, 0x80, 0xfa, 0x00, 0x74, 0x07, 0xc4, 0x7e  ; 91F6
    db 0xf2, 0x26, 0x80, 0x0d, 0x20, 0xc4, 0x7e, 0x08, 0x26, 0x80, 0x7d, 0x05, 0x00, 0x74, 0x07, 0xc4  ; 9206
    db 0x5e, 0xf2, 0x26, 0x80, 0x0f, 0x40, 0xc4, 0x7e, 0x08, 0x26, 0x80, 0x7d, 0x04, 0x05, 0x76, 0x12  ; 9216
    db 0x8a, 0x56, 0xf9, 0x80, 0xe2, 0x08, 0x80, 0xfa, 0x00, 0x74, 0x07, 0xc4, 0x5e, 0xf2, 0x26, 0x80  ; 9226
    db 0x0f, 0x02, 0x8a, 0x56, 0xf9, 0x80, 0xe2, 0x04, 0x80, 0xfa, 0x00, 0x74, 0x07, 0xc6, 0x46, 0xf8  ; 9236
    db 0x03, 0xe9, 0x16, 0x00, 0x8a, 0x56, 0xf9, 0x80, 0xe2, 0x10, 0x80, 0xfa, 0x00, 0x74, 0x07, 0xc6  ; 9246
    db 0x46, 0xf8, 0x02, 0xe9, 0x04, 0x00, 0xc6, 0x46, 0xf8, 0x00, 0x8a, 0x56, 0xf9, 0x80, 0xe2, 0x08  ; 9256
    db 0x80, 0xfa, 0x00, 0x75, 0x07, 0xc6, 0x46, 0xf7, 0x08, 0xe9, 0x28, 0x00, 0x8a, 0x56, 0xf9, 0x80  ; 9266
    db 0xe2, 0x02, 0x80, 0xfa, 0x00, 0x74, 0x07, 0xc6, 0x46, 0xf7, 0x07, 0xe9, 0x16, 0x00, 0x8a, 0x56  ; 9276
    db 0xf9, 0x80, 0xe2, 0x20, 0x80, 0xfa, 0x00, 0x74, 0x07, 0xc6, 0x46, 0xf7, 0x01, 0xe9, 0x04, 0x00  ; 9286
    db 0xc6, 0x46, 0xf7, 0x02, 0xc4, 0x7e, 0x08, 0x26, 0x8a, 0x55, 0x04, 0x2a, 0xf6, 0x52, 0x8a, 0x5e  ; 9296
    db 0xf7, 0x2a, 0xff, 0x53, 0xb8, 0x01, 0x00, 0x50, 0x8a, 0x46, 0xf8, 0x2a, 0xe4, 0x50, 0x2b, 0xff  ; 92A6
    db 0x57, 0xc4, 0x56, 0xf2, 0x06, 0x52, 0x9a, 0x0f, 0x03, 0xab, 0xfa, 0x83, 0xc4, 0x0a, 0xbf, 0x01  ; 92B6
    db 0x00, 0x57, 0x2b, 0xff, 0x57, 0xc4, 0x56, 0xf2, 0x06, 0x52, 0x9a, 0x77, 0x01, 0xab, 0xfa, 0x83  ; 92C6
    db 0xc4, 0x04, 0xc4, 0x7e, 0x08, 0x06, 0x57, 0x8a, 0x56, 0x06, 0x2a, 0xf6, 0x52, 0x9a, 0xb0, 0x05  ; 92D6
    db 0x16, 0xf9, 0x83, 0xc4, 0x04, 0xc4, 0x7e, 0x08, 0x26, 0x8b, 0x55, 0x0c, 0xc4, 0x5e, 0xf2, 0x26  ; 92E6
    db 0x89, 0x57, 0x04, 0xc4, 0x7e, 0x08, 0x26, 0x8b, 0x45, 0x16, 0xc4, 0x5e, 0xf2, 0x26, 0x89, 0x47  ; 92F6
    db 0x06, 0x8b, 0xe5, 0x5d, 0xca, 0x02, 0x00, 0x55, 0x8b, 0xec, 0x83, 0xec, 0x26, 0x8a, 0x56, 0x0a  ; 9306
    db 0x2a, 0xf6, 0xd1, 0xe2, 0x8a, 0x5e, 0x0c, 0x2a, 0xff, 0x03, 0xd3, 0x8b, 0xc2, 0x88, 0x46, 0xdb  ; 9316
    db 0x2a, 0xe4, 0xba, 0x14, 0x00, 0xf7, 0xea, 0xbf, 0xa6, 0x00, 0x03, 0xf8, 0x89, 0x7e, 0xf2, 0x8c  ; 9326
    db 0x5e, 0xf4, 0x8a, 0x56, 0xdb, 0x2a, 0xf6, 0x8b, 0xc2, 0xba, 0x0a, 0x00, 0xf7, 0xea, 0xba, 0x14  ; 9336
    db 0x1c, 0x03, 0xd0, 0x89, 0x56, 0xee, 0x8c, 0x5e, 0xf0, 0x8a, 0x5e, 0xdb, 0x2a, 0xff, 0xd1, 0xe3  ; 9346
    db 0xd1, 0xe3, 0xbf, 0x3c, 0x00, 0x03, 0xfb, 0x89, 0x7e, 0xea, 0x8c, 0x5e, 0xec, 0x8a, 0x5e, 0x0a  ; 9356
    db 0x2a, 0xff, 0xd1, 0xe3, 0xd1, 0xe3, 0xd1, 0xe3, 0xd1, 0xe3, 0xb8, 0x8c, 0x01, 0x03, 0xc3, 0x89  ; 9366
    db 0x46, 0xf6, 0x8c, 0x5e, 0xf8, 0x8a, 0x56, 0xdb, 0x2a, 0xf6, 0x8b, 0xfa, 0x80, 0x8d, 0xe2, 0x1b  ; 9376
    db 0x02, 0xc4, 0x16, 0x80, 0x1c, 0x8c, 0xc3, 0xc4, 0x7e, 0xea, 0x8b, 0xc2, 0x26, 0x03, 0x05, 0x89  ; 9386
    db 0x46, 0xe6, 0x89, 0x5e, 0xe8, 0x8c, 0xc0, 0xc4, 0x1e, 0x36, 0x00, 0x8c, 0xc2, 0x8e, 0xc0, 0x8b  ; 9396
    db 0xc3, 0x26, 0x03, 0x05, 0x89, 0x46, 0xe2, 0x89, 0x56, 0xe4, 0x8c, 0xc2, 0xc4, 0x5e, 0x06, 0x26  ; 93A6
    db 0x8a, 0x07, 0x24, 0x08, 0x3c, 0x00  ; 93B6
    db 0x74, 0x2d, 0x57, 0x52, 0x26  ; 93BC: "t-WR&"
    db 0x8a, 0x47, 0x06, 0x2a, 0xe4, 0x50, 0x2b, 0xdb, 0x53, 0xc4, 0x7e, 0x06, 0x26, 0x8a, 0x55, 0x08  ; 93C1
    db 0x2a, 0xf6, 0x52, 0x53, 0xc4, 0x7e, 0xee, 0x06, 0x57, 0x9a, 0xbe, 0x02, 0xab, 0xfa, 0x83, 0xc4  ; 93D1
    db 0x08, 0x83, 0xc4, 0x02, 0x83, 0xc4, 0x02, 0xe9, 0x47, 0x00, 0xc4, 0x7e, 0x06, 0x26, 0x8a, 0x55  ; 93E1
    db 0x07, 0x2a, 0xf6, 0x52, 0x2b, 0xdb, 0x53, 0x26, 0x8a, 0x45, 0x08, 0x2a, 0xe4, 0x50, 0x53, 0xc4  ; 93F1
    db 0x7e, 0xee, 0x06, 0x57, 0x9a, 0xbe, 0x02, 0xab, 0xfa, 0x83, 0xc4, 0x08, 0xc4, 0x7e, 0x06, 0x26  ; 9401
    db 0x8a, 0x55, 0x06, 0x2a, 0xf6, 0x52, 0x2b, 0xdb, 0x53, 0x26, 0x8a, 0x45, 0x08, 0x2a, 0xe4, 0x50  ; 9411
    db 0x53, 0xc4, 0x7e, 0xee, 0x8d, 0x55, 0x0a, 0x06, 0x52, 0x9a, 0xbe, 0x02, 0xab, 0xfa, 0x83, 0xc4  ; 9421
    db 0x08, 0xc4, 0x7e, 0x06, 0x06, 0x57, 0xc4, 0x56, 0xee, 0x06, 0x52, 0x9a, 0xf0, 0x04, 0x16, 0xf9  ; 9431
    db 0x83, 0xc4, 0x04, 0x2b, 0xff, 0x57, 0x57, 0xc4, 0x5e, 0x06, 0x26, 0xff, 0x77, 0x0e, 0xc4, 0x56  ; 9441
    db 0xe6, 0x06, 0x52, 0x9a, 0x09, 0x00, 0xbe, 0xfb, 0x83, 0xc4, 0x06, 0xbf, 0x01, 0x00, 0x57, 0x57  ; 9451
    db 0xc4, 0x7e, 0x06, 0x26, 0xff, 0x75, 0x0e, 0xc4, 0x56, 0xe2, 0x06, 0x52, 0x9a, 0x09, 0x00, 0xbe  ; 9461
    db 0xfb, 0x83, 0xc4, 0x06, 0x80, 0x3e, 0x83, 0x1b, 0x1e, 0x74, 0x64, 0xc7, 0x46, 0xde, 0x44, 0x44  ; 9471
    db 0xc4, 0x7e, 0x06, 0x26, 0x8a, 0x15, 0x80, 0xe2, 0x02, 0x80, 0xfa, 0x00, 0x74, 0x13, 0xc7, 0x46  ; 9481
    db 0xe0, 0x00, 0x02, 0x80, 0x7e, 0x0c, 0x00, 0x74, 0x0d, 0xc7, 0x46, 0xde, 0x44, 0x46, 0xe9, 0x05  ; 9491
    db 0x00, 0xc7, 0x46, 0xe0, 0x00, 0x04, 0x2b, 0xff, 0x57, 0x57, 0xff, 0x76, 0xe0, 0x8b, 0x56, 0xde  ; 94A1
    db 0xc4, 0x1e, 0x80, 0x1c, 0x8b, 0xc3, 0x03, 0xc2, 0x06, 0x50, 0x9a, 0x09, 0x00, 0xbe, 0xfb, 0x83  ; 94B1
    db 0xc4, 0x06, 0xbf, 0x01, 0x00, 0x57, 0x57, 0xff, 0x76, 0xe0, 0x8b, 0x7e, 0xde, 0xc4, 0x16, 0x36  ; 94C1
    db 0x00, 0x8b, 0xda, 0x03, 0xdf, 0x06, 0x53, 0x9a, 0x09, 0x00, 0xbe, 0xfb, 0x83, 0xc4, 0x06, 0xc4  ; 94D1
    db 0x7e, 0xf2, 0x26, 0xc7, 0x45, 0x04, 0x00, 0x00, 0x26, 0xc7, 0x45, 0x02, 0x01, 0x00, 0xc4, 0x5e  ; 94E1
    db 0xe2, 0x26, 0xc6, 0x07, 0x02, 0x26, 0xc6, 0x47, 0x01, 0x02, 0x8d, 0x56, 0xdd, 0x16, 0x52, 0x8d  ; 94F1
    db 0x7e, 0xdc, 0x16, 0x57, 0xc4, 0x7e, 0xf6, 0x26, 0x8a, 0x05, 0x2a, 0xe4, 0x50, 0x9a, 0x15, 0x01  ; 9501
    db 0x81, 0xf9, 0x83, 0xc4, 0x08, 0x80, 0x66, 0xdc, 0xfe, 0xbf, 0x04, 0x00, 0x57, 0x2b, 0xff, 0x57  ; 9511
    db 0xba, 0x01, 0x00, 0x52, 0xc4, 0x5e, 0xe6, 0x06, 0x53, 0x8a, 0x56, 0xdd, 0x2a, 0xf6, 0x52, 0x8a  ; 9521
    db 0x46, 0xdc, 0x2a, 0xe4, 0x50, 0xc4, 0x5e, 0xf2, 0x06, 0x53, 0x9a, 0x9b, 0x02, 0x81, 0xf9, 0x83  ; 9531
    db 0xc4, 0x0e, 0x8a, 0x56, 0xdb, 0x2a, 0xf6, 0x8b, 0xfa, 0x80, 0xbd, 0xe2, 0x1b, 0x00, 0x74, 0x08  ; 9541
    db 0x80, 0x8d, 0xdc, 0x01, 0x01, 0xe9, 0x0c, 0x00, 0x8a, 0x56, 0xdb, 0x2a, 0xf6, 0x8b, 0xfa, 0x80  ; 9551
    db 0xa5, 0xdc, 0x01, 0xfe, 0x8b, 0xe5, 0x5d, 0xca, 0x04, 0x00, 0x55, 0x8b, 0xec, 0x83, 0xec, 0x0c  ; 9561
    db 0x80, 0x7e, 0x08, 0x00, 0x74, 0x07, 0xc6, 0x46, 0xf5, 0x04, 0xe9, 0x04, 0x00, 0xc6, 0x46, 0xf5  ; 9571
    db 0x00, 0x80, 0x3e, 0x83, 0x1b, 0x1e, 0x75, 0x5b, 0x8a, 0x56, 0x06, 0x2a, 0xf6, 0xd1, 0xe2, 0x8b  ; 9581
    db 0xc2, 0xba, 0x0e, 0x00, 0xf7, 0xea, 0xbf, 0x74, 0x05, 0x03, 0xf8, 0x89, 0x7e, 0xf6, 0x8c, 0x5e  ; 9591
    db 0xf8, 0xc4, 0x5e, 0xf6, 0x26, 0xc7, 0x47, 0x02, 0x00, 0x00, 0x26, 0xc7, 0x47, 0x04, 0x00, 0x00  ; 95A1
    db 0x8a, 0x56, 0xf5, 0xc4, 0x5e, 0xf6, 0x26, 0x88, 0x57, 0x0c, 0x83, 0x46, 0xf6, 0x0e, 0xc4, 0x5e  ; 95B1
    db 0xf6, 0x26, 0xc7, 0x47, 0x02, 0x00, 0x00, 0x26, 0xc7, 0x47, 0x04, 0x00, 0x00, 0x8a, 0x56, 0xf5  ; 95C1
    db 0xc4, 0x7e, 0xf6, 0x26, 0x88, 0x55, 0x0c, 0x8a, 0x5e, 0x06, 0x2a, 0xff, 0x88, 0x97, 0x64, 0x05  ; 95D1
    db 0xe9, 0x66, 0x00, 0xa0, 0x64, 0x05, 0x24, 0xfd, 0x88, 0x46, 0xf5, 0x8a, 0x56, 0x06, 0x2a, 0xf6  ; 95E1
    db 0xd1, 0xe2, 0x8b, 0xc2, 0xba, 0x0e, 0x00, 0xf7, 0xea, 0xbf, 0x74, 0x05, 0x03, 0xf8, 0x89, 0x7e  ; 95F1
    db 0xf6, 0x8c, 0x5e, 0xf8, 0xa1, 0x76, 0x05, 0xc4, 0x5e, 0xf6, 0x26, 0x89, 0x47, 0x02, 0xa1, 0x78  ; 9601
    db 0x05, 0x26, 0x89, 0x47, 0x04, 0x8a, 0x56, 0xf5, 0xc4, 0x5e, 0xf6, 0x26, 0x88, 0x57, 0x0c, 0x83  ; 9611
    db 0x46, 0xf6, 0x0e, 0xa1, 0x84, 0x05, 0xc4, 0x5e, 0xf6, 0x26, 0x89, 0x47, 0x02, 0xa1, 0x86, 0x05  ; 9621
    db 0x26, 0x89, 0x47, 0x04, 0x8a, 0x56, 0xf5, 0xc4, 0x7e, 0xf6, 0x26, 0x88, 0x55, 0x0c, 0x8a, 0x46  ; 9631
    db 0x06, 0x2a, 0xe4, 0x8b, 0xf8, 0x88, 0x95, 0x64, 0x05, 0x8b, 0xe5, 0x5d, 0xca, 0x02, 0x00, 0x55  ; 9641
    db 0x8b, 0xec, 0x83, 0xec, 0x08, 0xc4, 0x7e, 0x0a, 0x26, 0x8a, 0x15, 0x88, 0x56, 0xf9, 0x80, 0xe2  ; 9651
    db 0x08, 0x80, 0xfa, 0x00, 0x75, 0x53, 0x26, 0x83, 0x7d, 0x12, 0x00, 0x75, 0x0b, 0xc4, 0x5e, 0x06  ; 9661
    db 0x26, 0xc6, 0x47, 0x07, 0x00, 0xe9, 0x3d, 0x00, 0xc4, 0x7e, 0x06, 0x26, 0xc6, 0x45, 0x07, 0x01  ; 9671
    db 0x8a, 0x56, 0xf9, 0x80, 0xe2, 0x04, 0x80, 0xfa, 0x00, 0x74, 0x18, 0xc4, 0x5e, 0x0a, 0x26, 0x8b  ; 9681
    db 0x7f, 0x12, 0xd1, 0xff, 0xd1, 0xff, 0xd1, 0xff, 0xd1, 0xff, 0xd1, 0xff, 0xd1, 0xff, 0x8b, 0xd7  ; 9691
    db 0xe9, 0x0b, 0x00, 0xc4, 0x7e, 0x0a, 0x26, 0x8b, 0x55, 0x12, 0xd1, 0xe2, 0xd1, 0xe2, 0xc4, 0x7e  ; 96A1
    db 0x06, 0x26, 0x89, 0x55, 0x08, 0x83, 0x46, 0x06, 0x0a, 0xc4, 0x7e, 0x0a, 0x26, 0x83, 0x7d, 0x10  ; 96B1
    db 0x00, 0x75, 0x0b, 0xc4, 0x5e, 0x06, 0x26, 0xc6, 0x47, 0x07, 0x00, 0xe9, 0x3b, 0x00, 0xc4, 0x7e  ; 96C1
    db 0x06, 0x26, 0xc6, 0x45, 0x07, 0x01, 0x8a, 0x56, 0xf9, 0x80, 0xe2, 0x04, 0x80, 0xfa, 0x00, 0x74  ; 96D1
    db 0x16, 0xc4, 0x5e, 0x0a, 0x26, 0x8b, 0x57, 0x10, 0xd1, 0xfa, 0xd1, 0xfa, 0xd1, 0xfa, 0xd1, 0xfa  ; 96E1
    db 0xd1, 0xfa, 0xd1, 0xfa, 0xe9, 0x0b, 0x00, 0xc4, 0x7e, 0x0a, 0x26, 0x8b, 0x55, 0x10, 0xd1, 0xe2  ; 96F1
    db 0xd1, 0xe2, 0xc4, 0x7e, 0x06, 0x26, 0x89, 0x55, 0x08, 0x8b, 0xe5, 0x5d, 0xca, 0x04, 0x00, 0x55  ; 9701
    db 0x8b, 0xec, 0x83, 0xec, 0x12, 0x51, 0xbf, 0x41, 0x00, 0x57, 0x9a, 0x0e, 0x00, 0x70, 0x94, 0x89  ; 9711
    db 0x46, 0xf2, 0x80, 0x7e, 0x06, 0x04, 0x75, 0x04, 0xc6, 0x46, 0x06, 0x01, 0x8a, 0x56, 0x06, 0x2a  ; 9721
    db 0xf6, 0xd1, 0xe2, 0xd1, 0xe2, 0xd1, 0xe2, 0xd1, 0xe2, 0xbf, 0x8c, 0x01, 0x03, 0xfa, 0x89, 0x7e  ; 9731
    db 0xf6, 0x8c, 0x5e, 0xf8, 0xc4, 0x5e, 0x08, 0x26, 0x8b, 0x47, 0x14, 0x89, 0x46, 0xee, 0x26, 0x8a  ; 9741
    db 0x17, 0x80, 0xe2, 0x10, 0x80, 0xfa, 0x00, 0x75, 0x0b, 0x26, 0x8a, 0x17, 0x80, 0xe2, 0x08, 0x80  ; 9751
    db 0xfa, 0x00, 0x75, 0x03, 0xd1, 0x66, 0xee, 0x8b, 0x7e, 0xee, 0x89, 0x7e, 0xf0, 0xc4, 0x5e, 0xf6  ; 9761
    db 0x26, 0x8a, 0x17, 0x80, 0xe2, 0x10, 0x80, 0xfa, 0x00, 0x74, 0x03, 0xd1, 0x66, 0xf0, 0xc4, 0x7e  ; 9771
    db 0x08, 0x26, 0x8a, 0x15, 0x80, 0xe2, 0x01, 0x80, 0xfa, 0x00, 0x75, 0x06, 0xb9, 0x02, 0x00, 0xd3  ; 9781
    db 0x66, 0xee, 0xc4, 0x7e, 0xf6, 0x26, 0x8a, 0x15, 0x80, 0xe2, 0x04, 0x80, 0xfa, 0x00, 0x74, 0x03  ; 9791
    db 0xd1, 0x66, 0xee, 0x81, 0x7e, 0xee, 0x00, 0x10, 0x7e, 0x05, 0xc7, 0x46, 0xee, 0x00, 0x10, 0x8b  ; 97A1
    db 0x7e, 0xf0, 0xc4, 0x5e, 0x08, 0x26, 0x89, 0x7f, 0x0c, 0x8b, 0x56, 0xee, 0x26, 0x89, 0x57, 0x16  ; 97B1
    db 0xff, 0x76, 0xf2, 0x9a, 0x0e, 0x00, 0x70, 0x94, 0x89, 0x46, 0xf4, 0x59, 0x8b, 0xe5, 0x5d, 0xca  ; 97C1
    db 0x02, 0x00, 0x55, 0x8b, 0xec, 0x83, 0xec, 0x0c, 0xa1, 0x94, 0x01, 0x48, 0x89, 0x46, 0xf4, 0x8a  ; 97D1
    db 0x56, 0x06, 0x2a, 0xf6, 0x8b, 0xc2, 0xba, 0x0a, 0x00, 0xf7, 0xea, 0x8b, 0xf8, 0x8b, 0x95, 0x68  ; 97E1
    db 0x00, 0x89, 0x56, 0xf6, 0xff, 0x36, 0x2a, 0x00, 0x52, 0xff, 0x76, 0xf4, 0xff, 0x76, 0x08, 0x9a  ; 97F1
    db 0x90, 0x02, 0x02, 0xfa, 0x83, 0xc4, 0x06, 0x89, 0x46, 0xf8, 0x8b, 0xe5, 0x5d, 0xca, 0x02, 0x00  ; 9801
    db 0xff, 0x55, 0x8b, 0xec, 0x83, 0xec, 0x0e, 0xc7, 0x46, 0xf2, 0x8c, 0x01, 0x8c, 0x5e, 0xf4, 0x9a  ; 9811
    db 0x07, 0x00, 0xab, 0xfa, 0xa0, 0x8c, 0x01, 0x88, 0x46, 0xf8, 0x8d, 0x7e, 0xf9, 0x16, 0x57, 0x8d  ; 9821
    db 0x56, 0xf7, 0x16, 0x52, 0x2a, 0xe4, 0x50, 0x9a, 0x15, 0x01, 0x81, 0xf9, 0x83, 0xc4, 0x08, 0x8a  ; 9831
    db 0x56, 0xf8, 0x2a, 0xf6, 0x52, 0x9a, 0x64, 0x00, 0xb5, 0xf9, 0x9a, 0x1c, 0x02, 0xab, 0xfa, 0xff  ; 9841
    db 0x36, 0x90, 0x01, 0x9a, 0x7e, 0x02, 0xab, 0xfa, 0xbf, 0x08, 0x00, 0x57, 0xbf, 0x01, 0x00, 0x57  ; 9851
    db 0x9a, 0x68, 0x00, 0x23, 0xe7, 0x83, 0xc4, 0x02, 0xc4, 0x7e, 0xf2, 0x26, 0xff, 0x75, 0x08, 0x8a  ; 9861
    db 0x56, 0xf8, 0x2a, 0xf6, 0x52, 0x9a, 0x03, 0x00, 0x9f, 0xfb, 0x83, 0xc4, 0x02, 0x8a, 0x56, 0x06  ; 9871
    db 0x2a, 0xf6, 0x52, 0x9a, 0x06, 0x00, 0xb5, 0xf9, 0x80, 0x26, 0x76, 0x1b, 0xbf, 0x8a, 0x56, 0xf9  ; 9881
    db 0x2a, 0xf6, 0x52, 0x8a, 0x5e, 0xf7, 0x2a, 0xff, 0x53, 0x8a, 0x46, 0xf8, 0x2a, 0xe4, 0x50, 0x9a  ; 9891
    db 0xa9, 0x01, 0x81, 0xf9, 0x83, 0xc4, 0x04, 0xc4, 0x7e, 0xf2, 0x26, 0x8a, 0x15, 0x80, 0xe2, 0x01  ; 98A1
    db 0x80, 0xfa, 0x00, 0x74, 0x1c, 0xba, 0x01, 0x00, 0x52, 0xbb, 0x04, 0x00, 0x53, 0x2b, 0xd2, 0x52  ; 98B1
    db 0x9a, 0x0e, 0x00, 0x06, 0xf7, 0x83, 0xc4, 0x04, 0xbf, 0x04, 0x00, 0x57, 0x9a, 0x38, 0x00, 0xe6  ; 98C1
    db 0xf8, 0x81, 0x0e, 0x48, 0x05, 0x00, 0x04, 0xc7, 0x06, 0x88, 0x01, 0x00, 0x00, 0xc6, 0x06, 0x8a  ; 98D1
    db 0x01, 0x00, 0xc6, 0x06, 0x8b, 0x01, 0x03, 0x80, 0x0e, 0x5a, 0x03, 0x02, 0x80, 0x0e, 0x6c, 0x03  ; 98E1
    db 0x02, 0x81, 0x0e, 0x5a, 0x05, 0x50, 0x03, 0xa1, 0x70, 0x05, 0xd1, 0xe0, 0x8b, 0xf8, 0x81, 0x8d  ; 98F1
    db 0x5a, 0x05, 0x50, 0x03, 0x9a, 0x00, 0x00, 0xf5, 0xf8, 0x81, 0x0e, 0x86, 0x01, 0x10, 0x00, 0xbf  ; 9901
    db 0x08, 0x00, 0x57, 0x2b, 0xff, 0x57, 0x9a, 0xd9, 0x00, 0x23, 0xe7, 0x83, 0xc4, 0x02, 0x8b, 0xe5  ; 9911
    db 0x5d, 0xca, 0x02, 0x00, 0x55, 0x8b, 0xec, 0x83, 0xec, 0x08, 0xc6, 0x46, 0xf9, 0x00, 0x80, 0x4e  ; 9921
    db 0xf9, 0x20, 0x80, 0x4e, 0xf9, 0x01, 0x8a, 0x56, 0x06, 0x80, 0xe2, 0x20, 0x80, 0xfa, 0x00, 0x74  ; 9931
    db 0x04, 0x80, 0x4e, 0xf9, 0x08, 0x8a, 0x56, 0x06, 0x80, 0xe2, 0x02, 0x80, 0xfa, 0x00, 0x74, 0x04  ; 9941
    db 0x80, 0x4e, 0xf9, 0x10, 0x8a, 0x56, 0x06, 0x80, 0xe2, 0x10, 0x80, 0xfa, 0x00, 0x74, 0x04, 0x80  ; 9951
    db 0x4e, 0xf9, 0x04, 0xc4, 0x7e, 0x08, 0x8a, 0x56, 0xf9, 0x26, 0x88, 0x15, 0x8a, 0x5e, 0x06, 0x80  ; 9961
    db 0xe3, 0x04, 0x80, 0xfb, 0x00, 0x74, 0x1f, 0x8a, 0x5e, 0x06, 0x80, 0xe3, 0x08, 0x80, 0xfb, 0x00  ; 9971
    db 0x74, 0x0a, 0xc4, 0x5e, 0x0c, 0x26, 0xc6, 0x07, 0x1c, 0xe9, 0x26, 0x00, 0xc4, 0x7e, 0x0c, 0x26  ; 9981
    db 0xc6, 0x05, 0x11, 0xe9, 0x1c, 0x00, 0x8a, 0x56, 0x06, 0x80, 0xe2, 0x08, 0x80, 0xfa, 0x00, 0x74  ; 9991
    db 0x0a, 0xc4, 0x7e, 0x0c, 0x26, 0xc6, 0x05, 0x1a, 0xe9, 0x07, 0x00, 0xc4, 0x7e, 0x0c, 0x26, 0xc6  ; 99A1
    db 0x05, 0x10, 0x8b, 0xe5, 0x5d, 0xca, 0x02, 0x00, 0x55, 0x8b, 0xec, 0x83, 0xec, 0x12, 0xc7, 0x46  ; 99B1
    db 0xf2, 0x8c, 0x01, 0x8c, 0x5e, 0xf4, 0xa0, 0x8c, 0x01, 0x24, 0x01, 0x3c, 0x00, 0x74, 0x0e, 0xa1  ; 99C1
    db 0x94, 0x01, 0xd1, 0xf8, 0xd1, 0xf8, 0x48, 0x89, 0x46, 0xee, 0xe9, 0x0b, 0x00, 0xc4, 0x7e, 0xf2  ; 99D1
    db 0x26, 0x8b, 0x55, 0x08, 0x4a, 0x89, 0x56, 0xee, 0xc7, 0x46, 0xf6, 0xa6, 0x00, 0x8c, 0x5e, 0xf8  ; 99E1
    db 0xc7, 0x46, 0xf0, 0x00, 0x00, 0xe9, 0x6d, 0x00, 0x8b, 0x7e, 0xf0, 0x8a, 0x95, 0xe2, 0x1b, 0x80  ; 99F1
    db 0xe2, 0x02, 0x80, 0xfa, 0x00, 0x74, 0x3c, 0xba, 0x06, 0x00, 0x52, 0xff, 0x36, 0x86, 0x01, 0xff  ; 9A01
    db 0x76, 0xee, 0xc4, 0x16, 0x80, 0x1c, 0x8b, 0x7e, 0xf0, 0xd1, 0xe7, 0xd1, 0xe7, 0x8b, 0x9d, 0x3c  ; 9A11
    db 0x00, 0x8b, 0xc2, 0x03, 0xc3, 0x06, 0x50, 0x8a, 0x46, 0x0a, 0x2a, 0xe4, 0x50, 0x8a, 0x5e, 0x08  ; 9A21
    db 0x2a, 0xff, 0x53, 0xc4, 0x56, 0xf6, 0x06, 0x52, 0x9a, 0x9b, 0x02, 0x81, 0xf9, 0x83, 0xc4, 0x0e  ; 9A31
    db 0xe9, 0x1b, 0x00, 0xc4, 0x7e, 0xf6, 0x26, 0xc6, 0x05, 0x00, 0x26, 0xc6, 0x45, 0x01, 0x00, 0xc4  ; 9A41
    db 0x5e, 0xf6, 0x26, 0x80, 0x0f, 0x01, 0xc4, 0x7e, 0xf6, 0x26, 0x80, 0x65, 0x0a, 0x28, 0x83, 0x46  ; 9A51
    db 0xf6, 0x14, 0xff, 0x46, 0xf0, 0x83, 0x7e, 0xf0, 0x02, 0x7c, 0x8d, 0xbf, 0xa6, 0x00, 0x81, 0xc7  ; 9A61
    db 0xa0, 0x00, 0x89, 0x7e, 0xf6, 0x8c, 0x5e, 0xf8, 0xc4, 0x5e, 0xf6, 0x26, 0xc6, 0x07, 0x01, 0x26  ; 9A71
    db 0xc6, 0x47, 0x01, 0x00, 0xc4, 0x7e, 0xf6, 0x26, 0x80, 0x65, 0x0a, 0x28, 0x83, 0x46, 0xf6, 0x14  ; 9A81
    db 0xc4, 0x7e, 0xf6, 0x26, 0xc6, 0x05, 0x01, 0x26, 0xc6, 0x45, 0x01, 0x00, 0xc4, 0x7e, 0xf6, 0x26  ; 9A91
    db 0x80, 0x65, 0x0a, 0x28, 0x8b, 0xe5, 0x5d, 0xca, 0x02, 0x00, 0x55, 0x8b, 0xec, 0x83, 0xec, 0x08  ; 9AA1
    db 0xc4, 0x7e, 0x06, 0x26, 0xc6, 0x05, 0x00, 0x26, 0xc6, 0x45, 0x01, 0x00, 0x8a, 0x56, 0x0a, 0xc4  ; 9AB1
    db 0x5e, 0x06, 0x26, 0x88, 0x57, 0x0a, 0x8a, 0x46, 0x0c, 0x26, 0x88, 0x47, 0x0d, 0xc4, 0x7e, 0x06  ; 9AC1
    db 0x26, 0xc6, 0x45, 0x0e, 0x00, 0x26, 0xc6, 0x45, 0x0b, 0x10, 0xc4, 0x7e, 0x06, 0x26, 0xc6, 0x45  ; 9AD1
    db 0x0c, 0x00, 0x8b, 0x56, 0x14, 0x81, 0xe2, 0x01, 0x00, 0x83, 0xfa, 0x00, 0x74, 0x08, 0x26, 0x80  ; 9AE1
    db 0x4d, 0x01, 0x01, 0xe9, 0x08, 0x00, 0xc4, 0x7e, 0x06, 0x26, 0x80, 0x65, 0x01, 0xfe, 0xc4, 0x7e  ; 9AF1
    db 0x0e, 0x06, 0x57, 0x9a, 0x0f, 0x00, 0xc2, 0xfb, 0x89, 0x46, 0xf8, 0xc4, 0x7e, 0x06, 0x8d, 0x55  ; 9B01
    db 0x0f, 0x06, 0x52, 0x8d, 0x5e, 0xf8, 0x16, 0x53, 0x9a, 0x2d, 0x00, 0xc2, 0xfb, 0x83, 0xc4, 0x04  ; 9B11
    db 0xc4, 0x7e, 0x06, 0x26, 0x8a, 0x55, 0x0f, 0x26, 0x88, 0x55, 0x11, 0xc4, 0x5e, 0x06, 0x26, 0x8a  ; 9B21
    db 0x47, 0x10, 0x26, 0x88, 0x47, 0x12, 0xc4, 0x7e, 0x06, 0x26, 0xc7, 0x45, 0x06, 0x00, 0x00, 0x8b  ; 9B31
    db 0x56, 0x12, 0x26, 0x89, 0x55, 0x08, 0xc4, 0x7e, 0x06, 0x8a, 0x56, 0x16, 0x26, 0x88, 0x15, 0x8b  ; 9B41
    db 0xe5, 0x5d, 0xca, 0x04, 0x00, 0x55, 0x8b, 0xec, 0x83, 0xec, 0x06, 0x81, 0x0e, 0x86, 0x01, 0x04  ; 9B51
    db 0x00, 0x81, 0x26, 0x86, 0x01, 0x5e, 0xfb, 0x80, 0x7e, 0x06, 0x03, 0x74, 0x0c, 0x80, 0x7e, 0x06  ; 9B61
    db 0x05, 0x74, 0x06, 0x80, 0x7e, 0x06, 0x07, 0x75, 0x0c, 0x81, 0x0e, 0x86, 0x01, 0x01, 0x00, 0x81  ; 9B71
    db 0x0e, 0x86, 0x01, 0x80, 0x00, 0xa0, 0x72, 0x1b, 0x2a, 0xe4, 0x25, 0x03, 0x00, 0x3d, 0x03, 0x00  ; 9B81
    db 0x75, 0x15, 0x80, 0x7e, 0x06, 0x04, 0x74, 0x0f, 0x80, 0x7e, 0x06, 0x03, 0x74, 0x09, 0x81, 0x0e  ; 9B91
    db 0x86, 0x01, 0x00, 0x01, 0xe9, 0x06, 0x00, 0x81, 0x26, 0x86, 0x01, 0xff, 0xfe, 0x8b, 0xe5, 0x5d  ; 9BA1
    db 0xca, 0x02, 0x00, 0x55, 0x8b, 0xec, 0x83, 0xec, 0x06, 0x8a, 0x56, 0x06, 0x80, 0xe2, 0x04, 0x80  ; 9BB1
    db 0xfa, 0x00, 0x74, 0x08, 0xc6, 0x06, 0x6f, 0x01, 0x01, 0xe9, 0x05, 0x00, 0xc6, 0x06, 0x6f, 0x01  ; 9BC1
    db 0x00, 0x8a, 0x56, 0x06, 0x80, 0xe2, 0x10, 0x80, 0xfa, 0x00, 0x74, 0x08, 0xc6, 0x06, 0x6e, 0x01  ; 9BD1
    db 0x01, 0xe9, 0x05, 0x00, 0xc6, 0x06, 0x6e, 0x01, 0x00, 0xff, 0x36, 0x94, 0x01, 0x9a, 0x0e, 0x00  ; 9BE1
    db 0x58, 0xf8, 0xa3, 0x70, 0x01, 0x80, 0x3e, 0x1f, 0x00, 0x03, 0x74, 0x0e, 0x80, 0x3e, 0x1f, 0x00  ; 9BF1
    db 0x07, 0x74, 0x07, 0x80, 0x3e, 0x1f, 0x00, 0x05, 0x75, 0x26, 0x8a, 0x56, 0x06, 0x80, 0xe2, 0x04  ; 9C01
    db 0x80, 0xfa, 0x00, 0x74, 0x0f, 0xc7, 0x06, 0x72, 0x01, 0x7e, 0x08, 0xc7, 0x06, 0x76, 0x01, 0x1e  ; 9C11
    db 0x02, 0xe9, 0x0c, 0x00, 0xc7, 0x06, 0x72, 0x01, 0xfe, 0x10, 0xc7, 0x06, 0x76, 0x01, 0x3e, 0x04  ; 9C21
    db 0x8b, 0xe5, 0x5d, 0xca, 0x02, 0x00, 0xff, 0x55, 0x8b, 0xec, 0x83, 0xec, 0x14, 0xa1, 0x86, 0x01  ; 9C31
    db 0x25, 0x40, 0x00, 0x3d, 0x00, 0x00, 0x74, 0x31, 0xc7, 0x46, 0xee, 0x08, 0x00, 0xc7, 0x46, 0xec  ; 9C41
    db 0x09, 0x00, 0xc7, 0x46, 0xf2, 0x02, 0x00, 0xa1, 0xd4, 0x01, 0x48, 0x89, 0x46, 0xf4, 0xa1, 0x2a  ; 9C51
    db 0x00, 0x40, 0xd1, 0xf8, 0xd1, 0xf8, 0x48, 0x89, 0x46, 0xf0, 0xa1, 0xec, 0x05, 0x89, 0x46, 0xf8  ; 9C61
    db 0xa1, 0xee, 0x05, 0x89, 0x46, 0xf6, 0xe9, 0x28, 0x00, 0xc7, 0x46, 0xee, 0x00, 0x00, 0xc7, 0x46  ; 9C71
    db 0xec, 0x01, 0x00, 0xc7, 0x46, 0xf2, 0x00, 0x00, 0xa1, 0x94, 0x01, 0x48, 0x89, 0x46, 0xf4, 0xa1  ; 9C81
    db 0x2a, 0x00, 0x89, 0x46, 0xf0, 0xa1, 0x7c, 0x05, 0x89, 0x46, 0xf8, 0xa1, 0x7e, 0x05, 0x89, 0x46  ; 9C91
    db 0xf6, 0xa0, 0xa7, 0x00, 0x24, 0x01, 0x3c, 0x00, 0x74, 0x1a, 0xff, 0x76, 0xf4, 0xff, 0x76, 0xf0  ; 9CA1
    db 0xff, 0x76, 0xee, 0xff, 0x76, 0xf2, 0xff, 0x76, 0xf6, 0xff, 0x76, 0xf8, 0x9a, 0xbc, 0x00, 0xc3  ; 9CB1
    db 0xf9, 0x83, 0xc4, 0x0a, 0xa0, 0xbb, 0x00, 0x24, 0x01, 0x3c, 0x00, 0x74, 0x1a, 0xff, 0x76, 0xf4  ; 9CC1
    db 0xff, 0x76, 0xf0, 0xff, 0x76, 0xec, 0xff, 0x76, 0xf2, 0xff, 0x76, 0xf6, 0xff, 0x76, 0xf8, 0x9a  ; 9CD1
    db 0xbc, 0x00, 0xc3, 0xf9, 0x83, 0xc4, 0x0a, 0x8b, 0xe5, 0x5d, 0xcb, 0x55, 0x8b, 0xec, 0x83, 0xec  ; 9CE1
    db 0x0e, 0x51, 0x8b, 0x7e, 0x0a, 0x8b, 0x56, 0x0c, 0x81, 0xe2, 0x01, 0x00, 0x8b, 0xc2, 0xba, 0x0a  ; 9CF1
    db 0x00, 0xf7, 0xea, 0x8b, 0xcf, 0x8b, 0xd8, 0x8b, 0x97, 0x68, 0x00, 0xd3, 0xfa, 0x89, 0x56, 0xf8  ; 9D01
    db 0xa1, 0x86, 0x01, 0x25, 0x20, 0x00, 0x3d, 0x00, 0x00, 0x74, 0x15, 0x8d, 0x7e, 0x08, 0x16, 0x57  ; 9D11
    db 0x8d, 0x4e, 0x06, 0x16, 0x51, 0xff, 0x76, 0x0c, 0x9a, 0x75, 0x03, 0xc3, 0xf9, 0x83, 0xc4, 0x08  ; 9D21
    db 0x8b, 0x7e, 0xf8, 0x2b, 0x7e, 0x10, 0x03, 0x7e, 0x06, 0x8b, 0x56, 0x0e, 0x3b, 0xfa, 0x7e, 0x12  ; 9D31
    db 0x8b, 0x4e, 0xf8, 0x2b, 0x4e, 0x10, 0x03, 0x4e, 0x06, 0x2b, 0xca, 0x49, 0x89, 0x4e, 0xf6, 0xe9  ; 9D41
    db 0x2d, 0x00, 0x8b, 0x7e, 0xf8, 0x2b, 0x7e, 0x10, 0x03, 0x7e, 0x06, 0x83, 0xff, 0x00, 0x7d, 0x13  ; 9D51
    db 0x8b, 0x56, 0xf8, 0x2b, 0x56, 0x10, 0x03, 0x56, 0x06, 0x03, 0x56, 0x0e, 0x42, 0x89, 0x56, 0xf6  ; 9D61
    db 0xe9, 0x0c, 0x00, 0x8b, 0x7e, 0xf8, 0x2b, 0x7e, 0x10, 0x03, 0x7e, 0x06, 0x89, 0x7e, 0xf6, 0x8b  ; 9D71
    db 0x7e, 0xf6, 0x4f, 0x8b, 0x56, 0x0e, 0x3b, 0xfa, 0x7e, 0x09, 0x2b, 0xfa, 0x4f, 0x89, 0x7e, 0xf6  ; 9D81
    db 0xe9, 0x1c, 0x00, 0x8b, 0x7e, 0xf6, 0x4f, 0x83, 0xff, 0x00, 0x7d, 0x0c, 0x8b, 0x56, 0xf6, 0x03  ; 9D91
    db 0x56, 0x0e, 0x89, 0x56, 0xf6, 0xe9, 0x07, 0x00, 0x8b, 0x7e, 0xf6, 0x4f, 0x89, 0x7e, 0xf6, 0x8b  ; 9DA1
    db 0x7e, 0xf8, 0x2b, 0x7e, 0x10, 0x03, 0x7e, 0x08, 0x8b, 0x56, 0x0e, 0x3b, 0xfa, 0x7e, 0x12, 0x8b  ; 9DB1
    db 0x4e, 0xf8, 0x2b, 0x4e, 0x10, 0x03, 0x4e, 0x08, 0x2b, 0xca, 0x49, 0x89, 0x4e, 0xf4, 0xe9, 0x2d  ; 9DC1
    db 0x00, 0x8b, 0x7e, 0xf8, 0x2b, 0x7e, 0x10, 0x03, 0x7e, 0x08, 0x83, 0xff, 0x00, 0x7d, 0x13, 0x8b  ; 9DD1
    db 0x56, 0xf8, 0x2b, 0x56, 0x10, 0x03, 0x56, 0x08, 0x03, 0x56, 0x0e, 0x42, 0x89, 0x56, 0xf4, 0xe9  ; 9DE1
    db 0x0c, 0x00, 0x8b, 0x7e, 0xf8, 0x2b, 0x7e, 0x10, 0x03, 0x7e, 0x08, 0x89, 0x7e, 0xf4, 0x8b, 0x7e  ; 9DF1
    db 0xf4, 0x4f, 0x8b, 0x56, 0x0e, 0x3b, 0xfa, 0x7e, 0x09, 0x2b, 0xfa, 0x4f, 0x89, 0x7e, 0xf4, 0xe9  ; 9E01
    db 0x1c, 0x00, 0x8b, 0x7e, 0xf4, 0x4f, 0x83, 0xff, 0x00, 0x7d, 0x0c, 0x8b, 0x56, 0xf4, 0x03, 0x56  ; 9E11
    db 0x0e, 0x89, 0x56, 0xf4, 0xe9, 0x07, 0x00, 0x8b, 0x7e, 0xf4, 0x4f, 0x89, 0x7e, 0xf4, 0x8b, 0x7e  ; 9E21
    db 0x0e, 0x39, 0x7e, 0xf6, 0x75, 0x1a, 0x8b, 0x56, 0xf4, 0x39, 0x56, 0xf6, 0x75, 0x0d, 0xc7, 0x46  ; 9E31
    db 0xf6, 0x00, 0x00, 0xc7, 0x46, 0xf4, 0x00, 0x00, 0xe9, 0x05, 0x00, 0xc7, 0x46, 0xf6, 0x00, 0x00  ; 9E41
    db 0x80, 0x3e, 0x8e, 0x01, 0x17, 0x74, 0x07, 0x80, 0x3e, 0x8e, 0x01, 0x18, 0x75, 0x78, 0x80, 0x3e  ; 9E51
    db 0x8e, 0x01, 0x17, 0x75, 0x08, 0xc7, 0x46, 0xf2, 0x02, 0x00, 0xe9, 0x05, 0x00, 0xc7, 0x46, 0xf2  ; 9E61
    db 0x01, 0x00, 0x8b, 0x7e, 0x0c, 0xd1, 0xe7, 0xba, 0x7e, 0x03, 0x03, 0xd7, 0x89, 0x16, 0x92, 0x03  ; 9E71
    db 0x8c, 0x1e, 0x94, 0x03, 0xb9, 0x96, 0x03, 0x03, 0xcf, 0x89, 0x0e, 0xaa, 0x03, 0x8c, 0x1e, 0xac  ; 9E81
    db 0x03, 0xc4, 0x1e, 0xaa, 0x03, 0x26, 0x8b, 0x07, 0x05, 0x14, 0x00, 0x39, 0x46, 0xf4, 0x7f, 0x67  ; 9E91
    db 0xc4, 0x1e, 0xaa, 0x03, 0x26, 0x8b, 0x17, 0x83, 0xc2, 0xec, 0x39, 0x56, 0xf4, 0x7c, 0x58, 0xc4  ; 9EA1
    db 0x3e, 0xaa, 0x03, 0x26, 0x8b, 0x05, 0x05, 0x02, 0x00, 0x39, 0x46, 0xf4, 0x7f, 0x0f, 0xc4, 0x3e  ; 9EB1
    db 0xaa, 0x03, 0x26, 0x8b, 0x0d, 0x83, 0xc1, 0xfe, 0x39, 0x4e, 0xf4, 0x7d, 0x3a, 0xc4, 0x3e, 0xaa  ; 9EC1
    db 0x03, 0x26, 0x8b, 0x15, 0xeb, 0x03, 0xe9, 0xb3, 0x00, 0x39, 0x56, 0xf4, 0x7e, 0x10, 0xc4, 0x1e  ; 9ED1
    db 0xaa, 0x03, 0x26, 0x8b, 0x0f, 0x03, 0x4e, 0xf2, 0x89, 0x4e, 0xf4, 0xe9, 0x19, 0x00, 0xc4, 0x3e  ; 9EE1
    db 0xaa, 0x03, 0x26, 0x8b, 0x15, 0x39, 0x56, 0xf4, 0x7d, 0x0d, 0xc4, 0x1e, 0xaa, 0x03, 0x26, 0x8b  ; 9EF1
    db 0x0f, 0x2b, 0x4e, 0xf2, 0x89, 0x4e, 0xf4, 0xc4, 0x3e, 0x92, 0x03, 0x26, 0x8b, 0x15, 0x83, 0xc2  ; 9F01
    db 0x14, 0x39, 0x56, 0xf6, 0x7f, 0x62, 0xc4, 0x1e, 0x92, 0x03, 0x26, 0x8b, 0x0f, 0x83, 0xc1, 0xec  ; 9F11
    db 0x39, 0x4e, 0xf6, 0x7c, 0x53, 0xc4, 0x3e, 0x92, 0x03, 0x26, 0x8b, 0x05, 0x05, 0x02, 0x00, 0x39  ; 9F21
    db 0x46, 0xf6, 0x7f, 0x0f, 0xc4, 0x3e, 0x92, 0x03, 0x26, 0x8b, 0x15, 0x83, 0xc2, 0xfe, 0x39, 0x56  ; 9F31
    db 0xf6, 0x7d, 0x35, 0xc4, 0x3e, 0x92, 0x03, 0x26, 0x8b, 0x15, 0x39, 0x56, 0xf6, 0x7e, 0x10, 0xc4  ; 9F41
    db 0x1e, 0x92, 0x03, 0x26, 0x8b, 0x0f, 0x03, 0x4e, 0xf2, 0x89, 0x4e, 0xf6, 0xe9, 0x19, 0x00, 0xc4  ; 9F51
    db 0x3e, 0x92, 0x03, 0x26, 0x8b, 0x15, 0x39, 0x56, 0xf6, 0x7d, 0x0d, 0xc4, 0x1e, 0x92, 0x03, 0x26  ; 9F61
    db 0x8b, 0x0f, 0x2b, 0x4e, 0xf2, 0x89, 0x4e, 0xf6, 0xc4, 0x3e, 0x92, 0x03, 0x8b, 0x56, 0xf6, 0x26  ; 9F71
    db 0x89, 0x15, 0xc4, 0x1e, 0xaa, 0x03, 0x8b, 0x56, 0xf4, 0x26, 0x89, 0x17, 0xff, 0x76, 0xf4, 0xff  ; 9F81
    db 0x76, 0xf6, 0xff, 0x76, 0x0c, 0x9a, 0xb7, 0x02, 0x59, 0xfb, 0x83, 0xc4, 0x04, 0x59, 0x8b, 0xe5  ; 9F91
    db 0x5d, 0xca, 0x02, 0x00, 0x55, 0x8b, 0xec, 0x83, 0xec, 0x08, 0x83, 0x7e, 0x06, 0x08, 0x75, 0x05  ; 9FA1
    db 0xc7, 0x46, 0x06, 0x02, 0x00, 0x83, 0x7e, 0x06, 0x09, 0x75, 0x05, 0xc7, 0x46, 0x06, 0x03, 0x00  ; 9FB1
    db 0x8b, 0x7e, 0x06, 0xd1, 0xe7, 0xd1, 0xe7, 0x8b, 0x95, 0x98, 0x00, 0x89, 0x56, 0xf8, 0xc4, 0x5e  ; 9FC1
    db 0x08, 0x26, 0x39, 0x17, 0x7e, 0x03, 0x26, 0x89, 0x17, 0x8b, 0x7e, 0xf8, 0xc4, 0x5e, 0x0c, 0x26  ; 9FD1
    db 0x39, 0x3f, 0x7e, 0x03, 0x26, 0x89, 0x3f, 0x8b, 0xe5, 0x5d, 0xca, 0x02, 0x00  ; 9FE1
SUB_F9FEE:
    push bp                                  ; 9FEE: push bp
    mov bp, sp                               ; 9FEF: mov bp, sp
    sub sp, 0xa                              ; 9FF1: sub sp, 0xa
    mov ax, 0x2000                           ; 9FF4: mov ax, 0x2000
    mov dx, 0x4000                           ; 9FF7: mov dx, 0x4000
    mov word [bp - 0xa], ax                  ; 9FFA: mov word ptr [bp - 0xa], ax
    mov word [bp - 8], dx                    ; 9FFD: mov word ptr [bp - 8], dx
    mov di, ax                               ; A000: mov di, ax
    mov es, dx                               ; A002: mov es, dx
    mov byte [es:di], 0                      ; A004: mov byte ptr es:[di], 0
    mov sp, bp                               ; A008: mov sp, bp
    pop bp                                   ; A00A: pop bp
    retf                                     ; A00B: retf 
SUB_FA00C:
    push bp                                  ; A00C: push bp
    mov bp, sp                               ; A00D: mov bp, sp
    sub sp, 0xa                              ; A00F: sub sp, 0xa
    mov ax, 0x1000                           ; A012: mov ax, 0x1000
    mov dx, 0x4000                           ; A015: mov dx, 0x4000
    mov word [bp - 0xa], ax                  ; A018: mov word ptr [bp - 0xa], ax
    mov word [bp - 8], dx                    ; A01B: mov word ptr [bp - 8], dx
    mov di, ax                               ; A01E: mov di, ax
    mov es, dx                               ; A020: mov es, dx
    mov byte [es:di], 0                      ; A022: mov byte ptr es:[di], 0
    mov sp, bp                               ; A026: mov sp, bp
    pop bp                                   ; A028: pop bp
    retf                                     ; A029: retf 
    db 0x55, 0x8b, 0xec, 0x83, 0xec, 0x10, 0x8b, 0x7e, 0x0c, 0x39, 0x7e, 0x0a, 0x7e, 0x20, 0xc6, 0x46  ; A02A
    db 0xf1, 0x03, 0x89, 0x7e, 0xf8, 0x03, 0x7e, 0x0e, 0x89, 0x7e, 0xf6, 0xc6, 0x46, 0xf0, 0x01, 0x8b  ; A03A
    db 0x56, 0x0a, 0x89, 0x56, 0xf4, 0x03, 0x56, 0x0e, 0x89, 0x56, 0xf2, 0xe9, 0x20, 0x00, 0x8b, 0x7e  ; A04A
    db 0x0a, 0x89, 0x7e, 0xf8, 0x03, 0x7e, 0x0e, 0x89, 0x7e, 0xf6, 0xc6, 0x46, 0xf1, 0x01, 0x8b, 0x56  ; A05A
    db 0x0c, 0x89, 0x56, 0xf4, 0x03, 0x56, 0x0e, 0x89, 0x56, 0xf2, 0xc6, 0x46, 0xf0, 0x03, 0x8b, 0x7e  ; A06A
    db 0x10, 0x39, 0x7e, 0xf6, 0x7e, 0x03, 0x89, 0x7e, 0xf6, 0x8b, 0x7e, 0x10, 0x39, 0x7e, 0xf2, 0x7e  ; A07A
    db 0x03, 0x89, 0x7e, 0xf2, 0x8b, 0x7e, 0xf4, 0x39, 0x7e, 0xf8, 0x7d, 0x75, 0x39, 0x7e, 0xf6, 0x7e  ; A08A
    db 0x1a, 0x8a, 0x56, 0xf1, 0x2a, 0xf6, 0x52, 0x57, 0xff, 0x76, 0xf8, 0xc4, 0x5e, 0x06, 0x06, 0x53  ; A09A
    db 0x9a, 0x10, 0x01, 0x02, 0xfa, 0x83, 0xc4, 0x06, 0xe9, 0x19, 0x00, 0x8a, 0x56, 0xf1, 0x2a, 0xf6  ; A0AA
    db 0x52, 0xff, 0x76, 0xf6, 0xff, 0x76, 0xf8, 0xc4, 0x7e, 0x06, 0x06, 0x57, 0x9a, 0x10, 0x01, 0x02  ; A0BA
    db 0xfa, 0x83, 0xc4, 0x06, 0x8b, 0x7e, 0xf6, 0x39, 0x7e, 0xf4, 0x7e, 0x1c, 0x8a, 0x56, 0xf0, 0x2a  ; A0CA
    db 0xf6, 0x52, 0xff, 0x76, 0xf2, 0xff, 0x76, 0xf4, 0xc4, 0x5e, 0x06, 0x06, 0x53, 0x9a, 0x10, 0x01  ; A0DA
    db 0x02, 0xfa, 0x83, 0xc4, 0x06, 0xe9, 0x19, 0x00, 0x8a, 0x56, 0xf0, 0x2a, 0xf6, 0x52, 0xff, 0x76  ; A0EA
    db 0xf2, 0xff, 0x76, 0xf6, 0xc4, 0x7e, 0x06, 0x06, 0x57, 0x9a, 0x10, 0x01, 0x02, 0xfa, 0x83, 0xc4  ; A0FA
    db 0x06, 0x8b, 0x7e, 0xf4, 0x39, 0x7e, 0xf6, 0x7c, 0x17, 0x8a, 0x56, 0x12, 0x2a, 0xf6, 0x52, 0xff  ; A10A
    db 0x76, 0xf6, 0x57, 0xc4, 0x5e, 0x06, 0x06, 0x53, 0x9a, 0x10, 0x01, 0x02, 0xfa, 0x83, 0xc4, 0x06  ; A11A
    db 0x8b, 0xe5, 0x5d, 0xca, 0x04, 0x00, 0x55, 0x8b, 0xec, 0x83, 0xec, 0x0a, 0xc4, 0x7e, 0x06, 0x8b  ; A12A
    db 0xd7, 0x03, 0x56, 0x0a, 0x89, 0x56, 0xf6, 0x8c, 0x46, 0xf8, 0xe9, 0x42, 0x00, 0xc4, 0x7e, 0xf6  ; A13A
    db 0x26, 0x8a, 0x15, 0x2a, 0xf6, 0x81, 0xe2, 0x03, 0x00, 0x83, 0xfa, 0x02, 0x74, 0x2e, 0x26, 0x8a  ; A14A
    db 0x15, 0x2a, 0xf6, 0x81, 0xe2, 0x03, 0x00, 0x83, 0xfa, 0x00, 0x74, 0x20, 0x26, 0x8a, 0x15, 0x80  ; A15A
    db 0xe2, 0x04, 0x80, 0xfa, 0x00, 0x74, 0x0c, 0x8a, 0x56, 0x0e, 0x80, 0xca, 0x04, 0x26, 0x88, 0x15  ; A16A
    db 0xe9, 0x09, 0x00, 0xc4, 0x7e, 0xf6, 0x8a, 0x56, 0x0e, 0x26, 0x88, 0x15, 0xff, 0x46, 0xf6, 0xc4  ; A17A
    db 0x7e, 0xf6, 0x8b, 0x56, 0x0c, 0xc4, 0x5e, 0x06, 0x8b, 0xc3, 0x03, 0xc2, 0x3b, 0xf8, 0x76, 0xad  ; A18A
    db 0x8b, 0xe5, 0x5d, 0xca, 0x04, 0x00, 0x55, 0x8b, 0xec, 0x83, 0xec, 0x10, 0x83, 0x7e, 0x08, 0x00  ; A19A
    db 0x74, 0x64, 0xff, 0x36, 0x2a, 0x00, 0x8a, 0x56, 0x06, 0x2a, 0xf6, 0x8b, 0xc2, 0xba, 0x0a, 0x00  ; A1AA
    db 0xf7, 0xea, 0x8b, 0xf8, 0xff, 0xb5, 0x68, 0x00, 0xff, 0x76, 0x0c, 0xff, 0x76, 0x0a, 0x9a, 0x90  ; A1BA
    db 0x02, 0x02, 0xfa, 0x83, 0xc4, 0x06, 0x89, 0x46, 0xf4, 0x8b, 0x7e, 0x0a, 0x03, 0x3e, 0x70, 0x01  ; A1CA
    db 0x89, 0x7e, 0xf8, 0x8b, 0x56, 0x0c, 0x3b, 0xfa, 0x7e, 0x03, 0x89, 0x56, 0xf8, 0x8b, 0x7e, 0xf8  ; A1DA
    db 0xa1, 0x2a, 0x00, 0x3b, 0xf8, 0x7e, 0x0b, 0x2b, 0x3e, 0x2a, 0x00, 0x4f, 0x89, 0x7e, 0xf8, 0xe9  ; A1EA
    db 0x17, 0x00, 0x83, 0x7e, 0xf8, 0x00, 0x7d, 0x11, 0x8b, 0x7e, 0xf8, 0x03, 0x3e, 0x2a, 0x00, 0x47  ; A1FA
    db 0x89, 0x7e, 0xf8, 0xe9, 0x03, 0x00, 0xe9, 0x97, 0x00, 0xff, 0x36, 0x2a, 0x00, 0x8a, 0x56, 0x06  ; A20A
    db 0x2a, 0xf6, 0x8b, 0xc2, 0xba, 0x0a, 0x00, 0xf7, 0xea, 0x8b, 0xf8, 0xff, 0xb5, 0x68, 0x00, 0xff  ; A21A
    db 0x76, 0x0c, 0xff, 0x76, 0xf8, 0x9a, 0x90, 0x02, 0x02, 0xfa, 0x83, 0xc4, 0x06, 0x89, 0x46, 0xf6  ; A22A
    db 0xc4, 0x3e, 0x36, 0x00, 0x8a, 0x56, 0x06, 0x2a, 0xf6, 0xd1, 0xe2, 0xd1, 0xe2, 0x8b, 0xda, 0x8b  ; A23A
    db 0xc7, 0x03, 0x87, 0x3c, 0x00, 0x89, 0x46, 0xf0, 0x8c, 0x46, 0xf2, 0x8b, 0x56, 0xf6, 0x39, 0x56  ; A24A
    db 0xf4, 0x7f, 0x1e, 0x53, 0xba, 0x03, 0x00, 0x52, 0xff, 0x76, 0xf6, 0xff, 0x76, 0xf4, 0xc4, 0x56  ; A25A
    db 0xf0, 0x06, 0x52, 0x9a, 0x10, 0x01, 0x02, 0xfa, 0x83, 0xc4, 0x06, 0x83, 0xc4, 0x02, 0xe9, 0x2f  ; A26A
    db 0x00, 0xbf, 0x03, 0x00, 0x57, 0xff, 0x36, 0x2a, 0x00, 0xff, 0x76, 0xf4, 0xc4, 0x7e, 0xf0, 0x06  ; A27A
    db 0x57, 0x9a, 0x10, 0x01, 0x02, 0xfa, 0x83, 0xc4, 0x06, 0xbf, 0x03, 0x00, 0x57, 0xff, 0x76, 0xf6  ; A28A
    db 0x2b, 0xff, 0x57, 0xc4, 0x56, 0xf0, 0x06, 0x52, 0x9a, 0x10, 0x01, 0x02, 0xfa, 0x83, 0xc4, 0x06  ; A29A
    db 0x8b, 0xe5, 0x5d, 0xca, 0x02, 0x00, 0x55, 0x8b, 0xec, 0x83, 0xec, 0x08, 0x8b, 0x7e, 0x0a, 0x2b  ; A2AA
    db 0x7e, 0x08, 0x03, 0x7e, 0x06, 0x8b, 0x56, 0x0c, 0x3b, 0xfa, 0x7e, 0x12, 0x8b, 0x5e, 0x0a, 0x2b  ; A2BA
    db 0x5e, 0x08, 0x03, 0x5e, 0x06, 0x2b, 0xda, 0x4b, 0x89, 0x5e, 0xf8, 0xe9, 0x2d, 0x00, 0x8b, 0x7e  ; A2CA
    db 0x0a, 0x2b, 0x7e, 0x08, 0x03, 0x7e, 0x06, 0x83, 0xff, 0x00, 0x7d, 0x13, 0x8b, 0x56, 0x0a, 0x2b  ; A2DA
    db 0x56, 0x08, 0x03, 0x56, 0x06, 0x03, 0x56, 0x0c, 0x42, 0x89, 0x56, 0xf8, 0xe9, 0x0c, 0x00, 0x8b  ; A2EA
    db 0x7e, 0x0a, 0x2b, 0x7e, 0x08, 0x03, 0x7e, 0x06, 0x89, 0x7e, 0xf8, 0x8b, 0x46, 0xf8, 0x8b, 0xe5  ; A2FA
    db 0x5d, 0xca, 0x02, 0x00, 0x55, 0x8b, 0xec, 0x83, 0xec, 0x20, 0xa0, 0x1b, 0x1c, 0x88, 0x46, 0xf0  ; A30A
    db 0xa0, 0x1b, 0x1c, 0x88, 0x46, 0xf0, 0xa1, 0x26, 0x1c, 0x89, 0x46, 0xee, 0xa1, 0x26, 0x1c, 0x89  ; A31A
    db 0x46, 0xee, 0xc7, 0x46, 0xe0, 0x8c, 0x01, 0x8c, 0x5e, 0xe2, 0xa0, 0x8f, 0x01, 0x24, 0x0b, 0x3c  ; A32A
    db 0x00, 0x75, 0x06, 0xbf, 0x01, 0x00, 0xe9, 0x02, 0x00, 0x2b, 0xff, 0x8b, 0xd7, 0x88, 0x56, 0xf3  ; A33A
    db 0xc4, 0x7e, 0xe0, 0x26, 0x8a, 0x5d, 0x03, 0x2a, 0xff, 0x81, 0xe3, 0x08, 0x00, 0x83, 0xfb, 0x08  ; A34A
    db 0x75, 0x0d, 0xc6, 0x06, 0x25, 0x1c, 0x00, 0xc6, 0x06, 0x1b, 0x1c, 0x00, 0xe9, 0x31, 0x02, 0xc6  ; A35A
    db 0x46, 0xf9, 0x00, 0xe9, 0xc5, 0x01, 0x80, 0x7e, 0xf9, 0x00, 0x75, 0x1b, 0xc7, 0x46, 0xe4, 0x5a  ; A36A
    db 0x03, 0x8c, 0x5e, 0xe6, 0xc7, 0x46, 0xe8, 0x14, 0x1c, 0x8c, 0x5e, 0xea, 0xa0, 0x02, 0x06, 0x24  ; A37A
    db 0x0f, 0x88, 0x46, 0xf5, 0xe9, 0x20, 0x00, 0xbf, 0x5a, 0x03, 0x83, 0xc7, 0x12, 0x89, 0x7e, 0xe4  ; A38A
    db 0x8c, 0x5e, 0xe6, 0xba, 0x14, 0x1c, 0x83, 0xc2, 0x0a, 0x89, 0x56, 0xe8, 0x8c, 0x5e, 0xea, 0xa0  ; A39A
    db 0x02, 0x06, 0x24, 0xf0, 0x88, 0x46, 0xf5, 0x8a, 0x56, 0xf5, 0x80, 0xe2, 0x11, 0x80, 0xfa, 0x00  ; A3AA
    db 0x74, 0x18, 0xc4, 0x7e, 0xe4, 0x26, 0xc6, 0x45, 0x0a, 0x00, 0xc4, 0x5e, 0xe8, 0x26, 0xc6, 0x47  ; A3BA
    db 0x07, 0x00, 0xc4, 0x7e, 0xe4, 0x26, 0xc6, 0x45, 0x0b, 0x00, 0xa0, 0xfc, 0x1b, 0x24, 0x80, 0x3c  ; A3CA
    db 0x00, 0x74, 0x78, 0xc4, 0x7e, 0xe4, 0x26, 0x80, 0x7d, 0x01, 0x00, 0x75, 0x0c, 0x80, 0x7e, 0xf3  ; A3DA
    db 0x00, 0x74, 0x68, 0x80, 0x7e, 0xf9, 0x01, 0x75, 0x62, 0x80, 0x7e, 0xf3, 0x00, 0x75, 0x12, 0xc4  ; A3EA
    db 0x7e, 0xe8, 0x26, 0x8a, 0x55, 0x06, 0x2a, 0xf6, 0x81, 0xe2, 0x03, 0x00, 0x83, 0xfa, 0x03, 0x74  ; A3FA
    db 0x20, 0x80, 0x7e, 0xf3, 0x00, 0x74, 0x77, 0xa0, 0x1a, 0x1c, 0x2a, 0xe4, 0x25, 0x03, 0x00, 0x3d  ; A40A
    db 0x03, 0x00, 0x75, 0x6a, 0xa0, 0x24, 0x1c, 0x2a, 0xe4, 0x25, 0x03, 0x00, 0x3d, 0x03, 0x00, 0x75  ; A41A
    db 0x5d, 0xc4, 0x7e, 0xe4, 0x26, 0x8b, 0x55, 0x06, 0x26, 0x89, 0x55, 0x08, 0xc4, 0x5e, 0xe4, 0x26  ; A42A
    db 0x8b, 0x47, 0x04, 0x26, 0x89, 0x47, 0x06, 0xc4, 0x7e, 0xe4, 0x26, 0x8b, 0x55, 0x02, 0x26, 0x89  ; A43A
    db 0x55, 0x04, 0xc4, 0x7e, 0xe4, 0x26, 0x8a, 0x45, 0x0a, 0xeb, 0x03, 0xe9, 0x60, 0x00, 0x98, 0xd1  ; A44A
    db 0xe0, 0x0d, 0x01, 0x00, 0x8b, 0xd8, 0x26, 0x88, 0x5d, 0x0a, 0xc4, 0x56, 0xe4, 0x8b, 0xfa, 0x26  ; A45A
    db 0x8b, 0x45, 0x06, 0x26, 0x8b, 0x55, 0x08, 0x2b, 0xd0, 0x89, 0x56, 0xf6, 0x26, 0x8a, 0x45, 0x0a  ; A46A
    db 0x98, 0x25, 0x07, 0x00, 0x3d, 0x07, 0x00, 0x75, 0x35, 0x83, 0xfa, 0x04, 0xeb, 0x03, 0xe9, 0x2d  ; A47A
    db 0x00, 0x7d, 0x2b, 0x83, 0xfa, 0xfc, 0x7e, 0x26, 0x26, 0x8b, 0x5d, 0x08, 0x26, 0x89, 0x5d, 0x0e  ; A48A
    db 0xc4, 0x7e, 0xe8, 0x26, 0x89, 0x5d, 0x08, 0x26, 0x8b, 0x15, 0xc4, 0x5e, 0xe4, 0x26, 0x89, 0x57  ; A49A
    db 0x0c, 0x26, 0xc6, 0x47, 0x0b, 0xff, 0xc4, 0x7e, 0xe8, 0x26, 0xc6, 0x45, 0x07, 0xff, 0xc4, 0x7e  ; A4AA
    db 0xe4, 0x26, 0xc6, 0x45, 0x01, 0x00, 0x26, 0x8a, 0x15, 0x80, 0xe2, 0x01, 0x80, 0xfa, 0x00, 0x74  ; A4BA
    db 0x27, 0xc4, 0x5e, 0xe0, 0x26, 0x8a, 0x57, 0x01, 0x2a, 0xf6, 0x81, 0xe2, 0x0f, 0x00, 0x83, 0xfa  ; A4CA
    db 0x02, 0x75, 0x15, 0xc4, 0x7e, 0xe4, 0x26, 0xc6, 0x45, 0x0a, 0x00, 0x26, 0xc6, 0x45, 0x0b, 0x00  ; A4DA
    db 0xc4, 0x7e, 0xe8, 0x26, 0xc6, 0x45, 0x07, 0x00, 0xc4, 0x7e, 0xe4, 0x26, 0x80, 0x7d, 0x0b, 0x00  ; A4EA
    db 0x74, 0x36, 0x26, 0x80, 0x3d, 0x00, 0x74, 0x30, 0x80, 0x7e, 0xf3, 0x00, 0x75, 0x2a, 0x8c, 0xc3  ; A4FA
    db 0xc4, 0x56, 0xe8, 0x8c, 0xc0, 0x8e, 0xc3, 0x26, 0x8b, 0x5d, 0x0e, 0x8b, 0xfa, 0x8e, 0xc0, 0x26  ; A50A
    db 0x8b, 0x15, 0xc4, 0x7e, 0xe4, 0x26, 0x8b, 0x45, 0x0c, 0x2b, 0xc2, 0xd1, 0xe0, 0xd1, 0xe0, 0x03  ; A51A
    db 0xd8, 0xc4, 0x7e, 0xe8, 0x26, 0x89, 0x5d, 0x08, 0xfe, 0x46, 0xf9, 0x80, 0x7e, 0xf9, 0x01, 0x7f  ; A52A
    db 0x03, 0xe9, 0x32, 0xfe, 0x80, 0x7e, 0xf3, 0x00, 0x74, 0x56, 0xc6, 0x06, 0x25, 0x1c, 0x00, 0xa0  ; A53A
    db 0x18, 0x1c, 0x8a, 0x16, 0x22, 0x1c, 0x3a, 0xc2, 0x75, 0x41, 0x80, 0x3e, 0x65, 0x03, 0x00, 0x74  ; A54A
    db 0x3a, 0x80, 0x3e, 0x77, 0x03, 0x00, 0x74, 0x33, 0x80, 0x3e, 0x5a, 0x03, 0x00, 0x75, 0x07, 0x80  ; A55A
    db 0x3e, 0x6c, 0x03, 0x00, 0x74, 0x2a, 0xa1, 0x68, 0x03, 0x8b, 0x3e, 0x14, 0x1c, 0x8b, 0x16, 0x66  ; A56A
    db 0x03, 0x2b, 0xd7, 0x8b, 0x1e, 0x1e, 0x1c, 0x8b, 0x3e, 0x78, 0x03, 0x2b, 0xfb, 0x03, 0xd7, 0xd1  ; A57A
    db 0xe2, 0xd1, 0xe2, 0x03, 0xc2, 0xa3, 0x1c, 0x1c, 0xe9, 0x05, 0x00, 0xc6, 0x06, 0x1b, 0x1c, 0x00  ; A58A
    db 0xc6, 0x46, 0xf4, 0x00, 0xc6, 0x06, 0x6c, 0x03, 0x00, 0xc6, 0x06, 0x5a, 0x03, 0x00, 0x8a, 0x56  ; A59A
    db 0xf0, 0xa0, 0x1b, 0x1c, 0xa2, 0x6b, 0x1c, 0x3a, 0xd0, 0x75, 0x0d, 0x8a, 0x5e, 0xf1, 0xa0, 0x25  ; A5AA
    db 0x1c, 0xa2, 0x75, 0x1c, 0x3a, 0xd8, 0x74, 0x04, 0x80, 0x4e, 0xf4, 0x01, 0x8b, 0x7e, 0xec, 0xa1  ; A5BA
    db 0x1c, 0x1c, 0xa3, 0x6c, 0x1c, 0x3b, 0xf8, 0x75, 0x0d, 0x8b, 0x56, 0xee, 0xa1, 0x26, 0x1c, 0xa3  ; A5CA
    db 0x76, 0x1c, 0x3b, 0xd0, 0x74, 0x04, 0x80, 0x4e, 0xf4, 0x02, 0x80, 0x7e, 0xf4, 0x00, 0x74, 0x0b  ; A5DA
    db 0x8a, 0x56, 0xf4, 0x2a, 0xf6, 0x52, 0x9a, 0x3a, 0x03, 0xbf, 0xf7, 0xa0, 0xfc, 0x1b, 0x24, 0x80  ; A5EA
    db 0x3c, 0x00, 0x74, 0x05, 0xc6, 0x06, 0xfc, 0x1b, 0x00, 0xc6, 0x06, 0x02, 0x06, 0x00, 0x8b, 0xe5  ; A5FA
    db 0x5d, 0xcb, 0x55, 0x8b, 0xec, 0x83, 0xec, 0x06, 0xc4, 0x7e, 0x06, 0x26, 0x8a, 0x15, 0x80, 0xe2  ; A60A
    db 0x04, 0x80, 0xfa, 0x00, 0x74, 0x22, 0x8b, 0x46, 0x0a, 0xba, 0x09, 0x00, 0xf7, 0xea, 0xc4, 0x16  ; A61A
    db 0xdc, 0x1d, 0x8b, 0xda, 0x03, 0xd8, 0x06, 0x53, 0xc4, 0x7e, 0x06, 0x8d, 0x5d, 0x0a, 0x06, 0x53  ; A62A
    db 0x9a, 0x03, 0x00, 0x59, 0xfb, 0x83, 0xc4, 0x04, 0xc4, 0x7e, 0x06, 0x26, 0x8a, 0x15, 0x80, 0xe2  ; A63A
    db 0x01, 0x80, 0xfa, 0x00, 0x74, 0x24, 0x8b, 0x46, 0x0a, 0xba, 0x09, 0x00, 0xf7, 0xea, 0xc4, 0x16  ; A64A
    db 0xdc, 0x1d, 0x8b, 0xda, 0x03, 0xd8, 0x06, 0x53, 0xc4, 0x7e, 0x06, 0x26, 0x8a, 0x5d, 0x0a, 0x2a  ; A65A
    db 0xff, 0x53, 0x9a, 0xa2, 0x02, 0x59, 0xfb, 0x83, 0xc4, 0x04, 0xc4, 0x7e, 0x06, 0x26, 0x8a, 0x15  ; A66A
    db 0x80, 0xe2, 0x02, 0x80, 0xfa, 0x00, 0x74, 0x39, 0x8b, 0x46, 0x0a, 0xba, 0x09, 0x00, 0xf7, 0xea  ; A67A
    db 0xc4, 0x16, 0xdc, 0x1d, 0x8b, 0xda, 0x03, 0xd8, 0x06, 0x53, 0xc4, 0x3e, 0x36, 0x00, 0x8b, 0x56  ; A68A
    db 0x0a, 0xd1, 0xe2, 0xd1, 0xe2, 0x8b, 0xda, 0x8b, 0x97, 0x3c, 0x00, 0x8b, 0xdf, 0x03, 0xda, 0x06  ; A69A
    db 0x53, 0xc4, 0x5e, 0x06, 0x06, 0x53, 0xff, 0x76, 0x0a, 0x9a, 0x6e, 0x00, 0x59, 0xfb, 0x83, 0xc4  ; A6AA
    db 0x0c, 0xc4, 0x7e, 0x06, 0x26, 0xc6, 0x05, 0x00, 0x8b, 0xe5, 0x5d, 0xca, 0x04, 0x00, 0x55, 0x8b  ; A6BA
    db 0xec, 0x83, 0xec, 0x20, 0xc7, 0x46, 0xf6, 0xa6, 0x00, 0x8c, 0x5e, 0xf8, 0xa1, 0x86, 0x01, 0x25  ; A6CA
    db 0x08, 0x00, 0x3d, 0x00, 0x00, 0x74, 0x19, 0xc4, 0x3e, 0xdc, 0x1d, 0x26, 0x80, 0x25, 0xfe, 0xc4  ; A6DA
    db 0x1e, 0xdc, 0x1d, 0x26, 0x80, 0x67, 0x09, 0xfe, 0x9a, 0x3a, 0x00, 0x23, 0xe7, 0xe9, 0x09, 0x03  ; A6EA
    db 0xa0, 0x20, 0x00, 0x24, 0x40, 0x3c, 0x00, 0x74, 0x08, 0x9a, 0x05, 0x00, 0x97, 0xfb, 0xe9, 0x17  ; A6FA
    db 0x00, 0xa1, 0x22, 0x00, 0x25, 0x00, 0x02, 0x3d, 0x00, 0x00, 0x74, 0x0c, 0x81, 0x26, 0x22, 0x00  ; A70A
    db 0xff, 0xfd, 0x81, 0x0e, 0x22, 0x00, 0x00, 0x04, 0xa0, 0xa6, 0x00, 0x0a, 0x06, 0xba, 0x00, 0x3c  ; A71A
    db 0x00, 0x74, 0x3d, 0xc7, 0x46, 0xf6, 0xa6, 0x00, 0x8c, 0x5e, 0xf8, 0xc7, 0x46, 0xf0, 0x00, 0x00  ; A72A
    db 0xe9, 0x27, 0x00, 0xc4, 0x7e, 0xf6, 0x26, 0x80, 0x3d, 0x00, 0x75, 0x07, 0x83, 0x46, 0xf6, 0x14  ; A73A
    db 0xe9, 0x14, 0x00, 0xff, 0x76, 0xf0, 0xc4, 0x7e, 0xf6, 0x06, 0x57, 0x9a, 0x0c, 0x00, 0x60, 0xfa  ; A74A
    db 0x83, 0xc4, 0x02, 0x83, 0x46, 0xf6, 0x14, 0xff, 0x46, 0xf0, 0x83, 0x7e, 0xf0, 0x01, 0x7e, 0xd3  ; A75A
    db 0xa0, 0x32, 0x01, 0x8a, 0x16, 0x1e, 0x01, 0x0a, 0xd0, 0xa0, 0x0a, 0x01, 0x0a, 0xc2, 0x8a, 0x16  ; A76A
    db 0xf6, 0x00, 0x0a, 0xd0, 0xa0, 0xe2, 0x00, 0x0a, 0xc2, 0x8a, 0x16, 0xce, 0x00, 0x0a, 0xd0, 0x80  ; A77A
    db 0xfa, 0x00, 0x74, 0x41, 0xbf, 0xa6, 0x00, 0x83, 0xc7, 0x28, 0x89, 0x7e, 0xf6, 0x8c, 0x5e, 0xf8  ; A78A
    db 0xc7, 0x46, 0xf0, 0x02, 0x00, 0xe9, 0x27, 0x00, 0xc4, 0x7e, 0xf6, 0x26, 0x80, 0x3d, 0x00, 0x75  ; A79A
    db 0x07, 0x83, 0x46, 0xf6, 0x14, 0xe9, 0x14, 0x00, 0xff, 0x76, 0xf0, 0xc4, 0x7e, 0xf6, 0x06, 0x57  ; A7AA
    db 0x9a, 0x0c, 0x00, 0x60, 0xfa, 0x83, 0xc4, 0x02, 0x83, 0x46, 0xf6, 0x14, 0xff, 0x46, 0xf0, 0x83  ; A7BA
    db 0x7e, 0xf0, 0x07, 0x7e, 0xd3, 0xa0, 0x5a, 0x01, 0x8a, 0x16, 0x46, 0x01, 0x0a, 0xd0, 0x80, 0xfa  ; A7CA
    db 0x00, 0x74, 0x51, 0xbf, 0xa6, 0x00, 0x81, 0xc7, 0xa0, 0x00, 0x89, 0x7e, 0xf6, 0x8c, 0x5e, 0xf8  ; A7DA
    db 0xc7, 0x46, 0xf0, 0x08, 0x00, 0xe9, 0x36, 0x00, 0xc4, 0x7e, 0xf6, 0x26, 0x80, 0x3d, 0x00, 0x75  ; A7EA
    db 0x07, 0x83, 0x46, 0xf6, 0x14, 0xe9, 0x23, 0x00, 0x80, 0x3e, 0x83, 0x1b, 0x1e, 0x74, 0x08, 0xc4  ; A7FA
    db 0x7e, 0xf6, 0x26, 0x80, 0x65, 0x0a, 0xfb, 0xff, 0x76, 0xf0, 0xc4, 0x7e, 0xf6, 0x06, 0x57, 0x9a  ; A80A
    db 0x0c, 0x00, 0x60, 0xfa, 0x83, 0xc4, 0x02, 0x83, 0x46, 0xf6, 0x14, 0xff, 0x46, 0xf0, 0x83, 0x7e  ; A81A
    db 0xf0, 0x09, 0x7e, 0xc4, 0xa1, 0x86, 0x01, 0x25, 0x02, 0x00, 0x3d, 0x00, 0x00, 0x74, 0x76, 0x81  ; A82A
    db 0x26, 0x86, 0x01, 0xfd, 0xff, 0xc7, 0x46, 0xf2, 0xf1, 0x01, 0x8c, 0x5e, 0xf4, 0xc7, 0x46, 0xf0  ; A83A
    db 0x00, 0x00, 0xe9, 0x95, 0x00, 0xc4, 0x7e, 0xf2, 0x26, 0x80, 0x7d, 0x01, 0x00, 0x74, 0x76, 0x26  ; A84A
    db 0x80, 0x65, 0x01, 0xfe, 0xc4, 0x56, 0xf2, 0x8b, 0xda, 0x83, 0xc3, 0x02, 0x89, 0x5e, 0xea, 0x8c  ; A85A
    db 0x46, 0xec, 0x8b, 0xfa, 0x26, 0x8a, 0x05, 0x2a, 0xe4, 0xba, 0x09, 0x00, 0xf7, 0xea, 0xc4, 0x16  ; A86A
    db 0xdc, 0x1d, 0x8b, 0xda, 0x03, 0xd8, 0x43, 0x89, 0x5e, 0xe6, 0x8c, 0x46, 0xe8, 0xc4, 0x7e, 0xe6  ; A87A
    db 0x26, 0x8a, 0x1d, 0x80, 0xe3, 0xe0, 0x88, 0x5e, 0xe5, 0xc4, 0x7e, 0xea, 0xff, 0x46, 0xea, 0x26  ; A88A
    db 0x8a, 0x15, 0x0a, 0xd3, 0xc4, 0x5e, 0xe6, 0xff, 0x46, 0xe6, 0x26, 0x88, 0x17, 0xff, 0x46, 0xe6  ; A89A
    db 0xff, 0x46, 0xea, 0xeb, 0x03, 0xe9, 0x9b, 0x00, 0xc4, 0x7e, 0xe6, 0xff, 0x46, 0xe6, 0x8c, 0xc2  ; A8AA
    db 0xc4, 0x5e, 0xea, 0xff, 0x46, 0xea, 0x26, 0x8a, 0x07, 0x8e, 0xc2, 0x26, 0x88, 0x05, 0xc4, 0x7e  ; A8BA
    db 0xe6, 0x8c, 0xc0, 0xeb, 0x03, 0xe9, 0x0b, 0x00, 0xc4, 0x5e, 0xea, 0x26, 0x8a, 0x17, 0x8e, 0xc0  ; A8CA
    db 0x26, 0x88, 0x15, 0x83, 0x46, 0xf2, 0x06, 0xff, 0x46, 0xf0, 0x83, 0x7e, 0xf0, 0x08, 0x7d, 0x03  ; A8DA
    db 0xe9, 0x62, 0xff, 0xa1, 0x70, 0x05, 0xd1, 0xe0, 0xd1, 0xe0, 0xd1, 0xe0, 0xd1, 0xe0, 0x8b, 0xf8  ; A8EA
    db 0x8a, 0x95, 0x8c, 0x01, 0x88, 0x56, 0xe1, 0x80, 0xe2, 0x08, 0x80, 0xfa, 0x00, 0x74, 0x06, 0xbb  ; A8FA
    db 0x0a, 0x00, 0xe9, 0x03, 0x00, 0xbb, 0x01, 0x00, 0x89, 0x5e, 0xe2, 0x8a, 0x56, 0xe1, 0x80, 0xe2  ; A90A
    db 0x04, 0x80, 0xfa, 0x00, 0x74, 0x03, 0xd1, 0x66, 0xe2, 0xff, 0x76, 0xe2, 0xc4, 0x3e, 0xdc, 0x1d  ; A91A
    db 0x8d, 0x95, 0x8b, 0x00, 0x06, 0x52, 0x9a, 0x64, 0x00, 0xc2, 0xfb, 0x83, 0xc4, 0x02, 0xff, 0x76  ; A92A
    db 0xe2, 0xc4, 0x3e, 0xdc, 0x1d, 0x8d, 0x95, 0x9d, 0x00, 0x06, 0x52, 0x9a, 0x64, 0x00, 0xc2, 0xfb  ; A93A
    db 0x83, 0xc4, 0x02, 0xa1, 0x86, 0x01, 0x25, 0x10, 0x00, 0x3d, 0x00, 0x00, 0x74, 0x0b, 0x9a, 0x41  ; A94A
    db 0x01, 0x23, 0xe7, 0x81, 0x26, 0x86, 0x01, 0xef, 0xff, 0xa1, 0xe6, 0x01, 0x25, 0x01, 0x00, 0x3d  ; A95A
    db 0x00, 0x00, 0x74, 0x06, 0x81, 0x26, 0xe6, 0x01, 0xfe, 0xff, 0xfe, 0x06, 0x8a, 0x01, 0xa0, 0x8b  ; A96A
    db 0x01, 0x38, 0x06, 0x8a, 0x01, 0x72, 0x32, 0xc6, 0x06, 0x8a, 0x01, 0x00, 0xa1, 0x70, 0x05, 0x89  ; A97A
    db 0x46, 0xee, 0xa1, 0x86, 0x01, 0x25, 0x40, 0x00, 0x3d, 0x00, 0x00, 0x74, 0x0c, 0x83, 0x3e, 0x70  ; A98A
    db 0x05, 0x00, 0x75, 0x05, 0xc7, 0x46, 0xee, 0x04, 0x00, 0xff, 0x76, 0xee, 0x9a, 0x5f, 0x02, 0xfc  ; A99A
    db 0xfa, 0xff, 0x76, 0xee, 0x9a, 0xa4, 0x00, 0xbf, 0xf7, 0xa0, 0x21, 0x00, 0x24, 0x01, 0x3c, 0x00  ; A9AA
    db 0x74, 0x33, 0x80, 0x3e, 0x60, 0x07, 0x00, 0x74, 0x2c, 0xa1, 0x22, 0x00, 0x25, 0x00, 0x04, 0x3d  ; A9BA
    db 0x00, 0x00, 0x74, 0x21, 0xc4, 0x3e, 0x22, 0x03, 0x26, 0x8b, 0x15, 0x81, 0xe2, 0x00, 0x80, 0x83  ; A9CA
    db 0xfa, 0x00, 0x75, 0x0c, 0xba, 0x08, 0x00, 0x52, 0x9a, 0x0e, 0x00, 0xa8, 0xe6, 0xe9, 0x05, 0x00  ; A9DA
    db 0x9a, 0x0e, 0x01, 0xb3, 0xfd, 0xa1, 0x22, 0x00, 0x25, 0x01, 0x00, 0x3d, 0x00, 0x00, 0x74, 0x09  ; A9EA
    db 0xbf, 0x08, 0x00, 0x57, 0x9a, 0x0e, 0x00, 0xa8, 0xe6, 0x8b, 0xe5, 0x5d, 0xcb, 0xff, 0x55, 0x8b  ; A9FA
    db 0xec, 0x2b, 0xdb, 0x8b, 0x7e, 0x0a, 0x81, 0xe7, 0x1f, 0x00, 0x8b, 0xd7, 0x8b, 0x7e, 0x08, 0x83  ; AA0A
    db 0xef, 0x14, 0x7d, 0x02, 0x2b, 0xff, 0x8b, 0x46, 0x06, 0x83, 0xfa, 0x01, 0x74, 0x03, 0xeb, 0x67  ; AA1A
    db 0x90, 0xd1, 0xef, 0xd1, 0xef, 0xd1, 0xef, 0xd1, 0xef, 0x03, 0xdf, 0xd1, 0xef, 0x03, 0xdf, 0xd1  ; AA2A
    db 0xef, 0xd1, 0xef, 0xd1, 0xef, 0x03, 0xdf, 0xd1, 0xef, 0x03, 0xdf, 0xeb, 0x64, 0x90, 0xd1, 0xef  ; AA3A
    db 0xd1, 0xef, 0xd1, 0xef, 0x03, 0xdf, 0xd1, 0xef, 0x03, 0xdf, 0xd1, 0xef, 0xd1, 0xef, 0xd1, 0xef  ; AA4A
    db 0x03, 0xdf, 0xd1, 0xef, 0x03, 0xdf, 0xeb, 0x49, 0x90, 0xd1, 0xef, 0xd1, 0xef, 0x03, 0xdf, 0xeb  ; AA5A
    db 0x40, 0x90, 0xd1, 0xef, 0xd1, 0xef, 0x03, 0xdf, 0xd1, 0xef, 0x03, 0xdf, 0xd1, 0xef, 0xd1, 0xef  ; AA6A
    db 0xd1, 0xef, 0x03, 0xdf, 0xd1, 0xef, 0x03, 0xdf, 0xeb, 0x27, 0x90, 0xd1, 0xef, 0x03, 0xdf, 0xeb  ; AA7A
    db 0x20, 0x90, 0x03, 0xdf, 0xeb, 0x1b, 0x90, 0x83, 0xfa, 0x02, 0x75, 0x02, 0xeb, 0xb0, 0x83, 0xfa  ; AA8A
    db 0x04, 0x74, 0xcf, 0x83, 0xfa, 0x08, 0x75, 0x02, 0xeb, 0xbf, 0x83, 0xfa, 0x09, 0x74, 0xdc, 0xeb  ; AA9A
    db 0xe1, 0x03, 0xc3, 0x7d, 0x02, 0x2b, 0xc0, 0x8b, 0xe5, 0x5d, 0xca, 0x02, 0x00, 0x55, 0x8b, 0xec  ; AAAA
    db 0x83, 0xec, 0x0e, 0xc7, 0x46, 0xf6, 0x8c, 0x01, 0x8c, 0x5e, 0xf8, 0xc6, 0x06, 0x8c, 0x01, 0x00  ; AABA
    db 0x80, 0x3e, 0x70, 0x1b, 0x04, 0x75, 0x0e, 0x80, 0x0e, 0x8c, 0x01, 0x01, 0xc7, 0x06, 0x94, 0x01  ; AACA
    db 0x00, 0x10, 0xe9, 0x09, 0x00, 0xc4, 0x7e, 0xf6, 0x26, 0xc7, 0x45, 0x08, 0x00, 0x04, 0xa0, 0x20  ; AADA
    db 0x00, 0x24, 0x10, 0x3c, 0x00, 0x74, 0x0e, 0xc4, 0x7e, 0xf6, 0x26, 0x80, 0x0d, 0x04, 0xc4, 0x5e  ; AAEA
    db 0xf6, 0x26, 0xd1, 0x7f, 0x08, 0xa0, 0x72, 0x1b, 0x24, 0x20, 0x3c, 0x00, 0x74, 0x07, 0xc4, 0x7e  ; AAFA
    db 0xf6, 0x26, 0x80, 0x0d, 0x08, 0x80, 0x3e, 0x1e, 0x00, 0x06, 0x74, 0x07, 0x80, 0x3e, 0x1e, 0x00  ; AB0A
    db 0x07, 0x75, 0x0e, 0xc4, 0x7e, 0xf6, 0x26, 0x80, 0x0d, 0x10, 0xc4, 0x5e, 0xf6, 0x26, 0xd1, 0x67  ; AB1A
    db 0x08, 0xc4, 0x7e, 0xf6, 0x26, 0x8a, 0x15, 0x80, 0xe2, 0x01, 0x80, 0xfa, 0x00, 0x74, 0x0d, 0xa0  ; AB2A
    db 0x72, 0x1b, 0x24, 0x10, 0x3c, 0x00, 0x74, 0x04, 0x26, 0x80, 0x0d, 0x40, 0xa0, 0x75, 0x1b, 0x24  ; AB3A
    db 0x08, 0x3c, 0x00, 0x75, 0x07, 0xc4, 0x7e, 0xf6, 0x26, 0x80, 0x0d, 0x20, 0x80, 0x3e, 0x6c, 0x1b  ; AB4A
    db 0x00, 0x74, 0x07, 0xc4, 0x7e, 0xf6, 0x26, 0x80, 0x0d, 0x80, 0x80, 0x3e, 0x1f, 0x00, 0x00, 0x74  ; AB5A
    db 0x19, 0xc4, 0x7e, 0xf6, 0x26, 0x8a, 0x15, 0x80, 0xe2, 0x20, 0x80, 0xfa, 0x00, 0x74, 0x0b, 0x80  ; AB6A
    db 0x3e, 0xed, 0x03, 0x01, 0x75, 0x04, 0x26, 0x80, 0x0d, 0x02, 0xa0, 0x44, 0x02, 0x2a, 0xe4, 0x50  ; AB7A
    db 0xa0, 0x40, 0x02, 0x2a, 0xe4, 0x50, 0xa0, 0x43, 0x02, 0x2a, 0xe4, 0x50, 0xa0, 0x8a, 0x1b, 0x2a  ; AB8A
    db 0xe4, 0x50, 0xa0, 0x8b, 0x1b, 0x2a, 0xe4, 0x50, 0xc4, 0x7e, 0xf6, 0x06, 0x57, 0x9a, 0x0f, 0x03  ; AB9A
    db 0xab, 0xfa, 0x83, 0xc4, 0x0a, 0xa0, 0x1f, 0x00, 0x2a, 0xe4, 0x50, 0xff, 0x36, 0x24, 0x00, 0xc4  ; ABAA
    db 0x7e, 0xf6, 0x06, 0x57, 0x9a, 0x77, 0x01, 0xab, 0xfa, 0x83, 0xc4, 0x04, 0x80, 0x26, 0x78, 0x1c  ; ABBA
    db 0xfc, 0xc7, 0x46, 0xf2, 0x14, 0x1c, 0x8c, 0x5e, 0xf4, 0xa0, 0x6a, 0x1b, 0x2a, 0xe4, 0x50, 0xa0  ; ABCA
    db 0x69, 0x1b, 0x2a, 0xe4, 0x50, 0xa0, 0x68, 0x1b, 0x2a, 0xe4, 0x50, 0xff, 0x36, 0x84, 0x1b, 0xc4  ; ABDA
    db 0x7e, 0xf2, 0x06, 0x57, 0x9a, 0xbe, 0x02, 0xab, 0xfa, 0x83, 0xc4, 0x08, 0x83, 0x46, 0xf2, 0x0a  ; ABEA
    db 0xa0, 0x6e, 0x1b, 0x2a, 0xe4, 0x50, 0xa0, 0x6d, 0x1b, 0x2a, 0xe4, 0x50, 0xa0, 0x6b, 0x1b, 0x2a  ; ABFA
    db 0xe4, 0x50, 0xff, 0x36, 0x86, 0x1b, 0xc4, 0x7e, 0xf2, 0x06, 0x57, 0x9a, 0xbe, 0x02, 0xab, 0xfa  ; AC0A
    db 0x83, 0xc4, 0x08, 0x81, 0x0e, 0x48, 0x05, 0x0c, 0x00, 0x8b, 0xe5, 0x5d, 0xcb, 0x55, 0x8b, 0xec  ; AC1A
    db 0x83, 0xec, 0x0a, 0x51, 0xc7, 0x46, 0xf8, 0x00, 0x00, 0xc7, 0x46, 0xf6, 0x00, 0x00, 0x8b, 0x7e  ; AC2A
    db 0x0a, 0xc4, 0x5e, 0x06, 0x26, 0x89, 0x7f, 0x06, 0x26, 0x8a, 0x17, 0x80, 0xe2, 0x01, 0x80, 0xfa  ; AC3A
    db 0x00, 0x75, 0x0b, 0x83, 0x46, 0xf6, 0x02, 0xb9, 0x02, 0x00, 0x26, 0xd3, 0x67, 0x06, 0xc4, 0x7e  ; AC4A
    db 0x06, 0x26, 0x8a, 0x15, 0x80, 0xe2, 0x04, 0x80, 0xfa, 0x00, 0x74, 0x09, 0xff, 0x46, 0xf6, 0xff  ; AC5A
    db 0x4e, 0xf8, 0xd1, 0x7e, 0x0a, 0xc4, 0x7e, 0x06, 0x26, 0x8a, 0x15, 0x80, 0xe2, 0x10, 0x80, 0xfa  ; AC6A
    db 0x00, 0x74, 0x09, 0xff, 0x4e, 0xf6, 0xff, 0x46, 0xf8, 0xd1, 0x66, 0x0a, 0x8b, 0x7e, 0xf6, 0xc4  ; AC7A
    db 0x5e, 0x06, 0x26, 0x89, 0x7f, 0x0a, 0x8b, 0x56, 0xf8, 0x26, 0x89, 0x57, 0x0c, 0x8b, 0x4e, 0x0a  ; AC8A
    db 0xc4, 0x7e, 0x06, 0x26, 0x89, 0x4d, 0x04, 0x26, 0x8b, 0x55, 0x08, 0x4a, 0x26, 0x89, 0x55, 0x0e  ; AC9A
    db 0x80, 0x7e, 0x0c, 0x03, 0x74, 0x06, 0x80, 0x7e, 0x0c, 0x04, 0x75, 0x0f, 0xc4, 0x7e, 0x06, 0x26  ; ACAA
    db 0xc7, 0x45, 0x04, 0xff, 0xff, 0x26, 0xc7, 0x45, 0x06, 0xff, 0xff, 0x59, 0x8b, 0xe5, 0x5d, 0xca  ; ACBA
    db 0x04, 0x00, 0x55, 0x8b, 0xec, 0x83, 0xec, 0x08, 0xa0, 0x8c, 0x01, 0x88, 0x46, 0xf9, 0x24, 0x04  ; ACCA
    db 0x3c, 0x00, 0x74, 0x17, 0xc6, 0x06, 0xe2, 0x1b, 0x02, 0x80, 0x0e, 0xe2, 0x1b, 0x01, 0xc6, 0x06  ; ACDA
    db 0xe3, 0x1b, 0x02, 0x80, 0x0e, 0xe3, 0x1b, 0x01, 0xe9, 0x35, 0x00, 0xa0, 0x20, 0x00, 0x24, 0x01  ; ACEA
    db 0x3c, 0x00, 0x75, 0x0b, 0x8a, 0x56, 0xf9, 0x80, 0xe2, 0x20, 0x80, 0xfa, 0x00, 0x75, 0x12, 0xc6  ; ACFA
    db 0x06, 0xe2, 0x1b, 0x02, 0x80, 0x0e, 0xe2, 0x1b, 0x01, 0xc6, 0x06, 0xe3, 0x1b, 0x00, 0xe9, 0x0f  ; AD0A
    db 0x00, 0xc6, 0x06, 0xe3, 0x1b, 0x02, 0x80, 0x0e, 0xe3, 0x1b, 0x01, 0xc6, 0x06, 0xe2, 0x1b, 0x00  ; AD1A
    db 0x8b, 0xe5, 0x5d, 0xcb, 0x55, 0x8b, 0xec, 0x83, 0xec, 0x06, 0x80, 0x3e, 0xe2, 0x1b, 0x00, 0x74  ; AD2A
    db 0x13, 0x83, 0x7e, 0x06, 0x00, 0x7c, 0x08, 0x80, 0x0e, 0xdc, 0x01, 0x01, 0xe9, 0x05, 0x00, 0x80  ; AD3A
    db 0x26, 0xdc, 0x01, 0xfe, 0x80, 0x3e, 0xe3, 0x1b, 0x00, 0x74, 0x13, 0x83, 0x7e, 0x06, 0x00, 0x7c  ; AD4A
    db 0x08, 0x80, 0x0e, 0xdd, 0x01, 0x01, 0xe9, 0x05, 0x00, 0x80, 0x26, 0xdd, 0x01, 0xfe, 0x8b, 0xe5  ; AD5A
    db 0x5d, 0xca, 0x02, 0x00, 0x55, 0x8b, 0xec, 0x83, 0xec, 0x08, 0xc4, 0x7e, 0x06, 0x8b, 0x56, 0x0a  ; AD6A
    db 0x26, 0x89, 0x15, 0x26, 0x89, 0x55, 0x02, 0x8a, 0x5e, 0x0c, 0xc4, 0x7e, 0x06, 0x26, 0x88, 0x5d  ; AD7A
    db 0x06, 0x8a, 0x56, 0x0e, 0x2a, 0xf6, 0x81, 0xe2, 0x80, 0x00, 0x83, 0xfa, 0x00, 0x75, 0x0c, 0x8a  ; AD8A
    db 0x56, 0x0e, 0x02, 0x56, 0x10, 0x88, 0x56, 0xf9, 0xe9, 0x06, 0x00, 0x8a, 0x56, 0x10, 0x88, 0x56  ; AD9A
    db 0xf9, 0x8a, 0x56, 0xf9, 0xc4, 0x7e, 0x06, 0x26, 0x88, 0x55, 0x04, 0x26, 0x88, 0x55, 0x05, 0x8b  ; ADAA
    db 0xe5, 0x5d, 0xca, 0x04, 0x00, 0x55, 0x8b, 0xec, 0x83, 0xec, 0x06, 0x8a, 0x56, 0x0a, 0x2a, 0xf6  ; ADBA
    db 0xd1, 0xe2, 0xd1, 0xe2, 0xd1, 0xe2, 0xd1, 0xe2, 0xc4, 0x7e, 0x06, 0x26, 0x88, 0x55, 0x01, 0x8a  ; ADCA
    db 0x5e, 0x0c, 0x26, 0x08, 0x5d, 0x01, 0x8a, 0x56, 0x0e, 0x2a, 0xf6, 0xd1, 0xe2, 0xd1, 0xe2, 0xd1  ; ADDA
    db 0xe2, 0xd1, 0xe2, 0xc4, 0x5e, 0x06, 0x26, 0x88, 0x57, 0x03, 0x8a, 0x46, 0x10, 0x26, 0x08, 0x47  ; ADEA
    db 0x03, 0x8a, 0x56, 0x12, 0xc4, 0x7e, 0x06, 0x26, 0x88, 0x55, 0x02, 0x8b, 0xe5, 0x5d, 0xca, 0x04  ; ADFA
    db 0x00, 0x55, 0x8b, 0xec, 0x83, 0xec, 0x0c, 0x51, 0xa0, 0x6e, 0x01, 0x2a, 0xe4, 0x8b, 0xc8, 0xa1  ; AE0A
    db 0x3a, 0x00, 0xd3, 0xe0, 0x89, 0x46, 0xf4, 0xc7, 0x46, 0xf6, 0x64, 0x00, 0x8c, 0x5e, 0xf8, 0x8a  ; AE1A
    db 0x56, 0x06, 0x80, 0xe2, 0x01, 0x80, 0xfa, 0x00, 0x74, 0x78, 0x8b, 0x3e, 0x64, 0x00, 0x03, 0xf8  ; AE2A
    db 0xa1, 0x2a, 0x00, 0x3b, 0xf8, 0x7e, 0x11, 0xa1, 0x64, 0x00, 0x03, 0x46, 0xf4, 0x2b, 0x06, 0x2a  ; AE3A
    db 0x00, 0x48, 0xa3, 0x64, 0x00, 0xe9, 0x2b, 0x00, 0xc4, 0x7e, 0xf6, 0x26, 0x8b, 0x15, 0x03, 0x56  ; AE4A
    db 0xf4, 0x83, 0xfa, 0x00, 0x7d, 0x11, 0x26, 0x8b, 0x0d, 0x03, 0x4e, 0xf4, 0x03, 0x0e, 0x2a, 0x00  ; AE5A
    db 0x41, 0x26, 0x89, 0x0d, 0xe9, 0x0c, 0x00, 0xc4, 0x7e, 0xf6, 0x26, 0x8b, 0x15, 0x03, 0x56, 0xf4  ; AE6A
    db 0x26, 0x89, 0x15, 0xc4, 0x7e, 0xf6, 0x26, 0x8b, 0x15, 0x26, 0x89, 0x55, 0x08, 0xa1, 0x86, 0x01  ; AE7A
    db 0x25, 0x80, 0x00, 0x3d, 0x00, 0x00, 0x74, 0x5c, 0xc4, 0x5e, 0xf6, 0x26, 0x8b, 0x4f, 0x04, 0x03  ; AE8A
    db 0x4e, 0xf4, 0xa1, 0x2a, 0x00, 0x3b, 0xc8, 0x7e, 0x19, 0xa1, 0x2a, 0x00, 0x26, 0x8b, 0x7f, 0x04  ; AE9A
    db 0xeb, 0x03, 0xe9, 0x3f, 0x00, 0x03, 0x7e, 0xf4, 0x2b, 0xf8, 0x4f, 0x26, 0x89, 0x7f, 0x04, 0xe9  ; AEAA
    db 0x32, 0x00, 0xc4, 0x7e, 0xf6, 0x26, 0x8b, 0x55, 0x04, 0x03, 0x56, 0xf4, 0x83, 0xfa, 0x00, 0x7d  ; AEBA
    db 0x15, 0x26, 0x8b, 0x4d, 0x04, 0x8b, 0x5e, 0xf4, 0x03, 0xcb, 0x03, 0x0e, 0x2a, 0x00, 0x41, 0x26  ; AECA
    db 0x89, 0x4d, 0x04, 0xe9, 0x0e, 0x00, 0xc4, 0x7e, 0xf6, 0x26, 0x8b, 0x55, 0x04, 0x03, 0x56, 0xf4  ; AEDA
    db 0x26, 0x89, 0x55, 0x04, 0x83, 0x46, 0xf6, 0x0a, 0x8a, 0x56, 0x06, 0x80, 0xe2, 0x02, 0x80, 0xfa  ; AEEA
    db 0x00, 0x74, 0x77, 0xc4, 0x7e, 0xf6, 0x26, 0x8b, 0x15, 0x03, 0x56, 0xf4, 0xa1, 0x2a, 0x00, 0x3b  ; AEFA
    db 0xd0, 0x7e, 0x11, 0x26, 0x8b, 0x0d, 0x03, 0x4e, 0xf4, 0x2b, 0x0e, 0x2a, 0x00, 0x49, 0x26, 0x89  ; AF0A
    db 0x0d, 0xe9, 0x2b, 0x00, 0xc4, 0x7e, 0xf6, 0x26, 0x8b, 0x15, 0x03, 0x56, 0xf4, 0x83, 0xfa, 0x00  ; AF1A
    db 0x7d, 0x11, 0x26, 0x8b, 0x0d, 0x03, 0x4e, 0xf4, 0x03, 0x0e, 0x2a, 0x00, 0x41, 0x26, 0x89, 0x0d  ; AF2A
    db 0xe9, 0x0c, 0x00, 0xc4, 0x7e, 0xf6, 0x26, 0x8b, 0x15, 0x03, 0x56, 0xf4, 0x26, 0x89, 0x15, 0xc4  ; AF3A
    db 0x7e, 0xf6, 0x26, 0x8b, 0x15, 0x26, 0x89, 0x55, 0x08, 0xa1, 0x86, 0x01, 0x25, 0x80, 0x00, 0x3d  ; AF4A
    db 0x00, 0x00, 0x74, 0x5a, 0xc4, 0x5e, 0xf6, 0x26, 0x8b, 0x4f, 0x04, 0x03, 0x4e, 0xf4, 0xa1, 0x2a  ; AF5A
    db 0x00, 0x3b, 0xc8, 0x7e, 0x19, 0xa1, 0x2a, 0x00, 0xeb, 0x03, 0xe9, 0x41, 0x00, 0x26, 0x8b, 0x7f  ; AF6A
    db 0x04, 0x03, 0x7e, 0xf4, 0x2b, 0xf8, 0x4f, 0x26, 0x89, 0x7f, 0x04, 0xe9, 0x30, 0x00, 0xc4, 0x7e  ; AF7A
    db 0xf6, 0x26, 0x8b, 0x55, 0x04, 0x03, 0x56, 0xf4, 0x83, 0xfa, 0x00, 0x7d, 0x13, 0x26, 0x8b, 0x4d  ; AF8A
    db 0x04, 0x03, 0x4e, 0xf4, 0x03, 0x0e, 0x2a, 0x00, 0x41, 0x26, 0x89, 0x4d, 0x04, 0xe9, 0x0e, 0x00  ; AF9A
    db 0xc4, 0x7e, 0xf6, 0x26, 0x8b, 0x55, 0x04, 0x03, 0x56, 0xf4, 0x26, 0x89, 0x55, 0x04, 0xc7, 0x06  ; AFAA
    db 0x3a, 0x00, 0x00, 0x00, 0x59, 0x8b, 0xe5, 0x5d, 0xca, 0x02, 0x00, 0x55, 0x8b, 0xec, 0x83, 0xec  ; AFBA
    db 0x0c, 0x51, 0xc4, 0x7e, 0x06, 0x26, 0x8a, 0x15, 0x88, 0x56, 0xf5, 0x26, 0x8b, 0x5d, 0x0a, 0x89  ; AFCA
    db 0x5e, 0xf6, 0x83, 0xfb, 0x00, 0x7c, 0x0d, 0x8b, 0xcb, 0x8b, 0x46, 0x12, 0xd3, 0xf8, 0x89, 0x46  ; AFDA
    db 0xf8, 0xe9, 0x17, 0x00, 0x8b, 0x46, 0xf6, 0xba, 0xff, 0xff, 0xf7, 0xea, 0x8b, 0xc8, 0x8b, 0x7e  ; AFEA
    db 0x12, 0xd3, 0xe7, 0x89, 0x7e, 0xf8, 0x81, 0x66, 0xf8, 0xfe, 0xff, 0x8b, 0x7e, 0xf8, 0xc4, 0x5e  ; AFFA
    db 0x06, 0x26, 0x8b, 0x57, 0x0e, 0x3b, 0xfa, 0x7e, 0x07, 0x26, 0x8b, 0x7f, 0x0e, 0x89, 0x7e, 0xf8  ; B00A
    db 0x8a, 0x56, 0xf5, 0x80, 0xe2, 0x10, 0x80, 0xfa, 0x00, 0x75, 0x0b, 0x8a, 0x56, 0xf5, 0x80, 0xe2  ; B01A
    db 0x20, 0x80, 0xfa, 0x00, 0x75, 0x05, 0x81, 0x66, 0xf8, 0xfe, 0xff, 0x8b, 0x7e, 0xf8, 0xc4, 0x5e  ; B02A
    db 0x0a, 0x26, 0x89, 0x7f, 0x06, 0x8b, 0x56, 0x14, 0x4a, 0x29, 0x56, 0xf8, 0x8a, 0x4e, 0xf5, 0x80  ; B03A
    db 0xe1, 0x10, 0x80, 0xf9, 0x00, 0x74, 0x09, 0x8b, 0x7e, 0xf8, 0xd1, 0xff, 0x47, 0x89, 0x7e, 0xf8  ; B04A
    db 0x8a, 0x56, 0xf5, 0x80, 0xe2, 0x08, 0x80, 0xfa, 0x00, 0x74, 0x0d, 0x8b, 0x7e, 0xf8, 0x8b, 0xc7  ; B05A
    db 0xba, 0x0a, 0x00, 0xf7, 0xea, 0x89, 0x46, 0xf8, 0x81, 0x7e, 0xf8, 0xff, 0x03, 0x7e, 0x05, 0xc7  ; B06A
    db 0x46, 0xf8, 0xff, 0x03, 0x8a, 0x56, 0xf5, 0x80, 0xe2, 0x04, 0x80, 0xfa, 0x00, 0x74, 0x03, 0xd1  ; B07A
    db 0x66, 0xf8, 0x83, 0x46, 0xf8, 0xec, 0xc4, 0x7e, 0x0e, 0x26, 0x80, 0x4d, 0x01, 0x01, 0xff, 0x76  ; B08A
    db 0xf8, 0xc4, 0x56, 0x0e, 0x8b, 0xca, 0x83, 0xc1, 0x05, 0x06, 0x51, 0x9a, 0x64, 0x00, 0xc2, 0xfb  ; B09A
    db 0x83, 0xc4, 0x02, 0x83, 0x46, 0x0e, 0x18, 0xc4, 0x7e, 0x0e, 0x26, 0x80, 0x4d, 0x01, 0x01, 0xff  ; B0AA
    db 0x76, 0xf8, 0xc4, 0x56, 0x0e, 0x8b, 0xca, 0x83, 0xc1, 0x05, 0x06, 0x51, 0x9a, 0x64, 0x00, 0xc2  ; B0BA
    db 0xfb, 0x83, 0xc4, 0x02, 0x59, 0x8b, 0xe5, 0x5d, 0xca, 0x04, 0x00, 0x55, 0x8b, 0xec, 0x83, 0xec  ; B0CA
    db 0x1e, 0x80, 0x3e, 0x83, 0x1b, 0x14, 0x74, 0x75, 0x8b, 0x7e, 0x06, 0xd1, 0xe7, 0x89, 0x7e, 0xf0  ; B0DA
    db 0xd1, 0xe7, 0xd1, 0xe7, 0xd1, 0xe7, 0xc4, 0x1e, 0x94, 0x1c, 0x26, 0x8a, 0x51, 0x04, 0x2a, 0xf6  ; B0EA
    db 0x89, 0x56, 0xee, 0x8b, 0xc2, 0xba, 0x09, 0x00, 0xf7, 0xea, 0xc4, 0x16, 0xdc, 0x1d, 0x8b, 0xfa  ; B0FA
    db 0x03, 0xf8, 0x89, 0x7e, 0xf2, 0x8c, 0x46, 0xf4, 0x8b, 0x46, 0xf0, 0xba, 0x0e, 0x00, 0xf7, 0xea  ; B10A
    db 0xba, 0x74, 0x05, 0x03, 0xd0, 0x89, 0x56, 0xf6, 0x8c, 0x5e, 0xf8, 0xc4, 0x5e, 0xf6, 0x26, 0x8b  ; B11A
    db 0x57, 0x08, 0x89, 0x56, 0xec, 0x26, 0x8b, 0x57, 0x0a, 0x89, 0x56, 0xea, 0x26, 0x8b, 0x57, 0x06  ; B12A
    db 0x89, 0x56, 0xe4, 0x83, 0x46, 0xf6, 0x0e, 0xc4, 0x7e, 0xf6, 0x26, 0x8b, 0x55, 0x06, 0x89, 0x56  ; B13A
    db 0xe2, 0xc7, 0x46, 0xe8, 0x00, 0x10, 0xc7, 0x46, 0xe6, 0x00, 0x20, 0xeb, 0x03, 0xe9, 0xbf, 0x00  ; B14A
    db 0xc7, 0x46, 0xee, 0x00, 0x00, 0xe9, 0xae, 0x00, 0x8b, 0x7e, 0xf0, 0x03, 0x7e, 0xee, 0x80, 0xbd  ; B15A
    db 0xe2, 0x1b, 0x00, 0x74, 0x69, 0x8b, 0x56, 0xec, 0x39, 0x56, 0xe4, 0x7c, 0x19, 0x8b, 0x5e, 0xea  ; B16A
    db 0x39, 0x5e, 0xe4, 0x7f, 0x11, 0xc4, 0x7e, 0xf2, 0x26, 0x80, 0x0d, 0x01, 0x8b, 0x56, 0xe8, 0x09  ; B17A
    db 0x16, 0x86, 0x01, 0xe9, 0x10, 0x00, 0xc4, 0x7e, 0xf2, 0x26, 0x80, 0x25, 0xfe, 0x8b, 0x56, 0xe8  ; B18A
    db 0xf7, 0xd2, 0x21, 0x16, 0x86, 0x01, 0x83, 0x46, 0xf2, 0x09, 0x8b, 0x7e, 0xec, 0x39, 0x7e, 0xe2  ; B19A
    db 0x7c, 0x19, 0x8b, 0x56, 0xea, 0x39, 0x56, 0xe2, 0x7f, 0x11, 0xc4, 0x5e, 0xf2, 0x26, 0x80, 0x0f  ; B1AA
    db 0x01, 0x8b, 0x7e, 0xe6, 0x09, 0x3e, 0x86, 0x01, 0xe9, 0x3a, 0x00, 0xc4, 0x7e, 0xf2, 0x26, 0x80  ; B1BA
    db 0x25, 0xfe, 0x8b, 0x56, 0xe6, 0xf7, 0xd2, 0x21, 0x16, 0x86, 0x01, 0xe9, 0x27, 0x00, 0xe9, 0x00  ; B1CA
    db 0x00, 0x8b, 0x7e, 0xe8, 0xf7, 0xd7, 0x21, 0x3e, 0x86, 0x01, 0x8b, 0x7e, 0xe6, 0xf7, 0xd7, 0x21  ; B1DA
    db 0x3e, 0x86, 0x01, 0xc4, 0x7e, 0xf2, 0x26, 0x80, 0x25, 0xfe, 0x83, 0x46, 0xf2, 0x09, 0xc4, 0x5e  ; B1EA
    db 0xf2, 0x26, 0x80, 0x27, 0xfe, 0x83, 0x46, 0xf2, 0x09, 0xc7, 0x46, 0xe8, 0x00, 0x40, 0xc7, 0x46  ; B1FA
    db 0xe6, 0x00, 0x80, 0xff, 0x46, 0xee, 0x83, 0x7e, 0xee, 0x01, 0x7f, 0x03, 0xe9, 0x49, 0xff, 0x8b  ; B20A
    db 0xe5, 0x5d, 0xca, 0x02, 0x00, 0x55, 0x8b, 0xec, 0x83, 0xec, 0x22, 0x8b, 0x7e, 0x06, 0xd1, 0xe7  ; B21A
    db 0x89, 0x7e, 0xf6, 0x83, 0x7e, 0x06, 0x00, 0x75, 0x09, 0xa0, 0x76, 0x1b, 0x88, 0x46, 0xef, 0xe9  ; B22A
    db 0x04, 0x00, 0xc6, 0x46, 0xef, 0xff, 0x8b, 0x46, 0xf6, 0xba, 0x0e, 0x00, 0xf7, 0xea, 0x8b, 0xf8  ; B23A
    db 0x8b, 0x95, 0x7a, 0x05, 0x89, 0x56, 0xf4, 0x8b, 0x5e, 0xf6, 0x43, 0x8b, 0xc3, 0xba, 0x0e, 0x00  ; B24A
    db 0xf7, 0xea, 0x8b, 0xf8, 0x8b, 0x95, 0x7a, 0x05, 0x89, 0x56, 0xf2, 0x8b, 0x5e, 0x06, 0xd1, 0xe3  ; B25A
    db 0xd1, 0xe3, 0xd1, 0xe3, 0xd1, 0xe3, 0x8a, 0x87, 0x8c, 0x01, 0x24, 0x20, 0x3c, 0x00, 0x75, 0x06  ; B26A
    db 0xbb, 0x01, 0x00, 0xe9, 0x02, 0x00, 0x2b, 0xdb, 0x89, 0x5e, 0xf0, 0x8b, 0x46, 0xf6, 0xba, 0x14  ; B27A
    db 0x00, 0xf7, 0xea, 0xbf, 0xa6, 0x00, 0x03, 0xf8, 0x83, 0xc7, 0x0b, 0x89, 0x7e, 0xea, 0x8c, 0x5e  ; B28A
    db 0xec, 0xc4, 0x16, 0xdc, 0x1d, 0x8b, 0xda, 0x83, 0xc3, 0x5a, 0x89, 0x5e, 0xde, 0x8c, 0x46, 0xe0  ; B29A
    db 0x8b, 0x46, 0xf6, 0xba, 0x0a, 0x00, 0xf7, 0xea, 0xba, 0x14, 0x1c, 0x03, 0xd0, 0x89, 0x56, 0xe2  ; B2AA
    db 0x8c, 0x5e, 0xe4, 0xa1, 0x86, 0x01, 0x25, 0x00, 0x10, 0x3d, 0x00, 0x00, 0x74, 0x77, 0x83, 0x7e  ; B2BA
    db 0xf4, 0x00, 0x75, 0x14, 0xc4, 0x7e, 0xe2, 0x26, 0x80, 0x7d, 0x07, 0x00, 0x74, 0x0a, 0x26, 0x8b  ; B2CA
    db 0x5d, 0x08, 0x89, 0x5e, 0xf8, 0xe9, 0x17, 0x00, 0xff, 0x76, 0xf4, 0xff, 0x76, 0xf6, 0xc4, 0x3e  ; B2DA
    db 0x80, 0x1c, 0x06, 0x57, 0x9a, 0x6e, 0x02, 0x0a, 0xf8, 0x83, 0xc4, 0x04, 0x89, 0x46, 0xf8, 0xc4  ; B2EA
    db 0x7e, 0xde, 0x8d, 0x55, 0x02, 0x89, 0x56, 0xe6, 0x8c, 0x46, 0xe8, 0xc4, 0x5e, 0xe6, 0x06, 0x53  ; B2FA
    db 0xc4, 0x46, 0xea, 0x06, 0x50, 0xff, 0x76, 0xf8, 0x8a, 0x56, 0xef, 0x2a, 0xf6, 0x52, 0x9a, 0x69  ; B30A
    db 0x05, 0xfc, 0xfa, 0x83, 0xc4, 0x0a, 0x83, 0x7e, 0xf0, 0x00, 0x74, 0x4b, 0x83, 0x46, 0xea, 0x02  ; B31A
    db 0x8b, 0x7e, 0xf4, 0x47, 0x57, 0xff, 0x76, 0xf6, 0xc4, 0x16, 0x80, 0x1c, 0x06, 0x52, 0x9a, 0x6e  ; B32A
    db 0x02, 0x0a, 0xf8, 0xeb, 0x03, 0xe9, 0x2f, 0x00, 0x83, 0xc4, 0x04, 0x89, 0x46, 0xf8, 0xc4, 0x7e  ; B33A
    db 0xde, 0x8d, 0x55, 0x04, 0x89, 0x56, 0xe6, 0x8c, 0x46, 0xe8, 0xc4, 0x5e, 0xe6, 0x06, 0x53, 0xc4  ; B34A
    db 0x56, 0xea, 0x06, 0x52, 0x50, 0x8a, 0x56, 0xef, 0x2a, 0xf6, 0x52, 0x9a, 0x69, 0x05, 0xfc, 0xfa  ; B35A
    db 0x83, 0xc4, 0x0a, 0x83, 0x46, 0xea, 0xfe, 0x83, 0x46, 0xde, 0x09, 0xa1, 0x86, 0x01, 0x25, 0x00  ; B36A
    db 0x20, 0x3d, 0x00, 0x00, 0x74, 0x77, 0x83, 0x7e, 0xf2, 0x00, 0x75, 0x14, 0xc4, 0x7e, 0xe2, 0x26  ; B37A
    db 0x80, 0x7d, 0x07, 0x00, 0x74, 0x0a, 0x26, 0x8b, 0x55, 0x08, 0x89, 0x56, 0xf8, 0xe9, 0x17, 0x00  ; B38A
    db 0xff, 0x76, 0xf2, 0xff, 0x76, 0xf6, 0xc4, 0x3e, 0x80, 0x1c, 0x06, 0x57, 0x9a, 0x6e, 0x02, 0x0a  ; B39A
    db 0xf8, 0x83, 0xc4, 0x04, 0x89, 0x46, 0xf8, 0xc4, 0x7e, 0xde, 0x8d, 0x55, 0x02, 0x89, 0x56, 0xe6  ; B3AA
    db 0x8c, 0x46, 0xe8, 0xc4, 0x5e, 0xe6, 0x06, 0x53, 0xc4, 0x46, 0xea, 0x06, 0x50, 0xff, 0x76, 0xf8  ; B3BA
    db 0x8a, 0x56, 0xef, 0x2a, 0xf6, 0x52, 0x9a, 0x69, 0x05, 0xfc, 0xfa, 0x83, 0xc4, 0x0a, 0x83, 0x7e  ; B3CA
    db 0xf0, 0x00, 0x74, 0x4b, 0x83, 0x46, 0xea, 0x02, 0x8b, 0x7e, 0xf2, 0x47, 0x57, 0xff, 0x76, 0xf6  ; B3DA
    db 0xc4, 0x16, 0x80, 0x1c, 0x06, 0x52, 0x9a, 0x6e, 0x02, 0x0a, 0xf8, 0xeb, 0x03, 0xe9, 0x2f, 0x00  ; B3EA
    db 0x83, 0xc4, 0x04, 0x89, 0x46, 0xf8, 0xc4, 0x7e, 0xde, 0x8d, 0x55, 0x04, 0x89, 0x56, 0xe6, 0x8c  ; B3FA
    db 0x46, 0xe8, 0xc4, 0x5e, 0xe6, 0x06, 0x53, 0xc4, 0x56, 0xea, 0x06, 0x52, 0x50, 0x8a, 0x56, 0xef  ; B40A
    db 0x2a, 0xf6, 0x52, 0x9a, 0x69, 0x05, 0xfc, 0xfa, 0x83, 0xc4, 0x0a, 0x83, 0x46, 0xea, 0xfe, 0xff  ; B41A
    db 0x46, 0xf6, 0x83, 0x46, 0xde, 0x09, 0x8b, 0x46, 0xf6, 0xba, 0x14, 0x00, 0xf7, 0xea, 0xbf, 0xa6  ; B42A
    db 0x00, 0x03, 0xf8, 0x83, 0xc7, 0x0b, 0x89, 0x7e, 0xea, 0x8c, 0x5e, 0xec, 0x8b, 0x46, 0xf6, 0xba  ; B43A
    db 0x0a, 0x00, 0xf7, 0xea, 0xba, 0x14, 0x1c, 0x03, 0xd0, 0x89, 0x56, 0xe2, 0x8c, 0x5e, 0xe4, 0xa1  ; B44A
    db 0x86, 0x01, 0x25, 0x00, 0x40, 0x3d, 0x00, 0x00, 0x74, 0x58, 0x83, 0x7e, 0xf4, 0x00, 0x75, 0x14  ; B45A
    db 0xc4, 0x5e, 0xe2, 0x26, 0x80, 0x7f, 0x07, 0x00, 0x74, 0x0a, 0x26, 0x8b, 0x7f, 0x08, 0x89, 0x7e  ; B46A
    db 0xf8, 0xe9, 0x17, 0x00, 0xff, 0x76, 0xf4, 0xff, 0x76, 0xf6, 0xc4, 0x3e, 0x80, 0x1c, 0x06, 0x57  ; B47A
    db 0x9a, 0x6e, 0x02, 0x0a, 0xf8, 0x83, 0xc4, 0x04, 0x89, 0x46, 0xf8, 0xc4, 0x7e, 0xde, 0x8d, 0x55  ; B48A
    db 0x02, 0x89, 0x56, 0xe6, 0x8c, 0x46, 0xe8, 0xc4, 0x5e, 0xe6, 0x06, 0x53, 0xc4, 0x46, 0xea, 0x06  ; B49A
    db 0x50, 0xff, 0x76, 0xf8, 0x8a, 0x56, 0xef, 0x2a, 0xf6, 0x52, 0x9a, 0x69, 0x05, 0xfc, 0xfa, 0x83  ; B4AA
    db 0xc4, 0x0a, 0x83, 0x46, 0xde, 0x09, 0xa1, 0x86, 0x01, 0x25, 0x00, 0x80, 0x3d, 0x00, 0x00, 0x74  ; B4BA
    db 0x58, 0x83, 0x7e, 0xf2, 0x00, 0x75, 0x14, 0xc4, 0x7e, 0xe2, 0x26, 0x80, 0x7d, 0x07, 0x00, 0x74  ; B4CA
    db 0x0a, 0x26, 0x8b, 0x55, 0x08, 0x89, 0x56, 0xf8, 0xe9, 0x17, 0x00, 0xff, 0x76, 0xf2, 0xff, 0x76  ; B4DA
    db 0xf6, 0xc4, 0x3e, 0x80, 0x1c, 0x06, 0x57, 0x9a, 0x6e, 0x02, 0x0a, 0xf8, 0x83, 0xc4, 0x04, 0x89  ; B4EA
    db 0x46, 0xf8, 0xc4, 0x7e, 0xde, 0x8d, 0x55, 0x02, 0x89, 0x56, 0xe6, 0x8c, 0x46, 0xe8, 0xc4, 0x5e  ; B4FA
    db 0xe6, 0x06, 0x53, 0xc4, 0x46, 0xea, 0x06, 0x50, 0xff, 0x76, 0xf8, 0x8a, 0x5e, 0xef, 0x2a, 0xff  ; B50A
    db 0x53, 0x9a, 0x69, 0x05, 0xfc, 0xfa, 0x83, 0xc4, 0x0a, 0x8b, 0xe5, 0x5d, 0xca, 0x02, 0x00, 0x55  ; B51A
    db 0x8b, 0xec, 0x83, 0xec, 0x08, 0xc4, 0x7e, 0x0a, 0x26, 0x8a, 0x15, 0x2a, 0xf6, 0xd1, 0xfa, 0xd1  ; B52A
    db 0xfa, 0xd1, 0xfa, 0xd1, 0xfa, 0xd1, 0xfa, 0x81, 0xe2, 0x07, 0x00, 0x26, 0x8a, 0x5d, 0x01, 0x2a  ; B53A
    db 0xff, 0xd1, 0xe3, 0xd1, 0xe3, 0xd1, 0xe3, 0x0b, 0xda, 0x89, 0x5e, 0xf8, 0x80, 0x7e, 0x06, 0x00  ; B54A
    db 0x74, 0x18, 0x26, 0x8a, 0x15, 0x2a, 0xf6, 0x52, 0xff, 0x76, 0x08, 0x53, 0x9a, 0x08, 0x00, 0xa0  ; B55A
    db 0xfa, 0x83, 0xc4, 0x04, 0x89, 0x46, 0xf8, 0xe9, 0x09, 0x00, 0x8b, 0x7e, 0x08, 0x83, 0xc7, 0xec  ; B56A
    db 0x01, 0x7e, 0xf8, 0xff, 0x76, 0xf8, 0xc4, 0x7e, 0x0e, 0x06, 0x57, 0x9a, 0x64, 0x00, 0xc2, 0xfb  ; B57A
    db 0x83, 0xc4, 0x02, 0x8b, 0xe5, 0x5d, 0xca, 0x02, 0x00, 0x55, 0x8b, 0xec, 0x83, 0xec, 0x06, 0xa0  ; B58A
    db 0x30, 0x00, 0x2a, 0xe4, 0x50, 0xc4, 0x7e, 0x0a, 0x06, 0x57, 0xc4, 0x56, 0x06, 0x06, 0x52, 0x9a  ; B59A
    db 0x29, 0x00, 0xbe, 0xfb, 0x83, 0xc4, 0x06, 0x8b, 0xe5, 0x5d, 0xca, 0x04, 0x00, 0x55, 0x8b, 0xec  ; B5AA
    db 0x83, 0xec, 0x06, 0xa0, 0x30, 0x00, 0x2a, 0xe4, 0x50, 0xc4, 0x7e, 0x08, 0x06, 0x57, 0x8b, 0x46  ; B5BA
    db 0x06, 0xba, 0x14, 0x00, 0xf7, 0xea, 0xba, 0xa6, 0x00, 0x03, 0xd0, 0x83, 0xc2, 0x0a, 0x1e, 0x52  ; B5CA
    db 0x9a, 0x29, 0x00, 0xbe, 0xfb, 0x83, 0xc4, 0x06, 0x8b, 0x7e, 0x06, 0xd1, 0xe7, 0xd1, 0xe7, 0x83  ; B5DA
    db 0xbd, 0x3e, 0x00, 0x00, 0x75, 0x06, 0xb8, 0x01, 0x00, 0xe9, 0x02, 0x00, 0x2b, 0xc0, 0x8b, 0xe5  ; B5EA
    db 0x5d, 0xca, 0x02, 0x00, 0x55, 0x8b, 0xec, 0x83, 0xec, 0x18, 0x8b, 0x7e, 0x06, 0xd1, 0xff, 0x89  ; B5FA
    db 0x7e, 0xf8, 0xc4, 0x5e, 0x08, 0x26, 0x8a, 0x57, 0x0f, 0xc4, 0x7e, 0x10, 0x26, 0x88, 0x55, 0x05  ; B60A
    db 0xc4, 0x46, 0x08, 0x8b, 0xf8, 0x26, 0x8a, 0x5d, 0x10, 0xc4, 0x7e, 0x10, 0x26, 0x88, 0x5d, 0x06  ; B61A
    db 0xc4, 0x7e, 0x0c, 0x8c, 0xc2, 0xc4, 0x5e, 0x08, 0x8b, 0xc7, 0x26, 0x03, 0x47, 0x02, 0x89, 0x46  ; B62A
    db 0xec, 0x89, 0x56, 0xee, 0x8b, 0xc7, 0x26, 0x03, 0x47, 0x04, 0x89, 0x46, 0xe8, 0x89, 0x56, 0xea  ; B63A
    db 0xa1, 0x86, 0x01, 0x25, 0x00, 0x01, 0x3d, 0x00, 0x00, 0x74, 0x76, 0xc7, 0x46, 0xf6, 0x01, 0x00  ; B64A
    db 0x26, 0x8b, 0x47, 0x02, 0x26, 0x8b, 0x57, 0x06, 0x2b, 0xd0, 0x83, 0xfa, 0x00, 0x7f, 0x05, 0xc7  ; B65A
    db 0x46, 0xf6, 0xff, 0xff, 0xc4, 0x7e, 0xe8, 0x8b, 0x5e, 0xf6, 0x26, 0x8a, 0x11, 0x80, 0xe2, 0x03  ; B66A
    db 0x26, 0x88, 0x15, 0x80, 0xfa, 0x02, 0x74, 0x11, 0xc4, 0x7e, 0xec, 0x8b, 0x5e, 0xf6, 0x26, 0x8a  ; B67A
    db 0x01, 0x24, 0x03, 0x26, 0x88, 0x05, 0xe9, 0x26, 0x00, 0xc4, 0x7e, 0xec, 0x2b, 0x7e, 0xf6, 0x26  ; B68A
    db 0x8a, 0x15, 0x80, 0xe2, 0x03, 0xc4, 0x5e, 0xec, 0x26, 0x88, 0x17, 0xc4, 0x46, 0xe8, 0x2b, 0x46  ; B69A
    db 0xf6, 0x8b, 0xf8, 0x26, 0x8a, 0x15, 0x80, 0xe2, 0x03, 0xc4, 0x5e, 0xe8, 0x26, 0x88, 0x17, 0xc4  ; B6AA
    db 0x7e, 0xec, 0x26, 0x80, 0x3d, 0x02, 0x75, 0x04, 0x26, 0xc6, 0x05, 0x09, 0xc4, 0x7e, 0xe8, 0xeb  ; B6BA
    db 0x03, 0xe9, 0x0d, 0x00, 0x26, 0x80, 0x3d, 0x02, 0x75, 0x15, 0x26, 0xc6, 0x05, 0x09, 0xe9, 0x0e  ; B6CA
    db 0x00, 0xc4, 0x7e, 0xec, 0x26, 0xc6, 0x05, 0x09, 0xc4, 0x5e, 0xe8, 0x26, 0xc6, 0x07, 0x09, 0xc4  ; B6DA
    db 0x7e, 0x10, 0x26, 0x8a, 0x15, 0x80, 0xe2, 0x10, 0x80, 0xfa, 0x00, 0x74, 0x19, 0xc4, 0x56, 0x0c  ; B6EA
    db 0x8b, 0xfa, 0x8c, 0xc0, 0xc4, 0x5e, 0x08, 0x8b, 0xd3, 0x26, 0x8b, 0x5f, 0x06, 0x8e, 0xc0, 0x26  ; B6FA
    db 0xc6, 0x01, 0x08, 0xe9, 0x14, 0x00, 0xc4, 0x7e, 0x0c, 0x8c, 0xc2, 0xc4, 0x5e, 0x08, 0x8b, 0xc3  ; B70A
    db 0x26, 0x8b, 0x5f, 0x06, 0x8e, 0xc2, 0x26, 0xc6, 0x01, 0x09, 0xc4, 0x7e, 0x0c, 0x8c, 0xc2, 0xc4  ; B71A
    db 0x5e, 0x08, 0x8b, 0xc3, 0x26, 0x8b, 0x5f, 0x08, 0x8e, 0xc2, 0x26, 0xc6, 0x01, 0x0a, 0x83, 0x7e  ; B72A
    db 0xf8, 0x01, 0x7c, 0x06, 0x83, 0x7e, 0xf8, 0x03, 0x7e, 0x09, 0xa0, 0x76, 0x1b, 0x24, 0x86, 0x3c  ; B73A
    db 0x00, 0x74, 0x77, 0xc4, 0x7e, 0x10, 0x26, 0x8a, 0x15, 0x80, 0xe2, 0x04, 0x80, 0xfa, 0x00, 0x74  ; B74A
    db 0x0b, 0xc6, 0x46, 0xf5, 0x02, 0xc6, 0x46, 0xf4, 0x01, 0xe9, 0x21, 0x00, 0xc4, 0x7e, 0x10, 0x26  ; B75A
    db 0x8a, 0x15, 0x80, 0xe2, 0x08, 0x80, 0xfa, 0x00, 0x75, 0x0b, 0xc6, 0x46, 0xf5, 0x02, 0xc6, 0x46  ; B76A
    db 0xf4, 0x02, 0xe9, 0x08, 0x00, 0xc6, 0x46, 0xf5, 0x01, 0xc6, 0x46, 0xf4, 0x00, 0xc4, 0x7e, 0x0c  ; B77A
    db 0x2b, 0x3e, 0x02, 0x1c, 0x89, 0x7e, 0xf0, 0x8c, 0x46, 0xf2, 0x8a, 0x56, 0xf4, 0x2a, 0xf6, 0x52  ; B78A
    db 0x8a, 0x5e, 0xf5, 0x2a, 0xff, 0x53, 0x8c, 0xc0, 0xc4, 0x5e, 0x08, 0x26, 0x8b, 0x57, 0x02, 0x8e  ; B79A
    db 0xc0, 0x8b, 0xdf, 0x03, 0xda, 0x06, 0x53, 0x9a, 0x06, 0x00, 0xd8, 0xfb, 0x83, 0xc4, 0x04, 0x8a  ; B7AA
    db 0x56, 0xf4, 0x2a, 0xf6, 0x52, 0x8a, 0x5e, 0xf5, 0xeb, 0x03, 0xe9, 0x1f, 0x00, 0x2a, 0xff, 0x53  ; B7BA
    db 0xc4, 0x7e, 0xf0, 0x8c, 0xc0, 0xc4, 0x5e, 0x08, 0x26, 0x8b, 0x57, 0x04, 0x8e, 0xc0, 0x8b, 0xdf  ; B7CA
    db 0x03, 0xda, 0x06, 0x53, 0x9a, 0x06, 0x00, 0xd8, 0xfb, 0x83, 0xc4, 0x04, 0xc4, 0x7e, 0x08, 0x26  ; B7DA
    db 0x8b, 0x55, 0x06, 0x26, 0x89, 0x55, 0x02, 0xc4, 0x5e, 0x08, 0x26, 0x8b, 0x47, 0x08, 0x26, 0x89  ; B7EA
    db 0x47, 0x04, 0xa1, 0x86, 0x01, 0x25, 0x01, 0x00, 0x3d, 0x00, 0x00, 0x74, 0x25, 0x83, 0x7e, 0xf8  ; B7FA
    db 0x00, 0x75, 0x0e, 0xc4, 0x7e, 0x0c, 0x8b, 0x1e, 0x72, 0x01, 0x26, 0x80, 0x09, 0x04, 0xe9, 0x11  ; B80A
    db 0x00, 0x83, 0x7e, 0xf8, 0x04, 0x75, 0x0b, 0xc4, 0x7e, 0x0c, 0x8b, 0x1e, 0x76, 0x01, 0x26, 0x80  ; B81A
    db 0x09, 0x04, 0x8b, 0xe5, 0x5d, 0xca, 0x02, 0x00, 0x55, 0x8b, 0xec, 0x83, 0xec, 0x06, 0xc4, 0x7e  ; B82A
    db 0x08, 0x8a, 0x56, 0x06, 0x26, 0x88, 0x15, 0x8b, 0xe5, 0x5d, 0xca, 0x02, 0x00, 0x55, 0x8b, 0xec  ; B83A
    db 0x83, 0xec, 0x0e, 0x8b, 0x46, 0x06, 0xba, 0x14, 0x00, 0xf7, 0xea, 0xbf, 0xa6, 0x00, 0x03, 0xf8  ; B84A
    db 0x89, 0x7e, 0xf6, 0x8c, 0x5e, 0xf8, 0x8b, 0x56, 0x06, 0xd1, 0xfa, 0xd1, 0xe2, 0xd1, 0xe2, 0xd1  ; B85A
    db 0xe2, 0xd1, 0xe2, 0x8b, 0xda, 0x8a, 0x97, 0x8c, 0x01, 0x80, 0xe2, 0x10, 0x80, 0xfa, 0x00, 0x74  ; B86A
    db 0x0e, 0x8b, 0x56, 0x08, 0x42, 0xc4, 0x5e, 0xf6, 0x26, 0x89, 0x57, 0x06, 0xe9, 0x0a, 0x00, 0x8b  ; B87A
    db 0x7e, 0x08, 0xc4, 0x5e, 0xf6, 0x26, 0x89, 0x7f, 0x06, 0x8b, 0x7e, 0x0a, 0xc4, 0x5e, 0xf6, 0x26  ; B88A
    db 0x89, 0x7f, 0x08, 0x8b, 0x56, 0x08, 0x8b, 0x46, 0x06, 0xd1, 0xe0, 0xd1, 0xe0, 0x8b, 0xd8, 0x03  ; B89A
    db 0x97, 0x3c, 0x00, 0x89, 0x56, 0xf2, 0x53, 0xc4, 0x3e, 0x80, 0x1c, 0x8b, 0xc7, 0x03, 0xc2, 0x06  ; B8AA
    db 0x50, 0x9a, 0x0f, 0x00, 0xc2, 0xfb, 0x89, 0x46, 0xf4, 0xc4, 0x7e, 0xf6, 0x8d, 0x55, 0x0f, 0x06  ; B8BA
    db 0x52, 0x8d, 0x5e, 0xf4, 0x16, 0x53, 0x9a, 0x2d, 0x00, 0xc2, 0xfb, 0x83, 0xc4, 0x04, 0xc4, 0x7e  ; B8CA
    db 0xf6, 0x26, 0x80, 0x0d, 0x02, 0x83, 0xc4, 0x02, 0x8b, 0xe5, 0x5d, 0xca, 0x02, 0x00  ; B8DA
SUB_FB8E8:
    push bp                                  ; B8E8: push bp
    mov bp, sp                               ; B8E9: mov bp, sp
    sub sp, 0xc                              ; B8EB: sub sp, 0xc
    mov word [bp - 0xa], 0x18c               ; B8EE: mov word ptr [bp - 0xa], 0x18c
    mov word [bp - 8], ds                    ; B8F3: mov word ptr [bp - 8], ds
    cmp word [bp + 6], 0                     ; B8F6: cmp word ptr [bp + 6], 0
    jne short 0xb965                         ; B8FA: jne 0x3d5
    mov al, byte [0x18c]                     ; B8FC: mov al, byte ptr [0x18c]
    and al, 0x10                             ; B8FF: and al, 0x10
    cmp al, 0                                ; B901: cmp al, 0
    je short 0xb90d                          ; B903: je 0x37d
    mov word [bp - 0xc], 1                   ; B905: mov word ptr [bp - 0xc], 1
    jmp 0xb928                               ; B90A: jmp 0x398
L_FB90D:
    les di, [bp - 0xa]                       ; B90D: les di, ptr [bp - 0xa]
    mov dl, byte [es:di]                     ; B910: mov dl, byte ptr es:[di]
    and dl, 0x20                             ; B913: and dl, 0x20
    cmp dl, 0                                ; B916: cmp dl, 0
    je short 0xb923                          ; B919: je 0x393
    mov word [bp - 0xc], 0                   ; B91B: mov word ptr [bp - 0xc], 0
    jmp 0xb928                               ; B920: jmp 0x398
L_FB923:
    mov word [bp - 0xc], 2                   ; B923: mov word ptr [bp - 0xc], 2
L_FB928:
    push word [bp - 0xc]                     ; B928: push word ptr [bp - 0xc]
    mov di, 0x2000                           ; B92B: mov di, 0x2000
    push di                                  ; B92E: push di
    les di, [0x1c80]                         ; B92F: les di, ptr [0x1c80]
    push es                                  ; B933: push es
    push di                                  ; B934: push di
    call 0xfbd8:0x0006                       ; B935: lcall 0xfbd8, 6
    add sp, 4                                ; B93A: add sp, 4
    push word [bp - 0xc]                     ; B93D: push word ptr [bp - 0xc]
    mov di, 0x800                            ; B940: mov di, 0x800
    push di                                  ; B943: push di
    les di, [0x1c80]                         ; B944: les di, ptr [0x1c80]
    mov dx, es                               ; B948: mov dx, es
    les bx, [0x1c94]                         ; B94A: les bx, ptr [0x1c94]
    mov ax, word [es:bx + 0x40]              ; B94E: mov ax, word ptr es:[bx + 0x40]
    mov es, dx                               ; B952: mov es, dx
    mov dx, di                               ; B954: mov dx, di
    add dx, ax                               ; B956: add dx, ax
    push es                                  ; B958: push es
    push dx                                  ; B959: push dx
    call 0xfbd8:0x0006                       ; B95A: lcall 0xfbd8, 6
    add sp, 4                                ; B95F: add sp, 4
    jmp 0xb96e                               ; B962: jmp 0x3de
L_FB965:
    jmp 0xb968                               ; B965: jmp 0x3d8
L_FB968:
    or word [0x22], strict word 0x1000       ; B968: or word ptr [0x22], 0x1000
L_FB96E:
    mov sp, bp                               ; B96E: mov sp, bp
    pop bp                                   ; B970: pop bp
    retf 2                                   ; B971: retf 2
    db 0xff, 0x55, 0x8b, 0xec, 0x83, 0xec, 0x06, 0xa1, 0x22, 0x00, 0x25, 0x00, 0x02, 0x3d, 0x00, 0x00  ; B974
    db 0x74, 0x17, 0x81, 0x26, 0x22, 0x00, 0xff, 0xfd, 0xa0, 0x20, 0x00, 0x2a, 0xe4, 0x50, 0x9a, 0x0b  ; B984
    db 0x00, 0xe0, 0xfa, 0x81, 0x0e, 0x22, 0x00, 0x00, 0x04, 0xa1, 0x22, 0x00, 0x25, 0x04, 0x00, 0x3d  ; B994
    db 0x00, 0x00, 0x74, 0x16, 0x9a, 0x06, 0x00, 0xb1, 0xf8, 0x3d, 0x00, 0x00, 0x74, 0x0c, 0x81, 0x26  ; B9A4
    db 0x22, 0x00, 0xfb, 0xff, 0x81, 0x0e, 0x86, 0x01, 0x21, 0x00, 0xa1, 0x22, 0x00, 0x25, 0x08, 0x00  ; B9B4
    db 0x3d, 0x00, 0x00, 0x74, 0x16, 0xa1, 0x22, 0x00, 0x25, 0x00, 0x04, 0x3d, 0x00, 0x00, 0x74, 0x0b  ; B9C4
    db 0x81, 0x26, 0x22, 0x00, 0xf7, 0xff, 0x9a, 0xbd, 0x00, 0xb1, 0xf8, 0xa1, 0x86, 0x01, 0x25, 0x01  ; B9D4
    db 0x00, 0x3d, 0x00, 0x00, 0x74, 0x05, 0x9a, 0x08, 0x00, 0xc3, 0xf9, 0x8b, 0xe5, 0x5d, 0xcb, 0x55  ; B9E4
    db 0x8b, 0xec, 0x83, 0xec, 0x12, 0x80, 0x3e, 0x1f, 0x00, 0x03, 0x74, 0x0e, 0x80, 0x3e, 0x1f, 0x00  ; B9F4
    db 0x07, 0x74, 0x07, 0x80, 0x3e, 0x1f, 0x00, 0x05, 0x75, 0x1b, 0x8a, 0x56, 0x06, 0x80, 0xe2, 0x04  ; BA04
    db 0x80, 0xfa, 0x00, 0x74, 0x08, 0xc7, 0x46, 0xf8, 0x80, 0x08, 0xe9, 0x0e, 0x00, 0xc7, 0x46, 0xf8  ; BA14
    db 0x00, 0x11, 0xe9, 0x06, 0x00, 0x8b, 0x7e, 0x08, 0x89, 0x7e, 0xf8, 0xff, 0x76, 0x08, 0xff, 0x76  ; BA24
    db 0xf8, 0x2b, 0xff, 0x57, 0xa0, 0xe2, 0x1b, 0x2a, 0xe4, 0x25, 0x02, 0x00, 0x50, 0x8a, 0x56, 0x06  ; BA34
    db 0x2a, 0xf6, 0x81, 0xe2, 0x04, 0x00, 0x52, 0x2b, 0xff, 0x57, 0x9a, 0x34, 0x01, 0x9f, 0xfb, 0x83  ; BA44
    db 0xc4, 0x0a, 0xc4, 0x3e, 0x94, 0x1c, 0x26, 0x8b, 0x55, 0x40, 0x89, 0x56, 0xf2, 0xa1, 0x3c, 0x00  ; BA54
    db 0xd1, 0xf8, 0xd1, 0xf8, 0x03, 0xd0, 0x89, 0x16, 0x5c, 0x00, 0x80, 0x3e, 0x83, 0x1b, 0x1e, 0x74  ; BA64
    db 0x38, 0x8a, 0x5e, 0x06, 0x80, 0xe3, 0x10, 0x80, 0xfb, 0x00, 0x74, 0x2d, 0xa1, 0x3e, 0x00, 0xd1  ; BA74
    db 0xf8, 0xd1, 0xf8, 0xd1, 0xf8, 0xa3, 0x5e, 0x00, 0x8b, 0x7e, 0xf2, 0xa1, 0x40, 0x00, 0xd1, 0xf8  ; BA84
    db 0xd1, 0xf8, 0xd1, 0xf8, 0x03, 0xf8, 0x89, 0x3e, 0x60, 0x00, 0xa1, 0x42, 0x00, 0xd1, 0xf8, 0xd1  ; BA94
    db 0xf8, 0xd1, 0xf8, 0xa3, 0x62, 0x00, 0xe9, 0x24, 0x00, 0xa1, 0x3e, 0x00, 0xd1, 0xf8, 0xd1, 0xf8  ; BAA4
    db 0xa3, 0x5e, 0x00, 0x8b, 0x7e, 0xf2, 0xa1, 0x40, 0x00, 0xd1, 0xf8, 0xd1, 0xf8, 0x03, 0xf8, 0x89  ; BAB4
    db 0x3e, 0x60, 0x00, 0xa1, 0x42, 0x00, 0xd1, 0xf8, 0xd1, 0xf8, 0xa3, 0x62, 0x00, 0x2b, 0xff, 0x57  ; BAC4
    db 0x57, 0xa0, 0x31, 0x00, 0x2a, 0xe4, 0xd1, 0xe0, 0xd1, 0xe0, 0x50, 0x1e, 0xba, 0x64, 0x00, 0x52  ; BAD4
    db 0x9a, 0x09, 0x00, 0xbe, 0xfb, 0x83, 0xc4, 0x06, 0x8b, 0x7e, 0xf8, 0x4f, 0x89, 0x3e, 0x2a, 0x00  ; BAE4
    db 0x89, 0x7e, 0xf6, 0xc7, 0x46, 0xee, 0x64, 0x00, 0x8c, 0x5e, 0xf0, 0xc7, 0x46, 0xf4, 0x00, 0x00  ; BAF4
    db 0xe9, 0x11, 0x00, 0x8b, 0x7e, 0xf6, 0xc4, 0x5e, 0xee, 0x26, 0x89, 0x7f, 0x02, 0x83, 0x46, 0xee  ; BB04
    db 0x0a, 0xff, 0x46, 0xf4, 0x83, 0x7e, 0xf4, 0x03, 0x7e, 0xe9, 0x8b, 0xe5, 0x5d, 0xca, 0x02, 0x00  ; BB14
    db 0x55, 0x8b, 0xec, 0x83, 0xec, 0x0e, 0x8a, 0x56, 0x06, 0x2a, 0xf6, 0xd1, 0xe2, 0xd1, 0xe2, 0xd1  ; BB24
    db 0xe2, 0xbf, 0x3c, 0x00, 0x03, 0xfa, 0x89, 0x7e, 0xf6, 0x8c, 0x5e, 0xf8, 0xc4, 0x5e, 0xf6, 0x8d  ; BB34
    db 0x47, 0x04, 0x89, 0x46, 0xf2, 0x8c, 0x46, 0xf4, 0x80, 0x7e, 0x08, 0x00, 0x74, 0x26, 0x8b, 0x56  ; BB44
    db 0x0c, 0x26, 0x89, 0x17, 0x8b, 0x46, 0x10, 0xc4, 0x5e, 0xf6, 0x26, 0x89, 0x47, 0x02, 0x8b, 0x56  ; BB54
    db 0x0c, 0x03, 0x56, 0x0e, 0xc4, 0x7e, 0xf2, 0x26, 0x89, 0x15, 0x8b, 0x46, 0x10, 0x26, 0x89, 0x45  ; BB64
    db 0x02, 0xe9, 0x40, 0x00, 0x80, 0x7e, 0x0a, 0x00, 0x74, 0x20, 0xc4, 0x7e, 0xf6, 0x8b, 0x56, 0x0c  ; BB74
    db 0x26, 0x89, 0x15, 0x8b, 0x5e, 0x10, 0x26, 0x89, 0x5d, 0x02, 0xc4, 0x5e, 0xf2, 0x8b, 0x56, 0x0c  ; BB84
    db 0x26, 0x89, 0x17, 0x26, 0x89, 0x57, 0x02, 0xe9, 0x1a, 0x00, 0xc4, 0x7e, 0xf6, 0x8b, 0x56, 0x0c  ; BB94
    db 0x26, 0x89, 0x15, 0x26, 0x89, 0x55, 0x02, 0xc4, 0x5e, 0xf2, 0x26, 0x89, 0x17, 0x8b, 0x46, 0x10  ; BBA4
    db 0x26, 0x89, 0x47, 0x02, 0x8b, 0xe5, 0x5d, 0xca, 0x02, 0x00, 0xff, 0x55, 0x8b, 0xec, 0x83, 0xec  ; BBB4
    db 0x08, 0xc4, 0x7e, 0x0a, 0xff, 0x46, 0x0a, 0x26, 0x8a, 0x15, 0x88, 0x56, 0xf8, 0xc4, 0x5e, 0x0a  ; BBC4
    db 0x26, 0x8a, 0x07, 0x88, 0x46, 0xf9, 0xc4, 0x7e, 0x06, 0x8b, 0x56, 0xf8, 0x26, 0x89, 0x15, 0x8b  ; BBD4
    db 0xe5, 0x5d, 0xca, 0x04, 0x00  ; BBE4
SUB_FBBE9:
    push bp                                  ; BBE9: push bp
    mov bp, sp                               ; BBEA: mov bp, sp
    push ds                                  ; BBEC: push ds
    push cx                                  ; BBED: push cx
    pushf                                    ; BBEE: pushf 
    cld                                      ; BBEF: cld 
    les di, [bp + 6]                         ; BBF0: les di, ptr [bp + 6]
    mov cx, word [bp + 0xa]                  ; BBF3: mov cx, word ptr [bp + 0xa]
    shr cx, 1                                ; BBF6: shr cx, 1
    mov al, byte [bp + 0xc]                  ; BBF8: mov al, byte ptr [bp + 0xc]
    mov ah, byte [bp + 0xe]                  ; BBFB: mov ah, byte ptr [bp + 0xe]
    rep stosw                                ; BBFE: rep stosw word ptr es:[di], ax
    popf                                     ; BC00: popf 
    pop cx                                   ; BC01: pop cx
    pop ds                                   ; BC02: pop ds
    mov sp, bp                               ; BC03: mov sp, bp
    pop bp                                   ; BC05: pop bp
    retf 4                                   ; BC06: retf 4
memcpy_far:
    push bp                                  ; BC09: push bp
    mov bp, sp                               ; BC0A: mov bp, sp
    push ds                                  ; BC0C: push ds
    push cx                                  ; BC0D: push cx
    pushf                                    ; BC0E: pushf 
    cld                                      ; BC0F: cld 
    lds si, [bp + 6]                         ; BC10: lds si, ptr [bp + 6]
    les di, [bp + 0xa]                       ; BC13: les di, ptr [bp + 0xa]
    mov cx, word [bp + 0xe]                  ; BC16: mov cx, word ptr [bp + 0xe]
    shr cx, 1                                ; BC19: shr cx, 1
    rep movsw                                ; BC1B: rep movsw word ptr es:[di], word ptr [si]
    mov cx, word [bp + 0xe]                  ; BC1D: mov cx, word ptr [bp + 0xe]
    and cx, strict word 1                    ; BC20: and cx, 1
    rep movsb                                ; BC24: rep movsb byte ptr es:[di], byte ptr [si]
    popf                                     ; BC26: popf 
    pop cx                                   ; BC27: pop cx
    pop ds                                   ; BC28: pop ds
    mov sp, bp                               ; BC29: mov sp, bp
    pop bp                                   ; BC2B: pop bp
    retf 4                                   ; BC2C: retf 4
SUB_FBC2F:
    push bp                                  ; BC2F: push bp
    mov bp, sp                               ; BC30: mov bp, sp
    sub sp, 6                                ; BC32: sub sp, 6
    mov di, word [bp + 6]                    ; BC35: mov di, word ptr [bp + 6]
    mov dx, word [bp + 8]                    ; BC38: mov dx, word ptr [bp + 8]
    shl dx, 1                                ; BC3B: shl dx, 1
    shl dx, 1                                ; BC3D: shl dx, 1
    shl dx, 1                                ; BC3F: shl dx, 1
    shl dx, 1                                ; BC41: shl dx, 1
    add di, dx                               ; BC43: add di, dx
    mov ax, di                               ; BC45: mov ax, di
    mov sp, bp                               ; BC47: mov sp, bp
    pop bp                                   ; BC49: pop bp
    retf 4                                   ; BC4A: retf 4
SUB_FBC4D:
    push bp                                  ; BC4D: push bp
    mov bp, sp                               ; BC4E: mov bp, sp
    sub sp, 6                                ; BC50: sub sp, 6
    les di, [bp + 0xa]                       ; BC53: les di, ptr [bp + 0xa]
    mov dx, es                               ; BC56: mov dx, es
    les bx, [bp + 6]                         ; BC58: les bx, ptr [bp + 6]
    mov ax, word [es:bx]                     ; BC5B: mov ax, word ptr es:[bx]
    mov es, dx                               ; BC5E: mov es, dx
    mov word [es:di], ax                     ; BC60: mov word ptr es:[di], ax
    mov sp, bp                               ; BC63: mov sp, bp
    pop bp                                   ; BC65: pop bp
    retf 4                                   ; BC66: retf 4
SUB_FBC69:
    push bp                                  ; BC69: push bp
    mov bp, sp                               ; BC6A: mov bp, sp
    sub sp, 6                                ; BC6C: sub sp, 6
    les di, [bp + 6]                         ; BC6F: les di, ptr [bp + 6]
    mov dl, byte [es:di]                     ; BC72: mov dl, byte ptr es:[di]
    and dl, 0xe0                             ; BC75: and dl, 0xe0
    or dl, byte [bp + 0xa]                   ; BC78: or dl, byte ptr [bp + 0xa]
    mov byte [es:di], dl                     ; BC7B: mov byte ptr es:[di], dl
    mov sp, bp                               ; BC7E: mov sp, bp
    pop bp                                   ; BC80: pop bp
    retf 4                                   ; BC81: retf 4
SUB_FBC84:
    push bp                                  ; BC84: push bp
    mov bp, sp                               ; BC85: mov bp, sp
    sub sp, 6                                ; BC87: sub sp, 6
    mov di, word [bp + 0xa]                  ; BC8A: mov di, word ptr [bp + 0xa]
    sar di, 1                                ; BC8D: sar di, 1
    sar di, 1                                ; BC8F: sar di, 1
    sar di, 1                                ; BC91: sar di, 1
    les bx, [bp + 6]                         ; BC93: les bx, ptr [bp + 6]
    dec word [bp + 6]                        ; BC96: dec word ptr [bp + 6]
    mov dx, di                               ; BC99: mov dx, di
    mov byte [es:bx], dl                     ; BC9B: mov byte ptr es:[bx], dl
    les di, [bp + 6]                         ; BC9E: les di, ptr [bp + 6]
    and byte [es:di], 0x1f                   ; BCA1: and byte ptr es:[di], 0x1f
    mov dx, word [bp + 0xa]                  ; BCA5: mov dx, word ptr [bp + 0xa]
    and dx, strict word 7                    ; BCA8: and dx, 7
    shl dx, 1                                ; BCAC: shl dx, 1
    shl dx, 1                                ; BCAE: shl dx, 1
    shl dx, 1                                ; BCB0: shl dx, 1
    shl dx, 1                                ; BCB2: shl dx, 1
    shl dx, 1                                ; BCB4: shl dx, 1
    les bx, [bp + 6]                         ; BCB6: les bx, ptr [bp + 6]
    or byte [es:bx], dl                      ; BCB9: or byte ptr es:[bx], dl
    mov sp, bp                               ; BCBC: mov sp, bp
    pop bp                                   ; BCBE: pop bp
    retf 4                                   ; BCBF: retf 4
    db 0xff, 0x55, 0x8b, 0xec, 0x83, 0xec, 0x06, 0x8b, 0xe5, 0x5d, 0xca, 0x02, 0x00  ; BCC2
SUB_FBCCF:
    push bp                                  ; BCCF: push bp
    mov bp, sp                               ; BCD0: mov bp, sp
    sub sp, 6                                ; BCD2: sub sp, 6
    mov byte [0x30], 9                       ; BCD5: mov byte ptr [0x30], 9
    mov byte [0x31], 0xa                     ; BCDA: mov byte ptr [0x31], 0xa
    mov byte [0x33], 0x14                    ; BCDF: mov byte ptr [0x33], 0x14
    mov byte [0x32], 0x10                    ; BCE4: mov byte ptr [0x32], 0x10
    mov byte [0x34], 0xa                     ; BCE9: mov byte ptr [0x34], 0xa
    mov sp, bp                               ; BCEE: mov sp, bp
    pop bp                                   ; BCF0: pop bp
    retf                                     ; BCF1: retf 
    db 0xff  ; BCF2
SUB_FBCF3:
    push bp                                  ; BCF3: push bp
    mov bp, sp                               ; BCF4: mov bp, sp
    sub sp, 6                                ; BCF6: sub sp, 6
    les di, [0x1c80]                         ; BCF9: les di, ptr [0x1c80]
    push es                                  ; BCFD: push es
    push di                                  ; BCFE: push di
    call 0xe6a8:0x02af                       ; BCFF: lcall 0xe6a8, 0x2af
    push ax                                  ; BD04: push ax
    les di, [0x1c84]                         ; BD05: les di, ptr [0x1c84]
    push es                                  ; BD09: push es
    push di                                  ; BD0A: push di
    call 0xe6a8:0x02af                       ; BD0B: lcall 0xe6a8, 0x2af
    pop di                                   ; BD10: pop di
    sub ax, di                               ; BD11: sub ax, di
    mov word [0x1c02], ax                    ; BD13: mov word ptr [0x1c02], ax
    les di, [0x1c80]                         ; BD16: les di, ptr [0x1c80]
    mov dx, di                               ; BD1A: mov dx, di
    add dx, word [0x1c02]                    ; BD1C: add dx, word ptr [0x1c02]
    mov word [0x36], dx                      ; BD20: mov word ptr [0x36], dx
    mov word [0x38], es                      ; BD24: mov word ptr [0x38], es
    call 0xfbcc:0x000f                       ; BD28: lcall 0xfbcc, 0xf
    or word [0x22], strict word 0x2000       ; BD2D: or word ptr [0x22], 0x2000
    call 0xf911:0x000c                       ; BD33: lcall 0xf911, 0xc
    mov sp, bp                               ; BD38: mov sp, bp
    pop bp                                   ; BD3A: pop bp
    retf                                     ; BD3B: retf 
    db 0xff, 0x55, 0x8b, 0xec, 0x1e  ; BD3C
    db 0x56, 0x50, 0x53, 0x52, 0x51  ; BD41: "VPSRQ"
    db 0x8b, 0x5e, 0x06, 0x8b, 0x56, 0x08, 0x81, 0xc2, 0x00, 0x08, 0x8e, 0xda, 0x8b, 0x76, 0x0a, 0x8b  ; BD46
    db 0x46, 0x0e, 0xb9, 0x01, 0x00, 0x80, 0x7e, 0x0c, 0x01, 0x7c, 0x03, 0xb9, 0x02, 0x00, 0x4e, 0xeb  ; BD56
    db 0x05, 0x90, 0x2b, 0xf1, 0x7e, 0x0e, 0x8a, 0x10, 0x80, 0xe2, 0x03, 0x80, 0xfa, 0x02, 0x74, 0xf2  ; BD66
    db 0x88, 0x00, 0xeb, 0xee  ; BD76
    db 0x59, 0x5a, 0x5b, 0x58, 0x5e  ; BD7A: "YZ[X^"
    db 0x1f, 0x8b, 0xe5, 0x5d, 0xca, 0x04, 0x00  ; BD7F
SUB_FBD86:
    push bp                                  ; BD86: push bp
    mov bp, sp                               ; BD87: mov bp, sp
    push ds                                  ; BD89: push ds
    push ax                                  ; BD8A: push ax
    push bx                                  ; BD8B: push bx
    push cx                                  ; BD8C: push cx
    push dx                                  ; BD8D: push dx
    mov bx, word [bp + 6]                    ; BD8E: mov bx, word ptr [bp + 6]
    mov ds, word [bp + 8]                    ; BD91: mov ds, word ptr [bp + 8]
    mov ax, ds                               ; BD94: mov ax, ds
    add ax, strict word 0x800                ; BD96: add ax, 0x800
    mov es, ax                               ; BD99: mov es, ax
    mov si, word [bp + 0xa]                  ; BD9B: mov si, word ptr [bp + 0xa]
    cmp byte [bp + 0xc], 0                   ; BD9E: cmp byte ptr [bp + 0xc], 0
    jne short 0xbdc4                         ; BDA2: jne 0x44
L_FBDA4:
    sub si, 1                                ; BDA4: sub si, 1
    jb short 0xbdc1                          ; BDA7: jb 0x41
    mov dl, byte [bx + si]                   ; BDA9: mov dl, byte ptr [bx + si]
    cmp dl, 0                                ; BDAB: cmp dl, 0
    je short 0xbdb5                          ; BDAE: je 0x35
    cmp dl, 0xff                             ; BDB0: cmp dl, 0xff
    jne short 0xbda4                         ; BDB3: jne 0x24
L_FBDB5:
    test byte [es:bx + si], 1                ; BDB5: test byte ptr es:[bx + si], 1
    je short 0xbda4                          ; BDB9: je 0x24
    and byte [es:bx + si], 0xfc              ; BDBB: and byte ptr es:[bx + si], 0xfc
    jmp short 0xbda4                         ; BDBF: jmp 0x24
L_FBDC1:
    jmp 0xbe59                               ; BDC1: jmp 0xd9
L_FBDC4:
    cmp byte [bp + 0xc], 1                   ; BDC4: cmp byte ptr [bp + 0xc], 1
    jne short 0xbdef                         ; BDC8: jne 0x6f
    and bx, strict word 0xfffe               ; BDCA: and bx, 0xfffe
L_FBDCE:
    sub si, 2                                ; BDCE: sub si, 2
    jb short 0xbded                          ; BDD1: jb 0x6d
    cmp byte [bx + si + 1], 0                ; BDD3: cmp byte ptr [bx + si + 1], 0
    je short 0xbddf                          ; BDD7: je 0x5f
    cmp byte [bx + si + 1], 0xff             ; BDD9: cmp byte ptr [bx + si + 1], 0xff
    jne short 0xbdce                         ; BDDD: jne 0x4e
L_FBDDF:
    test byte [es:bx + si + 1], 1            ; BDDF: test byte ptr es:[bx + si + 1], 1
    je short 0xbdce                          ; BDE4: je 0x4e
    and byte [es:bx + si + 1], 0xfc          ; BDE6: and byte ptr es:[bx + si + 1], 0xfc
    jmp short 0xbdce                         ; BDEB: jmp 0x4e
L_FBDED:
    jne short 0xbe59                         ; BDED: jne 0xd9
L_FBDEF:
    sub si, 2                                ; BDEF: sub si, 2
    and bx, strict word 0xfffe               ; BDF2: and bx, 0xfffe
L_FBDF6:
    sub si, 2                                ; BDF6: sub si, 2
    jb short 0xbe37                          ; BDF9: jb 0xb7
    cmp byte [bx + si], 0                    ; BDFB: cmp byte ptr [bx + si], 0
    jne short 0xbe06                         ; BDFE: jne 0x86
    cmp byte [bx + si + 2], 0                ; BE00: cmp byte ptr [bx + si + 2], 0
    je short 0xbe29                          ; BE04: je 0xa9
L_FBE06:
    cmp byte [bx + si], 0xff                 ; BE06: cmp byte ptr [bx + si], 0xff
    jne short 0xbe11                         ; BE09: jne 0x91
    cmp byte [bx + si + 2], 0xff             ; BE0B: cmp byte ptr [bx + si + 2], 0xff
    je short 0xbe29                          ; BE0F: je 0xa9
L_FBE11:
    cmp byte [bx + si + 1], 0                ; BE11: cmp byte ptr [bx + si + 1], 0
    jne short 0xbe1d                         ; BE15: jne 0x9d
    cmp byte [bx + si + 3], 0                ; BE17: cmp byte ptr [bx + si + 3], 0
    je short 0xbe29                          ; BE1B: je 0xa9
L_FBE1D:
    cmp byte [bx + si + 1], 0xff             ; BE1D: cmp byte ptr [bx + si + 1], 0xff
    jne short 0xbdf6                         ; BE21: jne 0x76
    cmp byte [bx + si + 3], 0xff             ; BE23: cmp byte ptr [bx + si + 3], 0xff
    jne short 0xbdf6                         ; BE27: jne 0x76
L_FBE29:
    test byte [es:bx + si + 3], 1            ; BE29: test byte ptr es:[bx + si + 3], 1
    je short 0xbdf6                          ; BE2E: je 0x76
    and byte [es:bx + si + 3], 0xfc          ; BE30: and byte ptr es:[bx + si + 3], 0xfc
    jmp short 0xbdf6                         ; BE35: jmp 0x76
L_FBE37:
    cmp byte [bx], 0                         ; BE37: cmp byte ptr [bx], 0
    je short 0xbe4d                          ; BE3A: je 0xcd
    cmp byte [bx], 0xff                      ; BE3C: cmp byte ptr [bx], 0xff
    je short 0xbe4d                          ; BE3F: je 0xcd
    cmp byte [bx + 1], 0                     ; BE41: cmp byte ptr [bx + 1], 0
    je short 0xbe4d                          ; BE45: je 0xcd
    cmp byte [bx + 1], 0xff                  ; BE47: cmp byte ptr [bx + 1], 0xff
    jne short 0xbe59                         ; BE4B: jne 0xd9
L_FBE4D:
    test byte [es:bx + 1], 1                 ; BE4D: test byte ptr es:[bx + 1], 1
    je short 0xbe59                          ; BE52: je 0xd9
    and byte [es:bx + 1], 0xfc               ; BE54: and byte ptr es:[bx + 1], 0xfc
L_FBE59:
    pop dx                                   ; BE59: pop dx
    pop cx                                   ; BE5A: pop cx
    pop bx                                   ; BE5B: pop bx
    pop ax                                   ; BE5C: pop ax
    pop ds                                   ; BE5D: pop ds
    mov sp, bp                               ; BE5E: mov sp, bp
    pop bp                                   ; BE60: pop bp
    retf 4                                   ; BE61: retf 4
    db 0x55, 0x8b, 0xec, 0x83, 0xec, 0x0a, 0x51, 0xc4, 0x7e, 0x06, 0x26, 0x8b, 0x15, 0x26, 0x39, 0x55  ; BE64
    db 0x06, 0x7c, 0x0f, 0x26, 0x8b, 0x15, 0x26, 0x8b, 0x5d, 0x06, 0x2b, 0xda, 0x89, 0x5e, 0xf8, 0xe9  ; BE74
    db 0x11, 0x00, 0xc4, 0x7e, 0x06, 0x8b, 0x56, 0x0e, 0x26, 0x2b, 0x15, 0x26, 0x03, 0x55, 0x06, 0x42  ; BE84
    db 0x89, 0x56, 0xf8, 0x8b, 0x7e, 0xf8, 0x89, 0x3e, 0x88, 0x01, 0xa0, 0x6f, 0x01, 0x2a, 0xe4, 0xc4  ; BE94
    db 0x5e, 0x0a, 0x26, 0x8b, 0x57, 0x02, 0x8b, 0x1e, 0x2a, 0x00, 0x43, 0x2b, 0xda, 0x8b, 0xc8, 0xd3  ; BEA4
    db 0xe3, 0x89, 0x5e, 0xf6, 0x8b, 0x7e, 0xf8, 0x3b, 0xdf, 0x7d, 0x03, 0x89, 0x5e, 0xf8, 0x8b, 0x7e  ; BEB4
    db 0xf8, 0x39, 0x3e, 0x2e, 0x00, 0x7d, 0x06, 0xa1, 0x2e, 0x00, 0x89, 0x46, 0xf8, 0x8b, 0x46, 0xf8  ; BEC4
    db 0x59, 0x8b, 0xe5, 0x5d, 0xca, 0x04, 0x00, 0xff, 0x55, 0x8b, 0xec, 0x83, 0xec, 0x06, 0x8b, 0xe5  ; BED4
    db 0x5d, 0xcb, 0x03, 0x00, 0x49, 0xfc, 0x03, 0x00, 0x45, 0xfc, 0x00, 0x00, 0x42, 0xfc, 0x03, 0x00  ; BEE4
    db 0x2f, 0xfc, 0x09, 0x00, 0x2a, 0xfc, 0x04, 0x00, 0x26, 0xfc, 0x04, 0x00, 0x53, 0xfc, 0x08, 0x00  ; BEF4
    db 0x4d, 0xfc, 0x06, 0x00, 0x3e, 0xfc, 0x04, 0x00, 0x37, 0xfc, 0x01, 0x00, 0x5d, 0xfc, 0x00, 0x00  ; BF04
    db 0x00, 0x00, 0x00, 0x00, 0x03, 0x06, 0x01, 0x01, 0x04, 0x07, 0x01, 0x02, 0x05, 0x07, 0x01, 0x02  ; BF14
    db 0x02, 0x01, 0x01, 0x02, 0x05, 0x07, 0x01, 0x02, 0x05, 0x07, 0x01, 0x02, 0x05, 0x07, 0x01, 0x01  ; BF24
    db 0x00, 0xff, 0x64, 0x00, 0x64, 0x00, 0x04, 0x00, 0x01, 0x01, 0x00, 0xff, 0x32, 0x00, 0x32, 0x00  ; BF34
    db 0x04, 0x00, 0x01, 0x01, 0x00, 0xff, 0x19, 0x00, 0x32, 0x00, 0x04, 0x00, 0x01, 0x01, 0x00, 0xff  ; BF44
    db 0x0a, 0x00, 0x1e, 0x00, 0x04, 0x00, 0x01, 0x01, 0x00, 0xff, 0x05, 0x00, 0x0c, 0x00, 0x04, 0x00  ; BF54
    db 0x01, 0x01, 0x00, 0xff, 0x05, 0x00, 0x0c, 0x00, 0x04, 0x00, 0x01, 0x01, 0x00, 0xff, 0x01, 0x00  ; BF64
    db 0x01, 0x00, 0x04, 0x00, 0x00, 0x01, 0x00, 0xff, 0x01, 0x00, 0x01, 0x00, 0x04, 0x00, 0x01, 0x00  ; BF74
    db 0xfc, 0xff, 0x01, 0x00, 0x01, 0x00, 0x04, 0x00, 0x01, 0x00, 0xfb, 0xff, 0x01, 0x00, 0x01, 0x00  ; BF84
    db 0x02, 0x00, 0x01, 0x00, 0xf8, 0xff, 0x01, 0x00, 0x01, 0x00, 0x00, 0x00, 0x01, 0x00, 0xf4, 0xff  ; BF94
    db 0x01, 0x00, 0x01, 0x00, 0x00, 0x00, 0x01, 0x00, 0xf3, 0xff, 0x01, 0x00, 0x01, 0x00, 0x00, 0x00  ; BFA4
    db 0x01, 0x00, 0xf0, 0xff, 0x01, 0x00, 0x01, 0x00, 0x00, 0x00, 0x01, 0x00, 0xe4, 0xff, 0x01, 0x00  ; BFB4
    db 0x01, 0x00, 0x00, 0x00, 0x01, 0x00, 0xe3, 0xff, 0x01, 0x00, 0x01, 0x00, 0x00, 0x00, 0x01, 0x00  ; BFC4
    db 0xe0, 0xff, 0x01, 0x00, 0x01, 0x00, 0x00, 0x00, 0x01, 0x00, 0xc4, 0xff, 0x01, 0x00, 0x01, 0x00  ; BFD4
    db 0x00, 0x00, 0x01, 0x00, 0xc3, 0xff, 0x01, 0x00, 0x01, 0x00, 0x00, 0x00, 0x01, 0x00, 0xc0, 0xff  ; BFE4
    db 0x01, 0x00, 0x01, 0x00, 0x00, 0x00, 0x01, 0x00, 0x84, 0xff, 0x01, 0x00, 0x01, 0x00, 0x00, 0x00  ; BFF4
    db 0x01, 0x00, 0x83, 0xff, 0x01, 0x00, 0x01, 0x00, 0x00, 0x00, 0x01, 0x00, 0x80, 0xff, 0x01, 0x00  ; C004
    db 0x01, 0x00, 0x00, 0x00, 0x01, 0x00, 0x04, 0xff, 0x01, 0x00, 0x01, 0x00, 0x00, 0x00, 0x01, 0x00  ; C014
    db 0x03, 0xff, 0x01, 0x00, 0x01, 0x00, 0x00, 0x00, 0x00, 0x00, 0x00, 0xff, 0x01, 0x00, 0x01, 0x00  ; C024
    db 0x00, 0x00, 0x02, 0x03, 0x02, 0x03, 0x02, 0x03, 0x02, 0x03, 0x02, 0x03, 0x02, 0x03, 0x02, 0x03  ; C034
    db 0x02, 0x03, 0x01, 0x01, 0x01, 0x02, 0x01, 0x03, 0x01, 0x01, 0x01, 0x02, 0x01, 0x03, 0x01, 0x01  ; C044
    db 0x01, 0x02, 0x00, 0x00, 0x01, 0x01, 0x01, 0x01, 0x01, 0x01, 0x01, 0x01, 0x01, 0x01, 0x01, 0x01  ; C054
    db 0x01, 0x01, 0x01, 0x01, 0x01, 0x01, 0x01, 0x01, 0x01, 0x01, 0x01, 0x01, 0x01, 0x01, 0x01, 0x01  ; C064
    db 0x01, 0x01, 0x02, 0x02, 0x00, 0x00, 0x01, 0x01, 0x01, 0x01, 0x01, 0x01, 0x01, 0x01, 0x01, 0x01  ; C074
    db 0x01, 0x01, 0x01, 0x01, 0x01, 0x01, 0x01, 0x01, 0x02, 0x02, 0x02, 0x02, 0x02, 0x02, 0x02, 0x02  ; C084
    db 0x02, 0x02, 0x02, 0x02, 0x02, 0x02, 0x00, 0x00, 0x01, 0x01, 0x01, 0x01, 0x01, 0x01, 0x01, 0x01  ; C094
    db 0x01, 0x01, 0x01, 0x01, 0x01, 0x01, 0x02, 0x02, 0x02, 0x02, 0x02, 0x02, 0x02, 0x02, 0x02, 0x02  ; C0A4
    db 0x02, 0x02, 0x02, 0x02, 0x02, 0x02, 0x02, 0x02, 0x00, 0x00, 0x01, 0x01, 0x01, 0x01, 0x01, 0x01  ; C0B4
    db 0x01, 0x01, 0x01, 0x01, 0x02, 0x02, 0x02, 0x02, 0x02, 0x02, 0x02, 0x02, 0x02, 0x02, 0x02, 0x02  ; C0C4
    db 0x02, 0x02, 0x02, 0x02, 0x02, 0x02, 0x02, 0x02, 0x02, 0x02, 0x00, 0x00, 0x01, 0x01, 0x01, 0x01  ; C0D4
    db 0x01, 0x01, 0x01, 0x01, 0x01, 0x01, 0x01, 0x01, 0x01, 0x01, 0x01, 0x01, 0x01, 0x01, 0x02, 0x02  ; C0E4
    db 0x02, 0x02, 0x02, 0x02, 0x02, 0x02, 0x02, 0x02, 0x02, 0x02, 0x02, 0x02, 0x05, 0x05, 0x05, 0x05  ; C0F4
    db 0x00, 0x0a, 0x05, 0x05, 0x0a, 0x0a, 0x05, 0x05, 0x0a, 0x00, 0x05, 0x05, 0x00, 0x00, 0x00, 0x0a  ; C104
    db 0x0a, 0x0a, 0x0a, 0x00, 0x00, 0x00, 0x05, 0x05, 0x05, 0x05, 0x05, 0x05, 0x00, 0x00, 0x05, 0x05  ; C114
    db 0x05, 0x05, 0x00, 0x0a, 0x05, 0x05, 0x0a, 0x0a, 0x05, 0x05, 0x0a, 0x00, 0x05, 0x05, 0x00, 0x00  ; C124
    db 0x05, 0x05, 0x00, 0x00, 0x00, 0x00, 0x00, 0x00, 0x00, 0x00, 0x00, 0x00, 0x00, 0x00, 0x00, 0x00  ; C134
    db 0x05, 0x05, 0x05, 0x05, 0x0f, 0x05, 0x0f, 0x00, 0x0f, 0x05, 0x0f, 0x0a, 0x0f, 0x05, 0x05, 0x05  ; C144
    db 0x00, 0x00, 0x00, 0x00, 0x00, 0x00, 0x00, 0x00, 0x00, 0x00, 0x00, 0x00, 0x00, 0x00, 0x00, 0x00  ; C154
    db 0x00, 0x00, 0x05, 0x00, 0x05, 0x01, 0x06, 0x01, 0x06, 0x00, 0x05, 0x00, 0x05, 0x00, 0x00, 0x00  ; C164
    db 0x00, 0x00, 0x00, 0x00, 0x00, 0x00, 0x00, 0x00, 0x00, 0x00, 0x00, 0x00, 0x00, 0x00, 0x00, 0x00  ; C174
    db 0x00, 0x00, 0x00, 0x00, 0x05, 0x00, 0x05, 0x01, 0x05, 0x02, 0x05, 0x03, 0x06, 0x03, 0x06, 0x02  ; C184
    db 0x06, 0x01, 0x06, 0x00, 0x05, 0x00, 0x05, 0x00, 0x00, 0x00, 0x00, 0x00, 0x00, 0x00, 0x00, 0x00  ; C194
    db 0x00, 0x00, 0x00, 0x00, 0x00, 0x00, 0x00, 0x01, 0x02, 0x03, 0x04, 0x05, 0x06, 0x07, 0x08, 0x09  ; C1A4
    db 0x00, 0x00, 0x00, 0x00, 0x0a, 0x0b, 0x0e, 0x0f, 0x00, 0x00, 0x01, 0x01, 0x0c, 0x0d, 0x10, 0x11  ; C1B4
    db 0x00, 0x20, 0x00, 0x02, 0x0a, 0x0b, 0x0e, 0x0f, 0x00, 0x20, 0x01, 0x03, 0x0c, 0x0d, 0x10, 0x11  ; C1C4
    db 0x00, 0x28, 0x02, 0x04, 0x0a, 0x0b, 0x0e, 0x0f, 0x00, 0x28, 0x03, 0x05, 0x0c, 0x0d, 0x10, 0x11  ; C1D4
    db 0x00, 0x30, 0x04, 0x06, 0x0a, 0x0b, 0x0e, 0x0f, 0x00, 0x30, 0x05, 0x07, 0x0c, 0x0d, 0x10, 0x11  ; C1E4
    db 0x00, 0x40, 0x00, 0x08, 0x0a, 0x0b, 0x0e, 0x0f, 0x00, 0x40, 0x00, 0x09, 0x0c, 0x0d, 0x10, 0x11  ; C1F4
    db 0x01, 0xff, 0xcd, 0x01, 0x02, 0xff, 0x9a, 0x01, 0x08, 0xff, 0x80, 0x01, 0x04, 0xff, 0x33, 0x01  ; C204
    db 0x09, 0xff, 0x00, 0x01, 0x10, 0xff, 0x00, 0x00, 0x11, 0xff, 0x00, 0xff, 0x18, 0xff, 0xcd, 0xfe  ; C214
    db 0x12, 0xff, 0x80, 0xfe, 0x19, 0xff, 0x66, 0xfe, 0x14, 0xff, 0x00, 0x00, 0x1a, 0xff, 0x33, 0xfe  ; C224
    db 0x1c, 0xff, 0x00, 0x00, 0x0b, 0x09, 0x06, 0x05, 0x04, 0x01, 0x00, 0x0b, 0x08, 0x06, 0x05, 0x03  ; C234
    db 0x01, 0x00, 0x0b, 0x09, 0x07, 0x05, 0x04, 0x02, 0x00, 0xff, 0x00, 0x01, 0x02, 0x00, 0x01, 0x02  ; C244
    db 0x00, 0x01, 0x02, 0x00, 0x01, 0x02, 0x00, 0x01, 0x02, 0x00, 0x01, 0x02, 0x00, 0x01, 0x02, 0xff  ; C254
    db 0x55, 0x8b, 0xec, 0x1e, 0x8e, 0x5e, 0x08, 0x8b, 0x76, 0x06, 0x8b, 0x5e, 0x12, 0x36, 0x8b, 0x3f  ; C264
    db 0x36, 0x8e, 0x47, 0x02, 0xff, 0x4e, 0x0e, 0xad, 0x26, 0x3a, 0x05, 0x73, 0x03, 0x26, 0x88, 0x05  ; C274
    db 0x47, 0x26, 0x3a, 0x25, 0x76  ; C284: "G&:%v"
    db 0x03, 0x26, 0x88, 0x25, 0x47, 0x03, 0x76, 0x0e, 0x3b, 0x76, 0x0a, 0x76, 0xe5, 0x8c, 0xd8, 0x8e  ; C289
    db 0xc0, 0x8b, 0x5e, 0x12, 0x36, 0x89, 0x3f, 0x8b, 0xde, 0x1f, 0x8b, 0xe5, 0x5d, 0xca, 0x04, 0x00  ; C299
    db 0x55, 0x8b, 0xec, 0x1e, 0x8e, 0x46, 0x08, 0x8b, 0x76, 0x06, 0x8b, 0x5e, 0x12, 0x36, 0x8b, 0x3f  ; C2A9
    db 0x36, 0x8e, 0x5f, 0x02, 0x26, 0x8a, 0x14, 0x03, 0x76, 0x16, 0x26, 0x8a, 0x34, 0x3a, 0xf2, 0x73  ; C2B9
    db 0x02, 0x86, 0xd6, 0x3a, 0x15, 0x73, 0x02, 0x88, 0x15, 0x47, 0x3a, 0x35, 0x76, 0x02, 0x88, 0x35  ; C2C9
    db 0x47, 0x03, 0x76, 0x0e, 0x3b, 0x76, 0x0a, 0x77, 0x02, 0xeb, 0xd9, 0x8b, 0x5e, 0x12, 0x36, 0x89  ; C2D9
    db 0x3f, 0x8b, 0xde, 0x1f, 0x8b, 0xe5, 0x5d, 0xca, 0x04, 0x00, 0x55, 0x8b, 0xec, 0x1e, 0x8e, 0x46  ; C2E9
    db 0x08, 0x8b, 0x76, 0x06, 0x8b, 0x5e, 0x12, 0x36, 0x8b, 0x3f, 0x36, 0x8e, 0x5f, 0x02, 0x81, 0xe7  ; C2F9
    db 0xfe, 0xff, 0x8b, 0xd7, 0x8b, 0x46, 0x0e, 0x8b, 0x5e, 0x10, 0x8a, 0x4e, 0x16, 0x80, 0xf9, 0x00  ; C309
    db 0x75, 0x22, 0x26, 0x8a, 0x2c, 0x3a, 0x2d, 0x73, 0x02, 0x88  ; C319
    db 0x2d, 0x47, 0x3a, 0x2d, 0x76  ; C323: "-G:-v"
    db 0x02, 0x88, 0x2d, 0x03, 0xd3, 0x8b, 0xfa, 0x81, 0xe7, 0xfe, 0xff, 0x03, 0xf0, 0x3b, 0x76, 0x0a  ; C328
    db 0x76, 0xe1, 0xeb, 0x29, 0x90, 0xb9, 0x00, 0x00, 0x26, 0x8a, 0x3c, 0x3a, 0x3d, 0x73, 0x02, 0x88  ; C338
    db 0x3d, 0x47, 0x3a, 0x3d, 0x76  ; C348: "=G:=v"
    db 0x02, 0x88, 0x3d, 0xb7, 0x00, 0x03, 0xcb, 0x8b, 0xf9, 0xd1, 0xef, 0x03, 0xfa, 0x81, 0xe7, 0xfe  ; C34D
    db 0xff, 0x03, 0xf0, 0x3b, 0x76, 0x0a, 0x76, 0xdb, 0x8b, 0x5e, 0x12, 0x36, 0x89, 0x3f, 0x8b, 0xde  ; C35D
    db 0x1f, 0x8b, 0xe5, 0x5d, 0xca, 0x04, 0x00, 0x55, 0x8b, 0xec, 0x1e, 0x8e, 0x46, 0x08, 0x8b, 0x76  ; C36D
    db 0x06, 0x8b, 0x5e, 0x12, 0x36, 0x8b, 0x3f, 0x36, 0x8e, 0x5f, 0x02, 0xb8, 0x00, 0x00, 0x8b, 0xd7  ; C37D
    db 0x8b, 0x46, 0x0e, 0x8b, 0x5e, 0x10, 0x8b, 0x4e, 0x16, 0x83, 0xf9, 0x00, 0x75, 0x1e, 0xf7, 0xc7  ; C38D
    db 0x01, 0x00, 0x74, 0x05, 0x26, 0x8a, 0x2c, 0x88, 0x2d, 0x03, 0xf0, 0x3b, 0x76, 0x0a, 0x77, 0x2a  ; C39D
    db 0x03, 0xd3, 0x8b, 0xfa, 0xf7, 0xc7, 0x01, 0x00, 0x74, 0xef, 0xeb, 0xe8, 0xf7, 0xc7, 0x01, 0x00  ; C3AD
    db 0x75, 0x05, 0x26, 0x8a, 0x2c, 0x88, 0x2d, 0x03, 0xf0, 0x3b, 0x76, 0x0a, 0x77, 0x0c, 0x03, 0xd3  ; C3BD
    db 0x8b, 0xfa, 0xf7, 0xc7, 0x01, 0x00, 0x75, 0xef, 0xeb, 0xe8, 0x8b, 0x5e, 0x12, 0x36, 0x89, 0x3f  ; C3CD
    db 0x8b, 0xde, 0x1f, 0x8b, 0xe5, 0x5d, 0xca, 0x04, 0x00, 0x55, 0x8b, 0xec, 0x1e, 0x8e, 0x46, 0x08  ; C3DD
    db 0x8b, 0x76, 0x06, 0x8b, 0x5e, 0x12, 0x36, 0x8b, 0x3f, 0x36, 0x8e, 0x5f, 0x02, 0x8b, 0x46, 0x0e  ; C3ED
    db 0x26, 0x8b, 0x14, 0x86, 0xd6, 0x89, 0x15, 0x83, 0xc6, 0x02, 0x83, 0xc7, 0x02, 0x3b, 0x76, 0x0a  ; C3FD
    db 0x77, 0x02, 0xeb, 0xec, 0x8b, 0x5e, 0x12, 0x36, 0x89, 0x3f, 0x8b, 0xde, 0x1f, 0x8b, 0xe5, 0x5d  ; C40D
    db 0xca, 0x04, 0x00, 0x55, 0x8b, 0xec, 0x1e, 0x8e, 0x5e, 0x08, 0x8b, 0x76, 0x06, 0x8b, 0x5e, 0x12  ; C41D
    db 0x36, 0x8b, 0x3f, 0x36, 0x8e, 0x47, 0x02, 0x8b, 0x46, 0x0e, 0x48, 0xa5, 0x03, 0xf0, 0x3b, 0x76  ; C42D
    db 0x0a, 0x76, 0xf8, 0x8c, 0xd8, 0x8e, 0xc0, 0x8b, 0x5e, 0x12, 0x36, 0x89, 0x3f, 0x8b, 0xde, 0x1f  ; C43D
    db 0x8b, 0xe5, 0x5d, 0xca, 0x04, 0x00, 0x55, 0x8b, 0xec, 0x1e, 0x8e, 0x5e, 0x08, 0x8b, 0x76, 0x06  ; C44D
    db 0x8b, 0x5e, 0x12, 0x36, 0x8b, 0x3f, 0x36, 0x8e, 0x47, 0x02, 0x8b, 0x46, 0x10, 0x8b, 0x4e, 0x16  ; C45D
    db 0xd3, 0xe8, 0x48, 0x8b, 0x56, 0x0e, 0x4a, 0x8b, 0x4e, 0x0a, 0xa4, 0x03, 0xf2, 0x03, 0xf8, 0x3b  ; C46D
    db 0xf1, 0x76, 0xf7, 0x8c, 0xd8, 0x8e, 0xc0, 0x8b, 0x5e, 0x12, 0x36, 0x89, 0x3f, 0x8b, 0xde, 0x1f  ; C47D
    db 0x8b, 0xe5, 0x5d, 0xca, 0x04, 0x00, 0x55, 0x8b, 0xec, 0x1e, 0x8e, 0x46, 0x08, 0x8b, 0x76, 0x06  ; C48D
    db 0x8b, 0x5e, 0x12, 0x36, 0x8b, 0x3f, 0x36, 0x8e, 0x5f, 0x02, 0xb8, 0x00, 0x00, 0x8b, 0x4e, 0x16  ; C49D
    db 0x8b, 0xd7, 0x26, 0x8a, 0x2c, 0x88, 0x2d, 0x03, 0x76, 0x0e, 0x03, 0x46, 0x10, 0x8b, 0xd8, 0xd3  ; C4AD
    db 0xeb, 0x03, 0xda, 0x8b, 0xfb, 0x3b, 0x76, 0x0a, 0x77, 0x02, 0xeb, 0xe6, 0x8b, 0x5e, 0x12, 0x36  ; C4BD
    db 0x89, 0x3f, 0x8b, 0xde, 0x1f, 0x8b, 0xe5, 0x5d, 0xca, 0x04, 0x00, 0x55, 0x8b, 0xec, 0x1e, 0x8e  ; C4CD
    db 0x46, 0x08, 0x8b, 0x76, 0x06, 0x8b, 0x5e, 0x12, 0x36, 0x8b, 0x3f, 0x36, 0x8e, 0x5f, 0x02, 0x8b  ; C4DD
    db 0x4e, 0x16, 0xfe, 0xc9, 0x78, 0x1e, 0x26, 0x8a, 0x24, 0x2a, 0xc0, 0x8b, 0x1d, 0x2b, 0xc3, 0xd1  ; C4ED
    db 0xd8, 0xd3, 0xf8, 0x03, 0xc3, 0x89, 0x05, 0x47, 0x47, 0x03, 0x76, 0x0e, 0x3b, 0x76, 0x0a, 0x77  ; C4FD
    db 0x17, 0xe9, 0xe2, 0xff, 0x26, 0x8a, 0x24, 0x2a, 0xc0, 0x89, 0x05, 0x47, 0x47, 0x03, 0x76, 0x0e  ; C50D
    db 0x3b, 0x76, 0x0a, 0x77, 0x03, 0xe9, 0xec, 0xff, 0x8b, 0x5e, 0x12, 0x36, 0x89, 0x3f, 0x8b, 0xde  ; C51D
    db 0x1f, 0x8b, 0xe5, 0x5d, 0xca, 0x04, 0x00, 0x55, 0x8b, 0xec, 0x8b, 0x16, 0x16, 0x03, 0x1e, 0x8e  ; C52D
    db 0x46, 0x08, 0x8b, 0x76, 0x06, 0x8b, 0x5e, 0x12, 0x36, 0x8b, 0x3f, 0x36, 0x8e, 0x5f, 0x02, 0x89  ; C53D
    db 0x7e, 0x1a, 0x8a, 0x6e, 0x18, 0x8a, 0x4e, 0x16, 0xfe, 0xc9, 0x78, 0x2e, 0x26, 0x8a, 0x24, 0x2a  ; C54D
    db 0xc0, 0x8b, 0x1d, 0x2b, 0xc3, 0xd1, 0xd8, 0xd3, 0xf8, 0x03, 0xc3, 0x89, 0x05, 0x03, 0x56, 0x10  ; C55D
    db 0x8b, 0xc2, 0x86, 0xe9, 0xd3, 0xe8, 0x86, 0xe9, 0x24, 0xfe, 0x03, 0x46, 0x1a, 0x8b, 0xf8, 0x03  ; C56D
    db 0x76, 0x0e, 0x3b, 0x76, 0x0a, 0x77, 0x27, 0xe9, 0xd2, 0xff, 0x26, 0x8a, 0x24, 0x2a, 0xc0, 0x89  ; C57D
    db 0x05, 0x03, 0x56, 0x10, 0x8b, 0xc2, 0x86, 0xe9, 0xd3, 0xe8, 0x86, 0xe9, 0x24, 0xfe, 0x03, 0x46  ; C58D
    db 0x1a, 0x8b, 0xf8, 0x03, 0x76, 0x0e, 0x3b, 0x76, 0x0a, 0x77, 0x03, 0xe9, 0xdc, 0xff, 0x8a, 0x4e  ; C59D
    db 0x18, 0xd3, 0xea, 0x81, 0xe2, 0x01, 0x00, 0x1f, 0x89, 0x16, 0x16, 0x03, 0x1e, 0x8b, 0x5e, 0x12  ; C5AD
    db 0x36, 0x89, 0x3f, 0x8b, 0xde, 0x1f, 0x8b, 0xe5, 0x5d, 0xca, 0x04, 0x00, 0xf4, 0x1f, 0x8b, 0xe5  ; C5BD
    db 0x5d, 0xca, 0x04, 0x00, 0x55, 0x8b, 0xec, 0x1e, 0x8e, 0x46, 0x08, 0x8b, 0x76, 0x06, 0x8b, 0x5e  ; C5CD
    db 0x0e, 0x36, 0x8b, 0x3f, 0x36, 0x8e, 0x5f, 0x02, 0xeb, 0x0c, 0x90, 0x83, 0xc6, 0x04, 0x83, 0xc7  ; C5DD
    db 0x02, 0x3b, 0x76, 0x0a, 0x77, 0x22, 0x26, 0x8a, 0x14, 0x26, 0x3a, 0x54, 0x02, 0x76, 0x04, 0x26  ; C5ED
    db 0x8a, 0x54, 0x02, 0x88, 0x15, 0x26, 0x8a, 0x54, 0x01, 0x26, 0x3a, 0x54, 0x03, 0x73, 0x04, 0x26  ; C5FD
    db 0x8a, 0x54, 0x03, 0x88, 0x55, 0x01, 0xeb, 0xd3, 0x8b, 0x5e, 0x0e, 0x36, 0x89, 0x3f, 0x8b, 0xde  ; C60D
    db 0x1f, 0x8b, 0xe5, 0x5d, 0xca, 0x04, 0x00  ; C61D
SUB_FC624:
    push bp                                  ; C624: push bp
    mov bp, sp                               ; C625: mov bp, sp
    mov ax, 0x4000                           ; C627: mov ax, 0x4000
    mov es, ax                               ; C62A: mov es, ax
    mov di, 0x377e                           ; C62C: mov di, 0x377e
    mov bx, word [es:di]                     ; C62F: mov bx, word ptr es:[di]
    mov di, word [bp + 0xa]                  ; C632: mov di, word ptr [bp + 0xa]
    mov word [di], bx                        ; C635: mov word ptr [di], bx
    mov si, 0x7de                            ; C637: mov si, 0x7de
    mov di, word [bp + 6]                    ; C63A: mov di, word ptr [bp + 6]
    mov dl, byte [di]                        ; C63D: mov dl, byte ptr [di]
    mov ax, 0                                ; C63F: mov ax, 0
    test dl, 0x80                            ; C642: test dl, 0x80
    je short 0xc654                          ; C645: je 0x34
    test bh, 0x80                            ; C647: test bh, 0x80
    jne short 0xc654                         ; C64A: jne 0x34
    and dl, 0x7f                             ; C64C: and dl, 0x7f
    mov byte [es:si], dl                     ; C64F: mov byte ptr es:[si], dl
    or al, 1                                 ; C652: or al, 1
L_FC654:
    test dl, 0x20                            ; C654: test dl, 0x20
    je short 0xc666                          ; C657: je 0x46
    test bh, 0x20                            ; C659: test bh, 0x20
    je short 0xc666                          ; C65C: je 0x46
    and dl, 0xdf                             ; C65E: and dl, 0xdf
    mov byte [es:si], dl                     ; C661: mov byte ptr es:[si], dl
    or al, 4                                 ; C664: or al, 4
L_FC666:
    test dl, 0x40                            ; C666: test dl, 0x40
    je short 0xc678                          ; C669: je 0x58
    test bh, 0x40                            ; C66B: test bh, 0x40
    je short 0xc678                          ; C66E: je 0x58
    and dl, 0xbf                             ; C670: and dl, 0xbf
    mov byte [es:si], dl                     ; C673: mov byte ptr es:[si], dl
    or al, 2                                 ; C676: or al, 2
L_FC678:
    mov byte [di], dl                        ; C678: mov byte ptr [di], dl
    mov sp, bp                               ; C67A: mov sp, bp
    pop bp                                   ; C67C: pop bp
    retf 4                                   ; C67D: retf 4
    db 0x55, 0x8b, 0xec, 0x83, 0xec, 0x06, 0x9a, 0x0a, 0x00, 0x10, 0xfe, 0x9a, 0x44, 0x00, 0x68, 0xfc  ; C680
    db 0xa0, 0x73, 0x1b, 0xa2, 0x42, 0x02, 0xa0, 0x72, 0x1b, 0xa2, 0x43, 0x02, 0xa0, 0x8c, 0x1b, 0xa2  ; C690
    db 0x44, 0x02, 0xa0, 0x1f, 0x00, 0xa2, 0x41, 0x02, 0xa0, 0x75, 0x1b, 0x2a, 0xe4, 0x50, 0x9a, 0x45  ; C6A0
    db 0x02, 0x68, 0xfc, 0xa2, 0x40, 0x02, 0x9a, 0xe1, 0x00, 0x10, 0xfe, 0x9a, 0x0e, 0x01, 0x68, 0xfc  ; C6B0
    db 0x8b, 0xe5, 0x5d, 0xcb, 0x55, 0x8b, 0xec, 0x83, 0xec, 0x06, 0xc6, 0x06, 0x20, 0x00, 0x00, 0xc6  ; C6C0
    db 0x06, 0x21, 0x00, 0x00, 0x81, 0x26, 0x22, 0x00, 0x00, 0xf0, 0xa0, 0x73, 0x1b, 0x2a, 0xe4, 0x50  ; C6D0
    db 0xa0, 0x8c, 0x1b, 0x2a, 0xe4, 0x50, 0xa0, 0x7b, 0x1b, 0x2a, 0xe4, 0x50, 0x9a, 0x74, 0x01, 0x68  ; C6E0
    db 0xfc, 0x83, 0xc4, 0x04, 0x8b, 0xd0, 0x88, 0x16, 0x1f, 0x00, 0xa0, 0x75, 0x1b, 0x24, 0x08, 0x3c  ; C6F0
    db 0x00, 0x74, 0x17, 0x80, 0x3e, 0x1f, 0x00, 0x00, 0x75, 0x08, 0xc6, 0x06, 0x1e, 0x00, 0x09, 0xe9  ; C700
    db 0x31, 0x00, 0xc6, 0x06, 0x1e, 0x00, 0x08, 0xe9, 0x29, 0x00, 0x80, 0x3e, 0x1f, 0x00, 0x07, 0x75  ; C710
    db 0x08, 0xc6, 0x06, 0x1e, 0x00, 0x02, 0xe9, 0x1a, 0x00, 0xa0, 0x8a, 0x1b, 0x2a, 0xe4, 0x50, 0xa0  ; C720
    db 0x1f, 0x00, 0x2a, 0xe4, 0x50, 0x9a, 0xf1, 0x02, 0x68, 0xfc, 0x83, 0xc4, 0x02, 0x8b, 0xd0, 0x88  ; C730
    db 0x16, 0x1e, 0x00, 0x80, 0x3e, 0x75, 0x1b, 0x03, 0x75, 0x13, 0x80, 0x3e, 0x8a, 0x1b, 0x01, 0x75  ; C740
    db 0x0c, 0x80, 0x3e, 0x1f, 0x00, 0x03, 0x74, 0x05, 0xc6, 0x06, 0x1e, 0x00, 0x0a, 0x80, 0x3e, 0x1e  ; C750
    db 0x00, 0x02, 0x74, 0x0e, 0x80, 0x3e, 0x1e, 0x00, 0x05, 0x74, 0x07, 0x80, 0x3e, 0x1e, 0x00, 0x0a  ; C760
    db 0x75, 0x05, 0x80, 0x0e, 0x20, 0x00, 0x04, 0x80, 0x3e, 0x1f, 0x00, 0x03, 0x72, 0x0c, 0x80, 0x3e  ; C770
    db 0x1f, 0x00, 0x07, 0x77, 0x05, 0x80, 0x0e, 0x20, 0x00, 0x40, 0x8b, 0xe5, 0x5d, 0xcb, 0x55, 0x8b  ; C780
    db 0xec, 0x83, 0xec, 0x06, 0x80, 0x3e, 0x8a, 0x1b, 0x03, 0x75, 0x1b, 0xa0, 0x20, 0x00, 0x24, 0x10  ; C790
    db 0x3c, 0x00, 0x74, 0x09, 0xc7, 0x06, 0x2e, 0x00, 0x18, 0x00, 0xe9, 0x43, 0x00, 0xc7, 0x06, 0x2e  ; C7A0
    db 0x00, 0x0c, 0x00, 0xe9, 0x3a, 0x00, 0x80, 0x3e, 0x8a, 0x1b, 0x02, 0x75, 0x1b, 0xa0, 0x20, 0x00  ; C7B0
    db 0x24, 0x10, 0x3c, 0x00, 0x74, 0x09, 0xc7, 0x06, 0x2e, 0x00, 0x24, 0x00, 0xe9, 0x06, 0x00, 0xc7  ; C7C0
    db 0x06, 0x2e, 0x00, 0x18, 0x00, 0xe9, 0x18, 0x00, 0xa0, 0x20, 0x00, 0x24, 0x10, 0x3c, 0x00, 0x74  ; C7D0
    db 0x09, 0xc7, 0x06, 0x2e, 0x00, 0x50, 0x00, 0xe9, 0x06, 0x00, 0xc7, 0x06, 0x2e, 0x00, 0x30, 0x00  ; C7E0
    db 0x8b, 0xe5, 0x5d, 0xcb, 0x55, 0x8b, 0xec, 0x83, 0xec, 0x08, 0xc7, 0x46, 0xf8, 0x00, 0x00, 0x80  ; C7F0
    db 0x7e, 0x08, 0x13, 0x72, 0x3c, 0x8a, 0x56, 0x0a, 0x80, 0xe2, 0x02, 0x80, 0xfa, 0x00, 0x74, 0x08  ; C800
    db 0xc7, 0x46, 0xf8, 0x05, 0x00, 0xe9, 0x4a, 0x00, 0x80, 0x7e, 0x06, 0x00, 0x74, 0x08, 0xc7, 0x46  ; C810
    db 0xf8, 0x03, 0x00, 0xe9, 0x3c, 0x00, 0x8a, 0x56, 0x0a, 0x80, 0xe2, 0x01, 0x80, 0xfa, 0x00, 0x74  ; C820
    db 0x08, 0xc7, 0x46, 0xf8, 0x04, 0x00, 0xe9, 0x29, 0x00, 0xc7, 0x46, 0xf8, 0x06, 0x00, 0xe9, 0x21  ; C830
    db 0x00, 0x80, 0x7e, 0x08, 0x08, 0x72, 0x08, 0xc7, 0x46, 0xf8, 0x02, 0x00, 0xe9, 0x13, 0x00, 0x80  ; C840
    db 0x7e, 0x08, 0x06, 0x72, 0x08, 0xc7, 0x46, 0xf8, 0x01, 0x00, 0xe9, 0x05, 0x00, 0xc7, 0x46, 0xf8  ; C850
    db 0x00, 0x00, 0x83, 0x7e, 0xf8, 0x05, 0x75, 0x13, 0x80, 0x3e, 0x8a, 0x1b, 0x02, 0x74, 0x07, 0x80  ; C860
    db 0x3e, 0x8a, 0x1b, 0x03, 0x75, 0x05, 0xc7, 0x46, 0xf8, 0x06, 0x00, 0xa0, 0x75, 0x1b, 0x24, 0x08  ; C870
    db 0x3c, 0x00, 0x74, 0x0b, 0x83, 0x7e, 0xf8, 0x03, 0x75, 0x05, 0xc7, 0x46, 0xf8, 0x04, 0x00, 0xa0  ; C880
    db 0x75, 0x1b, 0x24, 0x08, 0x3c, 0x00, 0x74, 0x0b, 0x83, 0x7e, 0xf8, 0x05, 0x75, 0x05, 0xc7, 0x46  ; C890
    db 0xf8, 0x06, 0x00, 0x83, 0x7e, 0xf8, 0x05, 0x75, 0x13, 0x80, 0x3e, 0x83, 0x1b, 0x14, 0x74, 0x07  ; C8A0
    db 0x80, 0x3e, 0x1c, 0x00, 0x14, 0x75, 0x05, 0xc7, 0x46, 0xf8, 0x07, 0x00, 0x8b, 0x46, 0xf8, 0x8b  ; C8B0
    db 0xe5, 0x5d, 0xca, 0x02, 0x00, 0x55, 0x8b, 0xec, 0x83, 0xec, 0x08, 0x8a, 0x56, 0x06, 0x88, 0x56  ; C8C0
    db 0xf9, 0x80, 0xe2, 0x08, 0x80, 0xfa, 0x00, 0x74, 0x04, 0xc6, 0x46, 0xf9, 0x08, 0x80, 0x3e, 0x41  ; C8D0
    db 0x02, 0x00, 0x74, 0x07, 0x80, 0x3e, 0x44, 0x02, 0x06, 0x75, 0x0a, 0x80, 0x7e, 0xf9, 0x07, 0x75  ; C8E0
    db 0x04, 0xc6, 0x46, 0xf9, 0x03, 0x80, 0x3e, 0x41, 0x02, 0x03, 0x75, 0x44, 0x80, 0x7e, 0xf9, 0x03  ; C8F0
    db 0x75, 0x04, 0xc6, 0x46, 0xf9, 0x07, 0xe9, 0x37, 0x00, 0x80, 0x0e, 0x20, 0x00, 0x01, 0xe9, 0x57  ; C900
    db 0x00, 0x80, 0x0e, 0x20, 0x00, 0x01, 0x80, 0x3e, 0x41, 0x02, 0x00, 0x75, 0x05, 0x80, 0x0e, 0x20  ; C910
    db 0x00, 0x80, 0xe9, 0x43, 0x00, 0x80, 0x0e, 0x20, 0x00, 0x02, 0xe9, 0x3b, 0x00, 0x80, 0x0e, 0x20  ; C920
    db 0x00, 0x1b, 0xe9, 0x33, 0x00, 0x80, 0x0e, 0x20, 0x00, 0x92, 0xe9, 0x2b, 0x00, 0xe9, 0x28, 0x00  ; C930
    db 0x8a, 0x56, 0xf9, 0x2a, 0xf6, 0x8b, 0xc2, 0x3d, 0x00, 0x00, 0x74, 0xbd, 0x3d, 0x01, 0x00, 0x74  ; C940
    db 0xb8, 0x3d, 0x02, 0x00, 0x74, 0xcf, 0x3d, 0x03, 0x00, 0x74, 0xda, 0x3d, 0x07, 0x00, 0x74, 0xcd  ; C950
    db 0x3d, 0x08, 0x00, 0x74, 0xac, 0xe9, 0xd5, 0xff, 0x8a, 0x46, 0xf9, 0x8b, 0xe5, 0x5d, 0xca, 0x02  ; C960
    db 0x00, 0x55, 0x8b, 0xec, 0x83, 0xec, 0x08, 0x8a, 0x56, 0x06, 0x2a, 0xf6, 0xd1, 0xe2, 0xd1, 0xe2  ; C970
    db 0x8a, 0x5e, 0x08, 0x2a, 0xff, 0x03, 0xd3, 0xc4, 0x3e, 0xb0, 0x1c, 0x8b, 0xda, 0x26, 0x8a, 0x01  ; C980
    db 0x88, 0x46, 0xf9, 0x2a, 0xe4, 0x8b, 0xe5, 0x5d, 0xca, 0x02, 0x00, 0xff, 0x55, 0x8b, 0xec, 0x83  ; C990
    db 0xec, 0x0a, 0xa0, 0x20, 0x00, 0x24, 0x02, 0x3c, 0x00, 0x74, 0x0f, 0xc6, 0x46, 0xf8, 0xfd, 0xc6  ; C9A0
    db 0x46, 0xf9, 0x01, 0xc6, 0x46, 0xf7, 0x09, 0xe9, 0x0c, 0x00, 0xc6, 0x46, 0xf8, 0xfe, 0xc6, 0x46  ; C9B0
    db 0xf9, 0x02, 0xc6, 0x46, 0xf7, 0x05, 0x8a, 0x56, 0xf7, 0x2a, 0xf6, 0x52, 0x8a, 0x5e, 0xf8, 0x2a  ; C9C0
    db 0xff, 0x53, 0x8a, 0x46, 0xf9, 0x2a, 0xe4, 0x50, 0x9a, 0xf7, 0x00, 0x99, 0xfc, 0x83, 0xc4, 0x04  ; C9D0
    db 0x3d, 0x00, 0x00, 0x75, 0x4c, 0xa0, 0x20, 0x00, 0x24, 0x02, 0x3c, 0x00, 0x74, 0x0f, 0xc6, 0x46  ; C9E0
    db 0xf8, 0xfe, 0xc6, 0x46, 0xf9, 0x02, 0xc6, 0x46, 0xf7, 0x05, 0xe9, 0x0c, 0x00, 0xc6, 0x46, 0xf8  ; C9F0
    db 0xfd, 0xc6, 0x46, 0xf9, 0x01, 0xc6, 0x46, 0xf7, 0x09, 0x8a, 0x56, 0xf7, 0x2a, 0xf6, 0x52, 0x8a  ; CA00
    db 0x5e, 0xf8, 0x2a, 0xff, 0x53, 0x8a, 0x46, 0xf9, 0x2a, 0xe4, 0x50, 0x9a, 0xf7, 0x00, 0x99, 0xfc  ; CA10
    db 0x83, 0xc4, 0x04, 0x3d, 0x00, 0x00, 0x75, 0x09, 0xbf, 0x0c, 0x00, 0x57, 0x9a, 0x03, 0x00, 0xcc  ; CA20
    db 0xfb, 0x8b, 0xe5, 0x5d, 0xcb, 0x55, 0x8b, 0xec, 0x83, 0xec, 0x0a, 0xa0, 0x20, 0x00, 0x24, 0x02  ; CA30
    db 0x3c, 0x00, 0x74, 0x0f, 0xc6, 0x46, 0xf8, 0xfd, 0xc6, 0x46, 0xf9, 0x01, 0xc6, 0x46, 0xf7, 0x09  ; CA40
    db 0xe9, 0x0c, 0x00, 0xc6, 0x46, 0xf8, 0xfe, 0xc6, 0x46, 0xf9, 0x02, 0xc6, 0x46, 0xf7, 0x05, 0x80  ; CA50
    db 0x26, 0x56, 0x02, 0xf0, 0x8a, 0x56, 0xf7, 0x08, 0x16, 0x56, 0x02, 0xa0, 0x56, 0x02, 0xc4, 0x3e  ; CA60
    db 0x26, 0x03, 0x26, 0x88, 0x05, 0x8a, 0x56, 0xf8, 0x20, 0x16, 0x20, 0x00, 0x8a, 0x5e, 0xf9, 0x08  ; CA70
    db 0x1e, 0x20, 0x00, 0x8b, 0xe5, 0x5d, 0xcb, 0x55, 0x8b, 0xec, 0x83, 0xec, 0x06, 0x80, 0x26, 0x56  ; CA80
    db 0x02, 0xf0, 0x8a, 0x56, 0x0a, 0x08, 0x16, 0x56, 0x02, 0xa0, 0x56, 0x02, 0xc4, 0x3e, 0x26, 0x03  ; CA90
    db 0x26, 0x88, 0x05, 0xa0, 0x42, 0x02, 0x24, 0x02, 0x3c, 0x00, 0x74, 0x32, 0xc4, 0x1e, 0x22, 0x03  ; CAA0
    db 0x26, 0x8b, 0x17, 0x81, 0xe2, 0x00, 0x80, 0x83, 0xfa, 0x00, 0x74, 0x09, 0xa0, 0x26, 0x02, 0x24  ; CAB0
    db 0x20, 0x3c, 0x00, 0x74, 0x14, 0x8a, 0x56, 0x08, 0x20, 0x16, 0x20, 0x00, 0x8a, 0x5e, 0x06, 0x08  ; CAC0
    db 0x1e, 0x20, 0x00, 0xb8, 0x01, 0x00, 0xe9, 0x16, 0x00, 0x2b, 0xc0, 0xe9, 0x11, 0x00, 0x8a, 0x56  ; CAD0
    db 0x08, 0x20, 0x16, 0x20, 0x00, 0x8a, 0x5e, 0x06, 0x08, 0x1e, 0x20, 0x00, 0xb8, 0x01, 0x00, 0x8b  ; CAE0
    db 0xe5, 0x5d, 0xca, 0x02, 0x00, 0xff, 0x55, 0x8b, 0xec, 0x83, 0xec, 0x14, 0x9a, 0x02, 0x00, 0xaa  ; CAF0
    db 0xfd, 0x80, 0x26, 0x8e, 0x1b, 0xfe, 0x9a, 0x00, 0x00, 0x7e, 0xfe, 0xc7, 0x46, 0xee, 0x8c, 0x01  ; CB00
    db 0x8c, 0x5e, 0xf0, 0xa1, 0x90, 0x01, 0x8b, 0x3e, 0x94, 0x01, 0x2b, 0xf8, 0x89, 0x7e, 0xf8, 0xa0  ; CB10
    db 0x20, 0x00, 0x24, 0x80, 0x3c, 0x00, 0x74, 0x13, 0x9a, 0x0c, 0x00, 0x99, 0xfc, 0xa0, 0x20, 0x00  ; CB20
    db 0x24, 0x80, 0x3c, 0x00, 0x74, 0x05, 0x9a, 0xa5, 0x00, 0x99, 0xfc, 0x9a, 0xa3, 0x00, 0xf8, 0xfd  ; CB30
    db 0x81, 0x0e, 0x22, 0x00, 0x00, 0x04, 0xc7, 0x06, 0xf2, 0x1b, 0x00, 0x00, 0xc7, 0x06, 0xf4, 0x1b  ; CB40
    db 0x00, 0x00, 0xa1, 0xf0, 0x1b, 0xd1, 0xf8, 0xd1, 0xf8, 0xd1, 0xf8, 0xd1, 0xf8, 0x25, 0xff, 0x07  ; CB50
    db 0x99, 0x89, 0x46, 0xf4, 0x89, 0x56, 0xf6, 0xa1, 0xf0, 0x1b, 0x25, 0x0f, 0x00, 0x89, 0x46, 0xec  ; CB60
    db 0xe9, 0x1b, 0x00, 0x2b, 0xff, 0x57, 0xba, 0x0a, 0x00, 0x52, 0x8b, 0x46, 0xf4, 0x8b, 0x56, 0xf6  ; CB70
    db 0x9a, 0x5d, 0x00, 0x72, 0xe7, 0x89, 0x46, 0xf4, 0x89, 0x56, 0xf6, 0xff, 0x4e, 0xec, 0x83, 0x7e  ; CB80
    db 0xec, 0x00, 0x7f, 0xdf, 0x81, 0x0e, 0x48, 0x05, 0x00, 0x20, 0xe9, 0x0f, 0x01, 0x81, 0x0e, 0x22  ; CB90
    db 0x00, 0x01, 0x00, 0x9a, 0x74, 0x01, 0x0b, 0xe6, 0xa1, 0x22, 0x00, 0x25, 0x00, 0x04, 0x3d, 0x00  ; CBA0
    db 0x00, 0x74, 0xea, 0x81, 0x26, 0x22, 0x00, 0xfe, 0xff, 0xa1, 0x60, 0x02, 0x05, 0x02, 0x00, 0x25  ; CBB0
    db 0xff, 0x0f, 0xa3, 0x64, 0x02, 0xa3, 0x92, 0x00, 0xa3, 0x8c, 0x00, 0xa0, 0x20, 0x00, 0x24, 0x80  ; CBC0
    db 0x3c, 0x00, 0x74, 0x05, 0x9a, 0xa5, 0x00, 0x99, 0xfc, 0xa0, 0x20, 0x00, 0x24, 0x01, 0x3c, 0x00  ; CBD0
    db 0x74, 0x2d, 0xbf, 0x03, 0x00, 0x57, 0x2b, 0xff, 0x57, 0x9a, 0xf2, 0x00, 0xf5, 0xf8, 0x83, 0xc4  ; CBE0
    db 0x02, 0x2b, 0xff, 0x57, 0x57, 0xa0, 0x31, 0x00, 0x2a, 0xe4, 0x50, 0x1e, 0xba, 0x64, 0x00, 0x52  ; CBF0
    db 0x9a, 0x09, 0x00, 0xbe, 0xfb, 0x83, 0xc4, 0x06, 0x8b, 0x7e, 0xf8, 0x89, 0x3e, 0x68, 0x00, 0xa0  ; CC00
    db 0x20, 0x00, 0x24, 0x02, 0x3c, 0x00, 0x74, 0x31, 0xbf, 0x03, 0x00, 0x57, 0xbf, 0x01, 0x00, 0x57  ; CC10
    db 0x9a, 0xf2, 0x00, 0xf5, 0xf8, 0x83, 0xc4, 0x02, 0x2b, 0xff, 0x57, 0x57, 0xa0, 0x31, 0x00, 0x2a  ; CC20
    db 0xe4, 0x50, 0xba, 0x64, 0x00, 0x83, 0xc2, 0x0a, 0x1e, 0x52, 0x9a, 0x09, 0x00, 0xbe, 0xfb, 0x83  ; CC30
    db 0xc4, 0x06, 0x8b, 0x7e, 0xf8, 0x89, 0x3e, 0x72, 0x00, 0x80, 0x26, 0x26, 0x02, 0xfb, 0x9a, 0x61  ; CC40
    db 0x00, 0xb1, 0xf8, 0x81, 0x0e, 0x22, 0x00, 0x04, 0x00, 0x9a, 0x0c, 0x00, 0x40, 0xfd, 0x81, 0x0e  ; CC50
    db 0x86, 0x01, 0x00, 0x04, 0x9a, 0x17, 0x01, 0xf5, 0xfe, 0xc4, 0x3e, 0x32, 0x03, 0x26, 0x8b, 0x15  ; CC60
    db 0x89, 0x16, 0x5c, 0x02, 0x9a, 0x40, 0x06, 0x40, 0xfd, 0xa0, 0x76, 0x1b, 0x24, 0xdf, 0x3c, 0x00  ; CC70
    db 0x74, 0x0e, 0x81, 0x0e, 0x22, 0x00, 0x80, 0x00, 0x9a, 0x05, 0x00, 0xd1, 0xe5, 0xe9, 0x58, 0x00  ; CC80
    db 0x9a, 0xe2, 0x04, 0xaf, 0xfc, 0xa0, 0x76, 0x1b, 0x24, 0xdf, 0x3c, 0x00, 0x74, 0x0e, 0x81, 0x0e  ; CC90
    db 0x22, 0x00, 0x80, 0x00, 0x9a, 0x05, 0x00, 0xd1, 0xe5, 0xe9, 0x3c, 0x00, 0x2b, 0xff, 0x57, 0x57  ; CCA0
    db 0x8b, 0x46, 0xf4, 0x8b, 0x56, 0xf6, 0x9a, 0x33, 0x00, 0x72, 0xe7, 0x74, 0x14, 0xff, 0x76, 0xf6  ; CCB0
    db 0xff, 0x76, 0xf4, 0xa1, 0xf2, 0x1b, 0x8b, 0x16, 0xf4, 0x1b, 0x9a, 0x33, 0x00, 0x72, 0xe7, 0x76  ; CCC0
    db 0x0e, 0xa1, 0x22, 0x00, 0x25, 0x80, 0x00, 0x3d, 0x00, 0x00, 0x75, 0x03, 0xe9, 0xc9, 0xfe, 0xbf  ; CCD0
    db 0x02, 0x00, 0x57, 0x9a, 0x0f, 0x00, 0x04, 0xe0, 0x8b, 0xe5, 0x5d, 0xcb, 0x55, 0x8b, 0xec, 0x83  ; CCE0
    db 0xec, 0x0e, 0x80, 0x26, 0x8e, 0x1b, 0xfe, 0x9a, 0x00, 0x00, 0x7e, 0xfe, 0xa0, 0x20, 0x00, 0x24  ; CCF0
    db 0x80, 0x3c, 0x00, 0x74, 0x13, 0x9a, 0x0c, 0x00, 0x99, 0xfc, 0xa0, 0x20, 0x00, 0x24, 0x80, 0x3c  ; CD00
    db 0x00, 0x74, 0x05, 0x9a, 0xa5, 0x00, 0x99, 0xfc, 0xa0, 0x59, 0x02, 0xc4, 0x3e, 0x3a, 0x03, 0x26  ; CD10
    db 0x88, 0x05, 0xa0, 0x56, 0x02, 0xc4, 0x1e, 0x26, 0x03, 0x26, 0x88, 0x07, 0x9a, 0x1f, 0x00, 0xd1  ; CD20
    db 0xe5, 0xa0, 0x58, 0x02, 0x24, 0xed, 0xc4, 0x3e, 0x36, 0x03, 0x26, 0x88, 0x05, 0xa1, 0x5e, 0x02  ; CD30
    db 0xc4, 0x1e, 0x2e, 0x03, 0x26, 0x89, 0x07, 0xc4, 0x16, 0x1e, 0x03, 0xa1, 0x60, 0x02, 0x8b, 0xfa  ; CD40
    db 0x8b, 0xd8, 0x26, 0x8a, 0x11, 0x88, 0x56, 0xf9, 0xa0, 0x58, 0x02, 0xc4, 0x3e, 0x36, 0x03, 0x26  ; CD50
    db 0x88, 0x05, 0x9a, 0x18, 0x00, 0xd1, 0xe5, 0x81, 0x0e, 0x22, 0x00, 0x00, 0x04, 0xa1, 0xf0, 0x1b  ; CD60
    db 0xd1, 0xf8, 0xd1, 0xf8, 0xd1, 0xf8, 0xd1, 0xf8, 0x25, 0xff, 0x07, 0x99, 0x89, 0x46, 0xf4, 0x89  ; CD70
    db 0x56, 0xf6, 0xa1, 0xf0, 0x1b, 0x25, 0x0f, 0x00, 0x89, 0x46, 0xf2, 0xe9, 0x1b, 0x00, 0x2b, 0xff  ; CD80
    db 0x57, 0xba, 0x0a, 0x00, 0x52, 0x8b, 0x46, 0xf4, 0x8b, 0x56, 0xf6, 0x9a, 0x5d, 0x00, 0x72, 0xe7  ; CD90
    db 0x89, 0x46, 0xf4, 0x89, 0x56, 0xf6, 0xff, 0x4e, 0xf2, 0x83, 0x7e, 0xf2, 0x00, 0x7f, 0xdf, 0x81  ; CDA0
    db 0x0e, 0x48, 0x05, 0x00, 0x20, 0xe9, 0xe7, 0x00, 0x81, 0x0e, 0x22, 0x00, 0x01, 0x00, 0x9a, 0x74  ; CDB0
    db 0x01, 0x0b, 0xe6, 0xa1, 0x22, 0x00, 0x25, 0x00, 0x04, 0x3d, 0x00, 0x00, 0x74, 0xea, 0x81, 0x26  ; CDC0
    db 0x22, 0x00, 0xfe, 0xff, 0xa1, 0x60, 0x02, 0x05, 0x02, 0x00, 0x25, 0xff, 0x0f, 0xa3, 0x64, 0x02  ; CDD0
    db 0xa3, 0x92, 0x00, 0xa3, 0x8c, 0x00, 0xa0, 0x20, 0x00, 0x24, 0x80, 0x3c, 0x00, 0x74, 0x05, 0x9a  ; CDE0
    db 0xa5, 0x00, 0x99, 0xfc, 0xa0, 0x20, 0x00, 0x24, 0x01, 0x3c, 0x00, 0x74, 0x26, 0xbf, 0x03, 0x00  ; CDF0
    db 0x57, 0x2b, 0xff, 0x57, 0x9a, 0xf2, 0x00, 0xf5, 0xf8, 0x83, 0xc4, 0x02, 0x2b, 0xff, 0x57, 0x57  ; CE00
    db 0xa0, 0x31, 0x00, 0x2a, 0xe4, 0x50, 0x1e, 0xba, 0x64, 0x00, 0x52, 0x9a, 0x09, 0x00, 0xbe, 0xfb  ; CE10
    db 0x83, 0xc4, 0x06, 0xa0, 0x20, 0x00, 0x24, 0x02, 0x3c, 0x00, 0x74, 0x2a, 0xbf, 0x03, 0x00, 0x57  ; CE20
    db 0xbf, 0x01, 0x00, 0x57, 0x9a, 0xf2, 0x00, 0xf5, 0xf8, 0x83, 0xc4, 0x02, 0x2b, 0xff, 0x57, 0x57  ; CE30
    db 0xa0, 0x31, 0x00, 0x2a, 0xe4, 0x50, 0xba, 0x64, 0x00, 0x83, 0xc2, 0x0a, 0x1e, 0x52, 0x9a, 0x09  ; CE40
    db 0x00, 0xbe, 0xfb, 0x83, 0xc4, 0x06, 0x81, 0x0e, 0x5a, 0x05, 0x00, 0x02, 0x9a, 0x0c, 0x00, 0x40  ; CE50
    db 0xfd, 0x81, 0x0e, 0x86, 0x01, 0x00, 0x04, 0x9a, 0x17, 0x01, 0xf5, 0xfe, 0xa0, 0x76, 0x1b, 0x24  ; CE60
    db 0xdf, 0x3c, 0x00, 0x74, 0x0e, 0x81, 0x0e, 0x22, 0x00, 0x80, 0x00, 0x9a, 0x05, 0x00, 0xd1, 0xe5  ; CE70
    db 0xe9, 0x58, 0x00, 0x9a, 0xe2, 0x04, 0xaf, 0xfc, 0xa0, 0x76, 0x1b, 0x24, 0xdf, 0x3c, 0x00, 0x74  ; CE80
    db 0x0e, 0x81, 0x0e, 0x22, 0x00, 0x80, 0x00, 0x9a, 0x05, 0x00, 0xd1, 0xe5, 0xe9, 0x3c, 0x00, 0x2b  ; CE90
    db 0xff, 0x57, 0x57, 0x8b, 0x46, 0xf4, 0x8b, 0x56, 0xf6, 0x9a, 0x33, 0x00, 0x72, 0xe7, 0x74, 0x14  ; CEA0
    db 0xff, 0x76, 0xf6, 0xff, 0x76, 0xf4, 0xa1, 0xf2, 0x1b, 0x8b, 0x16, 0xf4, 0x1b, 0x9a, 0x33, 0x00  ; CEB0
    db 0x72, 0xe7, 0x76, 0x0e, 0xa1, 0x22, 0x00, 0x25, 0x80, 0x00, 0x3d, 0x00, 0x00, 0x75, 0x03, 0xe9  ; CEC0
    db 0xf1, 0xfe, 0xbf, 0x02, 0x00, 0x57, 0x9a, 0x0f, 0x00, 0x04, 0xe0, 0x8b, 0xe5, 0x5d, 0xcb, 0x55  ; CED0
    db 0x8b, 0xec, 0x83, 0xec, 0x0a, 0xa1, 0x3c, 0x02, 0x8b, 0x3e, 0x8c, 0x00, 0x3b, 0xc7, 0x7c, 0x0f  ; CEE0
    db 0xa1, 0x8c, 0x00, 0x8b, 0x3e, 0x3c, 0x02, 0x2b, 0xf8, 0x89, 0x7e, 0xf8, 0xe9, 0x0f, 0x00, 0xbf  ; CEF0
    db 0xff, 0x0f, 0x2b, 0x3e, 0x8c, 0x00, 0x03, 0x3e, 0x3c, 0x02, 0x47, 0x89, 0x7e, 0xf8, 0xa0, 0x20  ; CF00
    db 0x00, 0x24, 0x10, 0x3c, 0x00, 0x74, 0x03, 0xd1, 0x7e, 0xf8, 0x80, 0x3e, 0x8b, 0x1b, 0x00, 0x74  ; CF10
    db 0x04, 0x83, 0x46, 0xf8, 0x03, 0xa0, 0x20, 0x00, 0x24, 0x01, 0x3c, 0x00, 0x74, 0x42, 0x80, 0x0e  ; CF20
    db 0xdc, 0x01, 0x01, 0x80, 0x0e, 0xe4, 0x01, 0x01, 0xa1, 0x64, 0x00, 0x03, 0x46, 0xf8, 0x89, 0x46  ; CF30
    db 0xf6, 0x8b, 0x3e, 0x2a, 0x00, 0x3b, 0xc7, 0x7e, 0x0b, 0x2b, 0x06, 0x2a, 0x00, 0x48, 0xa3, 0x26  ; CF40
    db 0x00, 0xe9, 0x1c, 0x00, 0x83, 0x7e, 0xf6, 0x00, 0x7d, 0x0f, 0x8b, 0x7e, 0xf6, 0x03, 0x3e, 0x2a  ; CF50
    db 0x00, 0x47, 0x89, 0x3e, 0x26, 0x00, 0xe9, 0x07, 0x00, 0x8b, 0x7e, 0xf6, 0x89, 0x3e, 0x26, 0x00  ; CF60
    db 0xa0, 0x20, 0x00, 0x24, 0x02, 0x3c, 0x00, 0x74, 0x42, 0x80, 0x0e, 0xdd, 0x01, 0x01, 0x80, 0x0e  ; CF70
    db 0xe5, 0x01, 0x01, 0xa1, 0x6e, 0x00, 0x03, 0x46, 0xf8, 0x89, 0x46, 0xf6, 0x8b, 0x3e, 0x2a, 0x00  ; CF80
    db 0x3b, 0xc7, 0x7e, 0x0b, 0x2b, 0x06, 0x2a, 0x00, 0x48, 0xa3, 0x26, 0x00, 0xe9, 0x1c, 0x00, 0x83  ; CF90
    db 0x7e, 0xf6, 0x00, 0x7d, 0x0f, 0x8b, 0x7e, 0xf6, 0x03, 0x3e, 0x2a, 0x00, 0x47, 0x89, 0x3e, 0x26  ; CFA0
    db 0x00, 0xe9, 0x07, 0x00, 0x8b, 0x7e, 0xf6, 0x89, 0x3e, 0x26, 0x00, 0x80, 0x3e, 0x41, 0x02, 0x05  ; CFB0
    db 0x75, 0x06, 0x81, 0x0e, 0x22, 0x00, 0x08, 0x00, 0x81, 0x0e, 0x5a, 0x05, 0x00, 0x02, 0x8b, 0xe5  ; CFC0
    db 0x5d, 0xcb, 0x55, 0x8b, 0xec, 0x83, 0xec, 0x06, 0xc7, 0x06, 0x22, 0x02, 0x01, 0x00, 0x80, 0x0e  ; CFD0
    db 0x76, 0x1b, 0x20, 0xbf, 0x02, 0x00, 0x57, 0x9a, 0x0f, 0x00, 0x04, 0xe0, 0x9a, 0x74, 0x01, 0x0b  ; CFE0
    db 0xe6, 0x80, 0x26, 0x76, 0x1b, 0xdf, 0x9a, 0x4f, 0x05, 0x40, 0xfd, 0xc7, 0x06, 0x22, 0x02, 0x00  ; CFF0
    db 0x00, 0x8b, 0xe5, 0x5d, 0xcb, 0xff, 0x55, 0x8b, 0xec, 0x83, 0xec, 0x10, 0xa0, 0x20, 0x00, 0x24  ; D000
    db 0x80, 0x3c, 0x00, 0x74, 0x13, 0x9a, 0x0c, 0x00, 0x99, 0xfc, 0xa0, 0x20, 0x00, 0x24, 0x80, 0x3c  ; D010
    db 0x00, 0x74, 0x05, 0x9a, 0xa5, 0x00, 0x99, 0xfc, 0xa0, 0x59, 0x02, 0xc4, 0x3e, 0x3a, 0x03, 0x26  ; D020
    db 0x88, 0x05, 0xa0, 0x56, 0x02, 0xc4, 0x1e, 0x26, 0x03, 0x26, 0x88, 0x07, 0x9a, 0x1f, 0x00, 0xd1  ; D030
    db 0xe5, 0xa0, 0x58, 0x02, 0x24, 0xed, 0xc4, 0x3e, 0x36, 0x03, 0x26, 0x88, 0x05, 0xa1, 0x5e, 0x02  ; D040
    db 0xc4, 0x1e, 0x2e, 0x03, 0x26, 0x89, 0x07, 0xc4, 0x16, 0x1e, 0x03, 0xa1, 0x60, 0x02, 0x8b, 0xfa  ; D050
    db 0x8b, 0xd8, 0x26, 0x8a, 0x11, 0x88, 0x56, 0xf3, 0xa0, 0x58, 0x02, 0xc4, 0x3e, 0x36, 0x03, 0x26  ; D060
    db 0x88, 0x05, 0x9a, 0x18, 0x00, 0xd1, 0xe5, 0x9a, 0x00, 0x00, 0x7e, 0xfe, 0x80, 0x0e, 0x26, 0x02  ; D070
    db 0x04, 0x81, 0x0e, 0x22, 0x00, 0x00, 0x04, 0xc7, 0x06, 0xf2, 0x1b, 0x00, 0x00, 0xc7, 0x06, 0xf4  ; D080
    db 0x1b, 0x00, 0x00, 0xa1, 0xf0, 0x1b, 0xd1, 0xf8, 0xd1, 0xf8, 0xd1, 0xf8, 0xd1, 0xf8, 0x25, 0xff  ; D090
    db 0x07, 0x99, 0x89, 0x46, 0xf4, 0x89, 0x56, 0xf6, 0xa1, 0xf0, 0x1b, 0x25, 0x0f, 0x00, 0x89, 0x46  ; D0A0
    db 0xf0, 0xe9, 0x1b, 0x00, 0x2b, 0xff, 0x57, 0xba, 0x0a, 0x00, 0x52, 0x8b, 0x46, 0xf4, 0x8b, 0x56  ; D0B0
    db 0xf6, 0x9a, 0x5d, 0x00, 0x72, 0xe7, 0x89, 0x46, 0xf4, 0x89, 0x56, 0xf6, 0xff, 0x4e, 0xf0, 0x83  ; D0C0
    db 0x7e, 0xf0, 0x00, 0x7f, 0xdf, 0x81, 0x0e, 0x48, 0x05, 0x00, 0x20, 0xe9, 0x5e, 0x01, 0xff, 0x36  ; D0D0
    db 0xf4, 0x1b, 0xff, 0x36, 0xf2, 0x1b, 0xa1, 0x54, 0x02, 0x99, 0x9a, 0x33, 0x00, 0x72, 0xe7, 0x72  ; D0E0
    db 0x13, 0x9a, 0x0b, 0x00, 0x21, 0xe9, 0xe9, 0x0b, 0x00, 0x81, 0x0e, 0x22, 0x00, 0x01, 0x00, 0x9a  ; D0F0
    db 0x74, 0x01, 0x0b, 0xe6, 0xa1, 0x22, 0x00, 0x25, 0x00, 0x04, 0x3d, 0x00, 0x00, 0x74, 0xea, 0x81  ; D100
    db 0x26, 0x22, 0x00, 0xfe, 0xff, 0x2b, 0xff, 0x57, 0x57, 0xa0, 0x31, 0x00, 0x2a, 0xe4, 0xd1, 0xe0  ; D110
    db 0xd1, 0xe0, 0x50, 0x1e, 0xba, 0x64, 0x00, 0x52, 0x9a, 0x09, 0x00, 0xbe, 0xfb, 0x83, 0xc4, 0x06  ; D120
    db 0xa0, 0x20, 0x00, 0x24, 0x80, 0x3c, 0x00, 0x74, 0x05, 0x9a, 0xa5, 0x00, 0x99, 0xfc, 0xa0, 0x20  ; D130
    db 0x00, 0x2a, 0xe4, 0x50, 0x9a, 0xc9, 0x06, 0x70, 0xf6, 0x9a, 0x0c, 0x00, 0x40, 0xfd, 0xa0, 0x76  ; D140
    db 0x1b, 0x24, 0xdf, 0x3c, 0x00, 0x74, 0x0e, 0x81, 0x0e, 0x22, 0x00, 0x80, 0x00, 0x9a, 0x05, 0x00  ; D150
    db 0xd1, 0xe5, 0xe9, 0x23, 0x01, 0x80, 0x0e, 0x76, 0x1b, 0x20, 0x9a, 0x74, 0x01, 0x0b, 0xe6, 0x80  ; D160
    db 0x26, 0x76, 0x1b, 0xdf, 0x9a, 0x4f, 0x05, 0x40, 0xfd, 0xa0, 0x76, 0x1b, 0x24, 0xdf, 0x3c, 0x00  ; D170
    db 0x74, 0x0e, 0x81, 0x0e, 0x22, 0x00, 0x80, 0x00, 0x9a, 0x05, 0x00, 0xd1, 0xe5, 0xe9, 0xf8, 0x00  ; D180
    db 0xa1, 0x4a, 0x02, 0x8b, 0x3e, 0x3c, 0x02, 0x2b, 0xf8, 0x81, 0xe7, 0xff, 0x0f, 0x89, 0x7e, 0xf8  ; D190
    db 0x89, 0x3e, 0x8e, 0x00, 0x89, 0x3e, 0x64, 0x02, 0x89, 0x3e, 0x92, 0x00, 0x89, 0x3e, 0x8c, 0x00  ; D1A0
    db 0x80, 0x3e, 0x40, 0x02, 0x07, 0x75, 0x11, 0xa0, 0x20, 0x00, 0x2a, 0xe4, 0x50, 0xff, 0x76, 0xf8  ; D1B0
    db 0x9a, 0xef, 0x04, 0x40, 0xfd, 0x83, 0xc4, 0x02, 0x80, 0x3e, 0x8a, 0x1b, 0x03, 0x75, 0x05, 0x9a  ; D1C0
    db 0x08, 0x00, 0x3c, 0xff, 0x9a, 0x17, 0x01, 0xf5, 0xfe, 0xc4, 0x3e, 0x32, 0x03, 0x26, 0x8b, 0x15  ; D1D0
    db 0x89, 0x16, 0x5c, 0x02, 0x9a, 0x40, 0x06, 0x40, 0xfd, 0xa0, 0x42, 0x02, 0x24, 0x02, 0x3c, 0x00  ; D1E0
    db 0x74, 0x4a, 0xa0, 0x76, 0x1b, 0x24, 0xdf, 0x3c, 0x00, 0x74, 0x0e, 0x81, 0x0e, 0x22, 0x00, 0x80  ; D1F0
    db 0x00, 0x9a, 0x05, 0x00, 0xd1, 0xe5, 0xe9, 0x7f, 0x00, 0xa0, 0x76, 0x1b, 0x24, 0xdf, 0x3c, 0x00  ; D200
    db 0x74, 0x0e, 0x81, 0x0e, 0x22, 0x00, 0x80, 0x00, 0x9a, 0x05, 0x00, 0xd1, 0xe5, 0xe9, 0x68, 0x00  ; D210
    db 0x9a, 0xe2, 0x04, 0xaf, 0xfc, 0xa0, 0x76, 0x1b, 0x24, 0xdf, 0x3c, 0x00, 0x74, 0x0e, 0x81, 0x0e  ; D220
    db 0x22, 0x00, 0x80, 0x00, 0x9a, 0x05, 0x00, 0xd1, 0xe5, 0xe9, 0x4c, 0x00, 0x2b, 0xff, 0x57, 0x57  ; D230
    db 0x8b, 0x46, 0xf4, 0x8b, 0x56, 0xf6, 0x9a, 0x33, 0x00, 0x72, 0xe7, 0x75, 0x03, 0xe9, 0x8e, 0xfe  ; D240
    db 0xff, 0x76, 0xf6, 0xff, 0x76, 0xf4, 0xa1, 0xf2, 0x1b, 0x8b, 0x16, 0xf4, 0x1b, 0x9a, 0x33, 0x00  ; D250
    db 0x72, 0xe7, 0x76, 0x03, 0xe9, 0x77, 0xfe, 0xff, 0x36, 0xf4, 0x1b, 0xff, 0x36, 0xf2, 0x1b, 0xa1  ; D260
    db 0x54, 0x02, 0x99, 0x9a, 0x33, 0x00, 0x72, 0xe7, 0x72, 0x05, 0x9a, 0x0b, 0x00, 0x21, 0xe9, 0xbf  ; D270
    db 0x02, 0x00, 0x57, 0x9a, 0x0f, 0x00, 0x04, 0xe0, 0x8b, 0xe5, 0x5d, 0xcb, 0x55, 0x8b, 0xec, 0x83  ; D280
    db 0xec, 0x08, 0x80, 0x26, 0x8e, 0x1b, 0xfe, 0x9a, 0x00, 0x00, 0x7e, 0xfe, 0xa1, 0x60, 0x02, 0x05  ; D290
    db 0x02, 0x00, 0x25, 0xff, 0x0f, 0xa3, 0x64, 0x02, 0xa3, 0x92, 0x00, 0xa3, 0x8c, 0x00, 0x9a, 0xa3  ; D2A0
    db 0x00, 0xf8, 0xfd, 0x81, 0x0e, 0x86, 0x01, 0x00, 0x04, 0x80, 0x3e, 0x41, 0x02, 0x04, 0x75, 0x0f  ; D2B0
    db 0x80, 0x3e, 0x40, 0x02, 0x03, 0x75, 0x08, 0x9a, 0x68, 0x00, 0x28, 0xfd, 0xe9, 0x0a, 0x00, 0x9a  ; D2C0
    db 0x0c, 0x00, 0x40, 0xfd, 0x9a, 0x17, 0x01, 0xf5, 0xfe, 0x81, 0x26, 0x86, 0x01, 0xff, 0xfb, 0x9a  ; D2D0
    db 0x0e, 0x00, 0xb3, 0xfd, 0x8b, 0xe5, 0x5d, 0xcb, 0x55, 0x8b, 0xec, 0x83, 0xec, 0x0a, 0xa0, 0x20  ; D2E0
    db 0x00, 0x24, 0x80, 0x3c, 0x00, 0x74, 0x13, 0x9a, 0x0c, 0x00, 0x99, 0xfc, 0xa0, 0x20, 0x00, 0x24  ; D2F0
    db 0x80, 0x3c, 0x00, 0x74, 0x05, 0x9a, 0xa5, 0x00, 0x99, 0xfc, 0x81, 0x0e, 0x22, 0x00, 0x00, 0x04  ; D300
    db 0xe9, 0xe7, 0x00, 0x81, 0x0e, 0x22, 0x00, 0x01, 0x00, 0xc6, 0x06, 0x0d, 0x03, 0x2a, 0x9a, 0x74  ; D310
    db 0x01, 0x0b, 0xe6, 0xa1, 0x22, 0x00, 0x25, 0x00, 0x04, 0x3d, 0x00, 0x00, 0x74, 0xe5, 0x81, 0x26  ; D320
    db 0x22, 0x00, 0xfe, 0xff, 0xa1, 0x60, 0x02, 0x05, 0x02, 0x00, 0x25, 0xff, 0x0f, 0xa3, 0x64, 0x02  ; D330
    db 0xa3, 0x92, 0x00, 0xa3, 0x8c, 0x00, 0xa3, 0x8e, 0x00, 0xa0, 0x20, 0x00, 0x24, 0x80, 0x3c, 0x00  ; D340
    db 0x74, 0x05, 0x9a, 0xa5, 0x00, 0x99, 0xfc, 0xa0, 0x20, 0x00, 0x2a, 0xe4, 0x50, 0x9a, 0xc9, 0x06  ; D350
    db 0x70, 0xf6, 0x80, 0x0e, 0x26, 0x02, 0x40, 0xa0, 0x20, 0x00, 0x24, 0x01, 0x3c, 0x00, 0x74, 0x17  ; D360
    db 0x2b, 0xff, 0x57, 0x57, 0xa0, 0x31, 0x00, 0x2a, 0xe4, 0x50, 0x1e, 0xba, 0x64, 0x00, 0x52, 0x9a  ; D370
    db 0x09, 0x00, 0xbe, 0xfb, 0x83, 0xc4, 0x06, 0xa0, 0x20, 0x00, 0x24, 0x02, 0x3c, 0x00, 0x74, 0x1a  ; D380
    db 0x2b, 0xff, 0x57, 0x57, 0xa0, 0x31, 0x00, 0x2a, 0xe4, 0x50, 0xba, 0x64, 0x00, 0x83, 0xc2, 0x0a  ; D390
    db 0x1e, 0x52, 0x9a, 0x09, 0x00, 0xbe, 0xfb, 0x83, 0xc4, 0x06, 0x9a, 0x0c, 0x00, 0x40, 0xfd, 0x81  ; D3A0
    db 0x0e, 0x22, 0x00, 0x01, 0x00, 0xb8, 0x7e, 0x37, 0xba, 0x00, 0x40, 0x8b, 0xf8, 0x8e, 0xc2, 0x26  ; D3B0
    db 0x8b, 0x1d, 0x81, 0xe3, 0xfe, 0x0f, 0x89, 0x5e, 0xf6, 0xe9, 0x0a, 0x00, 0xc6, 0x06, 0x0d, 0x03  ; D3C0
    db 0x2c, 0x9a, 0x74, 0x01, 0x0b, 0xe6, 0xb8, 0x7e, 0x37, 0xba, 0x00, 0x40, 0x8b, 0xf8, 0x8e, 0xc2  ; D3D0
    db 0x26, 0x8b, 0x1d, 0x2b, 0x5e, 0xf6, 0x81, 0xe3, 0x80, 0x0f, 0x83, 0xfb, 0x00, 0x74, 0xdd, 0x81  ; D3E0
    db 0x26, 0x22, 0x00, 0xfe, 0xff, 0x9a, 0x17, 0x01, 0xf5, 0xfe, 0xa1, 0x22, 0x00, 0x25, 0x80, 0x00  ; D3F0
    db 0x3d, 0x00, 0x00, 0x75, 0x03, 0xe9, 0x1b, 0xff, 0x8b, 0xe5, 0x5d, 0xcb, 0x55, 0x8b, 0xec, 0x83  ; D400
    db 0xec, 0x08, 0x9a, 0x1f, 0x00, 0xd1, 0xe5, 0xa0, 0x58, 0x02, 0x24, 0xed, 0xc4, 0x3e, 0x36, 0x03  ; D410
    db 0x26, 0x88, 0x05, 0xa1, 0x5e, 0x02, 0xc4, 0x1e, 0x2e, 0x03, 0x26, 0x89, 0x07, 0xc4, 0x16, 0x1e  ; D420
    db 0x03, 0xa1, 0x60, 0x02, 0x8b, 0xfa, 0x8b, 0xd8, 0x26, 0x8a, 0x11, 0x88, 0x56, 0xf9, 0xa0, 0x57  ; D430
    db 0x02, 0x0c, 0x10, 0xa2, 0x58, 0x02, 0xa0, 0x58, 0x02, 0xc4, 0x3e, 0x36, 0x03, 0x26, 0x88, 0x05  ; D440
    db 0xa0, 0x58, 0x02, 0x24, 0x02, 0x08, 0x06, 0x58, 0x02, 0xa0, 0x58, 0x02, 0xc4, 0x3e, 0x36, 0x03  ; D450
    db 0x26, 0x88, 0x05, 0xc6, 0x06, 0x99, 0x1a, 0x41, 0x9a, 0x18, 0x00, 0xd1, 0xe5, 0x8b, 0xe5, 0x5d  ; D460
    db 0xcb, 0x55, 0x8b, 0xec, 0x83, 0xec, 0x12, 0xc7, 0x46, 0xf6, 0x00, 0x00, 0x80, 0x26, 0x8e, 0x1b  ; D470
    db 0xfe, 0xc7, 0x46, 0xf4, 0x01, 0x00, 0x80, 0x3e, 0x41, 0x02, 0x00, 0x75, 0x13, 0x9a, 0xcf, 0x00  ; D480
    db 0xa2, 0xfe, 0xa0, 0x40, 0x02, 0x24, 0x08, 0x3c, 0x00, 0x74, 0x05, 0xc7, 0x46, 0xf4, 0x00, 0x00  ; D490
    db 0x9a, 0x00, 0x00, 0x7e, 0xfe, 0xa0, 0x20, 0x00, 0x24, 0x80, 0x3c, 0x00, 0x74, 0x13, 0x9a, 0x0c  ; D4A0
    db 0x00, 0x99, 0xfc, 0xa0, 0x20, 0x00, 0x24, 0x80, 0x3c, 0x00, 0x74, 0x05, 0x9a, 0xa5, 0x00, 0x99  ; D4B0
    db 0xfc, 0x9a, 0xa3, 0x00, 0xf8, 0xfd, 0xc7, 0x06, 0xf2, 0x1b, 0x00, 0x00, 0xc7, 0x06, 0xf4, 0x1b  ; D4C0
    db 0x00, 0x00, 0xa1, 0xf0, 0x1b, 0xd1, 0xf8, 0xd1, 0xf8, 0xd1, 0xf8, 0xd1, 0xf8, 0x25, 0xff, 0x07  ; D4D0
    db 0x99, 0x89, 0x46, 0xf0, 0x89, 0x56, 0xf2, 0xa1, 0xf0, 0x1b, 0x25, 0x0f, 0x00, 0x89, 0x46, 0xee  ; D4E0
    db 0xe9, 0x1b, 0x00, 0x2b, 0xff, 0x57, 0xba, 0x0a, 0x00, 0x52, 0x8b, 0x46, 0xf0, 0x8b, 0x56, 0xf2  ; D4F0
    db 0x9a, 0x5d, 0x00, 0x72, 0xe7, 0x89, 0x46, 0xf0, 0x89, 0x56, 0xf2, 0xff, 0x4e, 0xee, 0x83, 0x7e  ; D500
    db 0xee, 0x00, 0x7f, 0xdf, 0x81, 0x0e, 0x48, 0x05, 0x00, 0x20, 0xe9, 0xfd, 0x00, 0xff, 0x36, 0xf4  ; D510
    db 0x1b, 0xff, 0x36, 0xf2, 0x1b, 0xa1, 0x54, 0x02, 0x99, 0x9a, 0x33, 0x00, 0x72, 0xe7, 0x72, 0x05  ; D520
    db 0x9a, 0x0b, 0x00, 0x21, 0xe9, 0xa0, 0x20, 0x00, 0x24, 0x80, 0x3c, 0x00, 0x74, 0x05, 0x9a, 0xa5  ; D530
    db 0x00, 0x99, 0xfc, 0xa0, 0x76, 0x1b, 0x24, 0xdf, 0x3c, 0x00, 0x74, 0x12, 0x81, 0x0e, 0x22, 0x00  ; D540
    db 0x80, 0x00, 0xbf, 0x02, 0x00, 0x57, 0x9a, 0x0e, 0x00, 0xa8, 0xe6, 0xe9, 0x96, 0x02, 0x9a, 0x0c  ; D550
    db 0x00, 0x40, 0xfd, 0xc6, 0x06, 0x0c, 0x03, 0x10, 0x80, 0x0e, 0x76, 0x1b, 0x20, 0x9a, 0x74, 0x01  ; D560
    db 0x0b, 0xe6, 0x80, 0x26, 0x76, 0x1b, 0xdf, 0xa0, 0x76, 0x1b, 0x24, 0xdf, 0x3c, 0x00, 0x74, 0x12  ; D570
    db 0x81, 0x0e, 0x22, 0x00, 0x80, 0x00, 0xbf, 0x02, 0x00, 0x57, 0x9a, 0x0e, 0x00, 0xa8, 0xe6, 0xe9  ; D580
    db 0x62, 0x02, 0xa0, 0x20, 0x00, 0x2a, 0xe4, 0x50, 0x9a, 0xf8, 0x03, 0x40, 0xfd, 0x3d, 0xff, 0xff  ; D590
    db 0x74, 0x78, 0x9a, 0x4f, 0x05, 0x40, 0xfd, 0x80, 0x3e, 0x1e, 0x00, 0x07, 0x75, 0x05, 0x9a, 0x08  ; D5A0
    db 0x00, 0x3c, 0xff, 0xa0, 0x20, 0x00, 0x24, 0x01, 0x3c, 0x00, 0x74, 0x55, 0x80, 0x3e, 0x1e, 0x00  ; D5B0
    db 0x06, 0x75, 0x0b, 0xa0, 0x2f, 0x02, 0x2a, 0xe4, 0x50, 0x9a, 0x4a, 0x00, 0x3c, 0xff, 0xa0, 0x78  ; D5C0
    db 0x1c, 0x24, 0x01, 0x3c, 0x00, 0x74, 0x17, 0x80, 0x26, 0x78, 0x1c, 0xfe, 0x2b, 0xff, 0x57, 0x57  ; D5D0
    db 0x9a, 0x0c, 0x00, 0xe5, 0xf6, 0x83, 0xc4, 0x02, 0x81, 0x0e, 0x5a, 0x05, 0x04, 0x00, 0x2b, 0xff  ; D5E0
    db 0x57, 0xc4, 0x16, 0x1e, 0x03, 0x06, 0x52, 0xa0, 0x2b, 0x02, 0x2a, 0xe4, 0x50, 0x57, 0xa0, 0x2f  ; D5F0
    db 0x02, 0x2a, 0xe4, 0x50, 0x9a, 0x0e, 0x00, 0x54, 0xfe, 0x83, 0xc4, 0x0a, 0x80, 0x26, 0x33, 0x02  ; D600
    db 0xfe, 0xa0, 0x20, 0x00, 0x24, 0x02, 0x3c, 0x00, 0xeb, 0x03, 0xe9, 0x8b, 0x01, 0x74, 0x5b, 0x80  ; D610
    db 0x3e, 0x1e, 0x00, 0x06, 0x75, 0x0b, 0xa0, 0x30, 0x02, 0x2a, 0xe4, 0x50, 0x9a, 0x4a, 0x00, 0x3c  ; D620
    db 0xff, 0xa0, 0x78, 0x1c, 0x24, 0x02, 0x3c, 0x00, 0x74, 0x1a, 0x80, 0x26, 0x78, 0x1c, 0xfd, 0x2b  ; D630
    db 0xff, 0x57, 0xba, 0x01, 0x00, 0x52, 0x9a, 0x0c, 0x00, 0xe5, 0xf6, 0x83, 0xc4, 0x02, 0x81, 0x0e  ; D640
    db 0x5a, 0x05, 0x08, 0x00, 0xbf, 0x01, 0x00, 0x57, 0xc4, 0x3e, 0x1e, 0x03, 0x06, 0x57, 0xa0, 0x2c  ; D650
    db 0x02, 0x2a, 0xe4, 0x50, 0xff, 0x76, 0xf4, 0xa0, 0x30, 0x02, 0x2a, 0xe4, 0x50, 0x9a, 0x0e, 0x00  ; D660
    db 0x54, 0xfe, 0x83, 0xc4, 0x0a, 0x80, 0x26, 0x33, 0x02, 0xfd, 0x81, 0x0e, 0x22, 0x00, 0x00, 0x01  ; D670
    db 0x9a, 0x40, 0x06, 0x40, 0xfd, 0xff, 0x46, 0xf6, 0xa0, 0x42, 0x02, 0x24, 0x02, 0x3c, 0x00, 0x74  ; D680
    db 0x6a, 0xbf, 0x02, 0x00, 0x57, 0x9a, 0x0e, 0x00, 0xa8, 0xe6, 0xa0, 0x76, 0x1b, 0x24, 0xdf, 0x3c  ; D690
    db 0x00, 0x74, 0x12, 0x81, 0x0e, 0x22, 0x00, 0x80, 0x00, 0xbf, 0x02, 0x00, 0x57, 0x9a, 0x0e, 0x00  ; D6A0
    db 0xa8, 0xe6, 0xe9, 0x3f, 0x01, 0xc7, 0x06, 0x22, 0x02, 0x02, 0x00, 0x9a, 0x74, 0x01, 0x0b, 0xe6  ; D6B0
    db 0xa0, 0x76, 0x1b, 0x24, 0xdf, 0x3c, 0x00, 0x74, 0x12, 0x81, 0x0e, 0x22, 0x00, 0x80, 0x00, 0xbf  ; D6C0
    db 0x02, 0x00, 0x57, 0x9a, 0x0e, 0x00, 0xa8, 0xe6, 0xe9, 0x19, 0x01, 0x9a, 0xe2, 0x04, 0xaf, 0xfc  ; D6D0
    db 0xa0, 0x76, 0x1b, 0x24, 0xdf, 0x3c, 0x00, 0x74, 0x74, 0x81, 0x0e, 0x22, 0x00, 0x80, 0x00, 0xbf  ; D6E0
    db 0x02, 0x00, 0x57, 0x9a, 0x0e, 0x00, 0xa8, 0xe6, 0xe9, 0xf9, 0x00, 0xe9, 0x00, 0x00, 0xa1, 0x54  ; D6F0
    db 0x02, 0xd1, 0xf8, 0xd1, 0xf8, 0xd1, 0xf8, 0x8b, 0x7e, 0xf6, 0x3b, 0xc7, 0x7f, 0x5a, 0xc7, 0x46  ; D700
    db 0xf6, 0x00, 0x00, 0xbf, 0x02, 0x00, 0x57, 0x9a, 0x0e, 0x00, 0xa8, 0xe6, 0xa0, 0x76, 0x1b, 0x24  ; D710
    db 0xdf, 0x3c, 0x00, 0x74, 0x12, 0x81, 0x0e, 0x22, 0x00, 0x80, 0x00, 0xbf, 0x02, 0x00, 0x57, 0x9a  ; D720
    db 0x0e, 0x00, 0xa8, 0xe6, 0xe9, 0xbd, 0x00, 0xc7, 0x06, 0x22, 0x02, 0x02, 0x00, 0x9a, 0x74, 0x01  ; D730
    db 0x0b, 0xe6, 0xc7, 0x06, 0x22, 0x02, 0x00, 0x00, 0xa0, 0x76, 0x1b, 0x24, 0xdf, 0x3c, 0x00, 0x74  ; D740
    db 0x17, 0x81, 0x0e, 0x22, 0x00, 0x80, 0x00, 0xbf, 0x02, 0x00, 0x57, 0xeb, 0x03, 0xe9, 0x08, 0x00  ; D750
    db 0x9a, 0x0e, 0x00, 0xa8, 0xe6, 0xe9, 0x8c, 0x00, 0xa1, 0xf4, 0x1b, 0x0d, 0x0f, 0x00, 0x3d, 0x0f  ; D760
    db 0x00, 0x75, 0x35, 0x80, 0x3e, 0x41, 0x02, 0x00, 0x75, 0x12, 0x9a, 0x0c, 0x00, 0x93, 0xe6, 0x9a  ; D770
    db 0x0c, 0x00, 0x93, 0xe6, 0xe9, 0x21, 0x00, 0x9a, 0x0c, 0x00, 0x93, 0xe6, 0xa0, 0x98, 0x1a, 0x24  ; D780
    db 0x0f, 0x3c, 0x00, 0x75, 0xf2, 0xa1, 0x48, 0x05, 0x0b, 0x06, 0x76, 0x06, 0x3d, 0x00, 0x00, 0x74  ; D790
    db 0x07, 0x80, 0x3e, 0xf6, 0x1b, 0x00, 0x75, 0xdf, 0x2b, 0xff, 0x57, 0x57, 0x8b, 0x46, 0xf0, 0x8b  ; D7A0
    db 0x56, 0xf2, 0x9a, 0x33, 0x00, 0x72, 0xe7, 0x75, 0x03, 0xe9, 0x61, 0xfd, 0xff, 0x76, 0xf2, 0xff  ; D7B0
    db 0x76, 0xf0, 0xa1, 0xf2, 0x1b, 0x8b, 0x16, 0xf4, 0x1b, 0x9a, 0x33, 0x00, 0x72, 0xe7, 0x76, 0x03  ; D7C0
    db 0xe9, 0x4a, 0xfd, 0xff, 0x36, 0xf4, 0x1b, 0xff, 0x36, 0xf2, 0x1b, 0xa1, 0x54, 0x02, 0x99, 0x9a  ; D7D0
    db 0x33, 0x00, 0x72, 0xe7, 0x72, 0x05, 0x9a, 0x0b, 0x00, 0x21, 0xe9, 0xbf, 0x02, 0x00, 0x57, 0x9a  ; D7E0
    db 0x0f, 0x00, 0x04, 0xe0, 0x8b, 0xe5, 0x5d, 0xcb, 0x55, 0x8b, 0xec, 0x83, 0xec, 0x06, 0xc4, 0x3e  ; D7F0
    db 0x2a, 0x03, 0x26, 0x8a, 0x15, 0x88, 0x16, 0x5a, 0x02, 0xc4, 0x1e, 0x32, 0x03, 0x26, 0x8b, 0x07  ; D800
    db 0xa3, 0x5c, 0x02, 0x80, 0x26, 0x58, 0x02, 0xef, 0xa0, 0x58, 0x02, 0xc4, 0x3e, 0x36, 0x03, 0x26  ; D810
    db 0x88, 0x05, 0x9a, 0x63, 0x04, 0x40, 0xfd, 0x80, 0x3e, 0x41, 0x02, 0x00, 0x75, 0x10, 0x9a, 0x04  ; D820
    db 0x00, 0x23, 0xfe, 0x3d, 0xff, 0xff, 0x75, 0x06, 0xb8, 0xff, 0xff, 0xe9, 0x1f, 0x00, 0x8a, 0x56  ; D830
    db 0x06, 0x80, 0xe2, 0x08, 0x80, 0xfa, 0x00, 0x74, 0x12, 0x8a, 0x56, 0x06, 0x2a, 0xf6, 0x52, 0xff  ; D840
    db 0x36, 0x8c, 0x00, 0x9a, 0xef, 0x04, 0x40, 0xfd, 0x83, 0xc4, 0x02, 0x2b, 0xc0, 0x8b, 0xe5, 0x5d  ; D850
    db 0xca, 0x02, 0x00, 0x55, 0x8b, 0xec, 0x83, 0xec, 0x0a, 0x9a, 0x26, 0x00, 0x7e, 0xfe, 0x89, 0x46  ; D860
    db 0xf8, 0x80, 0x3e, 0x41, 0x02, 0x00, 0x75, 0x08, 0xa0, 0x45, 0x02, 0x2a, 0xe4, 0x29, 0x46, 0xf8  ; D870
    db 0x81, 0x66, 0xf8, 0xff, 0x0f, 0x8b, 0x7e, 0xf8, 0x89, 0x3e, 0x8e, 0x00, 0xa1, 0x62, 0x02, 0x25  ; D880
    db 0x01, 0x00, 0x3d, 0x00, 0x00, 0x75, 0x0e, 0x80, 0x3e, 0x1e, 0x00, 0x01, 0x74, 0x07, 0x80, 0x3e  ; D890
    db 0x1e, 0x00, 0x07, 0x75, 0x09, 0xa1, 0x48, 0x02, 0x89, 0x46, 0xf6, 0xe9, 0x07, 0x00, 0xa1, 0x48  ; D8A0
    db 0x02, 0x48, 0x89, 0x46, 0xf6, 0x8b, 0x7e, 0xf6, 0xa1, 0x4a, 0x02, 0x8b, 0x16, 0x8e, 0x00, 0x2b  ; D8B0
    db 0xd0, 0x2b, 0xd7, 0x42, 0x89, 0x56, 0xf8, 0x81, 0x66, 0xf8, 0xff, 0x0f, 0x8b, 0x5e, 0xf8, 0x89  ; D8C0
    db 0x1e, 0x8c, 0x00, 0x8b, 0x7e, 0xf6, 0xa1, 0x8e, 0x00, 0x2b, 0xc7, 0x40, 0x89, 0x46, 0xf8, 0x81  ; D8D0
    db 0x66, 0xf8, 0xff, 0x0f, 0x8b, 0x56, 0xf8, 0x89, 0x16, 0x3c, 0x02, 0x8b, 0xe5, 0x5d, 0xcb, 0x55  ; D8E0
    db 0x8b, 0xec, 0x83, 0xec, 0x06, 0x8a, 0x56, 0x08, 0x80, 0xe2, 0x04, 0x80, 0xfa, 0x00, 0x74, 0x26  ; D8F0
    db 0x8b, 0x7e, 0x06, 0x81, 0xe7, 0x02, 0x00, 0x83, 0xff, 0x00, 0x74, 0x0d, 0xc6, 0x06, 0x2b, 0x02  ; D900
    db 0x02, 0xc6, 0x06, 0x2c, 0x02, 0x00, 0xe9, 0x30, 0x00, 0xc6, 0x06, 0x2b, 0x02, 0x00, 0xc6, 0x06  ; D910
    db 0x2c, 0x02, 0x02, 0xe9, 0x23, 0x00, 0x8b, 0x7e, 0x06, 0x81, 0xe7, 0x01, 0x00, 0x83, 0xff, 0x00  ; D920
    db 0x74, 0x0d, 0xc6, 0x06, 0x2b, 0x02, 0x01, 0xc6, 0x06, 0x2c, 0x02, 0x00, 0xe9, 0x0a, 0x00, 0xc6  ; D930
    db 0x06, 0x2b, 0x02, 0x00, 0xc6, 0x06, 0x2c, 0x02, 0x01, 0x8b, 0xe5, 0x5d, 0xca, 0x02, 0x00, 0x55  ; D940
    db 0x8b, 0xec, 0x83, 0xec, 0x06, 0xa0, 0x20, 0x00, 0x24, 0x01, 0x3c, 0x00, 0x74, 0x77, 0xa0, 0x00  ; D950
    db 0x06, 0x24, 0x01, 0x3c, 0x00, 0x74, 0x0f, 0x80, 0x3e, 0x1e, 0x00, 0x06, 0x75, 0x08, 0x2b, 0xff  ; D960
    db 0x57, 0x9a, 0xa9, 0x00, 0x3c, 0xff, 0xa0, 0x00, 0x06, 0x24, 0x01, 0x3c, 0x00, 0x74, 0x1b, 0x80  ; D970
    db 0x26, 0x00, 0x06, 0xfe, 0x80, 0x0e, 0x78, 0x1c, 0x01, 0xa1, 0x84, 0x1b, 0xa3, 0x14, 0x1c, 0xa1  ; D980
    db 0x84, 0x1b, 0xa3, 0x16, 0x1c, 0x80, 0x0e, 0x5a, 0x03, 0x01, 0x80, 0x3e, 0x40, 0x02, 0x00, 0x74  ; D990
    db 0x09, 0xa0, 0x40, 0x02, 0x24, 0x08, 0x3c, 0x00, 0x74, 0x4c, 0xa0, 0x00, 0x06, 0x24, 0x02, 0x3c  ; D9A0
    db 0x00, 0x74, 0x1b, 0x80, 0x26, 0x00, 0x06, 0xfd, 0x80, 0x0e, 0x78, 0x1c, 0x02, 0xa1, 0x86, 0x1b  ; D9B0
    db 0xa3, 0x1e, 0x1c, 0xa1, 0x86, 0x1b, 0xa3, 0x20, 0x1c, 0x80, 0x0e, 0x6c, 0x03, 0x01, 0xa0, 0x78  ; D9C0
    db 0x1c, 0x24, 0x02, 0xeb, 0x03, 0xe9, 0x1e, 0x00, 0x3c, 0x00, 0x74, 0x1a, 0x80, 0x26, 0x78, 0x1c  ; D9D0
    db 0xfd, 0x2b, 0xff, 0x57, 0xba, 0x01, 0x00, 0x52, 0x9a, 0x0c, 0x00, 0xe5, 0xf6, 0x83, 0xc4, 0x02  ; D9E0
    db 0x81, 0x0e, 0x5a, 0x05, 0x08, 0x00, 0xa0, 0x20, 0x00, 0x24, 0x02, 0x3c, 0x00, 0x74, 0x3d, 0xa0  ; D9F0
    db 0x00, 0x06, 0x24, 0x02, 0x3c, 0x00, 0x74, 0x10, 0x80, 0x3e, 0x1e  ; DA00
    add byte [0x975], al                     ; DA0B: add byte ptr [0x975], al
    mov di, 1                                ; DA0F: mov di, 1
    push di                                  ; DA12: push di
    call 0xff3c:0x00a9                       ; DA13: lcall 0xff3c, 0xa9
    mov al, byte [0x600]                     ; DA18: mov al, byte ptr [0x600]
    and al, 2                                ; DA1B: and al, 2
    cmp al, 0                                ; DA1D: cmp al, 0
    je short 0xda3c                          ; DA1F: je 0xc4bc
    and byte [0x600], 0xfd                   ; DA21: and byte ptr [0x600], 0xfd
    or byte [0x1c78], 2                      ; DA26: or byte ptr [0x1c78], 2
    mov ax, word [0x1b86]                    ; DA2B: mov ax, word ptr [0x1b86]
    mov word [0x1c1e], ax                    ; DA2E: mov word ptr [0x1c1e], ax
    mov ax, word [0x1b86]                    ; DA31: mov ax, word ptr [0x1b86]
    mov word [0x1c20], ax                    ; DA34: mov word ptr [0x1c20], ax
    or byte [0x36c], 1                       ; DA37: or byte ptr [0x36c], 1
L_FDA3C:
    mov sp, bp                               ; DA3C: mov sp, bp
    pop bp                                   ; DA3E: pop bp
    retf                                     ; DA3F: retf 
    db 0x55, 0x8b, 0xec, 0x83, 0xec, 0x06, 0xa0, 0x43, 0x02, 0x2a, 0xe4, 0x25, 0x03, 0x00, 0x3d, 0x03  ; DA40
    db 0x00, 0x75, 0x05, 0x9a, 0x5c, 0x00, 0x7e, 0xfe, 0xa0, 0x20, 0x00, 0x24, 0x40, 0x3c, 0x00, 0x74  ; DA50
    db 0x0b, 0xa0, 0x20, 0x00, 0x2a, 0xe4, 0x50, 0x9a, 0xa5, 0x02, 0x70, 0xf6, 0x80, 0x3e, 0x40, 0x02  ; DA60
    db 0x03, 0x75, 0x1a, 0xa0, 0x18, 0x03, 0x24, 0x01, 0x3c, 0x00, 0x74, 0x0a, 0x83, 0x06, 0xf2, 0x1b  ; DA70
    db 0x01, 0x83, 0x16, 0xf4, 0x1b, 0x00, 0xfe, 0x06, 0x18, 0x03, 0xe9, 0x0a, 0x00, 0x83, 0x06, 0xf2  ; DA80
    db 0x1b, 0x01, 0x83, 0x16, 0xf4, 0x1b, 0x00, 0x81, 0x0e, 0x48, 0x05, 0x00, 0x20, 0x8b, 0xe5, 0x5d  ; DA90
    db 0xcb, 0xff, 0x55, 0x8b, 0xec, 0x83, 0xec, 0x06, 0xc7, 0x06, 0x0e, 0x03, 0x68, 0x02, 0x8c, 0x1e  ; DAA0
    db 0x10, 0x03, 0xc7, 0x06, 0x8c, 0x00, 0x00, 0x00, 0xc7, 0x06, 0x8e, 0x00, 0xff, 0x0f, 0xb8, 0xbe  ; DAB0
    db 0x37, 0xba, 0x00, 0x40, 0xa3, 0x26, 0x03, 0x89, 0x16, 0x28, 0x03, 0xb8, 0x7e, 0x37, 0xba, 0x00  ; DAC0
    db 0x40, 0xa3, 0x22, 0x03, 0x89, 0x16, 0x24, 0x03, 0xb8, 0x00, 0x80, 0xba, 0x00, 0x40, 0xa3, 0x1e  ; DAD0
    db 0x03, 0x89, 0x16, 0x20, 0x03, 0xb8, 0xf7, 0x37, 0xba, 0x00, 0x40, 0xa3, 0x2a, 0x03, 0x89, 0x16  ; DAE0
    db 0x2c, 0x03, 0xb8, 0xee, 0x37, 0xba, 0x00, 0x40, 0xa3, 0x2e, 0x03, 0x89, 0x16, 0x30, 0x03, 0xb8  ; DAF0
    db 0xde, 0x07, 0xba, 0x00, 0x40, 0xa3, 0x36, 0x03, 0x89, 0x16, 0x38, 0x03, 0xb8, 0xee, 0x07, 0xba  ; DB00
    db 0x00, 0x40, 0xa3, 0x3a, 0x03, 0x89, 0x16, 0x3c, 0x03, 0xb8, 0xde, 0x37, 0xba, 0x00, 0x40, 0xa3  ; DB10
    db 0x32, 0x03, 0x89, 0x16, 0x34, 0x03, 0x9a, 0x00, 0x00, 0x68, 0xfc, 0x9a, 0x08, 0x00, 0xc8, 0xfd  ; DB20
    db 0x9a, 0x02, 0x00, 0x4a, 0xff, 0x9a, 0x00, 0x00, 0x7e, 0xfe, 0x8b, 0xe5, 0x5d, 0xcb  ; DB30
SUB_FDB3E:
    push bp                                  ; DB3E: push bp
    mov bp, sp                               ; DB3F: mov bp, sp
    sub sp, 6                                ; DB41: sub sp, 6
    mov al, byte [0x258]                     ; DB44: mov al, byte ptr [0x258]
    and al, 0xef                             ; DB47: and al, 0xef
    mov byte [0x258], al                     ; DB49: mov byte ptr [0x258], al
    mov al, byte [0x258]                     ; DB4C: mov al, byte ptr [0x258]
    les di, [0x336]                          ; DB4F: les di, ptr [0x336]
    mov byte [es:di], al                     ; DB53: mov byte ptr es:[di], al
    and byte [0x21], 0xfe                    ; DB56: and byte ptr [0x21], 0xfe
    and word [0x22], strict word 0xfffe      ; DB5B: and word ptr [0x22], 0xfffe
    mov sp, bp                               ; DB61: mov sp, bp
    pop bp                                   ; DB63: pop bp
    retf                                     ; DB64: retf 
SUB_FDB65:
    push bp                                  ; DB65: push bp
    mov bp, sp                               ; DB66: mov bp, sp
    sub sp, 8                                ; DB68: sub sp, 8
    mov al, byte [0x258]                     ; DB6B: mov al, byte ptr [0x258]
    and al, 0xef                             ; DB6E: and al, 0xef
    or al, 2                                 ; DB70: or al, 2
    mov byte [0x258], al                     ; DB72: mov byte ptr [0x258], al
    mov al, byte [0x258]                     ; DB75: mov al, byte ptr [0x258]
    les di, [0x336]                          ; DB78: les di, ptr [0x336]
    mov byte [es:di], al                     ; DB7C: mov byte ptr es:[di], al
    les bx, [0x31e]                          ; DB7F: les bx, ptr [0x31e]
    mov dl, byte [es:bx + 0x1000]            ; DB83: mov dl, byte ptr es:[bx + 0x1000]
    mov byte [bp - 7], dl                    ; DB88: mov byte ptr [bp - 7], dl
    mov sp, bp                               ; DB8B: mov sp, bp
    pop bp                                   ; DB8D: pop bp
    retf                                     ; DB8E: retf 
SUB_FDB8F:
    push bp                                  ; DB8F: push bp
    mov bp, sp                               ; DB90: mov bp, sp
    sub sp, 8                                ; DB92: sub sp, 8
    mov al, byte [0x258]                     ; DB95: mov al, byte ptr [0x258]
    and al, 0x10                             ; DB98: and al, 0x10
    cmp al, 0                                ; DB9A: cmp al, 0
    je short 0xdc15                          ; DB9C: je 0xe5
    mov di, 0x256                            ; DB9E: mov di, 0x256
    add di, 0xc                              ; DBA1: add di, 0xc
    push ds                                  ; DBA4: push ds
    push di                                  ; DBA5: push di
    mov dx, 0x256                            ; DBA6: mov dx, 0x256
    add dx, 2                                ; DBA9: add dx, 2
    push ds                                  ; DBAC: push ds
    push dx                                  ; DBAD: push dx
    call 0xfc62:0x0004                       ; DBAE: lcall 0xfc62, 4
    add sp, 4                                ; DBB3: add sp, 4
    mov word [bp - 8], ax                    ; DBB6: mov word ptr [bp - 8], ax
    cmp ax, strict word 0                    ; DBB9: cmp ax, 0
    je short 0xdbef                          ; DBBC: je 0xbf
    jmp 0xdbdc                               ; DBBE: jmp 0xac
L_FDBC1:
    mov di, 0x256                            ; DBC1: mov di, 0x256
    add di, 0xc                              ; DBC4: add di, 0xc
    push ds                                  ; DBC7: push ds
    push di                                  ; DBC8: push di
    mov dx, 0x256                            ; DBC9: mov dx, 0x256
    add dx, 2                                ; DBCC: add dx, 2
    push ds                                  ; DBCF: push ds
    push dx                                  ; DBD0: push dx
    call 0xfc62:0x0004                       ; DBD1: lcall 0xfc62, 4
    add sp, 4                                ; DBD6: add sp, 4
    or word [bp - 8], ax                     ; DBD9: or word ptr [bp - 8], ax
L_FDBDC:
    mov ax, 0x377e                           ; DBDC: mov ax, 0x377e
    mov dx, 0x4000                           ; DBDF: mov dx, 0x4000
    mov di, ax                               ; DBE2: mov di, ax
    mov es, dx                               ; DBE4: mov es, dx
    mov bx, word [es:di]                     ; DBE6: mov bx, word ptr es:[di]
    cmp word [0x262], bx                     ; DBE9: cmp word ptr [0x262], bx
    jne short 0xdbc1                         ; DBED: jne 0x91
L_FDBEF:
    mov di, word [bp - 8]                    ; DBEF: mov di, word ptr [bp - 8]
    and di, strict word 4                    ; DBF2: and di, 4
    cmp di, 0                                ; DBF6: cmp di, 0
    je short 0xdc01                          ; DBF9: je 0xd1
    mov ax, word [0x262]                     ; DBFB: mov ax, word ptr [0x262]
    mov word [0x266], ax                     ; DBFE: mov word ptr [0x266], ax
L_FDC01:
    mov di, word [bp - 8]                    ; DC01: mov di, word ptr [bp - 8]
    mov word [0x1a], di                      ; DC04: mov word ptr [0x1a], di
    mov al, byte [0x1b76]                    ; DC08: mov al, byte ptr [0x1b76]
    and al, 4                                ; DC0B: and al, 4
    cmp al, 0                                ; DC0D: cmp al, 0
    je short 0xdc1b                          ; DC0F: je 0xeb
    sub ax, ax                               ; DC11: sub ax, ax
    jmp short 0xdc18                         ; DC13: jmp 0xe8
L_FDC15:
    jmp 0xdc21                               ; DC15: jmp 0xf1
L_FDC18:
    jmp 0xdc23                               ; DC18: jmp 0xf3
L_FDC1B:
    mov ax, word [bp - 8]                    ; DC1B: mov ax, word ptr [bp - 8]
    jmp 0xdc23                               ; DC1E: jmp 0xf3
L_FDC21:
    sub ax, ax                               ; DC21: sub ax, ax
L_FDC23:
    mov sp, bp                               ; DC23: mov sp, bp
    pop bp                                   ; DC25: pop bp
    retf                                     ; DC26: retf 
    db 0x55, 0x8b, 0xec, 0x83, 0xec, 0x06, 0xbf, 0x24, 0x02, 0x83, 0xc7, 0x18, 0x1e, 0x57, 0x9a, 0x08  ; DC27
    db 0x00, 0xf8, 0xfd, 0x8b, 0xe5, 0x5d, 0xcb, 0x55, 0x8b, 0xec, 0x83, 0xec, 0x06, 0xc4, 0x3e, 0x22  ; DC37
    db 0x03, 0x26, 0x8b, 0x15, 0x81, 0xe2, 0x00, 0x80, 0x83, 0xfa, 0x00, 0x74, 0x12, 0x80, 0x0e, 0x58  ; DC47
    db 0x02, 0x40, 0xa0, 0x58, 0x02, 0xc4, 0x1e, 0x36, 0x03, 0x26, 0x88, 0x07, 0xe9, 0x09, 0x00, 0xbf  ; DC57
    db 0x08, 0x00, 0x57, 0x9a, 0x0e, 0x00, 0xa8, 0xe6, 0x8b, 0xe5, 0x5d, 0xcb  ; DC67
SUB_FDC73:
    push bp                                  ; DC73: push bp
    mov bp, sp                               ; DC74: mov bp, sp
    sub sp, 6                                ; DC76: sub sp, 6
    mov al, byte [0x258]                     ; DC79: mov al, byte ptr [0x258]
    les di, [0x336]                          ; DC7C: les di, ptr [0x336]
    mov byte [es:di], al                     ; DC80: mov byte ptr es:[di], al
    mov sp, bp                               ; DC83: mov sp, bp
    pop bp                                   ; DC85: pop bp
    retf                                     ; DC86: retf 
    db 0xff, 0x55, 0x8b, 0xec, 0x83, 0xec, 0x0c, 0x51, 0xc4, 0x3e, 0xac, 0x1c, 0xa0, 0x44, 0x02, 0x2a  ; DC87
    db 0xe4, 0xba, 0x0a, 0x00, 0xf7, 0xea, 0x8b, 0xd7, 0x03, 0xd0, 0x89, 0x56, 0xf4, 0x8c, 0x46, 0xf6  ; DC97
    db 0x9a, 0xb8, 0x00, 0xc8, 0xfd, 0xc4, 0x7e, 0xf4, 0x26, 0x8a, 0x55, 0x01, 0x2a, 0xf6, 0x52, 0x26  ; DCA7
    db 0x8a, 0x1d, 0x2a, 0xff, 0x53, 0x9a, 0x43, 0x01, 0xc8, 0xfd, 0x83, 0xc4, 0x02, 0xc4, 0x7e, 0xf4  ; DCB7
    db 0x26, 0x8a, 0x55, 0x02, 0x88, 0x16, 0x59, 0x02, 0x26, 0x8b, 0x5d, 0x04, 0x89, 0x1e, 0x52, 0x02  ; DCC7
    db 0x26, 0x8b, 0x45, 0x06, 0xa3, 0x54, 0x02, 0x26, 0x8a, 0x55, 0x08, 0x88, 0x16, 0x45, 0x02, 0xa0  ; DCD7
    db 0x70, 0x1b, 0x2a, 0xe4, 0xba, 0x00, 0x04, 0xf7, 0xea, 0xa3, 0x28, 0x00, 0x80, 0x3e, 0x44, 0x02  ; DCE7
    db 0x05, 0x75, 0x08, 0xc6, 0x06, 0x31, 0x02, 0x01, 0xe9, 0x05, 0x00, 0xc6, 0x06, 0x31, 0x02, 0x00  ; DCF7
    db 0xa0, 0x31, 0x02, 0x2a, 0xe4, 0x8b, 0xc8, 0xa1, 0x28, 0x00, 0xd3, 0xe0, 0x89, 0x46, 0xf8, 0x99  ; DD07
    db 0xf7, 0x3e, 0x52, 0x02, 0xa3, 0x46, 0x02, 0x8b, 0x46, 0xf8, 0x99, 0xf7, 0x3e, 0x52, 0x02, 0x89  ; DD17
    db 0x16, 0x36, 0x02, 0xff, 0x36, 0x52, 0x02, 0x9a, 0xd9, 0x01, 0xc8, 0xfd, 0x59, 0x8b, 0xe5, 0x5d  ; DD27
    db 0xcb, 0x55, 0x8b, 0xec, 0x83, 0xec, 0x06, 0xe9, 0x37, 0x00, 0xc6, 0x06, 0x56, 0x02, 0x09, 0xe9  ; DD37
    db 0x4b, 0x00, 0xc6, 0x06, 0x56, 0x02, 0x0b, 0xe9, 0x43, 0x00, 0xc6, 0x06, 0x56, 0x02, 0x0d, 0xe9  ; DD47
    db 0x3b, 0x00, 0x80, 0x3e, 0x44, 0x02, 0x07, 0x75, 0x08, 0xc6, 0x06, 0x56, 0x02, 0x0d, 0xe9, 0x05  ; DD57
    db 0x00, 0xc6, 0x06, 0x56, 0x02, 0x0c, 0xe9, 0x24, 0x00, 0xc6, 0x06, 0x56, 0x02, 0x05, 0xe9, 0x1c  ; DD67
    db 0x00, 0xa0, 0x40, 0x02, 0x2a, 0xe4, 0x3d, 0x00, 0x00, 0x74, 0xc7, 0x3d, 0x01, 0x00, 0x74, 0xba  ; DD77
    db 0x3d, 0x07, 0x00, 0x74, 0xc5, 0x3d, 0x08, 0x00, 0x74, 0xc8, 0xe9, 0xdc, 0xff, 0x80, 0x0e, 0x56  ; DD87
    db 0x02, 0x10, 0x80, 0x3e, 0x1e, 0x00, 0x02, 0x74, 0x0e, 0x80, 0x3e, 0x1e, 0x00, 0x0a, 0x74, 0x07  ; DD97
    db 0x80, 0x3e, 0x1e, 0x00, 0x05, 0x75, 0x05, 0x80, 0x0e, 0x56, 0x02, 0x20, 0x80, 0x3e, 0x8b, 0x1b  ; DDA7
    db 0x01, 0x75, 0x05, 0x80, 0x0e, 0x56, 0x02, 0x40, 0x8b, 0xe5, 0x5d, 0xcb, 0x55, 0x8b, 0xec, 0x83  ; DDB7
    db 0xec, 0x06, 0xc6, 0x06, 0x57, 0x02, 0x00, 0x80, 0x7e, 0x06, 0x01, 0x75, 0x05, 0x80, 0x0e, 0x57  ; DDC7
    db 0x02, 0x04, 0x80, 0x7e, 0x08, 0x01, 0x75, 0x05, 0x80, 0x0e, 0x57, 0x02, 0x08, 0xa0, 0x43, 0x02  ; DDD7
    db 0x24, 0x02, 0x3c, 0x00, 0x74, 0x31, 0xa0, 0x43, 0x02, 0x24, 0x01, 0x3c, 0x00, 0x75, 0x28, 0x80  ; DDE7
    db 0x0e, 0x57, 0x02, 0x01, 0xe9, 0x20, 0x00, 0x80, 0x0e, 0x57, 0x02, 0x40, 0xe9, 0x39, 0x00, 0x80  ; DDF7
    db 0x0e, 0x57, 0x02, 0x22, 0xe9, 0x31, 0x00, 0x80, 0x0e, 0x57, 0x02, 0x22, 0xe9, 0x29, 0x00, 0x80  ; DE07
    db 0x0e, 0x57, 0x02, 0x82, 0xe9, 0x21, 0x00, 0xa0, 0x41, 0x02, 0x2a, 0xe4, 0x3d, 0x03, 0x00, 0x74  ; DE17
    db 0xd6, 0x3d, 0x04, 0x00, 0x74, 0xd1, 0x3d, 0x05, 0x00, 0x74, 0xd4, 0x3d, 0x06, 0x00, 0x74, 0xd7  ; DE27
    db 0x3d, 0x07, 0x00, 0x74, 0xca, 0xe9, 0xd7, 0xff, 0xa0, 0x42, 0x02, 0x24, 0x02, 0x3c, 0x00, 0x74  ; DE37
    db 0x05, 0x80, 0x0e, 0x57, 0x02, 0x20, 0xa0, 0x57, 0x02, 0xa2, 0x58, 0x02, 0x8b, 0xe5, 0x5d, 0xca  ; DE47
    db 0x02, 0x00, 0x55, 0x8b, 0xec, 0x83, 0xec, 0x0e, 0x51, 0xa1, 0xec, 0x1b, 0xd1, 0xf8, 0xd1, 0xf8  ; DE57
    db 0xd1, 0xf8, 0x25, 0xff, 0x03, 0x89, 0x46, 0xf4, 0x25, 0xfe, 0xff, 0x89, 0x46, 0xf4, 0x80, 0x3e  ; DE67
    db 0x82, 0x1b, 0x00, 0x74, 0x0e, 0x89, 0x46, 0xf6, 0xbf, 0x00, 0x04, 0x2b, 0xf8, 0x89, 0x7e, 0xf8  ; DE77
    db 0xe9, 0x0e, 0x00, 0x8b, 0x7e, 0xf4, 0x89, 0x7e, 0xf8, 0xba, 0x00, 0x04, 0x2b, 0xd7, 0x89, 0x56  ; DE87
    db 0xf6, 0x80, 0x3e, 0x70, 0x1b, 0x04, 0x75, 0x17, 0x8b, 0x7e, 0xf8, 0xd1, 0xe7, 0xd1, 0xe7, 0x89  ; DE97
    db 0x7e, 0xf8, 0x8b, 0x56, 0xf6, 0xd1, 0xe2, 0xd1, 0xe2, 0x89, 0x56, 0xf6, 0xe9, 0x0a, 0x00, 0x81  ; DEA7
    db 0x66, 0xf8, 0xfc, 0xff, 0x81, 0x66, 0xf6, 0xfc, 0xff, 0x8b, 0x7e, 0xf8, 0x89, 0x3e, 0x24, 0x00  ; DEB7
    db 0x80, 0x3e, 0x1f, 0x00, 0x00, 0x75, 0x39, 0x8b, 0x56, 0x06, 0xa0, 0x31, 0x02, 0x2a, 0xe4, 0x8b  ; DEC7
    db 0xc8, 0x8b, 0x5e, 0xf8, 0xd3, 0xe3, 0x8b, 0xc3, 0x8b, 0xda, 0x99, 0xf7, 0xfb, 0x05, 0x02, 0x00  ; DED7
    db 0x25, 0xfe, 0xff, 0x89, 0x46, 0xf8, 0xa0, 0x31, 0x02, 0x2a, 0xe4, 0x8b, 0xc8, 0x8b, 0x7e, 0xf6  ; DEE7
    db 0xd3, 0xe7, 0x8b, 0xc7, 0x99, 0xf7, 0xfb, 0x05, 0x02, 0x00, 0x25, 0xfe, 0xff, 0x89, 0x46, 0xf6  ; DEF7
    db 0x8b, 0x7e, 0xf8, 0x89, 0x3e, 0x4a, 0x02, 0x8b, 0x56, 0xf6, 0x89, 0x16, 0x48, 0x02, 0xb9, 0x00  ; DF07
    db 0x10, 0x2b, 0xcf, 0x83, 0xc1, 0xfe, 0x89, 0x0e, 0x60, 0x02, 0xbb, 0xf0, 0x0f, 0x2b, 0x5e, 0xf6  ; DF17
    db 0x89, 0x1e, 0x5e, 0x02, 0x80, 0x3e, 0x1f, 0x00, 0x00, 0x74, 0x09, 0xa0, 0x45, 0x02, 0x2a, 0xe4  ; DF27
    db 0x01, 0x06, 0x5e, 0x02, 0x83, 0x3e, 0x5e, 0x02, 0x06, 0x72, 0x3e, 0x80, 0x3e, 0x1f, 0x00, 0x05  ; DF37
    db 0x74, 0x0e, 0x80, 0x3e, 0x1f, 0x00, 0x06, 0x74, 0x07, 0x80, 0x3e, 0x1f, 0x00, 0x07, 0x75, 0x29  ; DF47
    db 0xa0, 0x20, 0x00, 0x24, 0x10, 0x3c, 0x00, 0x74, 0x09, 0x81, 0x06, 0x5e, 0x02, 0xfa, 0xff, 0xe9  ; DF57
    db 0x06, 0x00, 0x81, 0x06, 0x5e, 0x02, 0xfe, 0xff, 0xc7, 0x46, 0xf2, 0x00, 0x00, 0x2b, 0xff, 0x39  ; DF67
    db 0x3e, 0x5e, 0x02, 0x73, 0x04, 0x89, 0x3e, 0x5e, 0x02, 0x59, 0x8b, 0xe5, 0x5d, 0xca, 0x02, 0x00  ; DF77
    db 0xff, 0x55, 0x8b, 0xec, 0x83, 0xec, 0x0a, 0x9a, 0x74, 0x01, 0x0b, 0xe6, 0x80, 0x26, 0x58, 0x02  ; DF87
    db 0xfd, 0xa0, 0x58, 0x02, 0xc4, 0x3e, 0x36, 0x03, 0x26, 0x88, 0x05, 0xc7, 0x46, 0xf8, 0x00, 0x00  ; DF97
    db 0xa1, 0x66, 0x02, 0x25, 0x01, 0x00, 0x3d, 0x00, 0x00, 0x75, 0x0f, 0xff, 0x46, 0xf8, 0xa0, 0x20  ; DFA7
    db 0x00, 0x24, 0x04, 0x3c, 0x00, 0x74, 0x03, 0xff, 0x46, 0xf8, 0xa1, 0x66, 0x02, 0x25, 0xfe, 0x0f  ; DFB7
    db 0x03, 0x46, 0xf8, 0x89, 0x46, 0xf6, 0x81, 0x66, 0xf6, 0xff, 0x0f, 0xa0, 0x26, 0x02, 0x24, 0x01  ; DFC7
    db 0x3c, 0x00, 0x74, 0x05, 0x81, 0x66, 0xf6, 0xfe, 0xff, 0xc4, 0x7e, 0x06, 0x8b, 0x56, 0xf6, 0x26  ; DFD7
    db 0x89, 0x15, 0x80, 0x0e, 0x26, 0x02, 0x04, 0x80, 0x3e, 0x41, 0x02, 0x06, 0x75, 0x0c, 0xbb, 0x08  ; DFE7
    db 0x00, 0x53, 0x9a, 0x0e, 0x00, 0xa8, 0xe6, 0xe9, 0x19, 0x00, 0x80, 0x3e, 0x41, 0x02, 0x05, 0x74  ; DFF7
    db 0x07, 0x80, 0x3e, 0x41, 0x02, 0x07, 0x75, 0x0b, 0x80, 0x0e, 0x26, 0x02, 0x08, 0x81, 0x26, 0x86  ; E007
    db 0x01, 0xff, 0xfb, 0xe9, 0x71, 0xff, 0x8b, 0xe5, 0x5d, 0xca, 0x04, 0x00, 0x55, 0x8b, 0xec, 0x83  ; E017
    db 0xec, 0x08, 0xa0, 0x59, 0x02, 0xc4, 0x3e, 0x3a, 0x03, 0x26, 0x88, 0x05, 0xa0, 0x56, 0x02, 0xc4  ; E027
    db 0x1e, 0x26, 0x03, 0x26, 0x88, 0x07, 0x9a, 0x1f, 0x00, 0xd1, 0xe5, 0xa0, 0x58, 0x02, 0x24, 0xed  ; E037
    db 0xc4, 0x3e, 0x36, 0x03, 0x26, 0x88, 0x05, 0xa1, 0x5e, 0x02, 0xc4, 0x1e, 0x2e, 0x03, 0x26, 0x89  ; E047
    db 0x07, 0xc4, 0x16, 0x1e, 0x03, 0xa1, 0x60, 0x02, 0x8b, 0xfa, 0x8b, 0xd8, 0x26, 0x8a, 0x11, 0x88  ; E057
    db 0x56, 0xf9, 0xa0, 0x58, 0x02, 0xc4, 0x3e, 0x36, 0x03, 0x26, 0x88, 0x05, 0x9a, 0x18, 0x00, 0xd1  ; E067
    db 0xe5, 0x8b, 0xe5, 0x5d, 0xcb, 0x55, 0x8b, 0xec, 0x83, 0xec, 0x0a, 0xa0, 0x20, 0x00, 0x24, 0x40  ; E077
    db 0x3c, 0x00, 0x75, 0x05, 0x2b, 0xc0, 0xe9, 0x75, 0x00, 0xa0, 0x76, 0x1b, 0x24, 0x97, 0x3c, 0x00  ; E087
    db 0x74, 0x05, 0x2b, 0xc0, 0xe9, 0x67, 0x00, 0xa1, 0x86, 0x01, 0x25, 0x00, 0x04, 0x3d, 0x00, 0x00  ; E097
    db 0x75, 0x05, 0x2b, 0xc0, 0xe9, 0x57, 0x00, 0xc4, 0x3e, 0x22, 0x03, 0x26, 0x8b, 0x15, 0x81, 0xe2  ; E0A7
    db 0xfe, 0x0f, 0x89, 0x56, 0xf8, 0xa1, 0x8c, 0x00, 0x3b, 0xd0, 0x7c, 0x0a, 0x2b, 0x16, 0x8c, 0x00  ; E0B7
    db 0x89, 0x56, 0xf6, 0xe9, 0x0e, 0x00, 0xbf, 0xff, 0x0f, 0x2b, 0x3e, 0x8c, 0x00, 0x03, 0x7e, 0xf8  ; E0C7
    db 0x47, 0x89, 0x7e, 0xf6, 0x81, 0x7e, 0xf6, 0x00, 0x04, 0x7e, 0x21, 0xc4, 0x3e, 0x22, 0x03, 0x26  ; E0D7
    db 0x8b, 0x15, 0x81, 0xe2, 0x00, 0x30, 0x83, 0xfa, 0x00, 0x74, 0x05, 0x2b, 0xc0, 0xe9, 0x0e, 0x00  ; E0E7
    db 0x81, 0x26, 0x86, 0x01, 0xff, 0xfb, 0xb8, 0x01, 0x00, 0xe9, 0x02, 0x00, 0x2b, 0xc0, 0x8b, 0xe5  ; E0F7
    db 0x5d, 0xcb, 0xff, 0x55, 0x8b, 0xec, 0x83, 0xec, 0x0c, 0xc7, 0x46, 0xf6, 0xe3, 0x03, 0x8c, 0x5e  ; E107
    db 0xf8, 0x80, 0x3e, 0x8c, 0x1b, 0x06, 0x73, 0x09, 0xa0, 0x1d, 0x04, 0x88, 0x46, 0xf5, 0xe9, 0x7f  ; E117
    db 0x00, 0x80, 0x3e, 0x8c, 0x1b, 0x08, 0x73, 0x0d, 0xc4, 0x7e, 0xf6, 0x26, 0x8a, 0x55, 0x41, 0x88  ; E127
    db 0x56, 0xf5, 0xe9, 0x6b, 0x00, 0x80, 0x3e, 0x8c, 0x1b, 0x13, 0x73, 0x0d, 0xc4, 0x7e, 0xf6, 0x26  ; E137
    db 0x8a, 0x55, 0x48, 0x88, 0x56, 0xf5, 0xe9, 0x57, 0x00, 0x80, 0x3e, 0x7b, 0x1b, 0x00, 0x74, 0x07  ; E147
    db 0x80, 0x3e, 0x73, 0x1b, 0x00, 0x74, 0x07, 0x80, 0x3e, 0x73, 0x1b, 0x01, 0x75, 0x16, 0xc4, 0x7e  ; E157
    db 0xf6, 0x26, 0x8a, 0x55, 0x58, 0x88, 0x56, 0xf5, 0x80, 0xfa, 0x00, 0x74, 0x04, 0xc6, 0x46, 0xf5  ; E167
    db 0x03, 0xe9, 0x2c, 0x00, 0xc4, 0x7e, 0xf6, 0x26, 0x8a, 0x55, 0x50, 0x88, 0x56, 0xf5, 0xe9, 0x1f  ; E177
    db 0x00, 0xc6, 0x46, 0xf5, 0x00, 0xe9, 0x36, 0x00, 0xc6, 0x46, 0xf5, 0x01, 0xe9, 0x2f, 0x00, 0xc6  ; E187
    db 0x46, 0xf5, 0x02, 0xe9, 0x28, 0x00, 0xc6, 0x46, 0xf5, 0x03, 0xe9, 0x21, 0x00, 0xe9, 0x1e, 0x00  ; E197
    db 0x8a, 0x56, 0xf5, 0x2a, 0xf6, 0x8b, 0xc2, 0x3d, 0x00, 0x00, 0x74, 0xd5, 0x3d, 0x01, 0x00, 0x74  ; E1A7
    db 0xde, 0x3d, 0x02, 0x00, 0x74, 0xe0, 0x3d, 0x03, 0x00, 0x74, 0xcd, 0xe9, 0xdf, 0xff, 0xa0, 0x75  ; E1B7
    db 0x1b, 0x24, 0x08, 0x3c, 0x00, 0x74, 0x08, 0xc6, 0x06, 0x8a, 0x1b, 0x00, 0xe9, 0x07, 0x00, 0x8a  ; E1C7
    db 0x56, 0xf5, 0x88, 0x16, 0x8a, 0x1b, 0x8b, 0xe5, 0x5d, 0xcb, 0x55, 0x8b, 0xec, 0x83, 0xec, 0x0a  ; E1D7
    db 0xc7, 0x46, 0xf6, 0xe3, 0x03, 0x8c, 0x5e, 0xf8, 0xc6, 0x06, 0x8b, 0x1b, 0x00, 0x80, 0x3e, 0xf0  ; E1E7
    db 0x03, 0x00, 0x74, 0x22, 0x80, 0x3e, 0x8a, 0x1b, 0x01, 0x74, 0x07, 0x80, 0x3e, 0x8a, 0x1b, 0x02  ; E1F7
    db 0x75, 0x14, 0x80, 0x3e, 0x40, 0x02, 0x07, 0x75, 0x08, 0xc6, 0x06, 0x8b, 0x1b, 0x03, 0xe9, 0x05  ; E207
    db 0x00, 0xc6, 0x06, 0x8b, 0x1b, 0x02, 0x80, 0x3e, 0x1f, 0x00, 0x06, 0x75, 0x0c, 0x80, 0x3e, 0x8a  ; E217
    db 0x1b, 0x02, 0x75, 0x05, 0xc6, 0x06, 0x8b, 0x1b, 0x00, 0x8b, 0xe5, 0x5d, 0xcb, 0x55, 0x8b, 0xec  ; E227
    db 0x83, 0xec, 0x16, 0x9a, 0x9a, 0x01, 0x23, 0xfe, 0x3d, 0xff, 0xff, 0x75, 0x06, 0xb8, 0xff, 0xff  ; E237
    db 0xe9, 0x7c, 0x01, 0xa1, 0x3c, 0x02, 0x8b, 0x3e, 0x8c, 0x00, 0x3b, 0xc7, 0x7c, 0x0f, 0xa1, 0x8c  ; E247
    db 0x00, 0x8b, 0x3e, 0x3c, 0x02, 0x2b, 0xf8, 0x89, 0x7e, 0xf6, 0xe9, 0x0f, 0x00, 0xbf, 0xff, 0x0f  ; E257
    db 0x2b, 0x3e, 0x8c, 0x00, 0x03, 0x3e, 0x3c, 0x02, 0x47, 0x89, 0x7e, 0xf6, 0xa1, 0x3c, 0x02, 0x05  ; E267
    db 0xfe, 0xff, 0x89, 0x46, 0xf2, 0x81, 0x66, 0xf2, 0xff, 0x0f, 0x8d, 0x7e, 0xf0, 0x16, 0x57, 0x8d  ; E277
    db 0x56, 0xee, 0x16, 0x52, 0xff, 0x76, 0xf6, 0xff, 0x76, 0xf2, 0xff, 0x36, 0x24, 0x00, 0x9a, 0x45  ; E287
    db 0x02, 0x23, 0xfe, 0x83, 0xc4, 0x0c, 0x8d, 0x7e, 0xf8, 0x16, 0x57, 0x8d, 0x56, 0xf4, 0x16, 0x52  ; E297
    db 0xff, 0x76, 0xf6, 0xff, 0x36, 0x8c, 0x00, 0x2b, 0xdb, 0x53, 0x9a, 0x45, 0x02, 0x23, 0xfe, 0x83  ; E2A7
    db 0xc4, 0x0c, 0x8b, 0x7e, 0xf0, 0x89, 0x3e, 0x3c, 0x02, 0x8b, 0x56, 0xf8, 0x89, 0x16, 0x8c, 0x00  ; E2B7
    db 0x80, 0x3e, 0x44, 0x02, 0x05, 0x75, 0x41, 0xc7, 0x46, 0xec, 0x01, 0x00, 0xa0, 0x20, 0x00, 0x24  ; E2C7
    db 0x10, 0x3c, 0x00, 0x75, 0x38, 0x80, 0x3e, 0x1e, 0x00, 0x00, 0x74, 0x07, 0x80, 0x3e, 0x1e, 0x00  ; E2D7
    db 0x06, 0x75, 0x22, 0x81, 0x3e, 0x28, 0x00, 0x00, 0x10, 0x75, 0x08, 0xc7, 0x46, 0xea, 0x01, 0x00  ; E2E7
    db 0xe9, 0x05, 0x00, 0xc7, 0x46, 0xea, 0x04, 0x00, 0x8b, 0x7e, 0xea, 0x39, 0x7e, 0xf4, 0x74, 0x05  ; E2F7
    db 0xc7, 0x46, 0xec, 0x00, 0x00, 0xe9, 0x05, 0x00, 0xc7, 0x46, 0xec, 0x00, 0x00, 0x8b, 0x7e, 0xf4  ; E307
    db 0xa1, 0x36, 0x02, 0x3b, 0xf8, 0x7d, 0x12, 0x8b, 0x56, 0xf8, 0x8b, 0x5e, 0xec, 0x03, 0x16, 0x46  ; E317
    db 0x02, 0x2b, 0xd3, 0x89, 0x56, 0xf8, 0xe9, 0x10, 0x00, 0x8b, 0x7e, 0xec, 0x8b, 0x56, 0xf8, 0x03  ; E327
    db 0x16, 0x46, 0x02, 0x2b, 0xd7, 0x4a, 0x89, 0x56, 0xf8, 0x81, 0x66, 0xf8, 0xff, 0x0f, 0x8b, 0x7e  ; E337
    db 0xf8, 0x89, 0x3e, 0x8e, 0x00, 0xa0, 0x20, 0x00, 0x24, 0x10, 0x3c, 0x00, 0x74, 0x08, 0x8b, 0x56  ; E347
    db 0xf4, 0xd1, 0xfa, 0x89, 0x56, 0xf4, 0x80, 0x3e, 0x1e, 0x00, 0x06, 0x75, 0x08, 0x8b, 0x7e, 0xf4  ; E357
    db 0xd1, 0xe7, 0x89, 0x7e, 0xf4, 0xa0, 0x40, 0x02, 0x24, 0x08, 0x3c, 0x00, 0x74, 0x16, 0xa0, 0x20  ; E367
    db 0x00, 0x24, 0x01, 0x3c, 0x00, 0x74, 0x08, 0x81, 0x4e, 0xf4, 0x01, 0x00, 0xe9, 0x05, 0x00, 0x81  ; E377
    db 0x66, 0xf4, 0xfe, 0xff, 0xa0, 0x20, 0x00, 0x24, 0x01, 0x3c, 0x00, 0x74, 0x0e, 0x8b, 0x7e, 0xf4  ; E387
    db 0x89, 0x3e, 0x80, 0x00, 0x89, 0x3e, 0x6c, 0x00, 0xe9, 0x22, 0x00, 0xa0, 0x40, 0x02, 0x24, 0x08  ; E397
    db 0x3c, 0x00, 0x74, 0x0e, 0x8b, 0x7e, 0xf4, 0x89, 0x3e, 0x80, 0x00, 0x89, 0x3e, 0x6c, 0x00, 0xe9  ; E3A7
    db 0x0b, 0x00, 0x8b, 0x7e, 0xf4, 0x89, 0x3e, 0x8a, 0x00, 0x89, 0x3e, 0x76, 0x00, 0x2b, 0xc0, 0x8b  ; E3B7
    db 0xe5, 0x5d, 0xcb, 0x55, 0x8b, 0xec, 0x83, 0xec, 0x08, 0xa0, 0x5a, 0x02, 0x2a, 0xe4, 0x89, 0x46  ; E3C7
    db 0xf8, 0x25, 0xff, 0x00, 0x89, 0x46, 0xf8, 0xa1, 0x62, 0x02, 0x25, 0x00, 0x40, 0x3d, 0x00, 0x00  ; E3D7
    db 0x74, 0x05, 0x81, 0x4e, 0xf8, 0x00, 0x01, 0x8b, 0x7e, 0xf8, 0x89, 0x3e, 0x18, 0x00, 0xa1, 0x4c  ; E3E7
    db 0x02, 0x05, 0x50, 0x00, 0x3b, 0xf8, 0x7f, 0x0a, 0xa1, 0x4e, 0x02, 0x05, 0xc4, 0xff, 0x3b, 0xf8  ; E3F7
    db 0x7d, 0x06, 0xb8, 0xff, 0xff, 0xe9, 0x62, 0x00, 0x8b, 0x7e, 0xf8, 0xa1, 0x50, 0x02, 0x8b, 0x16  ; E407
    db 0x4c, 0x02, 0x2b, 0xd7, 0x8b, 0xd8, 0x8b, 0xc2, 0xba, 0x64, 0x00, 0xf7, 0xea, 0x99, 0xf7, 0xfb  ; E417
    db 0x05, 0xc8, 0x00, 0xa3, 0x38, 0x02, 0xa1, 0x52, 0x02, 0xd1, 0xe0, 0x8b, 0xf8, 0xb8, 0x64, 0x00  ; E427
    db 0x99, 0xf7, 0x3e, 0x52, 0x02, 0x8b, 0xd0, 0xa1, 0x38, 0x02, 0x8b, 0xda, 0x99, 0xf7, 0xfb, 0x2b  ; E437
    db 0xc7, 0xa3, 0x38, 0x02, 0x80, 0x3e, 0x44, 0x02, 0x05, 0x75, 0x1d, 0xa1, 0x38, 0x02, 0x25, 0x01  ; E447
    db 0x00, 0x3d, 0x00, 0x00, 0x74, 0x0d, 0xc6, 0x06, 0x32, 0x02, 0x01, 0x83, 0x06, 0x38, 0x02, 0x05  ; E457
    db 0xe9, 0x05, 0x00, 0xc6, 0x06, 0x32, 0x02, 0x00, 0x2b, 0xc0, 0x8b, 0xe5, 0x5d, 0xcb, 0x55, 0x8b  ; E467
    db 0xec, 0x83, 0xec, 0x10, 0xc7, 0x46, 0xf8, 0xff, 0xff, 0x80, 0x3e, 0x44, 0x02, 0x05, 0x75, 0x08  ; E477
    db 0xc7, 0x46, 0xf4, 0x02, 0x00, 0xe9, 0x05, 0x00, 0xc7, 0x46, 0xf4, 0x01, 0x00, 0x8b, 0x7e, 0x06  ; E487
    db 0x8b, 0xc7, 0xf7, 0x6e, 0xf4, 0x89, 0x46, 0x06, 0x8b, 0x56, 0x08, 0x2b, 0x56, 0xf4, 0x89, 0x56  ; E497
    db 0xf6, 0xe9, 0x51, 0x00, 0x8b, 0x7e, 0xf4, 0x01, 0x7e, 0xf6, 0x81, 0x66, 0xf6, 0xff, 0x0f, 0x8b  ; E4A7
    db 0x56, 0xf6, 0xa1, 0x8c, 0x00, 0x3b, 0xd0, 0x7c, 0x0a, 0x2b, 0x16, 0x8c, 0x00, 0x89, 0x56, 0xf2  ; E4B7
    db 0xe9, 0x0e, 0x00, 0xbf, 0xff, 0x0f, 0x2b, 0x3e, 0x8c, 0x00, 0x03, 0x7e, 0xf6, 0x47, 0x89, 0x7e  ; E4C7
    db 0xf2, 0x8b, 0x7e, 0x0a, 0x2b, 0x7e, 0xf2, 0x89, 0x7e, 0xf2, 0xa1, 0x52, 0x02, 0xf7, 0xef, 0x03  ; E4D7
    db 0x06, 0x38, 0x02, 0x89, 0x46, 0xf0, 0x8b, 0xd0, 0xa1, 0x24, 0x00, 0x8b, 0xda, 0xf7, 0x6e, 0xf4  ; E4E7
    db 0x2b, 0xc3, 0x89, 0x46, 0xf8, 0x8b, 0x7e, 0xf8, 0x39, 0x7e, 0x06, 0x7f, 0xa7, 0x8b, 0xc7, 0x99  ; E4F7
    db 0xf7, 0x7e, 0xf4, 0xc4, 0x7e, 0x0c, 0x26, 0x89, 0x05, 0x80, 0x3e, 0x44, 0x02, 0x05, 0x75, 0x13  ; E507
    db 0x80, 0x3e, 0x32, 0x02, 0x01, 0x75, 0x0c, 0xc4, 0x5e, 0x10, 0x8b, 0x56, 0xf6, 0x26, 0x89, 0x17  ; E517
    db 0xe9, 0x1d, 0x00, 0x80, 0x3e, 0x44, 0x02, 0x05, 0x75, 0x0d, 0x8b, 0x7e, 0xf6, 0x47, 0xc4, 0x5e  ; E527
    db 0x10, 0x26, 0x89, 0x3f, 0xe9, 0x09, 0x00, 0xc4, 0x7e, 0x10, 0x8b, 0x56, 0xf6, 0x26, 0x89, 0x15  ; E537
    db 0x8b, 0xe5, 0x5d, 0xca, 0x02, 0x00, 0xff, 0x55, 0x8b, 0xec, 0x83, 0xec, 0x22, 0x56, 0xc6, 0x46  ; E547
    db 0xdf, 0x02, 0xc7, 0x46, 0xe8, 0x0a, 0x00, 0x8c, 0x5e, 0xea, 0xc4, 0x3e, 0x80, 0x1c, 0xa1, 0x3e  ; E557
    db 0x02, 0x8b, 0xd0, 0x8b, 0x46, 0x06, 0x8b, 0xda, 0xba, 0x0a, 0x00, 0xf7, 0xea, 0x8b, 0xf0, 0x03  ; E567
    db 0x9c, 0x6c, 0x00, 0x8b, 0x56, 0x08, 0xd1, 0xe2, 0xd1, 0xe2, 0x8b, 0xf2, 0x03, 0x9c, 0x3c, 0x00  ; E577
    db 0x8b, 0xd7, 0x03, 0xd3, 0x89, 0x16, 0x0a, 0x00, 0x8c, 0x06, 0x0c, 0x00, 0xc4, 0x56, 0x0c, 0xa1  ; E587
    db 0x8c, 0x00, 0x03, 0x46, 0x0a, 0x8b, 0xfa, 0x03, 0xf8, 0x89, 0x7e, 0xe4, 0x8c, 0x46, 0xe6, 0xc4  ; E597
    db 0x7e, 0xe4, 0xc4, 0x56, 0x0c, 0x8b, 0xc2, 0x05, 0xff, 0x0f, 0x3b, 0xf8, 0x76, 0x0d, 0xc4, 0x7e  ; E5A7
    db 0xe4, 0x8d, 0x95, 0x00, 0xf0, 0x89, 0x56, 0xe4, 0x8c, 0x46, 0xe6, 0xc4, 0x7e, 0xe4, 0x89, 0x7e  ; E5B7
    db 0xf0, 0x8c, 0x46, 0xf2, 0xa1, 0x8e, 0x00, 0x89, 0x46, 0xe2, 0xc6, 0x06, 0x16, 0x00, 0x00, 0xc7  ; E5C7
    db 0x06, 0x16, 0x03, 0x00, 0x00, 0xe9, 0x5b, 0x01, 0x80, 0x46, 0xdf, 0xff, 0x8b, 0x7e, 0x0c, 0x03  ; E5D7
    db 0x7e, 0xe2, 0x8b, 0x76, 0xf0, 0x3b, 0xfe, 0x72, 0x15, 0xc4, 0x76, 0x0c, 0x8b, 0xd6, 0x03, 0x56  ; E5E7
    db 0xe2, 0x89, 0x56, 0xec, 0x8c, 0x46, 0xee, 0xc6, 0x46, 0xdf, 0x00, 0xe9, 0x0d, 0x00, 0xc4, 0x7e  ; E5F7
    db 0x0c, 0x8d, 0xb5, 0xff, 0x0f, 0x89, 0x76, 0xec, 0x8c, 0x46, 0xee, 0xc4, 0x7e, 0xf0, 0x89, 0x3e  ; E607
    db 0x0e, 0x00, 0x8c, 0x06, 0x10, 0x00, 0xc4, 0x76, 0xec, 0x89, 0x36, 0x12, 0x00, 0x8c, 0x06, 0x14  ; E617
    db 0x00, 0xfe, 0x06, 0x16, 0x00, 0xa0, 0x2e, 0x02, 0x88, 0x46, 0xf5, 0xa0, 0x1e, 0x00, 0x2a, 0xe4  ; E627
    db 0xd1, 0xe0, 0xd1, 0xe0, 0xc4, 0x1e, 0xb4, 0x1c, 0x8b, 0xf8, 0x26, 0xc4, 0x11, 0x89, 0x56, 0xf6  ; E637
    db 0x8c, 0x46, 0xf8, 0xe9, 0x48, 0x00, 0xc7, 0x46, 0xf6, 0x00, 0x00, 0xc7, 0x46, 0xf8, 0x00, 0x00  ; E647
    db 0xc4, 0x7e, 0xe8, 0x06, 0x57, 0xc4, 0x76, 0xec, 0x06, 0x56, 0xc4, 0x56, 0xf0, 0x06, 0x52, 0x9a  ; E657
    db 0x01, 0x00, 0x5d, 0xfc, 0x83, 0xc4, 0x08, 0x89, 0x5e, 0xe4, 0x8c, 0x46, 0xe6, 0xe9, 0x3a, 0x00  ; E667
    db 0xa0, 0x27, 0x02, 0x88, 0x46, 0xf5, 0xe9, 0x31, 0x00, 0xa0, 0x27, 0x02, 0x88, 0x46, 0xf5, 0xe9  ; E677
    db 0x28, 0x00, 0x8a, 0x56, 0x10, 0x88, 0x56, 0xf5, 0xe9, 0x1f, 0x00, 0xe9, 0x1c, 0x00, 0xa0, 0x1e  ; E687
    db 0x00, 0x2a, 0xe4, 0x3d, 0x06, 0x00, 0x74, 0xe1, 0x3d, 0x07, 0x00, 0x74, 0xd3, 0x3d, 0x09, 0x00  ; E697
    db 0x74, 0xe0, 0x3d, 0x0a, 0x00, 0x74, 0x9f, 0xe9, 0xe1, 0xff, 0x8b, 0x7e, 0xf6, 0x0b, 0x7e, 0xf8  ; E6A7
    db 0x74, 0x34, 0xff, 0x76, 0xe0, 0xa0, 0x2e, 0x02, 0x2a, 0xe4, 0x50, 0x8a, 0x56, 0xf5, 0x2a, 0xf6  ; E6B7
    db 0x52, 0xc4, 0x7e, 0xe8, 0x06, 0x57, 0xff, 0x36, 0x3a, 0x02, 0xa0, 0x2a, 0x02, 0x2a, 0xe4, 0x50  ; E6C7
    db 0xc4, 0x76, 0xec, 0x06, 0x56, 0xc4, 0x5e, 0xf0, 0x06, 0x53, 0xff, 0x5e, 0xf6, 0x83, 0xc4, 0x12  ; E6D7
    db 0x89, 0x5e, 0xe4, 0x8c, 0x46, 0xe6, 0x80, 0x3e, 0x44, 0x02, 0x05, 0x74, 0x07, 0x80, 0x3e, 0x44  ; E6E7
    db 0x02, 0x04, 0x75, 0x07, 0xd1, 0x26, 0x16, 0x03, 0xe9, 0x06, 0x00, 0xc7, 0x06, 0x16, 0x03, 0x00  ; E6F7
    db 0x00, 0xc4, 0x7e, 0xe4, 0xc4, 0x76, 0x0c, 0x8d, 0x94, 0xff, 0x0f, 0x3b, 0xfa, 0x76, 0x0d, 0xc4  ; E707
    db 0x7e, 0xe4, 0x8d, 0x9d, 0x00, 0xf0, 0x89, 0x5e, 0xe4, 0x8c, 0x46, 0xe6, 0xc4, 0x7e, 0xe4, 0x89  ; E717
    db 0x7e, 0xf0, 0x8c, 0x46, 0xf2, 0x8b, 0x76, 0x0c, 0x03, 0x76, 0xe2, 0x3b, 0xf7, 0x73, 0x04, 0xc6  ; E727
    db 0x46, 0xdf, 0x00, 0x80, 0x7e, 0xdf, 0x00, 0x74, 0x03, 0xe9, 0x9c, 0xfe, 0x5e, 0x8b, 0xe5, 0x5d  ; E737
    db 0xca, 0x02, 0x00, 0x55, 0x8b, 0xec, 0x83, 0xec, 0x0a, 0xc4, 0x3e, 0x26, 0x03, 0x26, 0xc6, 0x05  ; E747
    db 0x19, 0xc4, 0x1e, 0x36, 0x03, 0x26, 0xc6, 0x07, 0x00, 0xc4, 0x3e, 0x2e, 0x03, 0x26, 0xc7, 0x05  ; E757
    db 0x00, 0x00, 0xc4, 0x3e, 0x1e, 0x03, 0x26, 0x8a, 0x95, 0xe0, 0x0f, 0x88, 0x56, 0xf7, 0xc4, 0x3e  ; E767
    db 0x2a, 0x03, 0x26, 0xc6, 0x05, 0x00, 0xc6, 0x06, 0x58, 0x02, 0x0e, 0xa0, 0x58, 0x02, 0xc4, 0x1e  ; E777
    db 0x36, 0x03, 0x26, 0x88, 0x07, 0xc6, 0x06, 0x58, 0x02, 0x1e, 0xa0, 0x58, 0x02, 0xc4, 0x3e, 0x36  ; E787
    db 0x03, 0x26, 0x88, 0x05, 0x81, 0x0e, 0x62, 0x02, 0x00, 0x80, 0xe9, 0x0b, 0x00, 0xc4, 0x3e, 0x22  ; E797
    db 0x03, 0x26, 0x8b, 0x15, 0x89, 0x16, 0x62, 0x02, 0xa1, 0x62, 0x02, 0x25, 0x00, 0x80, 0x3d, 0x00  ; E7A7
    db 0x00, 0x75, 0xea, 0x80, 0x26, 0x58, 0x02, 0xef, 0xa0, 0x58, 0x02, 0xc4, 0x3e, 0x36, 0x03, 0x26  ; E7B7
    db 0x88, 0x05, 0xa1, 0x62, 0x02, 0x25, 0xfe, 0x0f, 0x89, 0x46, 0xf8, 0xc4, 0x16, 0x1e, 0x03, 0x8b  ; E7C7
    db 0xd8, 0x8b, 0xda, 0x03, 0xd8, 0x8b, 0xe5, 0x5d, 0xcb, 0x55, 0x8b, 0xec, 0x83, 0xec, 0x06, 0x81  ; E7D7
    db 0x0e, 0x86, 0x01, 0x08, 0x00, 0xa0, 0x41, 0x02, 0x2a, 0xe4, 0x50, 0x9a, 0x02, 0x00, 0x81, 0xf9  ; E7E7
    db 0x9a, 0x08, 0x00, 0x70, 0xf6, 0x81, 0x26, 0x86, 0x01, 0xf7, 0xff, 0x8b, 0xe5, 0x5d, 0xcb, 0x55  ; E7F7
    db 0x8b, 0xec, 0x83, 0xec, 0x08, 0xa1, 0x62, 0x02, 0x25, 0x01, 0x00, 0x3d, 0x00, 0x00, 0x74, 0x05  ; E807
    db 0x80, 0x0e, 0x20, 0x00, 0x20, 0xa0, 0x26, 0x02, 0x24, 0x01, 0x3c, 0x00, 0x74, 0x06, 0x81, 0x0e  ; E817
    db 0x62, 0x02, 0x01, 0x00, 0xa1, 0x62, 0x02, 0x25, 0xfe, 0x0f, 0x89, 0x46, 0xf8, 0x48, 0x25, 0xff  ; E827
    db 0x0f, 0x8b, 0xe5, 0x5d, 0xcb, 0x55, 0x8b, 0xec, 0x83, 0xec, 0x0c, 0x51, 0xa1, 0x94, 0x01, 0x89  ; E837
    db 0x46, 0xf4, 0xa1, 0x62, 0x02, 0x25, 0x00, 0x10, 0x3d, 0x00, 0x00, 0x74, 0x75, 0xc7, 0x46, 0xf6  ; E847
    db 0x01, 0x00, 0xa1, 0x5e, 0x02, 0x8b, 0x3e, 0x5c, 0x02, 0x81, 0xe7, 0xff, 0x0f, 0x2b, 0xf8, 0x89  ; E857
    db 0x7e, 0xf8, 0xa0, 0x6e, 0x01, 0x2a, 0xe4, 0x8b, 0xc8, 0xd3, 0x66, 0xf8, 0xa0, 0x6f, 0x01, 0x2a  ; E867
    db 0xe4, 0x8b, 0xc8, 0xd3, 0x7e, 0xf8, 0x80, 0x3e, 0x44, 0x02, 0x05, 0x75, 0x03, 0xd1, 0x7e, 0xf8  ; E877
    db 0xc4, 0x3e, 0xac, 0x1c, 0xa0, 0x44, 0x02, 0x2a, 0xe4, 0xba, 0x0a, 0x00, 0xf7, 0xea, 0x8b, 0x56  ; E887
    db 0xf8, 0x8b, 0xc8, 0x8b, 0xc2, 0x8b, 0xd9, 0x26, 0xf7, 0x69, 0x04, 0x89, 0x46, 0xf8, 0xa1, 0x90  ; E897
    db 0x01, 0x01, 0x46, 0xf8, 0x83, 0x7e, 0xf8, 0x00, 0x7c, 0x08, 0x8b, 0x56, 0xf4, 0x39, 0x56, 0xf8  ; E8A7
    db 0x7e, 0x25, 0xc7, 0x46, 0xf6, 0x00, 0x00, 0xc7, 0x46, 0xf8, 0x00, 0x00, 0xbf, 0x09, 0x00, 0x57  ; E8B7
    db 0xeb, 0x03, 0xe9, 0x08, 0x00, 0x9a, 0x03, 0x00, 0xcc, 0xfb, 0xe9, 0x0a, 0x00, 0xc7, 0x46, 0xf6  ; E8C7
    db 0x00, 0x00, 0xc7, 0x46, 0xf8, 0x00, 0x00, 0x80, 0x3e, 0x1f, 0x00, 0x05, 0x75, 0x3e, 0xa0, 0x20  ; E8D7
    db 0x00, 0x24, 0x01, 0x3c, 0x00, 0x74, 0x14, 0xff, 0x76, 0xf4, 0xff, 0x76, 0xf8, 0xff, 0x76, 0xf6  ; E8E7
    db 0x2b, 0xff, 0x57, 0x9a, 0x80, 0x01, 0x02, 0xfa, 0x83, 0xc4, 0x06, 0xa0, 0x20, 0x00, 0x24, 0x02  ; E8F7
    db 0x3c, 0x00, 0x74, 0x53, 0xff, 0x76, 0xf4, 0xff, 0x76, 0xf8, 0xff, 0x76, 0xf6, 0xbf, 0x01, 0x00  ; E907
    db 0x57, 0x9a, 0x80, 0x01, 0x02, 0xfa, 0x83, 0xc4, 0x06, 0xe9, 0x3b, 0x00, 0xa0, 0x20, 0x00, 0x24  ; E917
    db 0x01, 0x3c, 0x00, 0x74, 0x14, 0xff, 0x76, 0xf4, 0xff, 0x76, 0xf8, 0xff, 0x76, 0xf6, 0x2b, 0xff  ; E927
    db 0x57, 0x9a, 0x83, 0x01, 0x7e, 0xfe, 0x83, 0xc4, 0x06, 0xa0, 0x20, 0x00, 0x24, 0x02, 0x3c, 0x00  ; E937
    db 0x74, 0x15, 0xff, 0x76, 0xf4, 0xff, 0x76, 0xf8, 0xff, 0x76, 0xf6, 0xbf, 0x01, 0x00, 0x57, 0x9a  ; E947
    db 0x83, 0x01, 0x7e, 0xfe, 0x83, 0xc4, 0x06, 0x59, 0x8b, 0xe5, 0x5d, 0xcb, 0x55, 0x8b, 0xec, 0x83  ; E957
    db 0xec, 0x0a, 0x8b, 0x46, 0x06, 0xba, 0x06, 0x00, 0xf7, 0xea, 0xbf, 0x7a, 0x01, 0x03, 0xf8, 0x89  ; E967
    db 0x7e, 0xf6, 0x8c, 0x5e, 0xf8, 0x83, 0x7e, 0x08, 0x00, 0x74, 0x2b, 0xc4, 0x5e, 0xf6, 0x26, 0x80  ; E977
    db 0x0f, 0x01, 0xc4, 0x7e, 0xf6, 0x26, 0x80, 0x0d, 0x02, 0xc4, 0x7e, 0xf6, 0x26, 0x8b, 0x55, 0x04  ; E987
    db 0x26, 0x89, 0x55, 0x02, 0x8b, 0x5e, 0x0a, 0xc4, 0x7e, 0xf6, 0x26, 0x89, 0x5d, 0x04, 0x26, 0xc6  ; E997
    db 0x45, 0x01, 0x03, 0xe9, 0x38, 0x00, 0xc4, 0x7e, 0xf6, 0x26, 0x8a, 0x15, 0x80, 0xe2, 0x01, 0x80  ; E9A7
    db 0xfa, 0x00, 0x74, 0x23, 0x26, 0x80, 0x25, 0xfe, 0xc4, 0x5e, 0xf6, 0x26, 0x80, 0x0f, 0x02, 0xc4  ; E9B7
    db 0x56, 0xf6, 0x8b, 0xfa, 0x26, 0x8b, 0x45, 0x04, 0x26, 0x89, 0x45, 0x02, 0xc4, 0x5e, 0xf6, 0x26  ; E9C7
    db 0xc6, 0x47, 0x01, 0x01, 0xe9, 0x07, 0x00, 0xc4, 0x7e, 0xf6, 0x26, 0x80, 0x25, 0xfd, 0xc4, 0x7e  ; E9D7
    db 0xf6, 0x26, 0x8a, 0x15, 0x80, 0xe2, 0x02, 0x80, 0xfa, 0x00, 0x74, 0x35, 0x26, 0x8a, 0x55, 0x01  ; E9E7
    db 0x2a, 0xf6, 0x52, 0xff, 0x76, 0x0c, 0xff, 0x36, 0x70, 0x01, 0x26, 0xff, 0x75, 0x04, 0x26, 0xff  ; E9F7
    db 0x75, 0x02, 0xc4, 0x1e, 0x36, 0x00, 0x8b, 0x56, 0x06, 0xd1, 0xe2, 0xd1, 0xe2, 0x8b, 0xfa, 0x8b  ; EA07
    db 0x85, 0x3c, 0x00, 0x8b, 0xd3, 0x03, 0xd0, 0x06, 0x52, 0x9a, 0x0a, 0x00, 0x02, 0xfa, 0x83, 0xc4  ; EA17
    db 0x0a, 0x8b, 0xe5, 0x5d, 0xca, 0x02, 0x00, 0x55, 0x8b, 0xec, 0x83, 0xec, 0x0c, 0x8a, 0x56, 0x08  ; EA27
    db 0xc4, 0x3e, 0x26, 0x03, 0x26, 0x88, 0x15, 0xc6, 0x06, 0x58, 0x02, 0x00, 0xa0, 0x58, 0x02, 0xc4  ; EA37
    db 0x1e, 0x36, 0x03, 0x26, 0x88, 0x07, 0xc4, 0x3e, 0x2e, 0x03, 0x26, 0xc7, 0x05, 0xe0, 0x0c, 0xc4  ; EA47
    db 0x3e, 0x1e, 0x03, 0x26, 0x8a, 0x95, 0xff, 0x07, 0x88, 0x56, 0xf9, 0x8a, 0x5e, 0x06, 0x88, 0x1e  ; EA57
    db 0x58, 0x02, 0xa0, 0x58, 0x02, 0xc4, 0x1e, 0x36, 0x03, 0x26, 0x88, 0x07, 0x80, 0x0e, 0x58, 0x02  ; EA67
    db 0x10, 0xa0, 0x58, 0x02, 0xc4, 0x3e, 0x36, 0x03, 0x26, 0x88, 0x05, 0x9a, 0x74, 0x01, 0x0b, 0xe6  ; EA77
    db 0xc6, 0x46, 0xf8, 0x00, 0xc6, 0x46, 0xf7, 0xff, 0xe9, 0x18, 0x00, 0xc4, 0x3e, 0x2a, 0x03, 0x26  ; EA87
    db 0x8a, 0x15, 0x88, 0x56, 0xf8, 0xc6, 0x46, 0xf9, 0x00, 0xc4, 0x1e, 0x2a, 0x03, 0x26, 0x8a, 0x07  ; EA97
    db 0x88, 0x46, 0xf7, 0x8a, 0x56, 0xf7, 0x38, 0x56, 0xf8, 0x75, 0xe0, 0xc4, 0x3e, 0x22, 0x03, 0x26  ; EAA7
    db 0x8b, 0x1d, 0x81, 0xe3, 0x00, 0x20, 0x83, 0xfb, 0x00, 0x74, 0xd0, 0xc4, 0x1e, 0x2a, 0x03, 0x26  ; EAB7
    db 0x8a, 0x17, 0x2a, 0xf6, 0x81, 0xe2, 0xff, 0x00, 0x89, 0x56, 0xf4, 0xc4, 0x3e, 0x22, 0x03, 0x26  ; EAC7
    db 0x8b, 0x05, 0x25, 0x00, 0x40, 0x3d, 0x00, 0x00, 0x74, 0x05, 0x81, 0x4e, 0xf4, 0x00, 0x01, 0x8b  ; EAD7
    db 0x46, 0xf4, 0x8b, 0xe5, 0x5d, 0xca, 0x02, 0x00, 0x55, 0x8b, 0xec, 0x83, 0xec, 0x06, 0xbf, 0x99  ; EAE7
    db 0x00, 0x57, 0xba, 0x8f, 0x00, 0x52, 0x9a, 0x0e, 0x00, 0xa2, 0xfe, 0x83, 0xc4, 0x02, 0xa3, 0x4c  ; EAF7
    db 0x02, 0xbf, 0x89, 0x00, 0x57, 0xbf, 0x8e, 0x00, 0x57, 0x9a, 0x0e, 0x00, 0xa2, 0xfe, 0x83, 0xc4  ; EB07
    db 0x02, 0xa3, 0x4e, 0x02, 0xc6, 0x06, 0x58, 0x02, 0x00, 0xa0, 0x58, 0x02, 0xc4, 0x3e, 0x36, 0x03  ; EB17
    db 0x26, 0x88, 0x05, 0xa1, 0x4e, 0x02, 0x8b, 0x16, 0x4c, 0x02, 0x2b, 0xd0, 0x89, 0x16, 0x50, 0x02  ; EB27
    db 0x83, 0x06, 0x50, 0x02, 0xfe, 0x8b, 0xe5, 0x5d, 0xcb, 0x55, 0x8b, 0xec, 0x83, 0xec, 0x14, 0x56  ; EB37
    db 0xc7, 0x46, 0xec, 0x02, 0x00, 0xe9, 0xbb, 0x01, 0xff, 0x4e, 0xec, 0x8b, 0x7e, 0x0a, 0xc4, 0x16  ; EB47
    db 0x1e, 0x03, 0x03, 0xd7, 0x8c, 0xc0, 0xc4, 0x5e, 0x06, 0x8d, 0x7f, 0xff, 0x3b, 0xd7, 0x75, 0x13  ; EB57
    db 0x8c, 0xc2, 0x3b, 0xc2, 0x75, 0x0d, 0xc4, 0x7e, 0x0c, 0x26, 0x89, 0x1d, 0x26, 0x89, 0x55, 0x02  ; EB67
    db 0xe9, 0x46, 0x01, 0xa1, 0x1e, 0x03, 0x03, 0x46, 0x0a, 0x8b, 0x7e, 0x06, 0x3b, 0xc7, 0x72, 0x17  ; EB77
    db 0xc4, 0x3e, 0x1e, 0x03, 0x8b, 0xd7, 0x03, 0x56, 0x0a, 0x89, 0x56, 0xf6, 0x8c, 0x46, 0xf8, 0xc7  ; EB87
    db 0x46, 0xec, 0x00, 0x00, 0xe9, 0x0e, 0x00, 0xc4, 0x3e, 0x1e, 0x03, 0x8d, 0x95, 0xff, 0x0f, 0x89  ; EB97
    db 0x56, 0xf6, 0x8c, 0x46, 0xf8, 0xc4, 0x7e, 0x06, 0x89, 0x3e, 0x0e, 0x00, 0x8c, 0x06, 0x10, 0x00  ; EBA7
    db 0xc4, 0x56, 0xf6, 0x89, 0x16, 0x12, 0x00, 0x8c, 0x06, 0x14, 0x00, 0x9a, 0x0e, 0x01, 0xb3, 0xfd  ; EBB7
    db 0x9a, 0x74, 0x01, 0x0b, 0xe6, 0xc4, 0x3e, 0x22, 0x03, 0x26, 0x8b, 0x15, 0x81, 0xe2, 0xfe, 0x0f  ; EBC7
    db 0x89, 0x56, 0xee, 0xa0, 0x1e, 0x00, 0x2a, 0xe4, 0xd1, 0xe0, 0xd1, 0xe0, 0xc4, 0x1e, 0xb4, 0x1c  ; EBD7
    db 0x8b, 0xf8, 0x26, 0xc4, 0x11, 0x89, 0x56, 0xf0, 0x8c, 0x46, 0xf2, 0xe9, 0x73, 0x00, 0xa0, 0x27  ; EBE7
    db 0x02, 0x2a, 0xe4, 0x50, 0x1e, 0xbf, 0x0a, 0x00, 0x57, 0xff, 0x36, 0x3a, 0x02, 0xa0, 0x2a, 0x02  ; EBF7
    db 0x2a, 0xe4, 0x50, 0xc4, 0x56, 0xf6, 0x06, 0x52, 0xc4, 0x5e, 0x06, 0x06, 0x53, 0x9a, 0x08, 0x00  ; EC07
    db 0x4d, 0xfc, 0x83, 0xc4, 0x0e, 0x8c, 0xc2, 0xc4, 0x7e, 0x0c, 0x26, 0x89, 0x1d, 0x26, 0x89, 0x55  ; EC17
    db 0x02, 0xc7, 0x46, 0xf0, 0x00, 0x00, 0xc7, 0x46, 0xf2, 0x00, 0x00, 0xe9, 0x45, 0x00, 0x1e, 0xbf  ; EC27
    db 0x0a, 0x00, 0x57, 0xc4, 0x56, 0xf6, 0x06, 0x52, 0xc4, 0x5e, 0x06, 0x06, 0x53, 0x9a, 0x01, 0x00  ; EC37
    db 0x5d, 0xfc, 0x83, 0xc4, 0x08, 0x8c, 0xc2, 0xc4, 0x7e, 0x0c, 0x26, 0x89, 0x1d, 0x26, 0x89, 0x55  ; EC47
    db 0x02, 0xc7, 0x46, 0xf0, 0x00, 0x00, 0xc7, 0x46, 0xf2, 0x00, 0x00, 0xe9, 0x15, 0x00, 0xe9, 0x12  ; EC57
    db 0x00, 0xa0, 0x1e, 0x00, 0x2a, 0xe4, 0x3d, 0x07, 0x00, 0x74, 0x83, 0x3d, 0x0a, 0x00, 0x74, 0xbe  ; EC67
    db 0xe9, 0xeb, 0xff, 0x8b, 0x7e, 0xf0, 0x0b, 0x7e, 0xf2, 0x74, 0x31, 0xa0, 0x2e, 0x02, 0x2a, 0xe4  ; EC77
    db 0x50, 0x1e, 0xbf, 0x0a, 0x00, 0x57, 0xff, 0x36, 0x3a, 0x02, 0xa0, 0x2a, 0x02, 0x2a, 0xe4, 0x50  ; EC87
    db 0xc4, 0x56, 0xf6, 0x06, 0x52, 0xc4, 0x5e, 0x06, 0x06, 0x53, 0xff, 0x5e, 0xf0, 0x83, 0xc4, 0x0e  ; EC97
    db 0x8c, 0xc2, 0xc4, 0x7e, 0x0c, 0x26, 0x89, 0x1d, 0x26, 0x89, 0x55, 0x02, 0xc4, 0x3e, 0x1e, 0x03  ; ECA7
    db 0x8b, 0x5e, 0xee, 0x26, 0x8a, 0x11, 0x88, 0x56, 0xf5, 0xc6, 0x06, 0x0d, 0x03, 0x1e, 0xc4, 0x7e  ; ECB7
    db 0x0c, 0x26, 0xc4, 0x15, 0xc4, 0x1e, 0x1e, 0x03, 0x8d, 0x87, 0xff, 0x0f, 0x3b, 0xd0, 0x76, 0x18  ; ECC7
    db 0xc4, 0x7e, 0x0c, 0x8c, 0xc3, 0x26, 0xc4, 0x15, 0x8b, 0xc2, 0x05, 0x00, 0xf0, 0x8c, 0xc6, 0x8e  ; ECD7
    db 0xc3, 0x26, 0x89, 0x05, 0x26, 0x89, 0x75, 0x02, 0xc4, 0x7e, 0x0c, 0x26, 0xc4, 0x35, 0x89, 0x76  ; ECE7
    db 0x06, 0x8c, 0x46, 0x08, 0xa1, 0x1e, 0x03, 0x03, 0x46, 0x0a, 0x3b, 0xc6, 0x73, 0x05, 0xc7, 0x46  ; ECF7
    db 0xec, 0x00, 0x00, 0x83, 0x7e, 0xec, 0x00, 0x74, 0x03, 0xe9, 0x3c, 0xfe, 0xc4, 0x5e, 0x06, 0x5e  ; ED07
    db 0x8b, 0xe5, 0x5d, 0xca, 0x04, 0x00, 0x55, 0x8b, 0xec, 0x83, 0xec, 0x1c, 0xc6, 0x06, 0x0d, 0x03  ; ED17
    db 0x10, 0x9a, 0x11, 0x00, 0xd1, 0xe5, 0xa0, 0x76, 0x1b, 0x24, 0xdf, 0x3c, 0x00, 0x74, 0x0e, 0x81  ; ED27
    db 0x0e, 0x22, 0x00, 0x80, 0x00, 0x9a, 0x05, 0x00, 0xd1, 0xe5, 0xe9, 0x0c, 0x02, 0xc6, 0x06, 0x0d  ; ED37
    db 0x03, 0x10, 0xc6, 0x06, 0x0c, 0x03, 0x03, 0x9a, 0x74, 0x01, 0x0b, 0xe6, 0xa0, 0x76, 0x1b, 0x24  ; ED47
    db 0xdf, 0x3c, 0x00, 0x74, 0x0e, 0x81, 0x0e, 0x22, 0x00, 0x80, 0x00, 0x9a, 0x05, 0x00, 0xd1, 0xe5  ; ED57
    db 0xe9, 0xe6, 0x01, 0xa1, 0x22, 0x00, 0x25, 0x00, 0x04, 0x3d, 0x00, 0x00, 0x74, 0xb8, 0x83, 0x3e  ; ED67
    db 0x3a, 0x00, 0x00, 0x75, 0xb1, 0xc6, 0x06, 0x0c, 0x03, 0x04, 0xa0, 0x26, 0x02, 0x24, 0x20, 0x3c  ; ED77
    db 0x00, 0x74, 0x39, 0xa0, 0x26, 0x02, 0x24, 0x40, 0x3c, 0x00, 0x75, 0x30, 0xa0, 0x20, 0x00, 0x24  ; ED87
    db 0x01, 0x3c, 0x00, 0x74, 0x0f, 0x83, 0x3e, 0x6c, 0x00, 0x00, 0x75, 0x08, 0xc6, 0x06, 0x19, 0x03  ; ED97
    db 0x01, 0xe9, 0xa5, 0x01, 0xa0, 0x20, 0x00, 0x24, 0x02, 0x3c, 0x00, 0x74, 0x0f, 0x83, 0x3e, 0x76  ; EDA7
    db 0x00, 0x00, 0x75, 0x08, 0xc6, 0x06, 0x19, 0x03, 0x01, 0xe9, 0x8d, 0x01, 0xc6, 0x06, 0x0c, 0x03  ; EDB7
    db 0x05, 0xa1, 0x8e, 0x00, 0x48, 0x25, 0xff, 0x0f, 0x89, 0x46, 0xe4, 0xa0, 0x20, 0x00, 0x24, 0x01  ; EDC7
    db 0x3c, 0x00, 0x74, 0x3d, 0xc4, 0x3e, 0x1e, 0x03, 0xa1, 0x8c, 0x00, 0x8a, 0x16, 0x2b, 0x02, 0x2a  ; EDD7
    db 0xf6, 0x03, 0xc2, 0x8b, 0xdf, 0x03, 0xd8, 0x89, 0x5e, 0xf2, 0x8c, 0x46, 0xf4, 0x80, 0x3e, 0x8b  ; EDE7
    db 0x1b, 0x00, 0x74, 0x0d, 0xc4, 0x16, 0x0e, 0x03, 0x89, 0x56, 0xee, 0x8c, 0x46, 0xf0, 0xe9, 0x10  ; EDF7
    db 0x00, 0xc4, 0x3e, 0x80, 0x1c, 0x8b, 0xd7, 0x03, 0x16, 0x6c, 0x00, 0x89, 0x56, 0xee, 0x8c, 0x46  ; EE07
    db 0xf0, 0xa0, 0x20, 0x00, 0x24, 0x02, 0x3c, 0x00, 0x74, 0x42, 0xc4, 0x3e, 0x1e, 0x03, 0xa1, 0x8c  ; EE17
    db 0x00, 0x8a, 0x16, 0x2c, 0x02, 0x2a, 0xf6, 0x03, 0xc2, 0x8b, 0xdf, 0x03, 0xd8, 0x89, 0x5e, 0xea  ; EE27
    db 0x8c, 0x46, 0xec, 0x80, 0x3e, 0x8b, 0x1b, 0x00, 0x74, 0x0d, 0xc4, 0x16, 0x12, 0x03, 0x89, 0x56  ; EE37
    db 0xe6, 0x8c, 0x46, 0xe8, 0xe9, 0x15, 0x00, 0xc4, 0x3e, 0x80, 0x1c, 0xa1, 0x76, 0x00, 0x03, 0x06  ; EE47
    db 0x40, 0x00, 0x8b, 0xd7, 0x03, 0xd0, 0x89, 0x56, 0xe6, 0x8c, 0x46, 0xe8, 0xa1, 0x2c, 0x00, 0xa3  ; EE57
    db 0x3a, 0x00, 0x80, 0x3e, 0x8b, 0x1b, 0x00, 0x74, 0x1b, 0xa1, 0x22, 0x00, 0x25, 0x02, 0x00, 0x3d  ; EE67
    db 0x00, 0x00, 0x74, 0x10, 0x81, 0x26, 0x22, 0x00, 0xfd, 0xff, 0x83, 0x06, 0x3a, 0x00, 0xfc, 0x80  ; EE77
    db 0x0e, 0x26, 0x02, 0x40, 0xc6, 0x06, 0x0d, 0x03, 0x11, 0xc6, 0x06, 0x0c, 0x03, 0x06, 0xa0, 0x20  ; EE87
    db 0x00, 0x24, 0x01, 0x3c, 0x00, 0x74, 0x3d, 0xc4, 0x7e, 0xee, 0x89, 0x3e, 0x0a, 0x00, 0x8c, 0x06  ; EE97
    db 0x0c, 0x00, 0xa0, 0x76, 0x1b, 0x24, 0xdf, 0x3c, 0x00, 0x74, 0x0e, 0x81, 0x0e, 0x22, 0x00, 0x80  ; EEA7
    db 0x00, 0x9a, 0x05, 0x00, 0xd1, 0xe5, 0xe9, 0x90, 0x00, 0x8d, 0x7e, 0xf6, 0x16, 0x57, 0xff, 0x76  ; EEB7
    db 0xe4, 0xc4, 0x56, 0xf2, 0x06, 0x52, 0x9a, 0x00, 0x00, 0xb4, 0xfe, 0x83, 0xc4, 0x06, 0x89, 0x5e  ; EEC7
    db 0xf2, 0x8c, 0x46, 0xf4, 0xa0, 0x20, 0x00, 0x24, 0x02, 0x3c, 0x00, 0x74, 0x3d, 0xc4, 0x7e, 0xe6  ; EED7
    db 0x89, 0x3e, 0x0a, 0x00, 0x8c, 0x06, 0x0c, 0x00, 0xa0, 0x76, 0x1b, 0x24, 0xdf, 0x3c, 0x00, 0x74  ; EEE7
    db 0x0e, 0x81, 0x0e, 0x22, 0x00, 0x80, 0x00, 0x9a, 0x05, 0x00, 0xd1, 0xe5, 0xe9, 0x4a, 0x00, 0x8d  ; EEF7
    db 0x7e, 0xf6, 0x16, 0x57, 0xff, 0x76, 0xe4, 0xc4, 0x56, 0xea, 0x06, 0x52, 0x9a, 0x00, 0x00, 0xb4  ; EF07
    db 0xfe, 0x83, 0xc4, 0x06, 0x89, 0x5e, 0xea, 0x8c, 0x46, 0xec, 0xa0, 0x26, 0x02, 0x24, 0x08, 0x3c  ; EF17
    db 0x00, 0x74, 0x0a, 0x9a, 0xef, 0x03, 0xaf, 0xfc, 0x80, 0x26, 0x26, 0x02, 0xf7, 0x83, 0x3e, 0x2c  ; EF27
    db 0x00, 0x00, 0x7e, 0x05, 0x80, 0x26, 0x26, 0x02, 0xbf, 0x81, 0x26, 0x22, 0x00, 0xff, 0xfb, 0x9a  ; EF37
    db 0x05, 0x00, 0xd1, 0xe5, 0xc6, 0x06, 0x0c, 0x03, 0x07, 0x8b, 0xe5, 0x5d, 0xcb, 0x55, 0x8b, 0xec  ; EF47
    db 0x83, 0xec, 0x0c, 0x80, 0x3e, 0x00, 0x00, 0x00, 0x74, 0x0a, 0xc6, 0x06, 0x19, 0x03, 0x01, 0x2b  ; EF57
    db 0xc0, 0xe9, 0xf8, 0x00, 0xa1, 0x62, 0x02, 0x25, 0xfe, 0x0f, 0x89, 0x46, 0xf4, 0xa3, 0x64, 0x02  ; EF67
    db 0x8b, 0x3e, 0x8c, 0x00, 0x3b, 0xc7, 0x72, 0x0a, 0x2b, 0x06, 0x8c, 0x00, 0x89, 0x46, 0xf8, 0xe9  ; EF77
    db 0x0e, 0x00, 0xbf, 0xff, 0x0f, 0x2b, 0x3e, 0x8c, 0x00, 0x03, 0x7e, 0xf4, 0x47, 0x89, 0x7e, 0xf8  ; EF87
    db 0xa0, 0x26, 0x02, 0x24, 0x04, 0x3c, 0x00, 0x74, 0x68, 0xc4, 0x3e, 0x22, 0x03, 0x26, 0x8b, 0x15  ; EF97
    db 0x81, 0xe2, 0x00, 0x80, 0x83, 0xfa, 0x00, 0x75, 0x58, 0x8b, 0x56, 0xf8, 0x23, 0x16, 0x24, 0x02  ; EFA7
    db 0x83, 0xfa, 0x00, 0x75, 0x4c, 0xa1, 0x66, 0x02, 0x39, 0x46, 0xf4, 0x72, 0x0d, 0x8b, 0x56, 0xf4  ; EFB7
    db 0x2b, 0x16, 0x66, 0x02, 0x89, 0x56, 0xf6, 0xe9, 0x0e, 0x00, 0xbf, 0xff, 0x0f, 0x2b, 0x3e, 0x66  ; EFC7
    db 0x02, 0x03, 0x7e, 0xf4, 0x47, 0x89, 0x7e, 0xf6, 0x8b, 0x7e, 0xf6, 0x83, 0xc7, 0x08, 0xa1, 0x48  ; EFD7
    db 0x02, 0x3b, 0xf8, 0x7c, 0x4a, 0xc6, 0x06, 0x00, 0x00, 0x01, 0x83, 0x3e, 0x5e, 0x02, 0x00, 0x75  ; EFE7
    db 0x3e, 0xa0, 0x20, 0x00, 0x24, 0x10, 0x3c, 0x00, 0x74, 0x0a, 0x83, 0x46, 0xf4, 0x06, 0xe9, 0x07  ; EFF7
    db 0x00, 0xe9, 0x2b, 0x00, 0x83, 0x46, 0xf4, 0x02, 0x81, 0x66, 0xf4, 0xff, 0x0f, 0x8b, 0x7e, 0xf4  ; F007
    db 0xa1, 0x8c, 0x00, 0x3b, 0xf8, 0x72, 0x0a, 0x2b, 0x3e, 0x8c, 0x00, 0x89, 0x7e, 0xf8, 0xe9, 0x0e  ; F017
    db 0x00, 0xbf, 0xff, 0x0f, 0x2b, 0x3e, 0x8c, 0x00, 0x03, 0x7e, 0xf4, 0x47, 0x89, 0x7e, 0xf8, 0x80  ; F027
    db 0x3e, 0x8b, 0x1b, 0x00, 0x74, 0x16, 0xa1, 0x22, 0x00, 0x25, 0x02, 0x00, 0x3d, 0x00, 0x00, 0x74  ; F037
    db 0x0b, 0xa1, 0x24, 0x02, 0xd1, 0xe0, 0x21, 0x46, 0xf8, 0xe9, 0x06, 0x00, 0xa1, 0x24, 0x02, 0x21  ; F047
    db 0x46, 0xf8, 0x8b, 0x7e, 0xf4, 0x89, 0x3e, 0x92, 0x00, 0x8b, 0x46, 0xf8, 0x8b, 0xe5, 0x5d, 0xcb  ; F057
    db 0x55, 0x8b, 0xec, 0x83, 0xec, 0x1a, 0x51, 0xa0, 0x2f, 0x02, 0x2a, 0xe4, 0xba, 0x0a, 0x00, 0xf7  ; F067
    db 0xea, 0xbf, 0x64, 0x00, 0x03, 0xf8, 0x89, 0x7e, 0xf2, 0x8c, 0x5e, 0xf4, 0xa0, 0x30, 0x02, 0x2a  ; F077
    db 0xe4, 0xba, 0x0a, 0x00, 0xf7, 0xea, 0xba, 0x64, 0x00, 0x03, 0xd0, 0x89, 0x56, 0xee, 0x8c, 0x5e  ; F087
    db 0xf0, 0xbb, 0x64, 0x00, 0x83, 0xc3, 0x28, 0x89, 0x5e, 0xea, 0x8c, 0x5e, 0xec, 0xa0, 0x20, 0x00  ; F097
    db 0x24, 0x01, 0x3c, 0x00, 0x74, 0x0c, 0xc4, 0x7e, 0xf2, 0x89, 0x7e, 0xf6, 0x8c, 0x46, 0xf8, 0xe9  ; F0A7
    db 0x09, 0x00, 0xc4, 0x7e, 0xee, 0x89, 0x7e, 0xf6, 0x8c, 0x46, 0xf8, 0xa0, 0x20, 0x00, 0x24, 0x10  ; F0B7
    db 0x3c, 0x00, 0x74, 0x08, 0xc7, 0x46, 0xe6, 0x01, 0x00, 0xe9, 0x05, 0x00, 0xc7, 0x46, 0xe6, 0x00  ; F0C7
    db 0x00, 0x80, 0x0e, 0x21, 0x00, 0x01, 0x81, 0x0e, 0x22, 0x00, 0x02, 0x04, 0x80, 0x0e, 0x26, 0x02  ; F0D7
    db 0x40, 0xc6, 0x06, 0x19, 0x03, 0x00, 0xc7, 0x06, 0x3a, 0x00, 0x00, 0x00, 0xc7, 0x06, 0x2c, 0x00  ; F0E7
    db 0x00, 0x00, 0xc7, 0x06, 0x02, 0x00, 0x00, 0x00, 0xc6, 0x06, 0x00, 0x00, 0x00, 0xa0, 0x20, 0x00  ; F0F7
    db 0x2a, 0xe4, 0x50, 0x9a, 0xc9, 0x06, 0x70, 0xf6, 0xa0, 0x20, 0x00, 0x24, 0x01, 0x3c, 0x00, 0x74  ; F107
    db 0x09, 0xc4, 0x7e, 0xf2, 0x26, 0xc7, 0x45, 0x02, 0x00, 0x00, 0xa0, 0x20, 0x00, 0x24, 0x02, 0x3c  ; F117
    db 0x00, 0x74, 0x09, 0xc4, 0x7e, 0xee, 0x26, 0xc7, 0x45, 0x02, 0x00, 0x00, 0xa0, 0x76, 0x1b, 0x24  ; F127
    db 0xdf, 0x3c, 0x00, 0x74, 0x0e, 0x81, 0x0e, 0x22, 0x00, 0x80, 0x00, 0x9a, 0x05, 0x00, 0xd1, 0xe5  ; F137
    db 0xe9, 0x79, 0x02, 0x9a, 0x11, 0x00, 0xd1, 0xe5, 0x9a, 0x74, 0x01, 0x0b, 0xe6, 0x9a, 0x05, 0x00  ; F147
    db 0xd1, 0xe5, 0xa0, 0x76, 0x1b, 0x24, 0xdf, 0x3c, 0x00, 0x74, 0x65, 0x81, 0x0e, 0x22, 0x00, 0x80  ; F157
    db 0x00, 0x9a, 0x05, 0x00, 0xd1, 0xe5, 0xe9, 0x53, 0x02, 0x9a, 0x04, 0x00, 0xf5, 0xfe, 0xa3, 0x06  ; F167
    db 0x00, 0x80, 0x3e, 0x19, 0x03, 0x00, 0x75, 0x78, 0xe9, 0x48, 0x00, 0xa0, 0x76, 0x1b, 0x24, 0xdf  ; F177
    db 0x3c, 0x00, 0x74, 0x0e, 0x81, 0x0e, 0x22, 0x00, 0x80, 0x00, 0x9a, 0x05, 0x00, 0xd1, 0xe5, 0xe9  ; F187
    db 0x2a, 0x02, 0x9a, 0x11, 0x00, 0xd1, 0xe5, 0x9a, 0x74, 0x01, 0x0b, 0xe6, 0x9a, 0x05, 0x00, 0xd1  ; F197
    db 0xe5, 0x9a, 0x04, 0x00, 0xf5, 0xfe, 0xa3, 0x06, 0x00, 0xa0, 0x76, 0x1b, 0x24, 0xdf, 0x3c, 0x00  ; F1A7
    db 0x74, 0x11, 0x81, 0x0e, 0x22, 0x00, 0x80, 0x00, 0x9a, 0x05, 0x00, 0xd1, 0xe5, 0xe9, 0xfc, 0x01  ; F1B7
    db 0xe9, 0xad, 0x01, 0x83, 0x3e, 0x06, 0x00, 0x00, 0x75, 0x07, 0x80, 0x3e, 0x19, 0x03, 0x00, 0x74  ; F1C7
    db 0xaa, 0x80, 0x3e, 0x19, 0x03, 0x00, 0x75, 0x18, 0xbf, 0xff, 0x0f, 0x57, 0xc4, 0x7e, 0xf6, 0x06  ; F1D7
    db 0x57, 0xc4, 0x56, 0xea, 0x06, 0x52, 0x9a, 0x04, 0x00, 0xe6, 0xfb, 0x83, 0xc4, 0x06, 0xeb, 0x03  ; F1E7
    db 0xe9, 0x92, 0x01, 0x89, 0x46, 0xe8, 0xa1, 0x24, 0x02, 0x21, 0x46, 0xe8, 0x8b, 0x4e, 0xe6, 0x8b  ; F1F7
    db 0x7e, 0xe8, 0xd3, 0xff, 0x89, 0x3e, 0x2c, 0x00, 0x83, 0x3e, 0x2c, 0x00, 0x00, 0x74, 0xe1, 0xc4  ; F207
    db 0x7e, 0xea, 0x26, 0x8b, 0x15, 0x03, 0x56, 0xe8, 0x81, 0xe2, 0xff, 0x0f, 0x26, 0x89, 0x55, 0x02  ; F217
    db 0x9a, 0xdd, 0x01, 0xb4, 0xfe, 0x80, 0x3e, 0x19, 0x03, 0x00, 0x75, 0xc4, 0xa1, 0x22, 0x00, 0x25  ; F227
    db 0x80, 0x00, 0x3d, 0x00, 0x00, 0x75, 0xb9, 0x9a, 0x4f, 0x05, 0x40, 0xfd, 0xa0, 0x20, 0x00, 0x24  ; F237
    db 0x01, 0x3c, 0x00, 0x74, 0x6c, 0xa0, 0x78, 0x1c, 0x24, 0x01, 0x3c, 0x00, 0x74, 0x17, 0x80, 0x26  ; F247
    db 0x78, 0x1c, 0xfe, 0x2b, 0xff, 0x57, 0x57, 0x9a, 0x0c, 0x00, 0xe5, 0xf6, 0x83, 0xc4, 0x02, 0x81  ; F257
    db 0x0e, 0x5a, 0x05, 0x04, 0x00, 0xc4, 0x7e, 0xf2, 0x26, 0x8b, 0x55, 0x02, 0x03, 0x16, 0x3a, 0x00  ; F267
    db 0xa1, 0x2a, 0x00, 0x3b, 0xd0, 0x7e, 0x15, 0xa1, 0x2a, 0x00, 0x26, 0x8b, 0x4d, 0x02, 0x03, 0x0e  ; F277
    db 0x3a, 0x00, 0x2b, 0xc8, 0x49, 0x26, 0x89, 0x4d, 0x02, 0xe9, 0x37, 0x00, 0xc4, 0x7e, 0xf2, 0x26  ; F287
    db 0x8b, 0x55, 0x02, 0x03, 0x16, 0x3a, 0x00, 0x83, 0xfa, 0x00, 0x7d, 0x18, 0x26, 0x8b, 0x4d, 0x02  ; F297
    db 0xa1, 0x3a, 0x00, 0x03, 0xc8, 0x03, 0x0e, 0x2a, 0x00, 0x41, 0x26, 0x89, 0x4d, 0x02, 0xe9, 0x12  ; F2A7
    db 0x00, 0xe9, 0x14, 0x00, 0xc4, 0x7e, 0xf2, 0x26, 0x8b, 0x55, 0x02, 0x03, 0x16, 0x3a, 0x00, 0x26  ; F2B7
    db 0x89, 0x55, 0x02, 0x80, 0x26, 0x33, 0x02, 0xfe, 0xa0, 0x20, 0x00, 0x24, 0x02, 0x3c, 0x00, 0x74  ; F2C7
    db 0x6f, 0xa0, 0x78, 0x1c, 0x24, 0x02, 0x3c, 0x00, 0x74, 0x1a, 0x80, 0x26, 0x78, 0x1c, 0xfd, 0x2b  ; F2D7
    db 0xff, 0x57, 0xba, 0x01, 0x00, 0x52, 0x9a, 0x0c, 0x00, 0xe5, 0xf6, 0x83, 0xc4, 0x02, 0x81, 0x0e  ; F2E7
    db 0x5a, 0x05, 0x08, 0x00, 0xc4, 0x7e, 0xee, 0x26, 0x8b, 0x55, 0x02, 0x03, 0x16, 0x3a, 0x00, 0xa1  ; F2F7
    db 0x2a, 0x00, 0x3b, 0xd0, 0x7e, 0x15, 0xa1, 0x2a, 0x00, 0x26, 0x8b, 0x4d, 0x02, 0x03, 0x0e, 0x3a  ; F307
    db 0x00, 0x2b, 0xc8, 0x49, 0x26, 0x89, 0x4d, 0x02, 0xe9, 0x37, 0x00, 0xc4, 0x7e, 0xee, 0x26, 0x8b  ; F317
    db 0x55, 0x02, 0x03, 0x16, 0x3a, 0x00, 0x83, 0xfa, 0x00, 0x7d, 0x18, 0x26, 0x8b, 0x4d, 0x02, 0xa1  ; F327
    db 0x3a, 0x00, 0x03, 0xc8, 0x03, 0x0e, 0x2a, 0x00, 0x41, 0x26, 0x89, 0x4d, 0x02, 0xe9, 0x12, 0x00  ; F337
    db 0xe9, 0x14, 0x00, 0xc4, 0x7e, 0xee, 0x26, 0x8b, 0x55, 0x02, 0x03, 0x16, 0x3a, 0x00, 0x26, 0x89  ; F347
    db 0x55, 0x02, 0x80, 0x26, 0x33, 0x02, 0xfd, 0xc4, 0x7e, 0xea, 0x26, 0x8b, 0x55, 0x02, 0x26, 0x89  ; F357
    db 0x15, 0x81, 0x0e, 0x22, 0x00, 0x00, 0x01, 0xba, 0x02, 0x00, 0x52, 0x9a, 0x0e, 0x00, 0xa8, 0xe6  ; F367
    db 0xa1, 0x22, 0x00, 0x25, 0x80, 0x00, 0x3d, 0x00, 0x00, 0x75, 0x0a, 0x80, 0x3e, 0x19, 0x03, 0x00  ; F377
    db 0x75, 0x03, 0xe9, 0xe4, 0xfd, 0x80, 0x3e, 0x8b, 0x1b, 0x00, 0x74, 0x30, 0x80, 0x3e, 0x41, 0x02  ; F387
    db 0x04, 0x74, 0x29, 0x9a, 0x11, 0x00, 0xd1, 0xe5, 0x9a, 0x74, 0x01, 0x0b, 0xe6, 0xc7, 0x06, 0x3a  ; F397
    db 0x00, 0x04, 0x00, 0x81, 0x0e, 0x22, 0x00, 0x00, 0x01, 0xbf, 0x02, 0x00, 0x57, 0x9a, 0x0e, 0x00  ; F3A7
    db 0xa8, 0xe6, 0x9a, 0x74, 0x01, 0x0b, 0xe6, 0x9a, 0x05, 0x00, 0xd1, 0xe5, 0x59, 0x8b, 0xe5, 0x5d  ; F3B7
    db 0xcb, 0x55, 0x8b, 0xec, 0x83, 0xec, 0x06, 0xa0, 0x26, 0x02, 0x24, 0x02, 0x3c, 0x00, 0x74, 0x2f  ; F3C7
    db 0x80, 0x3e, 0x40, 0x02, 0x03, 0x75, 0x0e, 0xa1, 0x34, 0x02, 0xd1, 0xf8, 0x8b, 0xd0, 0x88, 0x16  ; F3D7
    db 0x27, 0x02, 0xe9, 0x06, 0x00, 0xa0, 0x34, 0x02, 0xa2, 0x27, 0x02, 0xa0, 0x27, 0x02, 0x8a, 0x16  ; F3E7
    db 0x28, 0x02, 0x3a, 0xc2, 0x72, 0x05, 0x80, 0x26, 0x26, 0x02, 0xfd, 0xff, 0x06, 0x34, 0x02, 0x8b  ; F3F7
    db 0xe5, 0x5d, 0xcb, 0x55, 0x8b, 0xec, 0x83, 0xec, 0x0a, 0xc7, 0x46, 0xf8, 0x00, 0x00, 0xa0, 0x20  ; F407
    db 0x00, 0x24, 0x01, 0x3c, 0x00, 0x74, 0x07, 0xc6, 0x46, 0xf7, 0x01, 0xe9, 0x04, 0x00, 0xc6, 0x46  ; F417
    db 0xf7, 0x02, 0x8b, 0x46, 0x06, 0xba, 0x0a, 0x00, 0xf7, 0xea, 0x8b, 0xf8, 0x8b, 0x95, 0x6c, 0x00  ; F427
    db 0xd1, 0xfa, 0x89, 0x56, 0xf8, 0x8a, 0x5e, 0xf7, 0x8b, 0xfa, 0x8a, 0x85, 0x68, 0x02, 0x22, 0xc3  ; F437
    db 0x3c, 0x00, 0x74, 0x09, 0xa0, 0x28, 0x02, 0xa2, 0x27, 0x02, 0xe9, 0x0f, 0x00, 0x8a, 0x56, 0xf7  ; F447
    db 0x8b, 0x7e, 0xf8, 0x08, 0x95, 0x68, 0x02, 0xc6, 0x06, 0x27, 0x02, 0x00, 0x8b, 0xe5, 0x5d, 0xca  ; F457
    db 0x02, 0x00  ; F467
SUB_FF469:
    push bp                                  ; F469: push bp
    mov bp, sp                               ; F46A: mov bp, sp
    sub sp, 0xa                              ; F46C: sub sp, 0xa
    cmp word [bp + 6], 0                     ; F46F: cmp word ptr [bp + 6], 0
    jne short 0xf47c                         ; F473: jne 0xbc
    mov byte [bp - 7], 0xfe                  ; F475: mov byte ptr [bp - 7], 0xfe
    jmp 0xf480                               ; F479: jmp 0xc0
L_FF47C:
    mov byte [bp - 7], 0xfd                  ; F47C: mov byte ptr [bp - 7], 0xfd
L_FF480:
    mov word [bp - 0xa], 0                   ; F480: mov word ptr [bp - 0xa], 0
    jmp 0xf495                               ; F485: jmp 0xd5
L_FF488:
    mov dl, byte [bp - 7]                    ; F488: mov dl, byte ptr [bp - 7]
    mov di, word [bp - 0xa]                  ; F48B: mov di, word ptr [bp - 0xa]
    and byte [di + 0x268], dl                ; F48E: and byte ptr [di + 0x268], dl
    inc word [bp - 0xa]                      ; F492: inc word ptr [bp - 0xa]
L_FF495:
    cmp word [bp - 0xa], strict word 0xa4    ; F495: cmp word ptr [bp - 0xa], 0xa4
    jle short 0xf488                         ; F49A: jle 0xc8
    mov sp, bp                               ; F49C: mov sp, bp
    pop bp                                   ; F49E: pop bp
    retf 2                                   ; F49F: retf 2
    db 0x55, 0x8b, 0xec, 0x83, 0xec, 0x08, 0xc6, 0x06, 0x26, 0x02, 0x00, 0xc6, 0x06, 0x2c, 0x02, 0x00  ; F4A2
    db 0xc6, 0x06, 0x2b, 0x02, 0x00, 0xc6, 0x06, 0x18, 0x03, 0x00, 0xc6, 0x06, 0x28, 0x02, 0x00, 0xc6  ; F4B2
    db 0x06, 0x27, 0x02, 0x00, 0xc7, 0x06, 0x34, 0x02, 0x00, 0x00, 0x80, 0x3e, 0x1e, 0x00, 0x07, 0x74  ; F4C2
    db 0x07, 0x80, 0x3e, 0x1e, 0x00, 0x06, 0x75, 0x21, 0x80, 0x0e, 0x26, 0x02, 0x02, 0xa1, 0xee, 0x1b  ; F4D2
    db 0xd1, 0xf8, 0xd1, 0xf8, 0xd1, 0xf8, 0xd1, 0xf8, 0xd1, 0xf8, 0xd1, 0xf8, 0xd1, 0xf8, 0xd1, 0xf8  ; F4E2
    db 0x25, 0x0f, 0x00, 0x8b, 0xd0, 0x88, 0x16, 0x28, 0x02, 0x80, 0x3e, 0x1e, 0x00, 0x06, 0x75, 0x1a  ; F4F2
    db 0xc7, 0x46, 0xf8, 0x00, 0x00, 0xe9, 0x0b, 0x00, 0x8b, 0x7e, 0xf8, 0xc6, 0x85, 0x68, 0x02, 0x00  ; F502
    db 0xff, 0x46, 0xf8, 0x81, 0x7e, 0xf8, 0xa4, 0x00, 0x7e, 0xee, 0xa0, 0x1e, 0x00, 0x2a, 0xe4, 0xd1  ; F512
    db 0xe0, 0x89, 0x46, 0xf8, 0xa0, 0x20, 0x00, 0x24, 0x10, 0x3c, 0x00, 0x74, 0x03, 0xff, 0x46, 0xf8  ; F522
    db 0x8b, 0x7e, 0xf8, 0xc4, 0x16, 0xa4, 0x1c, 0x8b, 0xda, 0x26, 0x8a, 0x01, 0xa2, 0x2a, 0x02, 0x80  ; F532
    db 0x3e, 0x44, 0x02, 0x05, 0x75, 0x05, 0xc6, 0x06, 0x2a, 0x02, 0x02, 0xa0, 0x20, 0x00, 0x24, 0x10  ; F542
    db 0x3c, 0x00, 0x74, 0x09, 0xc7, 0x06, 0x24, 0x02, 0xf8, 0xff, 0xe9, 0x06, 0x00, 0xc7, 0x06, 0x24  ; F552
    db 0x02, 0xfc, 0xff, 0xa0, 0x40, 0x02, 0x24, 0x08, 0x3c, 0x00, 0x74, 0x04, 0xd1, 0x26, 0x24, 0x02  ; F562
    db 0x80, 0x3e, 0x1e, 0x00, 0x06, 0x74, 0x07, 0x80, 0x3e, 0x1e, 0x00, 0x07, 0x75, 0x0b, 0xa1, 0x52  ; F572
    db 0x02, 0xd1, 0xe0, 0xa3, 0x3a, 0x02, 0xe9, 0x06, 0x00, 0xa1, 0x52, 0x02, 0xa3, 0x3a, 0x02, 0x80  ; F582
    db 0x3e, 0x8b, 0x1b, 0x00, 0x75, 0x24, 0xc7, 0x06, 0x3e, 0x02, 0x00, 0x00, 0xc6, 0x06, 0x2f, 0x02  ; F592
    db 0x00, 0xa0, 0x40, 0x02, 0x24, 0x08, 0x3c, 0x00, 0x74, 0x08, 0xc6, 0x06, 0x30, 0x02, 0x00, 0xe9  ; F5A2
    db 0x18, 0x00, 0xc6, 0x06, 0x30, 0x02, 0x01, 0xe9, 0x10, 0x00, 0xc7, 0x06, 0x3e, 0x02, 0x00, 0x10  ; F5B2
    db 0xc6, 0x06, 0x2f, 0x02, 0x00, 0xc6, 0x06, 0x30, 0x02, 0x01, 0x80, 0x3e, 0x41, 0x02, 0x03, 0x72  ; F5C2
    db 0x39, 0xc7, 0x06, 0x0e, 0x03, 0x68, 0x02, 0x8c, 0x1e, 0x10, 0x03, 0x80, 0x3e, 0x40, 0x02, 0x08  ; F5D2
    db 0x74, 0x07, 0x80, 0x3e, 0x40, 0x02, 0x07, 0x75, 0x12, 0xc4, 0x3e, 0x0e, 0x03, 0x8d, 0x55, 0x52  ; F5E2
    db 0x89, 0x16, 0x12, 0x03, 0x8c, 0x06, 0x14, 0x03, 0xe9, 0x1f, 0x00, 0xc4, 0x3e, 0x0e, 0x03, 0x89  ; F5F2
    db 0x3e, 0x12, 0x03, 0x8c, 0x06, 0x14, 0x03, 0xe9, 0x10, 0x00, 0xc4, 0x3e, 0x80, 0x1c, 0x8d, 0x95  ; F602
    db 0x00, 0x10, 0x89, 0x16, 0x0e, 0x03, 0x8c, 0x06, 0x10, 0x03, 0x80, 0x3e, 0x1e, 0x00, 0x05, 0x74  ; F612
    db 0x15, 0x80, 0x3e, 0x1e, 0x00, 0x04, 0x74, 0x0e, 0x80, 0x3e, 0x1e, 0x00, 0x0a, 0x74, 0x07, 0x80  ; F622
    db 0x3e, 0x1e, 0x00, 0x02, 0x75, 0x05, 0x80, 0x0e, 0x26, 0x02, 0x01, 0x80, 0x3e, 0x40, 0x02, 0x08  ; F632
    db 0x75, 0x0c, 0x80, 0x3e, 0x41, 0x02, 0x00, 0x74, 0x05, 0x80, 0x0e, 0x26, 0x02, 0x01, 0x80, 0x3e  ; F642
    db 0x41, 0x02, 0x04, 0x75, 0x0c, 0x80, 0x3e, 0x40, 0x02, 0x03, 0x75, 0x05, 0x80, 0x0e, 0x26, 0x02  ; F652
    db 0x20, 0xa0, 0x20, 0x00, 0x24, 0x08, 0x3c, 0x00, 0x74, 0x61, 0xa0, 0x20, 0x00, 0x2a, 0xe4, 0x50  ; F662
    db 0x2b, 0xff, 0x57, 0x9a, 0xef, 0x04, 0x40, 0xfd, 0x83, 0xc4, 0x02, 0xe9, 0x4d, 0x00, 0xa0, 0x20  ; F672
    db 0x00, 0x24, 0x10, 0x3c, 0x00, 0x74, 0x08, 0xc6, 0x06, 0x2e, 0x02, 0x01, 0xe9, 0x6f, 0x00, 0xc6  ; F682
    db 0x06, 0x2e, 0x02, 0x00, 0xe9, 0x67, 0x00, 0xc6, 0x06, 0x2e, 0x02, 0x00, 0xe9, 0x5f, 0x00, 0xc6  ; F692
    db 0x06, 0x2e, 0x02, 0xff, 0xe9, 0x57, 0x00, 0xa0, 0x20, 0x00, 0x24, 0x10, 0x3c, 0x00, 0x74, 0x08  ; F6A2
    db 0xc6, 0x06, 0x2e, 0x02, 0x02, 0xe9, 0x05, 0x00, 0xc6, 0x06, 0x2e, 0x02, 0x01, 0xe9, 0x3e, 0x00  ; F6B2
    db 0xc6, 0x06, 0x2e, 0x02, 0x01, 0xe9, 0x36, 0x00, 0xe9, 0x33, 0x00, 0xe9, 0x00, 0x00, 0xa0, 0x1e  ; F6C2
    db 0x00, 0x2a, 0xe4, 0x3d, 0x00, 0x00, 0x74, 0xa6, 0x3d, 0x01, 0x00, 0x74, 0xba, 0x3d, 0x02, 0x00  ; F6D2
    db 0x74, 0xbd, 0x3d, 0x03, 0x00, 0x74, 0x97, 0x3d, 0x04, 0x00, 0x74, 0xbb, 0x3d, 0x05, 0x00, 0x74  ; F6E2
    db 0xcf, 0x3d, 0x06, 0x00, 0x74, 0x88, 0x3d, 0x09, 0x00, 0x74, 0x83, 0xe9, 0xca, 0xff, 0x8b, 0xe5  ; F6F2
    db 0x5d, 0xcb, 0x55, 0x8b, 0xec, 0x83, 0xec, 0x06, 0xa0, 0x76, 0x1b, 0x24, 0xdf, 0x3c, 0x00, 0x75  ; F702
    db 0x64, 0x80, 0x26, 0x76, 0x1b, 0xdf, 0xe9, 0x05, 0x00, 0x9a, 0x0c, 0x00, 0x93, 0xe6, 0xa0, 0x98  ; F712
    db 0x1a, 0x24, 0x0f, 0x3c, 0x00, 0x75, 0xf2, 0x9a, 0x05, 0x00, 0xd1, 0xe5, 0xc6, 0x06, 0x33, 0x02  ; F722
    db 0x03, 0x9a, 0x94, 0x01, 0x0a, 0xf8, 0x9a, 0x06, 0x00, 0x0a, 0xf8, 0x9a, 0x00, 0x00, 0x68, 0xfc  ; F732
    db 0x9a, 0x08, 0x00, 0xc8, 0xfd, 0x9a, 0x02, 0x00, 0x4a, 0xff, 0xe9, 0x2e, 0x00, 0x9a, 0x71, 0x00  ; F742
    db 0x40, 0xfd, 0xe9, 0x56, 0x00, 0x9a, 0x0c, 0x00, 0x28, 0xfd, 0xe9, 0x4e, 0x00, 0x9a, 0x06, 0x00  ; F752
    db 0x00, 0xfd, 0xe9, 0x46, 0x00, 0x9a, 0x06, 0x00, 0xaf, 0xfc, 0xe9, 0x3e, 0x00, 0x9a, 0xfc, 0x01  ; F762
    db 0xaf, 0xfc, 0xe9, 0x36, 0x00, 0xe9, 0x3d, 0x00, 0xe9, 0x30, 0x00, 0xa0, 0x41, 0x02, 0x2a, 0xe4  ; F772
    db 0x3d, 0x00, 0x00, 0x74, 0xc8, 0x3d, 0x01, 0x00, 0x74, 0xc3, 0x3d, 0x02, 0x00, 0x74, 0xbe, 0x3d  ; F782
    db 0x03, 0x00, 0x74, 0xc1, 0x3d, 0x04, 0x00, 0x74, 0xbc, 0x3d, 0x05, 0x00, 0x74, 0xc7, 0x3d, 0x06  ; F792
    db 0x00, 0x74, 0xba, 0x3d, 0x07, 0x00, 0x74, 0xc5, 0xe9, 0xcd, 0xff, 0x9a, 0x0e, 0x00, 0xb3, 0xfd  ; F7A2
    db 0x80, 0x0e, 0x76, 0x1b, 0x20, 0x8b, 0xe5, 0x5d, 0xcb, 0xff  ; F7B2
    db 0x50, 0x72, 0x65, 0x73, 0x73, 0x20, 0x63, 0x75, 0x72, 0x73, 0x6f, 0x72, 0x2d, 0x73, 0x65, 0x6c, 0x65, 0x63, 0x74, 0x20, 0x62, 0x75, 0x74, 0x74, 0x6f, 0x6e, 0x20, 0x74, 0x6f, 0x20, 0x73, 0x74, 0x61, 0x72, 0x74, 0x2e  ; F7BC: "Press cursor-select button to start."
    db 0x00, 0x00  ; F7E0
    db 0x54, 0x68, 0x69, 0x73, 0x20, 0x6d, 0x65, 0x73, 0x73, 0x61, 0x67, 0x65, 0x20, 0x77, 0x69, 0x6c, 0x6c, 0x20, 0x64, 0x69, 0x73, 0x61, 0x70, 0x70, 0x65, 0x61, 0x72, 0x2e  ; F7E2: "This message will disappear."
    db 0x00, 0x00  ; F7FE
    db 0x50, 0x72, 0x65, 0x73, 0x73, 0x20, 0x62, 0x75, 0x74, 0x74, 0x6f, 0x6e, 0x20, 0x61, 0x67, 0x61, 0x69, 0x6e, 0x20, 0x74, 0x6f, 0x20, 0x65, 0x6e, 0x64, 0x2e  ; F800: "Press button again to end."
    db 0x00, 0x00  ; F81A
    db 0x41, 0x55, 0x54, 0x4f, 0x20, 0x6e, 0x65, 0x65, 0x64, 0x73, 0x20, 0x58, 0x59, 0x20, 0x6f, 0x72, 0x20, 0x74, 0x61, 0x6c, 0x6b, 0x2d, 0x6f, 0x6e, 0x6c, 0x79, 0x2e  ; F81C: "AUTO needs XY or talk-only."
    db 0x00, 0x00, 0xff  ; F837
    db 0x4e, 0x6f, 0x20, 0x73, 0x69, 0x67, 0x6e, 0x61, 0x6c, 0x20, 0x61, 0x63, 0x71, 0x75, 0x69, 0x72, 0x65, 0x64  ; F83A: "No signal acquired"
    db 0x00, 0x00, 0x47, 0x61, 0x69, 0x6e, 0x00  ; F84C
    db 0x41, 0x63, 0x71, 0x75, 0x69, 0x72, 0x65, 0x64, 0x20  ; F853: "Acquired "
    db 0x00  ; F85C
    db 0x44, 0x69, 0x73, 0x70, 0x6c, 0x61, 0x79, 0x65, 0x64, 0x20  ; F85D: "Displayed "
    db 0x00  ; F867
    db 0x54, 0x69, 0x6d, 0x65, 0x2f, 0x44, 0x69, 0x76, 0x20  ; F868: "Time/Div "
    db 0x00, 0x58, 0x59, 0x20, 0x00, 0x41, 0x44, 0x44, 0x20, 0x00, 0x43, 0x48, 0x31, 0x20, 0x00, 0x43  ; F871
    db 0x48, 0x32, 0x20, 0x00, 0x41, 0x4c, 0x54, 0x20, 0x00  ; F881
    db 0x43, 0x48, 0x4f, 0x50, 0x20  ; F88A: "CHOP "
    db 0x00, 0x3f, 0x3f, 0x20, 0x00  ; F88F
    db 0x4d, 0x6f, 0x64, 0x65, 0x20  ; F894: "Mode "
    db 0x00  ; F899
    db 0x53, 0x41, 0x4d, 0x50, 0x4c, 0x45, 0x20  ; F89A: "SAMPLE "
    db 0x00  ; F8A1
    db 0x50, 0x45, 0x41, 0x4b, 0x44, 0x45, 0x54, 0x20  ; F8A2: "PEAKDET "
    db 0x00  ; F8AA
    db 0x41, 0x43, 0x43, 0x50, 0x45, 0x41, 0x4b, 0x20  ; F8AB: "ACCPEAK "
    db 0x00  ; F8B3
    db 0x41, 0x56, 0x45, 0x52, 0x41, 0x47, 0x45, 0x20  ; F8B4: "AVERAGE "
    db 0x00, 0x3f, 0x3f, 0x00, 0x41, 0x43, 0x51, 0x20, 0x00, 0x4f, 0x4e, 0x20, 0x00, 0x4f, 0x46, 0x46  ; F8BC
    db 0x20, 0x00  ; F8CC
    db 0x53, 0x6d, 0x6f, 0x6f, 0x74, 0x68, 0x69, 0x6e, 0x67, 0x20  ; F8CE: "Smoothing "
    db 0x00  ; F8D8
    db 0x46, 0x75, 0x6e, 0x63, 0x74, 0x69, 0x6f, 0x6e, 0x20, 0x72, 0x65, 0x71, 0x75, 0x69, 0x72, 0x65, 0x73, 0x20, 0x6f, 0x70, 0x74, 0x69, 0x6f, 0x6e, 0x73, 0x20, 0x6e, 0x6f, 0x74  ; F8D9: "Function requires options not"
    db 0x00, 0x00  ; F8F6
    db 0x69, 0x6e, 0x73, 0x74, 0x61, 0x6c, 0x6c, 0x65, 0x64, 0x20, 0x69, 0x6e, 0x20, 0x74, 0x68, 0x69, 0x73, 0x20, 0x69, 0x6e, 0x73, 0x74, 0x72, 0x75, 0x6d, 0x65, 0x6e, 0x74, 0x2e  ; F8F8: "installed in this instrument."
    db 0x00, 0x00  ; F915
    db 0x46, 0x55, 0x4e, 0x43, 0x54, 0x49, 0x4f, 0x4e, 0x20, 0x4e, 0x4f, 0x54, 0x20, 0x41, 0x56, 0x41, 0x49, 0x4c, 0x41, 0x42, 0x4c, 0x45, 0x20, 0x49, 0x4e, 0x20, 0x58, 0x59, 0x20, 0x4d, 0x4f, 0x44, 0x45  ; F917: "FUNCTION NOT AVAILABLE IN XY MODE"
    db 0x00, 0x00  ; F938
    db 0x53, 0x52, 0x45, 0x46, 0x20, 0x20, 0x4c, 0x4f, 0x43, 0x4b, 0x45, 0x44  ; F93A: "SREF  LOCKED"
    db 0x00  ; F946
    db 0x53, 0x52, 0x45, 0x46, 0x20  ; F947: "SREF "
    db 0x00  ; F94C
    db 0x53, 0x52, 0x45, 0x46, 0x20  ; F94D: "SREF "
    db 0x00  ; F952
    db 0x31, 0x3a, 0x20, 0x34, 0x6b  ; F953: "1: 4k"
    db 0x00  ; F958
    db 0x31, 0x3a, 0x20, 0x34, 0x6b  ; F959: "1: 4k"
    db 0x00, 0x41, 0x00, 0x41, 0x00, 0x31, 0x00, 0x31, 0x00, 0x32, 0x00, 0x32, 0x00, 0x33, 0x00, 0x33  ; F95E
    db 0x00, 0x41, 0x00, 0x41, 0x00  ; F96E
    db 0x53, 0x45, 0x4c, 0x45, 0x43, 0x54, 0x20, 0x57, 0x41, 0x56, 0x45, 0x46, 0x4f, 0x52, 0x4d, 0x20, 0x3f  ; F973: "SELECT WAVEFORM ?"
    db 0x00, 0x02, 0x02, 0xff, 0x00, 0x07, 0x00, 0x07, 0x02, 0x07, 0x04, 0x07, 0x06, 0x07, 0x08, 0x07  ; F984
    db 0x0a, 0x07, 0x0c, 0x07, 0x0c, 0xff, 0x00, 0xf8, 0xf8, 0xfb, 0xfb, 0xfb, 0xfb, 0xfb, 0xfb, 0xfb  ; F994
    db 0xfb, 0xfb, 0xfb, 0xfb, 0xfb, 0xfa, 0xfa, 0xff, 0x00, 0x07, 0x38, 0x07, 0x3a, 0x07, 0x3c, 0x07  ; F9A4
    db 0x3e, 0x07, 0x40, 0x07, 0x42, 0x07, 0x44, 0x07, 0x44, 0xff, 0x00, 0xf8, 0xf8, 0xfb, 0xfb, 0xfb  ; F9B4
    db 0xfb, 0xfb, 0xfb, 0xfb, 0xfb, 0xfb, 0xfb, 0xfb, 0xfb, 0xfa, 0xfa, 0xff, 0x00, 0x07, 0x6a, 0x07  ; F9C4
    db 0x6c, 0x07, 0x6e, 0x07, 0x70, 0x07, 0x72, 0x07, 0x74, 0x07, 0x76, 0x07, 0x76, 0xff, 0x00, 0xf8  ; F9D4
    db 0xf8, 0xfb, 0xfb, 0xfb, 0xfb, 0xfb, 0xfb, 0xfb, 0xfb, 0xfb, 0xfb, 0xfb, 0xfb, 0xfa, 0xfa, 0xff  ; F9E4
    db 0x00, 0xff  ; F9F4
    db 0x20, 0x54, 0x45, 0x4b, 0x54, 0x52, 0x4f, 0x4e, 0x49, 0x58, 0x20, 0x20, 0x32, 0x32, 0x32, 0x30  ; F9F6: " TEKTRONIX  2220"
    db 0x00  ; FA06
    db 0x20, 0x54, 0x45, 0x4b, 0x54, 0x52, 0x4f, 0x4e, 0x49, 0x58, 0x20, 0x20, 0x32, 0x32, 0x33, 0x30  ; FA07: " TEKTRONIX  2230"
    db 0x00  ; FA17
    db 0x44, 0x4c, 0x59, 0x3e, 0x3d  ; FA18: "DLY>="
    db 0x00, 0x00, 0x00, 0x03, 0x04, 0x03, 0x00, 0x07, 0x00, 0x0b, 0x00, 0x0b, 0x04, 0x0b, 0xff, 0x00  ; FA1D
    db 0x00, 0x0b, 0x04, 0x07, 0x04, 0x03, 0x04, 0x03, 0x00, 0xff, 0x00, 0x08, 0x0b, 0x0c, 0x07, 0x0c  ; FA2D
    db 0x03, 0x0c, 0x03, 0x08, 0xff, 0x00, 0x1c, 0x0b, 0x20, 0x07, 0x20, 0x03, 0x20, 0x03, 0x1c, 0xff  ; FA3D
    db 0x00, 0xf8, 0xf8, 0xf8, 0xf8, 0xf9, 0xf9, 0xf9, 0xf9, 0xf9, 0xf9, 0xf9, 0xf9, 0xf8, 0xf8, 0xf9  ; FA4D
    db 0xf9, 0xf9, 0xf9, 0xf9, 0xf9, 0xf9, 0xf9, 0xfa, 0xfa, 0xff, 0x00, 0x05, 0x00, 0x09, 0x00, 0x07  ; FA5D
    db 0x00, 0xff, 0x00, 0xf8, 0xf8, 0xf9, 0xf9, 0xf9, 0xf9, 0xff, 0x00, 0x09, 0x80, 0x05, 0x80, 0xff  ; FA6D
    db 0x00, 0xf8, 0xf8, 0xf9, 0xf9, 0xfa, 0xfa, 0xff, 0x00  ; FA7D
    db 0x20, 0x53, 0x41, 0x4d, 0x50, 0x4c, 0x45  ; FA86: " SAMPLE"
    db 0x00  ; FA8D
    db 0x20, 0x41, 0x56, 0x45, 0x52, 0x41, 0x47, 0x45  ; FA8E: " AVERAGE"
    db 0x00  ; FA96
    db 0x20, 0x50, 0x45, 0x41, 0x4b, 0x44, 0x45, 0x54  ; FA97: " PEAKDET"
    db 0x00  ; FA9F
    db 0x20, 0x50, 0x45, 0x41, 0x4b, 0x44, 0x45, 0x54  ; FAA0: " PEAKDET"
    db 0x00  ; FAA8
    db 0x20, 0x41, 0x43, 0x43, 0x50, 0x45, 0x41, 0x4b  ; FAA9: " ACCPEAK"
    db 0x00  ; FAB1
    db 0x20, 0x41, 0x43, 0x43, 0x50, 0x45, 0x41, 0x4b  ; FAB2: " ACCPEAK"
    db 0x00  ; FABA
    db 0x20, 0x53, 0x41, 0x56, 0x45  ; FABB: " SAVE"
    db 0x00  ; FAC0
    db 0x20, 0x4c, 0x49, 0x4d, 0x49, 0x54  ; FAC1: " LIMIT"
    db 0x00, 0x78, 0x00, 0x54, 0x00, 0xfa, 0xfa, 0xff, 0x00, 0x53, 0x50, 0x30, 0x3b, 0x0a, 0x00, 0x25  ; FAC7
    db 0x63, 0x00, 0x25, 0x63, 0x25, 0x63, 0x00, 0x25, 0x63, 0x00, 0x25, 0x63, 0x25, 0x63, 0x00, 0x25  ; FAD7
    db 0x63, 0x00, 0x25, 0x63, 0x25, 0x63, 0x00  ; FAE7
    db 0x25, 0x63, 0x2a, 0x72, 0x42  ; FAEE: "%c*rB"
    db 0x00, 0x25, 0x63, 0x00, 0xff  ; FAF3
    db 0x53, 0x50, 0x31, 0x3b, 0x53, 0x43, 0x30, 0x2c, 0x31, 0x30, 0x32, 0x33, 0x2c, 0x30, 0x2c, 0x31, 0x30, 0x32, 0x33, 0x3b  ; FAF8: "SP1;SC0,1023,0,1023;"
    db 0x00, 0x25, 0x63, 0x25, 0x63, 0x00  ; FB0C
    db 0x25, 0x63, 0x43, 0x25, 0x63, 0x25, 0x63  ; FB12: "%cC%c%c"
    db 0x0a, 0x00  ; FB19
    db 0x25, 0x63, 0x41, 0x25, 0x63  ; FB1B: "%cA%c"
    db 0x00  ; FB20
    db 0x25, 0x63, 0x43, 0x25, 0x63, 0x25, 0x63  ; FB21: "%cC%c%c"
    db 0x0a, 0x00  ; FB28
    db 0x25, 0x63, 0x41, 0x25, 0x63  ; FB2A: "%cA%c"
    db 0x00  ; FB2F
    db 0x25, 0x63, 0x43, 0x25, 0x63, 0x25, 0x63  ; FB30: "%cC%c%c"
    db 0x0a, 0x00  ; FB37
    db 0x25, 0x63, 0x2a, 0x72, 0x36, 0x34, 0x30, 0x53  ; FB39: "%c*r640S"
    db 0x00  ; FB41
    db 0x25, 0x63, 0x2a, 0x72, 0x41  ; FB42: "%c*rA"
    db 0x00, 0x25, 0x73, 0x00  ; FB47
    db 0x25, 0x63, 0x2a, 0x62, 0x25, 0x63, 0x25, 0x63, 0x25, 0x63, 0x57  ; FB4B: "%c*b%c%c%cW"
    db 0x00, 0x25, 0x73, 0x00  ; FB56
    db 0x50, 0x55, 0x25, 0x64, 0x2c, 0x25, 0x64, 0x3b  ; FB5A: "PU%d,%d;"
    db 0x00  ; FB62
    db 0x50, 0x44, 0x25, 0x64, 0x2c, 0x25, 0x64, 0x3b  ; FB63: "PD%d,%d;"
    db 0x00, 0x00  ; FB6B
    db 0x20, 0x44, 0x69, 0x67, 0x3d, 0x20, 0x20  ; FB6D: " Dig=  "
    db 0x00  ; FB74
    db 0x20, 0x43, 0x75, 0x72, 0x73, 0x3d, 0x20, 0x20  ; FB75: " Curs=  "
    db 0x00  ; FB7D
    db 0x20, 0x43, 0x68, 0x31, 0x3d, 0x20, 0x20  ; FB7E: " Ch1=  "
    db 0x00  ; FB85
    db 0x20, 0x43, 0x68, 0x32, 0x3d, 0x20, 0x20  ; FB86: " Ch2=  "
    db 0x00  ; FB8D
    db 0x20, 0x41, 0x73, 0x77, 0x3d, 0x20, 0x20  ; FB8E: " Asw=  "
    db 0x00  ; FB95
    db 0x20, 0x42, 0x73, 0x77, 0x3d, 0x20, 0x20  ; FB96: " Bsw=  "
    db 0x00  ; FB9D
    db 0x20, 0x67, 0x6e, 0x64, 0x3d, 0x20  ; FB9E: " gnd= "
    db 0x00  ; FBA4
    db 0x20, 0x41, 0x63, 0x71, 0x5f, 0x41, 0x64, 0x64, 0x72, 0x5f, 0x42, 0x75, 0x66, 0x20, 0x75, 0x33, 0x34, 0x32, 0x37, 0x2f, 0x38  ; FBA5: " Acq_Addr_Buf u3427/8"
    db 0x00  ; FBBA
    db 0x20, 0x43, 0x6c, 0x6b, 0x5f, 0x44, 0x65, 0x6c, 0x61, 0x79, 0x5f, 0x52, 0x65, 0x67, 0x20, 0x75, 0x34, 0x32, 0x33, 0x30  ; FBBB: " Clk_Delay_Reg u4230"
    db 0x00  ; FBCF
    db 0x20, 0x62, 0x5f, 0x64, 0x65, 0x6c, 0x61, 0x79, 0x5f, 0x74, 0x69, 0x6d, 0x65, 0x72, 0x20, 0x75, 0x34, 0x31, 0x32, 0x33, 0x2f, 0x34  ; FBD0: " b_delay_timer u4123/4"
    db 0x00  ; FBE6
    db 0x20, 0x66, 0x70, 0x5f, 0x69, 0x6e, 0x74, 0x73, 0x74, 0x61, 0x74, 0x20, 0x75, 0x36, 0x31, 0x30, 0x33  ; FBE7: " fp_intstat u6103"
    db 0x00  ; FBF8
    db 0x20, 0x66, 0x70, 0x5f, 0x61, 0x64, 0x5f, 0x64, 0x61, 0x74, 0x61, 0x20, 0x75, 0x36, 0x31, 0x30, 0x32  ; FBF9: " fp_ad_data u6102"
    db 0x00  ; FC0A
    db 0x20, 0x63, 0x6f, 0x6d, 0x6d, 0x5f, 0x73, 0x74, 0x61, 0x74, 0x20, 0x75, 0x31, 0x78, 0x32, 0x33  ; FC0B: " comm_stat u1x23"
    db 0x00  ; FC1B
    db 0x20, 0x63, 0x6f, 0x6d, 0x6d, 0x5f, 0x70, 0x61, 0x72, 0x61, 0x6d, 0x20, 0x75, 0x31, 0x78, 0x32, 0x32  ; FC1C: " comm_param u1x22"
    db 0x00, 0x20, 0x00, 0x20, 0x00, 0x2d, 0x00, 0x2d, 0x00, 0x50, 0x55, 0x00  ; FC2D
    db 0x52, 0x4f, 0x4d, 0x2f, 0x52, 0x41, 0x4d, 0x2f, 0x4e, 0x4d, 0x49, 0x20, 0x3a  ; FC39: "ROM/RAM/NMI :"
    db 0x00  ; FC46
    db 0x32, 0x32, 0x33, 0x30, 0x2f, 0x32, 0x32, 0x32, 0x30, 0x20, 0x50, 0x6f, 0x77, 0x65, 0x72, 0x20, 0x75, 0x70, 0x20, 0x74, 0x65, 0x73, 0x74, 0x73, 0x20, 0x63, 0x6f, 0x6d, 0x70, 0x6c, 0x65, 0x74, 0x65, 0x2e  ; FC47: "2230/2220 Power up tests complete."
    db 0x0d, 0x0a, 0x0a, 0x00, 0x4d, 0x49, 0x00  ; FC69
    db 0x6c, 0x69, 0x6e, 0x65, 0x20, 0x73, 0x74, 0x75, 0x63, 0x6b, 0x20, 0x68, 0x69, 0x67, 0x68  ; FC70: "line stuck high"
    db 0x00, 0x00, 0x4d, 0x49, 0x00  ; FC7F
    db 0x44, 0x69, 0x73, 0x70, 0x6c, 0x61, 0x79, 0x20, 0x63, 0x6f, 0x6e, 0x74, 0x72, 0x6f, 0x6c, 0x6c, 0x65, 0x72, 0x20, 0x3a  ; FC84: "Display controller :"
    db 0x00  ; FC98
    db 0x20, 0x54, 0x49, 0x4d, 0x45, 0x4f, 0x55, 0x54  ; FC99: " TIMEOUT"
    db 0x00, 0x4d, 0x49, 0x00  ; FCA1
    db 0x44, 0x69, 0x73, 0x70, 0x6c, 0x61, 0x79, 0x20, 0x63, 0x6f, 0x6e, 0x74, 0x72, 0x6f, 0x6c, 0x6c, 0x65, 0x72, 0x20, 0x3a  ; FCA5: "Display controller :"
    db 0x00  ; FCB9
    db 0x20, 0x75, 0x6e, 0x61, 0x62, 0x6c, 0x65, 0x20, 0x74, 0x6f, 0x20, 0x72, 0x65, 0x73, 0x65, 0x74, 0x20, 0x6d, 0x69  ; FCBA: " unable to reset mi"
    db 0x00, 0x0c, 0x00, 0x0d, 0x0a, 0x00  ; FCCD
    db 0x32, 0x32, 0x33, 0x30, 0x2f, 0x32, 0x32, 0x32, 0x30, 0x20, 0x62, 0x6f, 0x6f, 0x74, 0x20, 0x3a, 0x20, 0x31, 0x36, 0x30, 0x2d  ; FCD3: "2230/2220 boot : 160-"
    db 0x00, 0x2d, 0x00, 0x0d, 0x0a, 0x00  ; FCE8
    db 0x50, 0x4f, 0x57, 0x45, 0x52, 0x20, 0x55, 0x50, 0x20, 0x46, 0x41, 0x49, 0x4c, 0x55, 0x52, 0x45, 0x53  ; FCEE: "POWER UP FAILURES"
    db 0x00  ; FCFF
    db 0x50, 0x52, 0x45, 0x53, 0x53, 0x20, 0x4d, 0x45, 0x4e, 0x55, 0x20, 0x4b, 0x45, 0x59, 0x53, 0x20, 0x54, 0x4f, 0x20, 0x43, 0x4f, 0x4e, 0x54, 0x49, 0x4e, 0x55, 0x45  ; FD00: "PRESS MENU KEYS TO CONTINUE"
    db 0x00, 0x0d, 0x0a, 0x00  ; FD1B
    db 0x6e, 0x6f, 0x74, 0x20, 0x69, 0x6e, 0x73, 0x74, 0x61, 0x6c, 0x6c, 0x65, 0x64  ; FD1F: "not installed"
    db 0x00, 0xff  ; FD2C
    db 0x72, 0x65, 0x61, 0x64, 0x2d, 0x62, 0x61, 0x63, 0x6b  ; FD2E: "read-back"
    db 0x00, 0x20, 0x3c, 0x3e, 0x00  ; FD37
    db 0x41, 0x43, 0x51, 0x5f, 0x41, 0x42  ; FD3C: "ACQ_AB"
    db 0x00, 0xff, 0x43, 0x44, 0x54, 0x00  ; FD42
    db 0x75, 0x6e, 0x63, 0x61, 0x6c, 0x65, 0x64, 0x20, 0x3a, 0x20, 0x6d, 0x69, 0x6e, 0x20, 0x3d  ; FD48: "uncaled : min ="
    db 0x00, 0x43, 0x44, 0x54, 0x00  ; FD57
    db 0x75, 0x6e, 0x63, 0x61, 0x6c, 0x65, 0x64, 0x20, 0x3a, 0x20, 0x64, 0x65, 0x6c, 0x74, 0x61, 0x20, 0x3d  ; FD5C: "uncaled : delta ="
    db 0x00, 0x43, 0x44, 0x54, 0x00  ; FD6D
    db 0x50, 0x52, 0x45, 0x2d, 0x44, 0x45, 0x54, 0x52, 0x49, 0x47, 0x20  ; FD72: "PRE-DETRIG "
    db 0x00, 0x43, 0x44, 0x54, 0x00  ; FD7D
    db 0x54, 0x49, 0x4d, 0x45, 0x2d, 0x4f, 0x55, 0x54, 0x20  ; FD82: "TIME-OUT "
    db 0x00  ; FD8B
    db 0x63, 0x75, 0x72, 0x73, 0x6f, 0x72, 0x20, 0x3a, 0x61, 0x20, 0x3d  ; FD8C: "cursor :a ="
    db 0x00  ; FD97
    db 0x20, 0x26, 0x20, 0x62, 0x20, 0x3d  ; FD98: " & b ="
    db 0x00  ; FD9E
    db 0x46, 0x50, 0x5f, 0x61, 0x32, 0x64  ; FD9F: "FP_a2d"
    db 0x00  ; FDA5
    db 0x67, 0x6e, 0x64, 0x20, 0x3d  ; FDA6: "gnd ="
    db 0x00  ; FDAB
    db 0x46, 0x50, 0x5f, 0x61, 0x32, 0x64  ; FDAC: "FP_a2d"
    db 0x00, 0x3e, 0x20, 0x35, 0x00  ; FDB2
    db 0x46, 0x50, 0x5f, 0x61, 0x32, 0x64  ; FDB7: "FP_a2d"
    db 0x00  ; FDBD
    db 0x54, 0x49, 0x4d, 0x45, 0x2d, 0x4f, 0x55, 0x54  ; FDBE: "TIME-OUT"
    db 0x00, 0x00  ; FDC6
    db 0x48, 0x53, 0x5f, 0x41, 0x43, 0x51  ; FDC8: "HS_ACQ"
    db 0x00  ; FDCE
    db 0x48, 0x53, 0x5f, 0x41, 0x43, 0x51  ; FDCF: "HS_ACQ"
    db 0x00  ; FDD5
    db 0x4d, 0x4d, 0x5f, 0x41, 0x43, 0x51  ; FDD6: "MM_ACQ"
    db 0x00  ; FDDC
    db 0x66, 0x69, 0x6c, 0x6c, 0x20, 0x40  ; FDDD: "fill @"
    db 0x00, 0x20, 0x3a, 0x00, 0x20, 0x3c, 0x3e, 0x00  ; FDE3
    db 0x4d, 0x4d, 0x5f, 0x41, 0x43, 0x51  ; FDEB: "MM_ACQ"
    db 0x00  ; FDF1
    db 0x58, 0x59, 0x5f, 0x41, 0x43, 0x51  ; FDF2: "XY_ACQ"
    db 0x00  ; FDF8
    db 0x58, 0x59, 0x5f, 0x41, 0x43, 0x51  ; FDF9: "XY_ACQ"
    db 0x00  ; FDFF
    db 0x6e, 0x6f, 0x74, 0x20, 0x69, 0x6d, 0x70, 0x6c, 0x65, 0x6d, 0x65, 0x6e, 0x74, 0x65, 0x64  ; FE00: "not implemented"
    db 0x00  ; FE0F
    db 0x72, 0x65, 0x61, 0x64, 0x2d, 0x62, 0x61, 0x63, 0x6b  ; FE10: "read-back"
    db 0x00, 0x20, 0x3c, 0x3e, 0x00, 0x50, 0x52, 0x43, 0x00  ; FE19
    db 0x68, 0x73, 0x2f, 0x32, 0x20  ; FE22: "hs/2 "
    db 0x00  ; FE27
    db 0x70, 0x73, 0x2f, 0x32, 0x20  ; FE28: "ps/2 "
    db 0x00  ; FE2D
    db 0x70, 0x73, 0x2f, 0x35, 0x20  ; FE2E: "ps/5 "
    db 0x00  ; FE33
    db 0x70, 0x73, 0x2f, 0x31, 0x30  ; FE34: "ps/10"
    db 0x00  ; FE39
    db 0x2f, 0x31, 0x30, 0x20, 0x20  ; FE3A: "/10  "
    db 0x00  ; FE3F
    db 0x2f, 0x31, 0x30, 0x30, 0x20  ; FE40: "/100 "
    db 0x00  ; FE45
    db 0x2f, 0x31, 0x4b, 0x20, 0x20  ; FE46: "/1K  "
    db 0x00  ; FE4B
    db 0x2f, 0x31, 0x30, 0x4b, 0x20  ; FE4C: "/10K "
    db 0x00  ; FE51
    db 0x2f, 0x31, 0x30, 0x30, 0x4b  ; FE52: "/100K"
    db 0x00, 0x54, 0x42, 0x44, 0x20, 0x00, 0xff  ; FE57
    db 0x43, 0x4f, 0x4d, 0x4d, 0x5f, 0x52, 0x4f, 0x4d  ; FE5E: "COMM_ROM"
    db 0x00  ; FE66
    db 0x43, 0x4f, 0x4d, 0x4d, 0x5f, 0x52, 0x41, 0x4d  ; FE67: "COMM_RAM"
    db 0x00, 0x00  ; FE6F
    db 0x43, 0x4d, 0x4f, 0x53, 0x20, 0x4e, 0x4f, 0x54, 0x20, 0x53, 0x55, 0x50, 0x50, 0x4f, 0x52, 0x54, 0x45, 0x44  ; FE71: "CMOS NOT SUPPORTED"
    db 0x00, 0x00, 0x43, 0x4d, 0x4f, 0x53, 0x00  ; FE83
    db 0x72, 0x65, 0x66, 0x6f, 0x72, 0x6d, 0x61, 0x74, 0x65, 0x64  ; FE8A: "reformated"
    db 0x00  ; FE94
    db 0x72, 0x65, 0x63, 0x6f, 0x76, 0x65, 0x72, 0x65, 0x64  ; FE95: "recovered"
    db 0x00, 0x00  ; FE9E
    db 0x43, 0x4f, 0x4d, 0x4d, 0x5f, 0x4c, 0x42  ; FEA0: "COMM_LB"
    db 0x00  ; FEA7
    db 0x46, 0x47, 0x45, 0x54, 0x20, 0x4e, 0x4f, 0x54, 0x20, 0x53, 0x45, 0x54  ; FEA8: "FGET NOT SET"
    db 0x00, 0x00  ; FEB4
    db 0x43, 0x4f, 0x4d, 0x4d, 0x5f, 0x4c, 0x42  ; FEB6: "COMM_LB"
    db 0x00  ; FEBD
    db 0x46, 0x47, 0x45, 0x54, 0x20, 0x4e, 0x4f, 0x54, 0x20, 0x43, 0x4c, 0x45, 0x41, 0x52  ; FEBE: "FGET NOT CLEAR"
    db 0x00, 0x00  ; FECC
    db 0x72, 0x62, 0x28, 0x31, 0x29, 0x3d  ; FECE: "rb(1)="
    db 0x00  ; FED4
    db 0x20, 0x26, 0x20, 0x72, 0x62, 0x28, 0x30, 0x29, 0x3d  ; FED5: " & rb(0)="
    db 0x00  ; FEDE
    db 0x43, 0x4f, 0x4d, 0x4d, 0x5f, 0x52, 0x42  ; FEDF: "COMM_RB"
    db 0x00, 0x00  ; FEE6
    db 0x53, 0x59, 0x53, 0x5f, 0x52, 0x41, 0x4d  ; FEE8: "SYS_RAM"
    db 0x00  ; FEEF
    db 0x4e, 0x49, 0x42, 0x5f, 0x52, 0x41, 0x4d  ; FEF0: "NIB_RAM"
    db 0x00  ; FEF7
    db 0x41, 0x43, 0x51, 0x5f, 0x52, 0x41, 0x4d, 0x20, 0x65, 0x76, 0x65, 0x6e  ; FEF8: "ACQ_RAM even"
    db 0x00  ; FF04
    db 0x41, 0x43, 0x51, 0x5f, 0x52, 0x41, 0x4d, 0x20, 0x6f, 0x64, 0x64  ; FF05: "ACQ_RAM odd"
    db 0x00, 0x20, 0x40, 0x00, 0x20, 0x3c, 0x3e, 0x20, 0x00, 0xff, 0x52, 0x4f, 0x4d, 0x00, 0x52, 0x4f  ; FF10
    db 0x4d, 0x00, 0x2c, 0x00, 0x2c, 0x00, 0x2c, 0x00, 0x52, 0x4f, 0x4d, 0x53, 0x00  ; FF20
    db 0x4d, 0x49, 0x53, 0x4d, 0x41, 0x54, 0x43, 0x48  ; FF2D: "MISMATCH"
    db 0x00, 0x20, 0x00, 0x20, 0x3c, 0x3e, 0x20, 0x00, 0x00  ; FF35
    db 0x66, 0x69, 0x6c, 0x6c, 0x20, 0x40  ; FF3E: "fill @"
    db 0x00, 0x20, 0x3a, 0x00, 0x20, 0x3c, 0x3e, 0x00  ; FF44
    db 0x6c, 0x61, 0x74, 0x65, 0x6e, 0x74, 0x20, 0x45, 0x4e, 0x44, 0x5f, 0x4f, 0x46, 0x5f, 0x52, 0x45, 0x43, 0x4f, 0x52, 0x44  ; FF4C: "latent END_OF_RECORD"
    db 0x00, 0x00, 0x70, 0x72, 0x63, 0x00, 0x3c, 0x3e, 0x00  ; FF60
    db 0x61, 0x63, 0x71, 0x5f, 0x6d, 0x65, 0x6d, 0x20, 0x63, 0x6e, 0x74, 0x72  ; FF69: "acq_mem cntr"
    db 0x00, 0x20, 0x3c, 0x3e, 0x00, 0x0d, 0x0a, 0x00, 0x20, 0x3a, 0x20, 0x00, 0x20, 0x3a, 0x20, 0x00  ; FF75
    db 0x0d, 0x0a, 0x00, 0x20, 0x00  ; FF85
    db 0x4e, 0x6f, 0x74, 0x20, 0x69, 0x6e, 0x73, 0x74, 0x61, 0x6c, 0x6c, 0x65, 0x64  ; FF8A: "Not installed"
    db 0x00  ; FF97
    db 0x46, 0x41, 0x49, 0x4c, 0x45, 0x44  ; FF98: "FAILED"
    db 0x00  ; FF9E
    db 0x50, 0x41, 0x53, 0x53, 0x45, 0x44  ; FF9F: "PASSED"
    db 0x00  ; FFA5
    db 0x55, 0x4e, 0x54, 0x45, 0x53, 0x54, 0x45, 0x44  ; FFA6: "UNTESTED"
    db 0x00, 0xff  ; FFAE
    db 0x77, 0x20, 0x6d, 0x69, 0x73, 0x73, 0x69, 0x6e, 0x67, 0x20, 0x63, 0x6f, 0x64, 0x65, 0x73  ; FFB0: "w missing codes"
    db 0x00, 0x00, 0x00, 0xff, 0xff, 0xff, 0xff, 0xff, 0xff, 0xff, 0xff, 0xff, 0xff, 0xff, 0xff, 0xff  ; FFBF
    db 0xff, 0xff, 0xff, 0xff, 0xff, 0xff, 0xff, 0xff, 0xff, 0xff, 0xff, 0xff, 0xff, 0xff, 0xff, 0xff  ; FFCF
    db 0xff, 0xff, 0xff, 0xff, 0xff, 0xff, 0xff, 0xff, 0xff, 0xff, 0xff, 0xff, 0xff, 0xff, 0xff, 0xff  ; FFDF
    db 0xff  ; FFEF
RESET:
    jmp 0xe00b:0x0001                        ; FFF0: ljmp 0xe00b:1
    db 0xea, 0xb4, 0x00, 0xd1, 0xe5, 0xea, 0xc7, 0x00, 0xd1, 0xe5, 0xff  ; FFF5
