; Tektronix 2230 main system ROM (160-3532-14 + 160-3633-14)
; Intel 8088/8086 real mode, recursive-descent from reset vector.
; CONFIRMED mapping: 3633=0xE0000-0xEFFFF, 3532=0xF0000-0xFFFFF
; Labels are address-based placeholders; rename to functional
; names in the .symbols.json as their purpose is understood.

set_comm_flow_hold:
    2998:0060  [80060]  55              push    bp
    2998:0061  [80061]  8bec            mov     bp, sp
    2998:0063  [80063]  83ec06          sub     sp, 6
    2998:0066  [80066]  9c              pushf   
    2998:0067  [80067]  fa              cli     
    2998:0068  [80068]  8b4606          mov     ax, word ptr [bp + 6]
    2998:006B  [8006B]  3c00            cmp     al, 0
    2998:006D  [8006D]  750c            jne     L_8007B  ; 0x1b
    2998:006F  [8006F]  803ea10500      cmp     byte ptr [0x5a1], 0
    2998:0074  [80074]  741f            je      L_80095  ; 0x35
    2998:0076  [80076]  b313            mov     bl, 0x13
    2998:0078  [80078]  eb0c            jmp     L_80086  ; 0x26

L_8007B:
    2998:007B  [8007B]  803ea10500      cmp     byte ptr [0x5a1], 0
    2998:0080  [80080]  7513            jne     L_80095  ; 0x35
    2998:0082  [80082]  b0ff            mov     al, 0xff
    2998:0084  [80084]  b393            mov     bl, 0x93
L_80086:
    2998:0086  [80086]  c43ed606        les     di, ptr [0x6d6]
    2998:008A  [8008A]  26885d03        mov     byte ptr es:[di + 3], bl
    2998:008E  [8008E]  a2a205          mov     byte ptr [0x5a2], al
    2998:0091  [80091]  a2a105          mov     byte ptr [0x5a1], al
    2998:0094  [80094]  9d              popf    
L_80095:
    2998:0095  [80095]  8be5            mov     sp, bp
    2998:0097  [80097]  5d              pop     bp
    2998:0098  [80098]  ca0200          retf    2
set_comm_queue_busy:
    2998:009B  [8009B]  55              push    bp
    2998:009C  [8009C]  8bec            mov     bp, sp
    2998:009E  [8009E]  83ec06          sub     sp, 6
    2998:00A1  [800A1]  9c              pushf   
    2998:00A2  [800A2]  fa              cli     
    2998:00A3  [800A3]  c43ee206        les     di, ptr [0x6e2]
    2998:00A7  [800A7]  837e0600        cmp     word ptr [bp + 6], 0
    2998:00AB  [800AB]  7422            je      L_800CF  ; 0x6f
    2998:00AD  [800AD]  c6068e06ff      mov     byte ptr [0x68e], 0xff
    2998:00B2  [800B2]  26c7050000      mov     word ptr es:[di], 0
    2998:00B7  [800B7]  c6069705ff      mov     byte ptr [0x597], 0xff
    2998:00BC  [800BC]  c6069605ff      mov     byte ptr [0x596], 0xff
    2998:00C1  [800C1]  a0a105          mov     al, byte ptr [0x5a1]
    2998:00C4  [800C4]  d1e0            shl     ax, 1
    2998:00C6  [800C6]  0d0100          or      ax, 1
    2998:00C9  [800C9]  a2a105          mov     byte ptr [0x5a1], al
    2998:00CC  [800CC]  eb27            jmp     L_800F5  ; 0x95

L_800CF:
    2998:00CF  [800CF]  a0a105          mov     al, byte ptr [0x5a1]
    2998:00D2  [800D2]  d0e8            shr     al, 1
    2998:00D4  [800D4]  a2a105          mov     byte ptr [0x5a1], al
    2998:00D7  [800D7]  3c00            cmp     al, 0
    2998:00D9  [800D9]  751a            jne     L_800F5  ; 0x95
    2998:00DB  [800DB]  c606970500      mov     byte ptr [0x597], 0
    2998:00E0  [800E0]  26c60501        mov     byte ptr es:[di], 1
    2998:00E4  [800E4]  803e5a0400      cmp     byte ptr [0x45a], 0
    2998:00E9  [800E9]  750a            jne     L_800F5  ; 0x95
    2998:00EB  [800EB]  c606960500      mov     byte ptr [0x596], 0
    2998:00F0  [800F0]  26c6450101      mov     byte ptr es:[di + 1], 1
L_800F5:
    2998:00F5  [800F5]  9d              popf    
    2998:00F6  [800F6]  8be5            mov     sp, bp
    2998:00F8  [800F8]  5d              pop     bp
    2998:00F9  [800F9]  ca0200          retf    2
update_comm_tx_ready_flag:
    2998:00FC  [800FC]  55              push    bp
    2998:00FD  [800FD]  8bec            mov     bp, sp
    2998:00FF  [800FF]  83ec06          sub     sp, 6
    2998:0102  [80102]  9c              pushf   
    2998:0103  [80103]  fa              cli     
    2998:0104  [80104]  c43ee206        les     di, ptr [0x6e2]
    2998:0108  [80108]  837e0600        cmp     word ptr [bp + 6], 0
    2998:010C  [8010C]  740d            je      L_8011B  ; 0xbb
    2998:010E  [8010E]  26c6450100      mov     byte ptr es:[di + 1], 0
    2998:0113  [80113]  c6069605ff      mov     byte ptr [0x596], 0xff
    2998:0118  [80118]  eb12            jmp     L_8012C  ; 0xcc

L_8011B:
    2998:011B  [8011B]  803e5a0400      cmp     byte ptr [0x45a], 0
    2998:0120  [80120]  750a            jne     L_8012C  ; 0xcc
    2998:0122  [80122]  c606960500      mov     byte ptr [0x596], 0
    2998:0127  [80127]  26c6450101      mov     byte ptr es:[di + 1], 1
L_8012C:
    2998:012C  [8012C]  9d              popf    
    2998:012D  [8012D]  8be5            mov     sp, bp
    2998:012F  [8012F]  5d              pop     bp
    2998:0130  [80130]  ca0200          retf    2
init_far_pointer_table:
    2998:0133  [80133]  fc              cld     
    2998:0134  [80134]  b81380          mov     ax, 0x8013
    2998:0137  [80137]  8ed8            mov     ds, ax
    2998:0139  [80139]  be2200          mov     si, 0x22
    2998:013C  [8013C]  8b04            mov     ax, word ptr [si]
    2998:013E  [8013E]  8ec0            mov     es, ax
    2998:0140  [80140]  83c602          add     si, 2
L_80143:
    2998:0143  [80143]  8b3c            mov     di, word ptr [si]
    2998:0145  [80145]  83ffff          cmp     di, -1
    2998:0148  [80148]  7407            je      L_80151  ; 0x21
    2998:014A  [8014A]  83c602          add     si, 2
    2998:014D  [8014D]  a5              movsw   word ptr es:[di], word ptr [si]
    2998:014E  [8014E]  a5              movsw   word ptr es:[di], word ptr [si]
    2998:014F  [8014F]  ebf2            jmp     L_80143  ; 0x13
L_80151:
    2998:0151  [80151]  cb              retf    

print_signed_decimal_serial:
    2998:1404  [81404]  55              push    bp
    2998:1405  [81405]  8bec            mov     bp, sp
    2998:1407  [81407]  83ec06          sub     sp, 6
    2998:140A  [8140A]  837e0600        cmp     word ptr [bp + 6], 0
    2998:140E  [8140E]  7d11            jge     L_81421  ; 0x1161
    2998:1410  [81410]  bf2d00          mov     di, 0x2d
    2998:1413  [81413]  57              push    di
    2998:1414  [81414]  9ab105c982      lcall   putchar_serial  ; 0x82c9, 0x5b1
    2998:1419  [81419]  8b7e06          mov     di, word ptr [bp + 6]
    2998:141C  [8141C]  f7df            neg     di
    2998:141E  [8141E]  897e06          mov     word ptr [bp + 6], di
L_81421:
    2998:1421  [81421]  ff7606          push    word ptr [bp + 6]
    2998:1424  [81424]  9a6f112c80      lcall   print_unsigned_decimal_serial  ; 0x802c, 0x116f
    2998:1429  [81429]  8be5            mov     sp, bp
    2998:142B  [8142B]  5d              pop     bp
    2998:142C  [8142C]  ca0200          retf    2
print_unsigned_decimal_serial:
    2998:142F  [8142F]  55              push    bp
    2998:1430  [81430]  8bec            mov     bp, sp
    2998:1432  [81432]  83ec0c          sub     sp, 0xc
    2998:1435  [81435]  56              push    si
    2998:1436  [81436]  c646f900        mov     byte ptr [bp - 7], 0
    2998:143A  [8143A]  be0500          mov     si, 5
L_8143D:
    2998:143D  [8143D]  8b4606          mov     ax, word ptr [bp + 6]
    2998:1440  [81440]  2bd2            sub     dx, dx
    2998:1442  [81442]  bf0a00          mov     di, 0xa
    2998:1445  [81445]  f7f7            div     di
    2998:1447  [81447]  83c230          add     dx, 0x30
    2998:144A  [8144A]  8bda            mov     bx, dx
    2998:144C  [8144C]  4e              dec     si
    2998:144D  [8144D]  885af4          mov     byte ptr [bp + si - 0xc], bl
    2998:1450  [81450]  8b4606          mov     ax, word ptr [bp + 6]
    2998:1453  [81453]  2bd2            sub     dx, dx
    2998:1455  [81455]  f7f7            div     di
    2998:1457  [81457]  894606          mov     word ptr [bp + 6], ax
    2998:145A  [8145A]  3d0000          cmp     ax, 0
    2998:145D  [8145D]  77de            ja      L_8143D  ; 0x117d
    2998:145F  [8145F]  8d52f4          lea     dx, [bp + si - 0xc]
    2998:1462  [81462]  16              push    ss
    2998:1463  [81463]  52              push    dx
    2998:1464  [81464]  9a7100c982      lcall   print_string_serial  ; 0x82c9, 0x71
    2998:1469  [81469]  5e              pop     si
    2998:146A  [8146A]  8be5            mov     sp, bp
    2998:146C  [8146C]  5d              pop     bp
    2998:146D  [8146D]  ca0200          retf    2

init_comm_default_params:
    2998:21F7  [821F7]  55              push    bp
    2998:21F8  [821F8]  8bec            mov     bp, sp
    2998:21FA  [821FA]  83ec06          sub     sp, 6
    2998:21FD  [821FD]  e94900          jmp     L_82249  ; 0x769
L_82200:
    2998:2200  [82200]  c43e3207        les     di, ptr [0x732]
    2998:2204  [82204]  26807d1f1e      cmp     byte ptr es:[di + 0x1f], 0x1e
    2998:2209  [82209]  7506            jne     L_82211  ; 0x731
    2998:220B  [8220B]  bf0100          mov     di, 1
    2998:220E  [8220E]  e90300          jmp     L_82214  ; 0x734
L_82211:
    2998:2211  [82211]  bf0400          mov     di, 4
L_82214:
    2998:2214  [82214]  8bd7            mov     dx, di
    2998:2216  [82216]  8816f504        mov     byte ptr [0x4f5], dl
    2998:221A  [8221A]  c606570562      mov     byte ptr [0x557], 0x62
    2998:221F  [8221F]  c7065c050004    mov     word ptr [0x55c], 0x400
    2998:2225  [82225]  c6065b0501      mov     byte ptr [0x55b], 1
    2998:222A  [8222A]  c6065a0508      mov     byte ptr [0x55a], 8
    2998:222F  [8222F]  c70660050000    mov     word ptr [0x560], 0
    2998:2235  [82235]  c70662050000    mov     word ptr [0x562], 0
    2998:223B  [8223B]  c7065e050000    mov     word ptr [0x55e], 0
    2998:2241  [82241]  c606590555      mov     byte ptr [0x559], 0x55
    2998:2246  [82246]  e90800          jmp     L_82251  ; 0x771
L_82249:
    2998:2249  [82249]  8b4606          mov     ax, word ptr [bp + 6]
    2998:224C  [8224C]  3d0100          cmp     ax, 1
    2998:224F  [8224F]  74af            je      L_82200  ; 0x720
L_82251:
    2998:2251  [82251]  8be5            mov     sp, bp
    2998:2253  [82253]  5d              pop     bp
    2998:2254  [82254]  ca0200          retf    2

print_string_serial:
    2998:2D01  [82D01]  55              push    bp
    2998:2D02  [82D02]  8bec            mov     bp, sp
    2998:2D04  [82D04]  83ec06          sub     sp, 6
    2998:2D07  [82D07]  e91200          jmp     L_82D1C  ; 0x8c
L_82D0A:
    2998:2D0A  [82D0A]  c47e06          les     di, ptr [bp + 6]
    2998:2D0D  [82D0D]  ff4606          inc     word ptr [bp + 6]
    2998:2D10  [82D10]  268a15          mov     dl, byte ptr es:[di]
    2998:2D13  [82D13]  88160500        mov     byte ptr [5], dl
    2998:2D17  [82D17]  9af8028796      lcall   serial_tx_buffer_put  ; 0x9687, 0x2f8
L_82D1C:
    2998:2D1C  [82D1C]  c47e06          les     di, ptr [bp + 6]
    2998:2D1F  [82D1F]  26803d00        cmp     byte ptr es:[di], 0
    2998:2D23  [82D23]  75e5            jne     L_82D0A  ; 0x7a
    2998:2D25  [82D25]  8be5            mov     sp, bp
    2998:2D27  [82D27]  5d              pop     bp
    2998:2D28  [82D28]  ca0400          retf    4
print_padded_label:
    2998:2D2B  [82D2B]  55              push    bp
    2998:2D2C  [82D2C]  8bec            mov     bp, sp
    2998:2D2E  [82D2E]  83ec06          sub     sp, 6
    2998:2D31  [82D31]  56              push    si
    2998:2D32  [82D32]  803ef20400      cmp     byte ptr [0x4f2], 0
    2998:2D37  [82D37]  7515            jne     L_82D4E  ; 0xbe
    2998:2D39  [82D39]  a00806          mov     al, byte ptr [0x608]
    2998:2D3C  [82D3C]  2ae4            sub     ah, ah
    2998:2D3E  [82D3E]  c43eee06        les     di, ptr [0x6ee]
    2998:2D42  [82D42]  8bd8            mov     bx, ax
    2998:2D44  [82D44]  268a11          mov     dl, byte ptr es:[bx + di]
    2998:2D47  [82D47]  2af6            sub     dh, dh
    2998:2D49  [82D49]  8bf2            mov     si, dx
    2998:2D4B  [82D4B]  e90f00          jmp     L_82D5D  ; 0xcd
L_82D4E:
    2998:2D4E  [82D4E]  c43e0a06        les     di, ptr [0x60a]
    2998:2D52  [82D52]  268a15          mov     dl, byte ptr es:[di]
    2998:2D55  [82D55]  2af6            sub     dh, dh
    2998:2D57  [82D57]  81e20f00        and     dx, 0xf
    2998:2D5B  [82D5B]  8bf2            mov     si, dx
L_82D5D:
    2998:2D5D  [82D5D]  ff060a06        inc     word ptr [0x60a]
    2998:2D61  [82D61]  e92000          jmp     L_82D84  ; 0xf4
L_82D64:
    2998:2D64  [82D64]  c43e0a06        les     di, ptr [0x60a]
    2998:2D68  [82D68]  ff060a06        inc     word ptr [0x60a]
    2998:2D6C  [82D6C]  268a15          mov     dl, byte ptr es:[di]
    2998:2D6F  [82D6F]  88160500        mov     byte ptr [5], dl
    2998:2D73  [82D73]  803e050061      cmp     byte ptr [5], 0x61
    2998:2D78  [82D78]  7205            jb      L_82D7F  ; 0xef
    2998:2D7A  [82D7A]  802605005f      and     byte ptr [5], 0x5f
L_82D7F:
    2998:2D7F  [82D7F]  9af8028796      lcall   serial_tx_buffer_put  ; 0x9687, 0x2f8
L_82D84:
    2998:2D84  [82D84]  8bfe            mov     di, si
    2998:2D86  [82D86]  4e              dec     si
    2998:2D87  [82D87]  83ff00          cmp     di, 0
    2998:2D8A  [82D8A]  75d8            jne     L_82D64  ; 0xd4
    2998:2D8C  [82D8C]  c606050020      mov     byte ptr [5], 0x20
    2998:2D91  [82D91]  9af8028796      lcall   serial_tx_buffer_put  ; 0x9687, 0x2f8
    2998:2D96  [82D96]  5e              pop     si
    2998:2D97  [82D97]  8be5            mov     sp, bp
    2998:2D99  [82D99]  5d              pop     bp
    2998:2D9A  [82D9A]  cb              retf    

print_param_list_response:
    2998:2EB9  [82EB9]  55              push    bp
    2998:2EBA  [82EBA]  8bec            mov     bp, sp
    2998:2EBC  [82EBC]  83ec08          sub     sp, 8
    2998:2EBF  [82EBF]  51              push    cx
    2998:2EC0  [82EC0]  c43ee606        les     di, ptr [0x6e6]
    2998:2EC4  [82EC4]  8d95fe00        lea     dx, [di + 0xfe]
    2998:2EC8  [82EC8]  89160a06        mov     word ptr [0x60a], dx
    2998:2ECC  [82ECC]  8c060c06        mov     word ptr [0x60c], es
    2998:2ED0  [82ED0]  c606080600      mov     byte ptr [0x608], 0
    2998:2ED5  [82ED5]  c646f900        mov     byte ptr [bp - 7], 0
    2998:2ED9  [82ED9]  9a9b00c982      lcall   print_padded_label  ; 0x82c9, 0x9b
L_82EDE:
    2998:2EDE  [82EDE]  9a8402c982      lcall   get_next_param_value  ; 0x82c9, 0x284
    2998:2EE3  [82EE3]  8bc8            mov     cx, ax
    2998:2EE5  [82EE5]  8ad1            mov     dl, cl
    2998:2EE7  [82EE7]  2af6            sub     dh, dh
    2998:2EE9  [82EE9]  52              push    dx
    2998:2EEA  [82EEA]  9a44112c80      lcall   print_signed_decimal_serial  ; 0x802c, 0x1144
    2998:2EEF  [82EEF]  a08005          mov     al, byte ptr [0x580]
    2998:2EF2  [82EF2]  8a169005        mov     dl, byte ptr [0x590]
    2998:2EF6  [82EF6]  3ac2            cmp     al, dl
    2998:2EF8  [82EF8]  740c            je      L_82F06  ; 0x276
    2998:2EFA  [82EFA]  bf2c00          mov     di, 0x2c
    2998:2EFD  [82EFD]  57              push    di
    2998:2EFE  [82EFE]  9ab105c982      lcall   putchar_serial  ; 0x82c9, 0x5b1
    2998:2F03  [82F03]  e9d8ff          jmp     L_82EDE  ; 0x24e
L_82F06:
    2998:2F06  [82F06]  bf3b00          mov     di, 0x3b
    2998:2F09  [82F09]  57              push    di
    2998:2F0A  [82F0A]  9ab105c982      lcall   putchar_serial  ; 0x82c9, 0x5b1
    2998:2F0F  [82F0F]  59              pop     cx
    2998:2F10  [82F10]  8be5            mov     sp, bp
    2998:2F12  [82F12]  5d              pop     bp
    2998:2F13  [82F13]  cb              retf    
get_next_param_value:
    2998:2F14  [82F14]  55              push    bp
    2998:2F15  [82F15]  8bec            mov     bp, sp
    2998:2F17  [82F17]  83ec06          sub     sp, 6
    2998:2F1A  [82F1A]  56              push    si
    2998:2F1B  [82F1B]  a08005          mov     al, byte ptr [0x580]
    2998:2F1E  [82F1E]  a28105          mov     byte ptr [0x581], al
    2998:2F21  [82F21]  a07f05          mov     al, byte ptr [0x57f]
    2998:2F24  [82F24]  2ae4            sub     ah, ah
    2998:2F26  [82F26]  8bf0            mov     si, ax
    2998:2F28  [82F28]  9ab509f596      lcall   SUB_97905  ; 0x96f5, 0x9b5
    2998:2F2D  [82F2D]  8bfe            mov     di, si
    2998:2F2F  [82F2F]  81e7ff00        and     di, 0xff
    2998:2F33  [82F33]  8bc7            mov     ax, di
    2998:2F35  [82F35]  5e              pop     si
    2998:2F36  [82F36]  8be5            mov     sp, bp
    2998:2F38  [82F38]  5d              pop     bp
    2998:2F39  [82F39]  cb              retf    

putchar_serial:
    2998:3241  [83241]  55              push    bp
    2998:3242  [83242]  8bec            mov     bp, sp
    2998:3244  [83244]  83ec06          sub     sp, 6
    2998:3247  [83247]  8a5606          mov     dl, byte ptr [bp + 6]
    2998:324A  [8324A]  88160500        mov     byte ptr [5], dl
    2998:324E  [8324E]  9af8028796      lcall   serial_tx_buffer_put  ; 0x9687, 0x2f8
    2998:3253  [83253]  8be5            mov     sp, bp
    2998:3255  [83255]  5d              pop     bp
    2998:3256  [83256]  ca0200          retf    2
putchar_serial_seg:
    2998:3259  [83259]  55              push    bp
    2998:325A  [8325A]  8bec            mov     bp, sp
    2998:325C  [8325C]  83ec08          sub     sp, 8
    2998:325F  [8325F]  bf808f          mov     di, 0x8f80
    2998:3262  [83262]  57              push    di
    2998:3263  [83263]  9a0e007094      lcall   set_ds_return_old  ; 0x9470, 0xe
    2998:3268  [83268]  8946f8          mov     word ptr [bp - 8], ax
    2998:326B  [8326B]  8a5606          mov     dl, byte ptr [bp + 6]
    2998:326E  [8326E]  88160500        mov     byte ptr [5], dl
    2998:3272  [83272]  9af8028796      lcall   serial_tx_buffer_put  ; 0x9687, 0x2f8
    2998:3277  [83277]  ff76f8          push    word ptr [bp - 8]
    2998:327A  [8327A]  9a0e007094      lcall   set_ds_return_old  ; 0x9470, 0xe
    2998:327F  [8327F]  8be5            mov     sp, bp
    2998:3281  [83281]  5d              pop     bp
    2998:3282  [83282]  ca0200          retf    2

comm_call_main_rom:
    2998:39D1  [839D1]  55              push    bp
    2998:39D2  [839D2]  8bec            mov     bp, sp
    2998:39D4  [839D4]  83ec08          sub     sp, 8
    2998:39D7  [839D7]  bf4100          mov     di, 0x41
    2998:39DA  [839DA]  57              push    di
    2998:39DB  [839DB]  9a0e007094      lcall   set_ds_return_old  ; 0x9470, 0xe
    2998:39E0  [839E0]  8946f8          mov     word ptr [bp - 8], ax
    2998:39E3  [839E3]  9adf2ad0ea      lcall   SUB_ED7DF  ; 0xead0, 0x2adf
    2998:39E8  [839E8]  ff76f8          push    word ptr [bp - 8]
    2998:39EB  [839EB]  9a0e007094      lcall   set_ds_return_old  ; 0x9470, 0xe
    2998:39F0  [839F0]  8be5            mov     sp, bp
    2998:39F2  [839F2]  5d              pop     bp
    2998:39F3  [839F3]  cb              retf    

SUB_850A2:
    2998:50A2  [850A2]  55              push    bp
    2998:50A3  [850A3]  8bec            mov     bp, sp
    2998:50A5  [850A5]  83ec06          sub     sp, 6
    2998:50A8  [850A8]  c706f4050000    mov     word ptr [0x5f4], 0
    2998:50AE  [850AE]  8be5            mov     sp, bp
    2998:50B0  [850B0]  5d              pop     bp
    2998:50B1  [850B1]  cb              retf    

reset_comm_parser_state:
    2998:5238  [85238]  55              push    bp
    2998:5239  [85239]  8bec            mov     bp, sp
    2998:523B  [8523B]  83ec06          sub     sp, 6
    2998:523E  [8523E]  c6062a0600      mov     byte ptr [0x62a], 0
    2998:5243  [85243]  c6063b0600      mov     byte ptr [0x63b], 0
    2998:5248  [85248]  c6063a0600      mov     byte ptr [0x63a], 0
    2998:524D  [8524D]  c70632060000    mov     word ptr [0x632], 0
    2998:5253  [85253]  c606060000      mov     byte ptr [6], 0
    2998:5258  [85258]  c6061b0600      mov     byte ptr [0x61b], 0
    2998:525D  [8525D]  c606a40500      mov     byte ptr [0x5a4], 0
    2998:5262  [85262]  c606030000      mov     byte ptr [3], 0
    2998:5267  [85267]  8be5            mov     sp, bp
    2998:5269  [85269]  5d              pop     bp
    2998:526A  [8526A]  cb              retf    
process_gpib_command_byte:
    2998:526B  [8526B]  55              push    bp
    2998:526C  [8526C]  8bec            mov     bp, sp
    2998:526E  [8526E]  83ec08          sub     sp, 8
    2998:5271  [85271]  a0a305          mov     al, byte ptr [0x5a3]
    2998:5274  [85274]  8846f9          mov     byte ptr [bp - 7], al
    2998:5277  [85277]  c606a305ff      mov     byte ptr [0x5a3], 0xff
    2998:527C  [8527C]  a00600          mov     al, byte ptr [6]
    2998:527F  [8527F]  2480            and     al, 0x80
    2998:5281  [85281]  3c00            cmp     al, 0
    2998:5283  [85283]  7408            je      L_8528D  ; 0x17d
    2998:5285  [85285]  c606900580      mov     byte ptr [0x590], 0x80
    2998:528A  [8528A]  e94100          jmp     L_852CE  ; 0x1be
L_8528D:
    2998:528D  [8528D]  803e060042      cmp     byte ptr [6], 0x42
    2998:5292  [85292]  7605            jbe     L_85299  ; 0x189
    2998:5294  [85294]  c606060026      mov     byte ptr [6], 0x26
L_85299:
    2998:5299  [85299]  a00600          mov     al, byte ptr [6]
    2998:529C  [8529C]  2ae4            sub     ah, ah
    2998:529E  [8529E]  d1e0            shl     ax, 1
    2998:52A0  [852A0]  d1e0            shl     ax, 1
    2998:52A2  [852A2]  c43e1207        les     di, ptr [0x712]
    2998:52A6  [852A6]  8bd8            mov     bx, ax
    2998:52A8  [852A8]  268a11          mov     dl, byte ptr es:[bx + di]
    2998:52AB  [852AB]  2af6            sub     dh, dh
    2998:52AD  [852AD]  bf8605          mov     di, 0x586
    2998:52B0  [852B0]  03fa            add     di, dx
    2998:52B2  [852B2]  893e8205        mov     word ptr [0x582], di
    2998:52B6  [852B6]  8c1e8405        mov     word ptr [0x584], ds
    2998:52BA  [852BA]  c43e8205        les     di, ptr [0x582]
    2998:52BE  [852BE]  26803d00        cmp     byte ptr es:[di], 0
    2998:52C2  [852C2]  750a            jne     L_852CE  ; 0x1be
    2998:52C4  [852C4]  c43e8205        les     di, ptr [0x582]
    2998:52C8  [852C8]  a00600          mov     al, byte ptr [6]
    2998:52CB  [852CB]  268805          mov     byte ptr es:[di], al
L_852CE:
    2998:52CE  [852CE]  9ab509f596      lcall   SUB_97905  ; 0x96f5, 0x9b5
    2998:52D3  [852D3]  803e290600      cmp     byte ptr [0x629], 0
    2998:52D8  [852D8]  7518            jne     L_852F2  ; 0x1e2
    2998:52DA  [852DA]  803e1c0600      cmp     byte ptr [0x61c], 0
    2998:52DF  [852DF]  7411            je      L_852F2  ; 0x1e2
    2998:52E1  [852E1]  803e7f0500      cmp     byte ptr [0x57f], 0
    2998:52E6  [852E6]  740a            je      L_852F2  ; 0x1e2
    2998:52E8  [852E8]  c606060000      mov     byte ptr [6], 0
    2998:52ED  [852ED]  9a2902c982      lcall   print_param_list_response  ; 0x82c9, 0x229
L_852F2:
    2998:52F2  [852F2]  8a56f9          mov     dl, byte ptr [bp - 7]
    2998:52F5  [852F5]  2af6            sub     dh, dh
    2998:52F7  [852F7]  52              push    dx
    2998:52F8  [852F8]  9a440cf596      lcall   set_comm_critical_flag  ; 0x96f5, 0xc44
    2998:52FD  [852FD]  8be5            mov     sp, bp
    2998:52FF  [852FF]  5d              pop     bp
    2998:5300  [85300]  cb              retf    

init_comm_device_type_and_defaults:
    2998:5E66  [85E66]  55              push    bp
    2998:5E67  [85E67]  8bec            mov     bp, sp
    2998:5E69  [85E69]  83ec06          sub     sp, 6
    2998:5E6C  [85E6C]  c43e3207        les     di, ptr [0x732]
    2998:5E70  [85E70]  26807d1f1e      cmp     byte ptr es:[di + 0x1f], 0x1e
    2998:5E75  [85E75]  7506            jne     L_85E7D  ; 0x1d
    2998:5E77  [85E77]  bf0100          mov     di, 1
    2998:5E7A  [85E7A]  e90300          jmp     L_85E80  ; 0x20
L_85E7D:
    2998:5E7D  [85E7D]  bf0400          mov     di, 4
L_85E80:
    2998:5E80  [85E80]  8bd7            mov     dx, di
    2998:5E82  [85E82]  8816f504        mov     byte ptr [0x4f5], dl
    2998:5E86  [85E86]  c706fc040100    mov     word ptr [0x4fc], 1
    2998:5E8C  [85E8C]  c706f8040200    mov     word ptr [0x4f8], 2
    2998:5E92  [85E92]  c706fa040100    mov     word ptr [0x4fa], 1
    2998:5E98  [85E98]  bf0100          mov     di, 1
    2998:5E9B  [85E9B]  57              push    di
    2998:5E9C  [85E9C]  9a1707ae81      lcall   init_comm_default_params  ; 0x81ae, 0x717
    2998:5EA1  [85EA1]  c6062806ff      mov     byte ptr [0x628], 0xff
    2998:5EA6  [85EA6]  c6061c0601      mov     byte ptr [0x61c], 1
    2998:5EAB  [85EAB]  c606390600      mov     byte ptr [0x639], 0
    2998:5EB0  [85EB0]  c606360600      mov     byte ptr [0x636], 0
    2998:5EB5  [85EB5]  c606f204ff      mov     byte ptr [0x4f2], 0xff
    2998:5EBA  [85EBA]  8be5            mov     sp, bp
    2998:5EBC  [85EBC]  5d              pop     bp
    2998:5EBD  [85EBD]  cb              retf    

L_88729:
    2998:8729  [88729]  ff2b            ljmp    [bp + di]

handle_gpib_device_clear:
    2998_alias_90000:16D6  [916D6]  55              push    bp
    2998_alias_90000:16D7  [916D7]  8bec            mov     bp, sp
    2998_alias_90000:16D9  [916D9]  83ec12          sub     sp, 0x12
    2998_alias_90000:16DC  [916DC]  bf808f          mov     di, 0x8f80
    2998_alias_90000:16DF  [916DF]  57              push    di
    2998_alias_90000:16E0  [916E0]  9a0e007094      lcall   set_ds_return_old  ; 0x9470, 0xe
    2998_alias_90000:16E5  [916E5]  8946f6          mov     word ptr [bp - 0xa], ax
    2998_alias_90000:16E8  [916E8]  c746eebc06      mov     word ptr [bp - 0x12], 0x6bc
    2998_alias_90000:16ED  [916ED]  8c5ef0          mov     word ptr [bp - 0x10], ds
    2998_alias_90000:16F0  [916F0]  bf4100          mov     di, 0x41
    2998_alias_90000:16F3  [916F3]  57              push    di
    2998_alias_90000:16F4  [916F4]  9a0e007094      lcall   set_ds_return_old  ; 0x9470, 0xe
    2998_alias_90000:16F9  [916F9]  c43edc1d        les     di, ptr [0x1ddc]
    2998_alias_90000:16FD  [916FD]  8d95a200        lea     dx, [di + 0xa2]
    2998_alias_90000:1701  [91701]  8956f2          mov     word ptr [bp - 0xe], dx
    2998_alias_90000:1704  [91704]  8c46f4          mov     word ptr [bp - 0xc], es
    2998_alias_90000:1707  [91707]  c746f81200      mov     word ptr [bp - 8], 0x12
    2998_alias_90000:170C  [9170C]  e91800          jmp     L_91727  ; 0x547
L_9170F:
    2998_alias_90000:170F  [9170F]  c47ef2          les     di, ptr [bp - 0xe]
    2998_alias_90000:1712  [91712]  8346f209        add     word ptr [bp - 0xe], 9
    2998_alias_90000:1716  [91716]  26c60500        mov     byte ptr es:[di], 0
    2998_alias_90000:171A  [9171A]  c45eee          les     bx, ptr [bp - 0x12]
    2998_alias_90000:171D  [9171D]  ff46ee          inc     word ptr [bp - 0x12]
    2998_alias_90000:1720  [91720]  26c607ff        mov     byte ptr es:[bx], 0xff
    2998_alias_90000:1724  [91724]  ff46f8          inc     word ptr [bp - 8]
L_91727:
    2998_alias_90000:1727  [91727]  837ef824        cmp     word ptr [bp - 8], 0x24
    2998_alias_90000:172B  [9172B]  7ce2            jl      L_9170F  ; 0x52f
    2998_alias_90000:172D  [9172D]  803e860611      cmp     byte ptr [0x686], 0x11
    2998_alias_90000:1732  [91732]  7508            jne     L_9173C  ; 0x55c
    2998_alias_90000:1734  [91734]  c606680401      mov     byte ptr [0x468], 1
    2998_alias_90000:1739  [91739]  e94100          jmp     L_9177D  ; 0x59d
L_9173C:
    2998_alias_90000:173C  [9173C]  803e860621      cmp     byte ptr [0x686], 0x21
    2998_alias_90000:1741  [91741]  7509            jne     L_9174C  ; 0x56c
    2998_alias_90000:1743  [91743]  c7064805ffff    mov     word ptr [0x548], 0xffff
    2998_alias_90000:1749  [91749]  e93100          jmp     L_9177D  ; 0x59d
L_9174C:
    2998_alias_90000:174C  [9174C]  803e781b00      cmp     byte ptr [0x1b78], 0
    2998_alias_90000:1751  [91751]  752a            jne     L_9177D  ; 0x59d
    2998_alias_90000:1753  [91753]  c606860600      mov     byte ptr [0x686], 0
    2998_alias_90000:1758  [91758]  c7064805ffff    mov     word ptr [0x548], 0xffff
    2998_alias_90000:175E  [9175E]  c606f61bff      mov     byte ptr [0x1bf6], 0xff
    2998_alias_90000:1763  [91763]  e90500          jmp     L_9176B  ; 0x58b
L_91766:
    2998_alias_90000:1766  [91766]  9a0c0093e6      lcall   restart_current_task  ; 0xe693, 0xc
L_9176B:
    2998_alias_90000:176B  [9176B]  833e480500      cmp     word ptr [0x548], 0
    2998_alias_90000:1770  [91770]  75f4            jne     L_91766  ; 0x586
    2998_alias_90000:1772  [91772]  c606f61b00      mov     byte ptr [0x1bf6], 0
    2998_alias_90000:1777  [91777]  c7064805ffff    mov     word ptr [0x548], 0xffff
L_9177D:
    2998_alias_90000:177D  [9177D]  c606860600      mov     byte ptr [0x686], 0
    2998_alias_90000:1782  [91782]  bf2300          mov     di, 0x23
    2998_alias_90000:1785  [91785]  57              push    di
    2998_alias_90000:1786  [91786]  bf1000          mov     di, 0x10
    2998_alias_90000:1789  [91789]  57              push    di
    2998_alias_90000:178A  [9178A]  57              push    di
    2998_alias_90000:178B  [9178B]  2bd2            sub     dx, dx
    2998_alias_90000:178D  [9178D]  52              push    dx
    2998_alias_90000:178E  [9178E]  52              push    dx
    2998_alias_90000:178F  [9178F]  2bff            sub     di, di
    2998_alias_90000:1791  [91791]  8ec7            mov     es, di
    2998_alias_90000:1793  [91793]  06              push    es
    2998_alias_90000:1794  [91794]  bb6422          mov     bx, 0x2264
    2998_alias_90000:1797  [91797]  53              push    bx
    2998_alias_90000:1798  [91798]  9a480351e9      lcall   SUB_E9858  ; 0xe951, 0x348
    2998_alias_90000:179D  [9179D]  83c40a          add     sp, 0xa
    2998_alias_90000:17A0  [917A0]  bf808f          mov     di, 0x8f80
    2998_alias_90000:17A3  [917A3]  57              push    di
    2998_alias_90000:17A4  [917A4]  9a0e007094      lcall   set_ds_return_old  ; 0x9470, 0xe
    2998_alias_90000:17A9  [917A9]  c606f30400      mov     byte ptr [0x4f3], 0
    2998_alias_90000:17AE  [917AE]  ff76f6          push    word ptr [bp - 0xa]
    2998_alias_90000:17B1  [917B1]  9a0e007094      lcall   set_ds_return_old  ; 0x9470, 0xe
    2998_alias_90000:17B6  [917B6]  8be5            mov     sp, bp
    2998_alias_90000:17B8  [917B8]  5d              pop     bp
    2998_alias_90000:17B9  [917B9]  cb              retf    

build_comm_status_message:
    2998_alias_90000:24D2  [924D2]  55              push    bp
    2998_alias_90000:24D3  [924D3]  8bec            mov     bp, sp
    2998_alias_90000:24D5  [924D5]  83ec12          sub     sp, 0x12
    2998_alias_90000:24D8  [924D8]  c746f25e06      mov     word ptr [bp - 0xe], 0x65e
    2998_alias_90000:24DD  [924DD]  8c5ef4          mov     word ptr [bp - 0xc], ds
    2998_alias_90000:24E0  [924E0]  bf808f          mov     di, 0x8f80
    2998_alias_90000:24E3  [924E3]  57              push    di
    2998_alias_90000:24E4  [924E4]  9a0e007094      lcall   set_ds_return_old  ; 0x9470, 0xe
    2998_alias_90000:24E9  [924E9]  8946f0          mov     word ptr [bp - 0x10], ax
    2998_alias_90000:24EC  [924EC]  e92c00          jmp     L_9251B  ; 0x97b
L_924EF:
    2998_alias_90000:24EF  [924EF]  c746f69306      mov     word ptr [bp - 0xa], 0x693
    2998_alias_90000:24F4  [924F4]  8c5ef8          mov     word ptr [bp - 8], ds
    2998_alias_90000:24F7  [924F7]  e93800          jmp     L_92532  ; 0x992
L_924FA:
    2998_alias_90000:24FA  [924FA]  c746f69d06      mov     word ptr [bp - 0xa], 0x69d
    2998_alias_90000:24FF  [924FF]  8c5ef8          mov     word ptr [bp - 8], ds
    2998_alias_90000:2502  [92502]  e92d00          jmp     L_92532  ; 0x992
L_92505:
    2998_alias_90000:2505  [92505]  c746f6a706      mov     word ptr [bp - 0xa], 0x6a7
    2998_alias_90000:250A  [9250A]  8c5ef8          mov     word ptr [bp - 8], ds
    2998_alias_90000:250D  [9250D]  e92200          jmp     L_92532  ; 0x992
L_92510:
    2998_alias_90000:2510  [92510]  c746f6b106      mov     word ptr [bp - 0xa], 0x6b1
    2998_alias_90000:2515  [92515]  8c5ef8          mov     word ptr [bp - 8], ds
    2998_alias_90000:2518  [92518]  e91700          jmp     L_92532  ; 0x992
L_9251B:
    2998_alias_90000:251B  [9251B]  8b4606          mov     ax, word ptr [bp + 6]
    2998_alias_90000:251E  [9251E]  3d0000          cmp     ax, 0
    2998_alias_90000:2521  [92521]  74cc            je      L_924EF  ; 0x94f
    2998_alias_90000:2523  [92523]  3d0100          cmp     ax, 1
    2998_alias_90000:2526  [92526]  74d2            je      L_924FA  ; 0x95a
    2998_alias_90000:2528  [92528]  3d0200          cmp     ax, 2
    2998_alias_90000:252B  [9252B]  74d8            je      L_92505  ; 0x965
    2998_alias_90000:252D  [9252D]  3d0300          cmp     ax, 3
    2998_alias_90000:2530  [92530]  74de            je      L_92510  ; 0x970
L_92532:
    2998_alias_90000:2532  [92532]  c606bb0601      mov     byte ptr [0x6bb], 1
    2998_alias_90000:2537  [92537]  c746ee0000      mov     word ptr [bp - 0x12], 0
L_9253C:
    2998_alias_90000:253C  [9253C]  c47ef2          les     di, ptr [bp - 0xe]
    2998_alias_90000:253F  [9253F]  8b5eee          mov     bx, word ptr [bp - 0x12]
    2998_alias_90000:2542  [92542]  ff46ee          inc     word ptr [bp - 0x12]
    2998_alias_90000:2545  [92545]  26803900        cmp     byte ptr es:[bx + di], 0
    2998_alias_90000:2549  [92549]  75f1            jne     L_9253C  ; 0x99c
    2998_alias_90000:254B  [9254B]  8b5eee          mov     bx, word ptr [bp - 0x12]
    2998_alias_90000:254E  [9254E]  26c601ff        mov     byte ptr es:[bx + di], 0xff
    2998_alias_90000:2552  [92552]  c456f6          les     dx, ptr [bp - 0xa]
    2998_alias_90000:2555  [92555]  06              push    es
    2998_alias_90000:2556  [92556]  52              push    dx
    2998_alias_90000:2557  [92557]  c446f2          les     ax, ptr [bp - 0xe]
    2998_alias_90000:255A  [9255A]  06              push    es
    2998_alias_90000:255B  [9255B]  50              push    ax
    2998_alias_90000:255C  [9255C]  9a460934ea      lcall   SUB_EAC86  ; 0xea34, 0x946
    2998_alias_90000:2561  [92561]  83c404          add     sp, 4
    2998_alias_90000:2564  [92564]  c47ef6          les     di, ptr [bp - 0xa]
    2998_alias_90000:2567  [92567]  8b5eee          mov     bx, word ptr [bp - 0x12]
    2998_alias_90000:256A  [9256A]  26c601ff        mov     byte ptr es:[bx + di], 0xff
    2998_alias_90000:256E  [9256E]  c606bb0600      mov     byte ptr [0x6bb], 0
    2998_alias_90000:2573  [92573]  ff76f0          push    word ptr [bp - 0x10]
    2998_alias_90000:2576  [92576]  9a0e007094      lcall   set_ds_return_old  ; 0x9470, 0xe
    2998_alias_90000:257B  [9257B]  8be5            mov     sp, bp
    2998_alias_90000:257D  [9257D]  5d              pop     bp
    2998_alias_90000:257E  [9257E]  ca0200          retf    2

get_comm_config_flag:
    2998_alias_90000:4488  [94488]  55              push    bp
    2998_alias_90000:4489  [94489]  8bec            mov     bp, sp
    2998_alias_90000:448B  [9448B]  83ec06          sub     sp, 6
    2998_alias_90000:448E  [9448E]  c43e3a07        les     di, ptr [0x73a]
    2998_alias_90000:4492  [94492]  8b5e06          mov     bx, word ptr [bp + 6]
    2998_alias_90000:4495  [94495]  268a11          mov     dl, byte ptr es:[bx + di]
    2998_alias_90000:4498  [94498]  2af6            sub     dh, dh
    2998_alias_90000:449A  [9449A]  8bc2            mov     ax, dx
    2998_alias_90000:449C  [9449C]  8be5            mov     sp, bp
    2998_alias_90000:449E  [9449E]  5d              pop     bp
    2998_alias_90000:449F  [9449F]  ca0200          retf    2
set_comm_config_flag:
    2998_alias_90000:44A2  [944A2]  55              push    bp
    2998_alias_90000:44A3  [944A3]  8bec            mov     bp, sp
    2998_alias_90000:44A5  [944A5]  83ec06          sub     sp, 6
    2998_alias_90000:44A8  [944A8]  8a5608          mov     dl, byte ptr [bp + 8]
    2998_alias_90000:44AB  [944AB]  c43e3a07        les     di, ptr [0x73a]
    2998_alias_90000:44AF  [944AF]  8b5e06          mov     bx, word ptr [bp + 6]
    2998_alias_90000:44B2  [944B2]  268811          mov     byte ptr es:[bx + di], dl
    2998_alias_90000:44B5  [944B5]  c43e3607        les     di, ptr [0x736]
    2998_alias_90000:44B9  [944B9]  26c705ffff      mov     word ptr es:[di], 0xffff
    2998_alias_90000:44BE  [944BE]  800e030601      or      byte ptr [0x603], 1
    2998_alias_90000:44C3  [944C3]  803e040600      cmp     byte ptr [0x604], 0
    2998_alias_90000:44C8  [944C8]  7505            jne     L_944CF  ; 0x2df
    2998_alias_90000:44CA  [944CA]  800e030602      or      byte ptr [0x603], 2
L_944CF:
    2998_alias_90000:44CF  [944CF]  8be5            mov     sp, bp
    2998_alias_90000:44D1  [944D1]  5d              pop     bp
    2998_alias_90000:44D2  [944D2]  ca0200          retf    2

set_ds_return_old:
    2998_alias_90000:470E  [9470E]  55              push    bp
    2998_alias_90000:470F  [9470F]  8bec            mov     bp, sp
    2998_alias_90000:4711  [94711]  1e              push    ds
    2998_alias_90000:4712  [94712]  8e5e06          mov     ds, word ptr [bp + 6]
    2998_alias_90000:4715  [94715]  58              pop     ax
    2998_alias_90000:4716  [94716]  8be5            mov     sp, bp
    2998_alias_90000:4718  [94718]  5d              pop     bp
    2998_alias_90000:4719  [94719]  ca0200          retf    2

build_gpib_message_checksum:
    2998_alias_90000:50C2  [950C2]  55              push    bp
    2998_alias_90000:50C3  [950C3]  8bec            mov     bp, sp
    2998_alias_90000:50C5  [950C5]  83ec0c          sub     sp, 0xc
    2998_alias_90000:50C8  [950C8]  56              push    si
    2998_alias_90000:50C9  [950C9]  51              push    cx
    2998_alias_90000:50CA  [950CA]  8b4606          mov     ax, word ptr [bp + 6]
    2998_alias_90000:50CD  [950CD]  ba4e00          mov     dx, 0x4e
    2998_alias_90000:50D0  [950D0]  f7ea            imul    dx
    2998_alias_90000:50D2  [950D2]  c43e4207        les     di, ptr [0x742]
    2998_alias_90000:50D6  [950D6]  8bd8            mov     bx, ax
    2998_alias_90000:50D8  [950D8]  268b513a        mov     dx, word ptr es:[bx + di + 0x3a]
    2998_alias_90000:50DC  [950DC]  c43e4207        les     di, ptr [0x742]
    2998_alias_90000:50E0  [950E0]  26035140        add     dx, word ptr es:[bx + di + 0x40]
    2998_alias_90000:50E4  [950E4]  8956f8          mov     word ptr [bp - 8], dx
    2998_alias_90000:50E7  [950E7]  8b4606          mov     ax, word ptr [bp + 6]
    2998_alias_90000:50EA  [950EA]  ba0c00          mov     dx, 0xc
    2998_alias_90000:50ED  [950ED]  f7ea            imul    dx
    2998_alias_90000:50EF  [950EF]  8cc2            mov     dx, es
    2998_alias_90000:50F1  [950F1]  c4363e07        les     si, ptr [0x73e]
    2998_alias_90000:50F5  [950F5]  8bcb            mov     cx, bx
    2998_alias_90000:50F7  [950F7]  8bd8            mov     bx, ax
    2998_alias_90000:50F9  [950F9]  268b00          mov     ax, word ptr es:[bx + si]
    2998_alias_90000:50FC  [950FC]  8946f6          mov     word ptr [bp - 0xa], ax
    2998_alias_90000:50FF  [950FF]  57              push    di
    2998_alias_90000:5100  [95100]  52              push    dx
    2998_alias_90000:5101  [95101]  ff76f8          push    word ptr [bp - 8]
    2998_alias_90000:5104  [95104]  c4364a07        les     si, ptr [0x74a]
    2998_alias_90000:5108  [95108]  8bce            mov     cx, si
    2998_alias_90000:510A  [9510A]  03c8            add     cx, ax
    2998_alias_90000:510C  [9510C]  06              push    es
    2998_alias_90000:510D  [9510D]  51              push    cx
    2998_alias_90000:510E  [9510E]  9a4a197194      lcall   checksum_bytes  ; 0x9471, 0x194a
    2998_alias_90000:5113  [95113]  83c402          add     sp, 2
    2998_alias_90000:5116  [95116]  8846f5          mov     byte ptr [bp - 0xb], al
    2998_alias_90000:5119  [95119]  bf4c00          mov     di, 0x4c
    2998_alias_90000:511C  [9511C]  57              push    di
    2998_alias_90000:511D  [9511D]  8b4606          mov     ax, word ptr [bp + 6]
    2998_alias_90000:5120  [95120]  ba4e00          mov     dx, 0x4e
    2998_alias_90000:5123  [95123]  f7ea            imul    dx
    2998_alias_90000:5125  [95125]  c43e4207        les     di, ptr [0x742]
    2998_alias_90000:5129  [95129]  8bd7            mov     dx, di
    2998_alias_90000:512B  [9512B]  03d0            add     dx, ax
    2998_alias_90000:512D  [9512D]  06              push    es
    2998_alias_90000:512E  [9512E]  52              push    dx
    2998_alias_90000:512F  [9512F]  9a4a197194      lcall   checksum_bytes  ; 0x9471, 0x194a
    2998_alias_90000:5134  [95134]  83c402          add     sp, 2
    2998_alias_90000:5137  [95137]  8846f4          mov     byte ptr [bp - 0xc], al
    2998_alias_90000:513A  [9513A]  bf0800          mov     di, 8
    2998_alias_90000:513D  [9513D]  57              push    di
    2998_alias_90000:513E  [9513E]  8b4606          mov     ax, word ptr [bp + 6]
    2998_alias_90000:5141  [95141]  ba0c00          mov     dx, 0xc
    2998_alias_90000:5144  [95144]  f7ea            imul    dx
    2998_alias_90000:5146  [95146]  c43e3e07        les     di, ptr [0x73e]
    2998_alias_90000:514A  [9514A]  8bf7            mov     si, di
    2998_alias_90000:514C  [9514C]  03f0            add     si, ax
    2998_alias_90000:514E  [9514E]  06              push    es
    2998_alias_90000:514F  [9514F]  56              push    si
    2998_alias_90000:5150  [95150]  9a4a197194      lcall   checksum_bytes  ; 0x9471, 0x194a
    2998_alias_90000:5155  [95155]  83c402          add     sp, 2
    2998_alias_90000:5158  [95158]  0046f4          add     byte ptr [bp - 0xc], al
    2998_alias_90000:515B  [9515B]  8a56f5          mov     dl, byte ptr [bp - 0xb]
    2998_alias_90000:515E  [9515E]  8b4606          mov     ax, word ptr [bp + 6]
    2998_alias_90000:5161  [95161]  8aca            mov     cl, dl
    2998_alias_90000:5163  [95163]  ba0c00          mov     dx, 0xc
    2998_alias_90000:5166  [95166]  f7ea            imul    dx
    2998_alias_90000:5168  [95168]  c43e3e07        les     di, ptr [0x73e]
    2998_alias_90000:516C  [9516C]  8bd8            mov     bx, ax
    2998_alias_90000:516E  [9516E]  2688490b        mov     byte ptr es:[bx + di + 0xb], cl
    2998_alias_90000:5172  [95172]  8a56f4          mov     dl, byte ptr [bp - 0xc]
    2998_alias_90000:5175  [95175]  8b4606          mov     ax, word ptr [bp + 6]
    2998_alias_90000:5178  [95178]  8aca            mov     cl, dl
    2998_alias_90000:517A  [9517A]  ba4e00          mov     dx, 0x4e
    2998_alias_90000:517D  [9517D]  f7ea            imul    dx
    2998_alias_90000:517F  [9517F]  c4364207        les     si, ptr [0x742]
    2998_alias_90000:5183  [95183]  8bd8            mov     bx, ax
    2998_alias_90000:5185  [95185]  2688484c        mov     byte ptr es:[bx + si + 0x4c], cl
    2998_alias_90000:5189  [95189]  8b4606          mov     ax, word ptr [bp + 6]
    2998_alias_90000:518C  [9518C]  ba0c00          mov     dx, 0xc
    2998_alias_90000:518F  [9518F]  f7ea            imul    dx
    2998_alias_90000:5191  [95191]  c43e3e07        les     di, ptr [0x73e]
    2998_alias_90000:5195  [95195]  8bd8            mov     bx, ax
    2998_alias_90000:5197  [95197]  2680610adf      and     byte ptr es:[bx + di + 0xa], 0xdf
    2998_alias_90000:519C  [9519C]  83c402          add     sp, 2
    2998_alias_90000:519F  [9519F]  83c402          add     sp, 2
    2998_alias_90000:51A2  [951A2]  59              pop     cx
    2998_alias_90000:51A3  [951A3]  5e              pop     si
    2998_alias_90000:51A4  [951A4]  8be5            mov     sp, bp
    2998_alias_90000:51A6  [951A6]  5d              pop     bp
    2998_alias_90000:51A7  [951A7]  ca0200          retf    2
SUB_951AA:
    2998_alias_90000:51AA  [951AA]  55              push    bp
    2998_alias_90000:51AB  [951AB]  8bec            mov     bp, sp
    2998_alias_90000:51AD  [951AD]  83ec2a          sub     sp, 0x2a
    2998_alias_90000:51B0  [951B0]  56              push    si
    2998_alias_90000:51B1  [951B1]  51              push    cx
    2998_alias_90000:51B2  [951B2]  c746e60000      mov     word ptr [bp - 0x1a], 0
    2998_alias_90000:51B7  [951B7]  8b4606          mov     ax, word ptr [bp + 6]
    2998_alias_90000:51BA  [951BA]  ba0c00          mov     dx, 0xc
    2998_alias_90000:51BD  [951BD]  f7ea            imul    dx
    2998_alias_90000:51BF  [951BF]  c43e3e07        les     di, ptr [0x73e]
    2998_alias_90000:51C3  [951C3]  8bd8            mov     bx, ax
    2998_alias_90000:51C5  [951C5]  268b11          mov     dx, word ptr es:[bx + di]
    2998_alias_90000:51C8  [951C8]  8956e2          mov     word ptr [bp - 0x1e], dx
    2998_alias_90000:51CB  [951CB]  c43e4a07        les     di, ptr [0x74a]
    2998_alias_90000:51CF  [951CF]  8bc7            mov     ax, di
    2998_alias_90000:51D1  [951D1]  03c2            add     ax, dx
    2998_alias_90000:51D3  [951D3]  8946f2          mov     word ptr [bp - 0xe], ax
    2998_alias_90000:51D6  [951D6]  8c46f4          mov     word ptr [bp - 0xc], es
    2998_alias_90000:51D9  [951D9]  8b4606          mov     ax, word ptr [bp + 6]
    2998_alias_90000:51DC  [951DC]  ba0c00          mov     dx, 0xc
    2998_alias_90000:51DF  [951DF]  f7ea            imul    dx
    2998_alias_90000:51E1  [951E1]  c43e3e07        les     di, ptr [0x73e]
    2998_alias_90000:51E5  [951E5]  8bd8            mov     bx, ax
    2998_alias_90000:51E7  [951E7]  268b5104        mov     dx, word ptr es:[bx + di + 4]
    2998_alias_90000:51EB  [951EB]  8956e0          mov     word ptr [bp - 0x20], dx
    2998_alias_90000:51EE  [951EE]  c43e4a07        les     di, ptr [0x74a]
    2998_alias_90000:51F2  [951F2]  8bc7            mov     ax, di
    2998_alias_90000:51F4  [951F4]  03c2            add     ax, dx
    2998_alias_90000:51F6  [951F6]  8946ee          mov     word ptr [bp - 0x12], ax
    2998_alias_90000:51F9  [951F9]  8c46f0          mov     word ptr [bp - 0x10], es
    2998_alias_90000:51FC  [951FC]  8b4606          mov     ax, word ptr [bp + 6]
    2998_alias_90000:51FF  [951FF]  ba4e00          mov     dx, 0x4e
    2998_alias_90000:5202  [95202]  f7ea            imul    dx
    2998_alias_90000:5204  [95204]  c43e4207        les     di, ptr [0x742]
    2998_alias_90000:5208  [95208]  8bd8            mov     bx, ax
    2998_alias_90000:520A  [9520A]  26c45136        les     dx, ptr es:[bx + di + 0x36]
    2998_alias_90000:520E  [9520E]  8956dc          mov     word ptr [bp - 0x24], dx
    2998_alias_90000:5211  [95211]  8c46de          mov     word ptr [bp - 0x22], es
    2998_alias_90000:5214  [95214]  c43e4207        les     di, ptr [0x742]
    2998_alias_90000:5218  [95218]  26c4793c        les     di, ptr es:[bx + di + 0x3c]
    2998_alias_90000:521C  [9521C]  897ed8          mov     word ptr [bp - 0x28], di
    2998_alias_90000:521F  [9521F]  8c46da          mov     word ptr [bp - 0x26], es
    2998_alias_90000:5222  [95222]  c456f2          les     dx, ptr [bp - 0xe]
    2998_alias_90000:5225  [95225]  8cc0            mov     ax, es
    2998_alias_90000:5227  [95227]  c47edc          les     di, ptr [bp - 0x24]
    2998_alias_90000:522A  [9522A]  3bd7            cmp     dx, di
    2998_alias_90000:522C  [9522C]  7518            jne     L_95246  ; 0xb36
    2998_alias_90000:522E  [9522E]  8cc7            mov     di, es
    2998_alias_90000:5230  [95230]  3bc7            cmp     ax, di
    2998_alias_90000:5232  [95232]  7512            jne     L_95246  ; 0xb36
    2998_alias_90000:5234  [95234]  c456ee          les     dx, ptr [bp - 0x12]
    2998_alias_90000:5237  [95237]  8cc3            mov     bx, es
    2998_alias_90000:5239  [95239]  c47ed8          les     di, ptr [bp - 0x28]
    2998_alias_90000:523C  [9523C]  3bd7            cmp     dx, di
    2998_alias_90000:523E  [9523E]  7506            jne     L_95246  ; 0xb36
    2998_alias_90000:5240  [95240]  8cc7            mov     di, es
    2998_alias_90000:5242  [95242]  3bdf            cmp     bx, di
    2998_alias_90000:5244  [95244]  740b            je      L_95251  ; 0xb41
L_95246:
    2998_alias_90000:5246  [95246]  c70690068703    mov     word ptr [0x690], 0x387
    2998_alias_90000:524C  [9524C]  814ee60100      or      word ptr [bp - 0x1a], 1
L_95251:
    2998_alias_90000:5251  [95251]  837ee200        cmp     word ptr [bp - 0x1e], 0
    2998_alias_90000:5255  [95255]  7c14            jl      L_9526B  ; 0xb5b
    2998_alias_90000:5257  [95257]  817ee20068      cmp     word ptr [bp - 0x1e], 0x6800
    2998_alias_90000:525C  [9525C]  7f0d            jg      L_9526B  ; 0xb5b
    2998_alias_90000:525E  [9525E]  837ee000        cmp     word ptr [bp - 0x20], 0
    2998_alias_90000:5262  [95262]  7c07            jl      L_9526B  ; 0xb5b
    2998_alias_90000:5264  [95264]  817ee00068      cmp     word ptr [bp - 0x20], 0x6800
    2998_alias_90000:5269  [95269]  7e0b            jle     L_95276  ; 0xb66
L_9526B:
    2998_alias_90000:526B  [9526B]  c70690068f03    mov     word ptr [0x690], 0x38f
    2998_alias_90000:5271  [95271]  814ee60100      or      word ptr [bp - 0x1a], 1
L_95276:
    2998_alias_90000:5276  [95276]  8b4606          mov     ax, word ptr [bp + 6]
    2998_alias_90000:5279  [95279]  ba0c00          mov     dx, 0xc
    2998_alias_90000:527C  [9527C]  f7ea            imul    dx
    2998_alias_90000:527E  [9527E]  c43e3e07        les     di, ptr [0x73e]
    2998_alias_90000:5282  [95282]  8bd8            mov     bx, ax
    2998_alias_90000:5284  [95284]  268b5102        mov     dx, word ptr es:[bx + di + 2]
    2998_alias_90000:5288  [95288]  8956ec          mov     word ptr [bp - 0x14], dx
    2998_alias_90000:528B  [9528B]  c43e3e07        les     di, ptr [0x73e]
    2998_alias_90000:528F  [9528F]  268b5106        mov     dx, word ptr es:[bx + di + 6]
    2998_alias_90000:5293  [95293]  8956ea          mov     word ptr [bp - 0x16], dx
    2998_alias_90000:5296  [95296]  8b7eec          mov     di, word ptr [bp - 0x14]
    2998_alias_90000:5299  [95299]  03fa            add     di, dx
    2998_alias_90000:529B  [9529B]  897ee8          mov     word ptr [bp - 0x18], di
    2998_alias_90000:529E  [9529E]  8b7eec          mov     di, word ptr [bp - 0x14]
    2998_alias_90000:52A1  [952A1]  8b4606          mov     ax, word ptr [bp + 6]
    2998_alias_90000:52A4  [952A4]  ba4e00          mov     dx, 0x4e
    2998_alias_90000:52A7  [952A7]  f7ea            imul    dx
    2998_alias_90000:52A9  [952A9]  c41e4207        les     bx, ptr [0x742]
    2998_alias_90000:52AD  [952AD]  8bf0            mov     si, ax
    2998_alias_90000:52AF  [952AF]  268b503a        mov     dx, word ptr es:[bx + si + 0x3a]
    2998_alias_90000:52B3  [952B3]  3bfa            cmp     di, dx
    2998_alias_90000:52B5  [952B5]  750f            jne     L_952C6  ; 0xbb6
    2998_alias_90000:52B7  [952B7]  8b56ea          mov     dx, word ptr [bp - 0x16]
    2998_alias_90000:52BA  [952BA]  c41e4207        les     bx, ptr [0x742]
    2998_alias_90000:52BE  [952BE]  268b7840        mov     di, word ptr es:[bx + si + 0x40]
    2998_alias_90000:52C2  [952C2]  3bd7            cmp     dx, di
    2998_alias_90000:52C4  [952C4]  740b            je      L_952D1  ; 0xbc1
L_952C6:
    2998_alias_90000:52C6  [952C6]  c70690069b03    mov     word ptr [0x690], 0x39b
    2998_alias_90000:52CC  [952CC]  814ee60200      or      word ptr [bp - 0x1a], 2
L_952D1:
    2998_alias_90000:52D1  [952D1]  817ee80020      cmp     word ptr [bp - 0x18], 0x2000
    2998_alias_90000:52D6  [952D6]  7f1f            jg      L_952F7  ; 0xbe7
    2998_alias_90000:52D8  [952D8]  817ee80004      cmp     word ptr [bp - 0x18], 0x400
    2998_alias_90000:52DD  [952DD]  7c18            jl      L_952F7  ; 0xbe7
    2998_alias_90000:52DF  [952DF]  8b7ee8          mov     di, word ptr [bp - 0x18]
    2998_alias_90000:52E2  [952E2]  81e7ff03        and     di, 0x3ff
    2998_alias_90000:52E6  [952E6]  83ff00          cmp     di, 0
    2998_alias_90000:52E9  [952E9]  750c            jne     L_952F7  ; 0xbe7
    2998_alias_90000:52EB  [952EB]  8b7ee2          mov     di, word ptr [bp - 0x1e]
    2998_alias_90000:52EE  [952EE]  037ee8          add     di, word ptr [bp - 0x18]
    2998_alias_90000:52F1  [952F1]  81ff0068        cmp     di, 0x6800
    2998_alias_90000:52F5  [952F5]  7e0b            jle     L_95302  ; 0xbf2
L_952F7:
    2998_alias_90000:52F7  [952F7]  c7069006ab03    mov     word ptr [0x690], 0x3ab
    2998_alias_90000:52FD  [952FD]  814ee60200      or      word ptr [bp - 0x1a], 2
L_95302:
    2998_alias_90000:5302  [95302]  8b4606          mov     ax, word ptr [bp + 6]
    2998_alias_90000:5305  [95305]  ba0c00          mov     dx, 0xc
    2998_alias_90000:5308  [95308]  f7ea            imul    dx
    2998_alias_90000:530A  [9530A]  c43e3e07        les     di, ptr [0x73e]
    2998_alias_90000:530E  [9530E]  8bd8            mov     bx, ax
    2998_alias_90000:5310  [95310]  268a510a        mov     dl, byte ptr es:[bx + di + 0xa]
    2998_alias_90000:5314  [95314]  2af6            sub     dh, dh
    2998_alias_90000:5316  [95316]  8956d6          mov     word ptr [bp - 0x2a], dx
    2998_alias_90000:5319  [95319]  81e20100        and     dx, 1
    2998_alias_90000:531D  [9531D]  83fa00          cmp     dx, 0
    2998_alias_90000:5320  [95320]  7411            je      L_95333  ; 0xc23
    2998_alias_90000:5322  [95322]  8b76d6          mov     si, word ptr [bp - 0x2a]
    2998_alias_90000:5325  [95325]  81e6faff        and     si, 0xfffa
    2998_alias_90000:5329  [95329]  83fe00          cmp     si, 0
    2998_alias_90000:532C  [9532C]  7405            je      L_95333  ; 0xc23
    2998_alias_90000:532E  [9532E]  814ee68000      or      word ptr [bp - 0x1a], 0x80
L_95333:
    2998_alias_90000:5333  [95333]  8b7ed6          mov     di, word ptr [bp - 0x2a]
    2998_alias_90000:5336  [95336]  81e70200        and     di, 2
    2998_alias_90000:533A  [9533A]  83ff00          cmp     di, 0
    2998_alias_90000:533D  [9533D]  7411            je      L_95350  ; 0xc40
    2998_alias_90000:533F  [9533F]  8b7ed6          mov     di, word ptr [bp - 0x2a]
    2998_alias_90000:5342  [95342]  81e78000        and     di, 0x80
    2998_alias_90000:5346  [95346]  83ff00          cmp     di, 0
    2998_alias_90000:5349  [95349]  7405            je      L_95350  ; 0xc40
    2998_alias_90000:534B  [9534B]  814ee68000      or      word ptr [bp - 0x1a], 0x80
L_95350:
    2998_alias_90000:5350  [95350]  8b7ed6          mov     di, word ptr [bp - 0x2a]
    2998_alias_90000:5353  [95353]  81e71800        and     di, 0x18
    2998_alias_90000:5357  [95357]  83ff00          cmp     di, 0
    2998_alias_90000:535A  [9535A]  7515            jne     L_95371  ; 0xc61
    2998_alias_90000:535C  [9535C]  8b4606          mov     ax, word ptr [bp + 6]
    2998_alias_90000:535F  [9535F]  ba0c00          mov     dx, 0xc
    2998_alias_90000:5362  [95362]  f7ea            imul    dx
    2998_alias_90000:5364  [95364]  c43e3e07        les     di, ptr [0x73e]
    2998_alias_90000:5368  [95368]  8bd8            mov     bx, ax
    2998_alias_90000:536A  [9536A]  2683790800      cmp     word ptr es:[bx + di + 8], 0
    2998_alias_90000:536F  [9536F]  7405            je      L_95376  ; 0xc66
L_95371:
    2998_alias_90000:5371  [95371]  814ee60002      or      word ptr [bp - 0x1a], 0x200
L_95376:
    2998_alias_90000:5376  [95376]  837ee600        cmp     word ptr [bp - 0x1a], 0
    2998_alias_90000:537A  [9537A]  7407            je      L_95383  ; 0xc73
    2998_alias_90000:537C  [9537C]  817ee60002      cmp     word ptr [bp - 0x1a], 0x200
    2998_alias_90000:5381  [95381]  7576            jne     L_953F9  ; 0xce9
L_95383:
    2998_alias_90000:5383  [95383]  8b4606          mov     ax, word ptr [bp + 6]
    2998_alias_90000:5386  [95386]  ba4e00          mov     dx, 0x4e
    2998_alias_90000:5389  [95389]  f7ea            imul    dx
    2998_alias_90000:538B  [9538B]  c43e4207        les     di, ptr [0x742]
    2998_alias_90000:538F  [9538F]  8bd8            mov     bx, ax
    2998_alias_90000:5391  [95391]  268b713a        mov     si, word ptr es:[bx + di + 0x3a]
    2998_alias_90000:5395  [95395]  c43e4207        les     di, ptr [0x742]
    2998_alias_90000:5399  [95399]  26037140        add     si, word ptr es:[bx + di + 0x40]
    2998_alias_90000:539D  [9539D]  8976f8          mov     word ptr [bp - 8], si
    2998_alias_90000:53A0  [953A0]  8b4606          mov     ax, word ptr [bp + 6]
    2998_alias_90000:53A3  [953A3]  ba0c00          mov     dx, 0xc
    2998_alias_90000:53A6  [953A6]  f7ea            imul    dx
    2998_alias_90000:53A8  [953A8]  8cc2            mov     dx, es
    2998_alias_90000:53AA  [953AA]  c4363e07        les     si, ptr [0x73e]
    2998_alias_90000:53AE  [953AE]  8bcb            mov     cx, bx
    2998_alias_90000:53B0  [953B0]  8bd8            mov     bx, ax
    2998_alias_90000:53B2  [953B2]  268b00          mov     ax, word ptr es:[bx + si]
    2998_alias_90000:53B5  [953B5]  8946e4          mov     word ptr [bp - 0x1c], ax
    2998_alias_90000:53B8  [953B8]  57              push    di
    2998_alias_90000:53B9  [953B9]  52              push    dx
    2998_alias_90000:53BA  [953BA]  ff76f8          push    word ptr [bp - 8]
    2998_alias_90000:53BD  [953BD]  c4364a07        les     si, ptr [0x74a]
    2998_alias_90000:53C1  [953C1]  8bce            mov     cx, si
    2998_alias_90000:53C3  [953C3]  03c8            add     cx, ax
    2998_alias_90000:53C5  [953C5]  06              push    es
    2998_alias_90000:53C6  [953C6]  51              push    cx
    2998_alias_90000:53C7  [953C7]  9a4a197194      lcall   checksum_bytes  ; 0x9471, 0x194a
    2998_alias_90000:53CC  [953CC]  83c402          add     sp, 2
    2998_alias_90000:53CF  [953CF]  8846f7          mov     byte ptr [bp - 9], al
    2998_alias_90000:53D2  [953D2]  bf4c00          mov     di, 0x4c
    2998_alias_90000:53D5  [953D5]  57              push    di
    2998_alias_90000:53D6  [953D6]  8b4606          mov     ax, word ptr [bp + 6]
    2998_alias_90000:53D9  [953D9]  ba4e00          mov     dx, 0x4e
    2998_alias_90000:53DC  [953DC]  f7ea            imul    dx
    2998_alias_90000:53DE  [953DE]  c43e4207        les     di, ptr [0x742]
    2998_alias_90000:53E2  [953E2]  8bd7            mov     dx, di
    2998_alias_90000:53E4  [953E4]  03d0            add     dx, ax
    2998_alias_90000:53E6  [953E6]  06              push    es
    2998_alias_90000:53E7  [953E7]  52              push    dx
    2998_alias_90000:53E8  [953E8]  9a4a197194      lcall   checksum_bytes  ; 0x9471, 0x194a
    2998_alias_90000:53ED  [953ED]  83c402          add     sp, 2
    2998_alias_90000:53F0  [953F0]  8846f6          mov     byte ptr [bp - 0xa], al
    2998_alias_90000:53F3  [953F3]  bf0800          mov     di, 8
    2998_alias_90000:53F6  [953F6]  57              push    di
    2998_alias_90000:53F7  [953F7]  eb03            jmp     L_953FC  ; 0xcec
L_953F9:
    2998_alias_90000:53F9  [953F9]  e96f00          jmp     L_9546B  ; 0xd5b
L_953FC:
    2998_alias_90000:53FC  [953FC]  8b4606          mov     ax, word ptr [bp + 6]
    2998_alias_90000:53FF  [953FF]  ba0c00          mov     dx, 0xc
    2998_alias_90000:5402  [95402]  f7ea            imul    dx
    2998_alias_90000:5404  [95404]  c43e3e07        les     di, ptr [0x73e]
    2998_alias_90000:5408  [95408]  8bf7            mov     si, di
    2998_alias_90000:540A  [9540A]  03f0            add     si, ax
    2998_alias_90000:540C  [9540C]  06              push    es
    2998_alias_90000:540D  [9540D]  56              push    si
    2998_alias_90000:540E  [9540E]  9a4a197194      lcall   checksum_bytes  ; 0x9471, 0x194a
    2998_alias_90000:5413  [95413]  83c402          add     sp, 2
    2998_alias_90000:5416  [95416]  0046f6          add     byte ptr [bp - 0xa], al
    2998_alias_90000:5419  [95419]  83c402          add     sp, 2
    2998_alias_90000:541C  [9541C]  83c402          add     sp, 2
    2998_alias_90000:541F  [9541F]  8a56f7          mov     dl, byte ptr [bp - 9]
    2998_alias_90000:5422  [95422]  8b4606          mov     ax, word ptr [bp + 6]
    2998_alias_90000:5425  [95425]  8aca            mov     cl, dl
    2998_alias_90000:5427  [95427]  ba0c00          mov     dx, 0xc
    2998_alias_90000:542A  [9542A]  f7ea            imul    dx
    2998_alias_90000:542C  [9542C]  c43e3e07        les     di, ptr [0x73e]
    2998_alias_90000:5430  [95430]  8bd8            mov     bx, ax
    2998_alias_90000:5432  [95432]  268a510b        mov     dl, byte ptr es:[bx + di + 0xb]
    2998_alias_90000:5436  [95436]  3aca            cmp     cl, dl
    2998_alias_90000:5438  [95438]  740b            je      L_95445  ; 0xd35
    2998_alias_90000:543A  [9543A]  c7069006ef03    mov     word ptr [0x690], 0x3ef
    2998_alias_90000:5440  [95440]  814ee60400      or      word ptr [bp - 0x1a], 4
L_95445:
    2998_alias_90000:5445  [95445]  8a56f6          mov     dl, byte ptr [bp - 0xa]
    2998_alias_90000:5448  [95448]  8b4606          mov     ax, word ptr [bp + 6]
    2998_alias_90000:544B  [9544B]  8aca            mov     cl, dl
    2998_alias_90000:544D  [9544D]  ba4e00          mov     dx, 0x4e
    2998_alias_90000:5450  [95450]  f7ea            imul    dx
    2998_alias_90000:5452  [95452]  c43e4207        les     di, ptr [0x742]
    2998_alias_90000:5456  [95456]  8bd8            mov     bx, ax
    2998_alias_90000:5458  [95458]  268a514c        mov     dl, byte ptr es:[bx + di + 0x4c]
    2998_alias_90000:545C  [9545C]  3aca            cmp     cl, dl
    2998_alias_90000:545E  [9545E]  740b            je      L_9546B  ; 0xd5b
    2998_alias_90000:5460  [95460]  814ee68000      or      word ptr [bp - 0x1a], 0x80
    2998_alias_90000:5465  [95465]  c7069006f603    mov     word ptr [0x690], 0x3f6
L_9546B:
    2998_alias_90000:546B  [9546B]  8b46e6          mov     ax, word ptr [bp - 0x1a]
    2998_alias_90000:546E  [9546E]  59              pop     cx
    2998_alias_90000:546F  [9546F]  5e              pop     si
    2998_alias_90000:5470  [95470]  8be5            mov     sp, bp
    2998_alias_90000:5472  [95472]  5d              pop     bp
    2998_alias_90000:5473  [95473]  ca0200          retf    2
SUB_95476:
    2998_alias_90000:5476  [95476]  55              push    bp
    2998_alias_90000:5477  [95477]  8bec            mov     bp, sp
    2998_alias_90000:5479  [95479]  81ecb800        sub     sp, 0xb8
    2998_alias_90000:547D  [9547D]  56              push    si
    2998_alias_90000:547E  [9547E]  51              push    cx
    2998_alias_90000:547F  [9547F]  bf808f          mov     di, 0x8f80
    2998_alias_90000:5482  [95482]  57              push    di
    2998_alias_90000:5483  [95483]  9a0e007094      lcall   set_ds_return_old  ; 0x9470, 0xe
    2998_alias_90000:5488  [95488]  89864cff        mov     word ptr [bp - 0xb4], ax
    2998_alias_90000:548C  [9548C]  c43e4607        les     di, ptr [0x746]
    2998_alias_90000:5490  [95490]  26c7450c0000    mov     word ptr es:[di + 0xc], 0
    2998_alias_90000:5496  [95496]  c41e4607        les     bx, ptr [0x746]
    2998_alias_90000:549A  [9549A]  26c7470a0000    mov     word ptr es:[bx + 0xa], 0
    2998_alias_90000:54A0  [954A0]  c78650ff0000    mov     word ptr [bp - 0xb0], 0
    2998_alias_90000:54A6  [954A6]  c43e4607        les     di, ptr [0x746]
    2998_alias_90000:54AA  [954AA]  26833d00        cmp     word ptr es:[di], 0
    2998_alias_90000:54AE  [954AE]  741b            je      L_954CB  ; 0xdbb
    2998_alias_90000:54B0  [954B0]  c43e4607        les     di, ptr [0x746]
    2998_alias_90000:54B4  [954B4]  26ff450c        inc     word ptr es:[di + 0xc]
    2998_alias_90000:54B8  [954B8]  c43e4607        les     di, ptr [0x746]
    2998_alias_90000:54BC  [954BC]  26814d0a0001    or      word ptr es:[di + 0xa], 0x100
    2998_alias_90000:54C2  [954C2]  c43e4607        les     di, ptr [0x746]
    2998_alias_90000:54C6  [954C6]  26c7050000      mov     word ptr es:[di], 0
L_954CB:
    2998_alias_90000:54CB  [954CB]  c43e4607        les     di, ptr [0x746]
    2998_alias_90000:54CF  [954CF]  26837d0200      cmp     word ptr es:[di + 2], 0
    2998_alias_90000:54D4  [954D4]  750b            jne     L_954E1  ; 0xdd1
    2998_alias_90000:54D6  [954D6]  c41e4607        les     bx, ptr [0x746]
    2998_alias_90000:54DA  [954DA]  26837f0400      cmp     word ptr es:[bx + 4], 0
    2998_alias_90000:54DF  [954DF]  7426            je      L_95507  ; 0xdf7
L_954E1:
    2998_alias_90000:54E1  [954E1]  c43e4607        les     di, ptr [0x746]
    2998_alias_90000:54E5  [954E5]  26ff450c        inc     word ptr es:[di + 0xc]
    2998_alias_90000:54E9  [954E9]  c41e4607        les     bx, ptr [0x746]
    2998_alias_90000:54ED  [954ED]  26814f0a0002    or      word ptr es:[bx + 0xa], 0x200
    2998_alias_90000:54F3  [954F3]  c43e4607        les     di, ptr [0x746]
    2998_alias_90000:54F7  [954F7]  26c745040000    mov     word ptr es:[di + 4], 0
    2998_alias_90000:54FD  [954FD]  c43e4607        les     di, ptr [0x746]
    2998_alias_90000:5501  [95501]  26c745020000    mov     word ptr es:[di + 2], 0
L_95507:
    2998_alias_90000:5507  [95507]  c78656ff0000    mov     word ptr [bp - 0xaa], 0
    2998_alias_90000:550D  [9550D]  e9ed01          jmp     L_956FD  ; 0xfed
L_95510:
    2998_alias_90000:5510  [95510]  8b8656ff        mov     ax, word ptr [bp - 0xaa]
    2998_alias_90000:5514  [95514]  ba0600          mov     dx, 6
    2998_alias_90000:5517  [95517]  f7ea            imul    dx
    2998_alias_90000:5519  [95519]  8bf8            mov     di, ax
    2998_alias_90000:551B  [9551B]  c68362ff00      mov     byte ptr [bp + di - 0x9e], 0
    2998_alias_90000:5520  [95520]  8b8656ff        mov     ax, word ptr [bp - 0xaa]
    2998_alias_90000:5524  [95524]  ba0c00          mov     dx, 0xc
    2998_alias_90000:5527  [95527]  f7ea            imul    dx
    2998_alias_90000:5529  [95529]  c41e3e07        les     bx, ptr [0x73e]
    2998_alias_90000:552D  [9552D]  8bf8            mov     di, ax
    2998_alias_90000:552F  [9552F]  268a510a        mov     dl, byte ptr es:[bx + di + 0xa]
    2998_alias_90000:5533  [95533]  80e201          and     dl, 1
    2998_alias_90000:5536  [95536]  80fa00          cmp     dl, 0
    2998_alias_90000:5539  [95539]  7475            je      L_955B0  ; 0xea0
    2998_alias_90000:553B  [9553B]  c41e3e07        les     bx, ptr [0x73e]
    2998_alias_90000:553F  [9553F]  26833900        cmp     word ptr es:[bx + di], 0
    2998_alias_90000:5543  [95543]  7569            jne     L_955AE  ; 0xe9e
    2998_alias_90000:5545  [95545]  c41e3e07        les     bx, ptr [0x73e]
    2998_alias_90000:5549  [95549]  2683790400      cmp     word ptr es:[bx + di + 4], 0
    2998_alias_90000:554E  [9554E]  755e            jne     L_955AE  ; 0xe9e
    2998_alias_90000:5550  [95550]  c41e3e07        les     bx, ptr [0x73e]
    2998_alias_90000:5554  [95554]  2683790200      cmp     word ptr es:[bx + di + 2], 0
    2998_alias_90000:5559  [95559]  7553            jne     L_955AE  ; 0xe9e
    2998_alias_90000:555B  [9555B]  c41e3e07        les     bx, ptr [0x73e]
    2998_alias_90000:555F  [9555F]  2683790400      cmp     word ptr es:[bx + di + 4], 0
    2998_alias_90000:5564  [95564]  7548            jne     L_955AE  ; 0xe9e
    2998_alias_90000:5566  [95566]  c41e3e07        les     bx, ptr [0x73e]
    2998_alias_90000:556A  [9556A]  2683790800      cmp     word ptr es:[bx + di + 8], 0
    2998_alias_90000:556F  [9556F]  753d            jne     L_955AE  ; 0xe9e
    2998_alias_90000:5571  [95571]  8b8656ff        mov     ax, word ptr [bp - 0xaa]
    2998_alias_90000:5575  [95575]  ba4e00          mov     dx, 0x4e
    2998_alias_90000:5578  [95578]  f7ea            imul    dx
    2998_alias_90000:557A  [9557A]  c41e4207        les     bx, ptr [0x742]
    2998_alias_90000:557E  [9557E]  8bf8            mov     di, ax
    2998_alias_90000:5580  [95580]  268b5136        mov     dx, word ptr es:[bx + di + 0x36]
    2998_alias_90000:5584  [95584]  260b5138        or      dx, word ptr es:[bx + di + 0x38]
    2998_alias_90000:5588  [95588]  7524            jne     L_955AE  ; 0xe9e
    2998_alias_90000:558A  [9558A]  c41e4207        les     bx, ptr [0x742]
    2998_alias_90000:558E  [9558E]  2683793a00      cmp     word ptr es:[bx + di + 0x3a], 0
    2998_alias_90000:5593  [95593]  7519            jne     L_955AE  ; 0xe9e
    2998_alias_90000:5595  [95595]  c41e4207        les     bx, ptr [0x742]
    2998_alias_90000:5599  [95599]  268b513c        mov     dx, word ptr es:[bx + di + 0x3c]
    2998_alias_90000:559D  [9559D]  260b513e        or      dx, word ptr es:[bx + di + 0x3e]
    2998_alias_90000:55A1  [955A1]  750b            jne     L_955AE  ; 0xe9e
    2998_alias_90000:55A3  [955A3]  c41e4207        les     bx, ptr [0x742]
    2998_alias_90000:55A7  [955A7]  2683794000      cmp     word ptr es:[bx + di + 0x40], 0
    2998_alias_90000:55AC  [955AC]  7478            je      L_95626  ; 0xf16
L_955AE:
    2998_alias_90000:55AE  [955AE]  eb03            jmp     L_955B3  ; 0xea3
L_955B0:
    2998_alias_90000:55B0  [955B0]  e9be00          jmp     L_95671  ; 0xf61
L_955B3:
    2998_alias_90000:55B3  [955B3]  c70690064404    mov     word ptr [0x690], 0x444
    2998_alias_90000:55B9  [955B9]  8b8656ff        mov     ax, word ptr [bp - 0xaa]
    2998_alias_90000:55BD  [955BD]  ba0c00          mov     dx, 0xc
    2998_alias_90000:55C0  [955C0]  f7ea            imul    dx
    2998_alias_90000:55C2  [955C2]  c43e3e07        les     di, ptr [0x73e]
    2998_alias_90000:55C6  [955C6]  8bd8            mov     bx, ax
    2998_alias_90000:55C8  [955C8]  26c7010000      mov     word ptr es:[bx + di], 0
    2998_alias_90000:55CD  [955CD]  8b8656ff        mov     ax, word ptr [bp - 0xaa]
    2998_alias_90000:55D1  [955D1]  ba0c00          mov     dx, 0xc
    2998_alias_90000:55D4  [955D4]  f7ea            imul    dx
    2998_alias_90000:55D6  [955D6]  c43e3e07        les     di, ptr [0x73e]
    2998_alias_90000:55DA  [955DA]  8bd8            mov     bx, ax
    2998_alias_90000:55DC  [955DC]  26c741040000    mov     word ptr es:[bx + di + 4], 0
    2998_alias_90000:55E2  [955E2]  8b8656ff        mov     ax, word ptr [bp - 0xaa]
    2998_alias_90000:55E6  [955E6]  ba0c00          mov     dx, 0xc
    2998_alias_90000:55E9  [955E9]  f7ea            imul    dx
    2998_alias_90000:55EB  [955EB]  c43e3e07        les     di, ptr [0x73e]
    2998_alias_90000:55EF  [955EF]  8bd8            mov     bx, ax
    2998_alias_90000:55F1  [955F1]  26c741020000    mov     word ptr es:[bx + di + 2], 0
    2998_alias_90000:55F7  [955F7]  8b8656ff        mov     ax, word ptr [bp - 0xaa]
    2998_alias_90000:55FB  [955FB]  ba0c00          mov     dx, 0xc
    2998_alias_90000:55FE  [955FE]  f7ea            imul    dx
    2998_alias_90000:5600  [95600]  c43e3e07        les     di, ptr [0x73e]
    2998_alias_90000:5604  [95604]  8bd8            mov     bx, ax
    2998_alias_90000:5606  [95606]  26c741040000    mov     word ptr es:[bx + di + 4], 0
    2998_alias_90000:560C  [9560C]  8b8656ff        mov     ax, word ptr [bp - 0xaa]
    2998_alias_90000:5610  [95610]  ba0c00          mov     dx, 0xc
    2998_alias_90000:5613  [95613]  f7ea            imul    dx
    2998_alias_90000:5615  [95615]  c43e3e07        les     di, ptr [0x73e]
    2998_alias_90000:5619  [95619]  8bd8            mov     bx, ax
    2998_alias_90000:561B  [9561B]  26c741080000    mov     word ptr es:[bx + di + 8], 0
    2998_alias_90000:5621  [95621]  2bd2            sub     dx, dx
    2998_alias_90000:5623  [95623]  52              push    dx
    2998_alias_90000:5624  [95624]  eb03            jmp     L_95629  ; 0xf19
L_95626:
    2998_alias_90000:5626  [95626]  e9d000          jmp     L_956F9  ; 0xfe9
L_95629:
    2998_alias_90000:5629  [95629]  bf4e00          mov     di, 0x4e
    2998_alias_90000:562C  [9562C]  57              push    di
    2998_alias_90000:562D  [9562D]  8b8656ff        mov     ax, word ptr [bp - 0xaa]
    2998_alias_90000:5631  [95631]  ba4e00          mov     dx, 0x4e
    2998_alias_90000:5634  [95634]  f7ea            imul    dx
    2998_alias_90000:5636  [95636]  c43e4207        les     di, ptr [0x742]
    2998_alias_90000:563A  [9563A]  8bd7            mov     dx, di
    2998_alias_90000:563C  [9563C]  03d0            add     dx, ax
    2998_alias_90000:563E  [9563E]  06              push    es
    2998_alias_90000:563F  [9563F]  52              push    dx
    2998_alias_90000:5640  [95640]  9a77197194      lcall   memset_far  ; 0x9471, 0x1977
    2998_alias_90000:5645  [95645]  83c404          add     sp, 4
    2998_alias_90000:5648  [95648]  c43e4607        les     di, ptr [0x746]
    2998_alias_90000:564C  [9564C]  26ff450c        inc     word ptr es:[di + 0xc]
    2998_alias_90000:5650  [95650]  c41e4607        les     bx, ptr [0x746]
    2998_alias_90000:5654  [95654]  26814f0a8000    or      word ptr es:[bx + 0xa], 0x80
    2998_alias_90000:565A  [9565A]  8b8656ff        mov     ax, word ptr [bp - 0xaa]
    2998_alias_90000:565E  [9565E]  ba0c00          mov     dx, 0xc
    2998_alias_90000:5661  [95661]  f7ea            imul    dx
    2998_alias_90000:5663  [95663]  c43e3e07        les     di, ptr [0x73e]
    2998_alias_90000:5667  [95667]  8bd8            mov     bx, ax
    2998_alias_90000:5669  [95669]  26c6410a01      mov     byte ptr es:[bx + di + 0xa], 1
    2998_alias_90000:566E  [9566E]  e98800          jmp     L_956F9  ; 0xfe9
L_95671:
    2998_alias_90000:5671  [95671]  ffb656ff        push    word ptr [bp - 0xaa]
    2998_alias_90000:5675  [95675]  9a9a0a7194      lcall   SUB_951AA  ; 0x9471, 0xa9a
    2998_alias_90000:567A  [9567A]  89864eff        mov     word ptr [bp - 0xb2], ax
    2998_alias_90000:567E  [9567E]  3d0000          cmp     ax, 0
    2998_alias_90000:5681  [95681]  7476            je      L_956F9  ; 0xfe9
    2998_alias_90000:5683  [95683]  c70690065904    mov     word ptr [0x690], 0x459
    2998_alias_90000:5689  [95689]  c43e4607        les     di, ptr [0x746]
    2998_alias_90000:568D  [9568D]  26ff450c        inc     word ptr es:[di + 0xc]
    2998_alias_90000:5691  [95691]  8b964eff        mov     dx, word ptr [bp - 0xb2]
    2998_alias_90000:5695  [95695]  c41e4607        les     bx, ptr [0x746]
    2998_alias_90000:5699  [95699]  2609570a        or      word ptr es:[bx + 0xa], dx
    2998_alias_90000:569D  [9569D]  8b964eff        mov     dx, word ptr [bp - 0xb2]
    2998_alias_90000:56A1  [956A1]  81e2fbfd        and     dx, 0xfdfb
    2998_alias_90000:56A5  [956A5]  83fa00          cmp     dx, 0
    2998_alias_90000:56A8  [956A8]  7412            je      L_956BC  ; 0xfac
    2998_alias_90000:56AA  [956AA]  c70690066204    mov     word ptr [0x690], 0x462
    2998_alias_90000:56B0  [956B0]  ffb656ff        push    word ptr [bp - 0xaa]
    2998_alias_90000:56B4  [956B4]  9ad91a7194      lcall   init_gpib_record  ; 0x9471, 0x1ad9
    2998_alias_90000:56B9  [956B9]  e93d00          jmp     L_956F9  ; 0xfe9
L_956BC:
    2998_alias_90000:56BC  [956BC]  8b8656ff        mov     ax, word ptr [bp - 0xaa]
    2998_alias_90000:56C0  [956C0]  ba0c00          mov     dx, 0xc
    2998_alias_90000:56C3  [956C3]  f7ea            imul    dx
    2998_alias_90000:56C5  [956C5]  c43e3e07        les     di, ptr [0x73e]
    2998_alias_90000:56C9  [956C9]  8bd8            mov     bx, ax
    2998_alias_90000:56CB  [956CB]  2680490a20      or      byte ptr es:[bx + di + 0xa], 0x20
    2998_alias_90000:56D0  [956D0]  8b8656ff        mov     ax, word ptr [bp - 0xaa]
    2998_alias_90000:56D4  [956D4]  ba0c00          mov     dx, 0xc
    2998_alias_90000:56D7  [956D7]  f7ea            imul    dx
    2998_alias_90000:56D9  [956D9]  c43e3e07        les     di, ptr [0x73e]
    2998_alias_90000:56DD  [956DD]  8bd8            mov     bx, ax
    2998_alias_90000:56DF  [956DF]  2680610ae7      and     byte ptr es:[bx + di + 0xa], 0xe7
    2998_alias_90000:56E4  [956E4]  8b8656ff        mov     ax, word ptr [bp - 0xaa]
    2998_alias_90000:56E8  [956E8]  ba0c00          mov     dx, 0xc
    2998_alias_90000:56EB  [956EB]  f7ea            imul    dx
    2998_alias_90000:56ED  [956ED]  c43e3e07        les     di, ptr [0x73e]
    2998_alias_90000:56F1  [956F1]  8bd8            mov     bx, ax
    2998_alias_90000:56F3  [956F3]  26c741080000    mov     word ptr es:[bx + di + 8], 0
L_956F9:
    2998_alias_90000:56F9  [956F9]  ff8656ff        inc     word ptr [bp - 0xaa]
L_956FD:
    2998_alias_90000:56FD  [956FD]  83be56ff1a      cmp     word ptr [bp - 0xaa], 0x1a
    2998_alias_90000:5702  [95702]  7d03            jge     L_95707  ; 0xff7
    2998_alias_90000:5704  [95704]  e909fe          jmp     L_95510  ; 0xe00
L_95707:
    2998_alias_90000:5707  [95707]  c78648ff0000    mov     word ptr [bp - 0xb8], 0
    2998_alias_90000:570D  [9570D]  c78656ff0000    mov     word ptr [bp - 0xaa], 0
    2998_alias_90000:5713  [95713]  e96000          jmp     L_95776  ; 0x1066
L_95716:
    2998_alias_90000:5716  [95716]  8b8656ff        mov     ax, word ptr [bp - 0xaa]
    2998_alias_90000:571A  [9571A]  ba0c00          mov     dx, 0xc
    2998_alias_90000:571D  [9571D]  f7ea            imul    dx
    2998_alias_90000:571F  [9571F]  c43e3e07        les     di, ptr [0x73e]
    2998_alias_90000:5723  [95723]  8bd8            mov     bx, ax
    2998_alias_90000:5725  [95725]  268a510a        mov     dl, byte ptr es:[bx + di + 0xa]
    2998_alias_90000:5729  [95729]  80e202          and     dl, 2
    2998_alias_90000:572C  [9572C]  80fa00          cmp     dl, 0
    2998_alias_90000:572F  [9572F]  7441            je      L_95772  ; 0x1062
    2998_alias_90000:5731  [95731]  c43e3e07        les     di, ptr [0x73e]
    2998_alias_90000:5735  [95735]  268b11          mov     dx, word ptr es:[bx + di]
    2998_alias_90000:5738  [95738]  8b8648ff        mov     ax, word ptr [bp - 0xb8]
    2998_alias_90000:573C  [9573C]  8bfa            mov     di, dx
    2998_alias_90000:573E  [9573E]  ba0600          mov     dx, 6
    2998_alias_90000:5741  [95741]  f7ea            imul    dx
    2998_alias_90000:5743  [95743]  8bf0            mov     si, ax
    2998_alias_90000:5745  [95745]  89ba5eff        mov     word ptr [bp + si - 0xa2], di
    2998_alias_90000:5749  [95749]  8b9656ff        mov     dx, word ptr [bp - 0xaa]
    2998_alias_90000:574D  [9574D]  8b8648ff        mov     ax, word ptr [bp - 0xb8]
    2998_alias_90000:5751  [95751]  8bf2            mov     si, dx
    2998_alias_90000:5753  [95753]  ba0600          mov     dx, 6
    2998_alias_90000:5756  [95756]  f7ea            imul    dx
    2998_alias_90000:5758  [95758]  8bf8            mov     di, ax
    2998_alias_90000:575A  [9575A]  89b360ff        mov     word ptr [bp + di - 0xa0], si
    2998_alias_90000:575E  [9575E]  8b8648ff        mov     ax, word ptr [bp - 0xb8]
    2998_alias_90000:5762  [95762]  ba0600          mov     dx, 6
    2998_alias_90000:5765  [95765]  f7ea            imul    dx
    2998_alias_90000:5767  [95767]  8bf8            mov     di, ax
    2998_alias_90000:5769  [95769]  c68362ff00      mov     byte ptr [bp + di - 0x9e], 0
    2998_alias_90000:576E  [9576E]  ff8648ff        inc     word ptr [bp - 0xb8]
L_95772:
    2998_alias_90000:5772  [95772]  ff8656ff        inc     word ptr [bp - 0xaa]
L_95776:
    2998_alias_90000:5776  [95776]  83be56ff1a      cmp     word ptr [bp - 0xaa], 0x1a
    2998_alias_90000:577B  [9577B]  7c99            jl      L_95716  ; 0x1006
    2998_alias_90000:577D  [9577D]  83be48ff01      cmp     word ptr [bp - 0xb8], 1
    2998_alias_90000:5782  [95782]  7e77            jle     L_957FB  ; 0x10eb
    2998_alias_90000:5784  [95784]  c78656ff0000    mov     word ptr [bp - 0xaa], 0
    2998_alias_90000:578A  [9578A]  e9dc00          jmp     L_95869  ; 0x1159
L_9578D:
    2998_alias_90000:578D  [9578D]  c78654ff0000    mov     word ptr [bp - 0xac], 0
    2998_alias_90000:5793  [95793]  e9bd00          jmp     L_95853  ; 0x1143
L_95796:
    2998_alias_90000:5796  [95796]  8b8654ff        mov     ax, word ptr [bp - 0xac]
    2998_alias_90000:579A  [9579A]  ba0600          mov     dx, 6
    2998_alias_90000:579D  [9579D]  f7ea            imul    dx
    2998_alias_90000:579F  [9579F]  8bf8            mov     di, ax
    2998_alias_90000:57A1  [957A1]  8bb35eff        mov     si, word ptr [bp + di - 0xa2]
    2998_alias_90000:57A5  [957A5]  8b9654ff        mov     dx, word ptr [bp - 0xac]
    2998_alias_90000:57A9  [957A9]  42              inc     dx
    2998_alias_90000:57AA  [957AA]  8bc2            mov     ax, dx
    2998_alias_90000:57AC  [957AC]  ba0600          mov     dx, 6
    2998_alias_90000:57AF  [957AF]  f7ea            imul    dx
    2998_alias_90000:57B1  [957B1]  8bf8            mov     di, ax
    2998_alias_90000:57B3  [957B3]  8b935eff        mov     dx, word ptr [bp + di - 0xa2]
    2998_alias_90000:57B7  [957B7]  3bf2            cmp     si, dx
    2998_alias_90000:57B9  [957B9]  7e77            jle     L_95832  ; 0x1122
    2998_alias_90000:57BB  [957BB]  8b8654ff        mov     ax, word ptr [bp - 0xac]
    2998_alias_90000:57BF  [957BF]  ba0600          mov     dx, 6
    2998_alias_90000:57C2  [957C2]  f7ea            imul    dx
    2998_alias_90000:57C4  [957C4]  89b658ff        mov     word ptr [bp - 0xa8], si
    2998_alias_90000:57C8  [957C8]  8bf8            mov     di, ax
    2998_alias_90000:57CA  [957CA]  8b9360ff        mov     dx, word ptr [bp + di - 0xa0]
    2998_alias_90000:57CE  [957CE]  89965aff        mov     word ptr [bp - 0xa6], dx
    2998_alias_90000:57D2  [957D2]  8a9b62ff        mov     bl, byte ptr [bp + di - 0x9e]
    2998_alias_90000:57D6  [957D6]  889e5cff        mov     byte ptr [bp - 0xa4], bl
    2998_alias_90000:57DA  [957DA]  8bb654ff        mov     si, word ptr [bp - 0xac]
    2998_alias_90000:57DE  [957DE]  46              inc     si
    2998_alias_90000:57DF  [957DF]  8bc6            mov     ax, si
    2998_alias_90000:57E1  [957E1]  ba0600          mov     dx, 6
    2998_alias_90000:57E4  [957E4]  f7ea            imul    dx
    2998_alias_90000:57E6  [957E6]  8bf0            mov     si, ax
    2998_alias_90000:57E8  [957E8]  8b925eff        mov     dx, word ptr [bp + si - 0xa2]
    2998_alias_90000:57EC  [957EC]  89935eff        mov     word ptr [bp + di - 0xa2], dx
    2998_alias_90000:57F0  [957F0]  8b9e54ff        mov     bx, word ptr [bp - 0xac]
    2998_alias_90000:57F4  [957F4]  43              inc     bx
    2998_alias_90000:57F5  [957F5]  8b9a60ff        mov     bx, word ptr [bp + si - 0xa0]
    2998_alias_90000:57F9  [957F9]  eb03            jmp     L_957FE  ; 0x10ee
L_957FB:
    2998_alias_90000:57FB  [957FB]  e90a02          jmp     L_95A08  ; 0x12f8
L_957FE:
    2998_alias_90000:57FE  [957FE]  899b60ff        mov     word ptr [bp + di - 0xa0], bx
    2998_alias_90000:5802  [95802]  8b9654ff        mov     dx, word ptr [bp - 0xac]
    2998_alias_90000:5806  [95806]  42              inc     dx
    2998_alias_90000:5807  [95807]  8a9262ff        mov     dl, byte ptr [bp + si - 0x9e]
    2998_alias_90000:580B  [9580B]  889362ff        mov     byte ptr [bp + di - 0x9e], dl
    2998_alias_90000:580F  [9580F]  8b9e58ff        mov     bx, word ptr [bp - 0xa8]
    2998_alias_90000:5813  [95813]  8b9654ff        mov     dx, word ptr [bp - 0xac]
    2998_alias_90000:5817  [95817]  42              inc     dx
    2998_alias_90000:5818  [95818]  899a5eff        mov     word ptr [bp + si - 0xa2], bx
    2998_alias_90000:581C  [9581C]  8b965aff        mov     dx, word ptr [bp - 0xa6]
    2998_alias_90000:5820  [95820]  8b9e54ff        mov     bx, word ptr [bp - 0xac]
    2998_alias_90000:5824  [95824]  43              inc     bx
    2998_alias_90000:5825  [95825]  8bc3            mov     ax, bx
    2998_alias_90000:5827  [95827]  8bda            mov     bx, dx
    2998_alias_90000:5829  [95829]  ba0600          mov     dx, 6
    2998_alias_90000:582C  [9582C]  f7ea            imul    dx
    2998_alias_90000:582E  [9582E]  8bf8            mov     di, ax
    2998_alias_90000:5830  [95830]  eb03            jmp     L_95835  ; 0x1125
L_95832:
    2998_alias_90000:5832  [95832]  e91a00          jmp     L_9584F  ; 0x113f
L_95835:
    2998_alias_90000:5835  [95835]  899b60ff        mov     word ptr [bp + di - 0xa0], bx
    2998_alias_90000:5839  [95839]  8a965cff        mov     dl, byte ptr [bp - 0xa4]
    2998_alias_90000:583D  [9583D]  8b8654ff        mov     ax, word ptr [bp - 0xac]
    2998_alias_90000:5841  [95841]  40              inc     ax
    2998_alias_90000:5842  [95842]  8ada            mov     bl, dl
    2998_alias_90000:5844  [95844]  ba0600          mov     dx, 6
    2998_alias_90000:5847  [95847]  f7ea            imul    dx
    2998_alias_90000:5849  [95849]  8bf8            mov     di, ax
    2998_alias_90000:584B  [9584B]  889b62ff        mov     byte ptr [bp + di - 0x9e], bl
L_9584F:
    2998_alias_90000:584F  [9584F]  ff8654ff        inc     word ptr [bp - 0xac]
L_95853:
    2998_alias_90000:5853  [95853]  8bbe48ff        mov     di, word ptr [bp - 0xb8]
    2998_alias_90000:5857  [95857]  2bbe56ff        sub     di, word ptr [bp - 0xaa]
    2998_alias_90000:585B  [9585B]  4f              dec     di
    2998_alias_90000:585C  [9585C]  39be54ff        cmp     word ptr [bp - 0xac], di
    2998_alias_90000:5860  [95860]  7d03            jge     L_95865  ; 0x1155
    2998_alias_90000:5862  [95862]  e931ff          jmp     L_95796  ; 0x1086
L_95865:
    2998_alias_90000:5865  [95865]  ff8656ff        inc     word ptr [bp - 0xaa]
L_95869:
    2998_alias_90000:5869  [95869]  8bbe48ff        mov     di, word ptr [bp - 0xb8]
    2998_alias_90000:586D  [9586D]  39be56ff        cmp     word ptr [bp - 0xaa], di
    2998_alias_90000:5871  [95871]  7d03            jge     L_95876  ; 0x1166
    2998_alias_90000:5873  [95873]  e917ff          jmp     L_9578D  ; 0x107d
L_95876:
    2998_alias_90000:5876  [95876]  83be5eff00      cmp     word ptr [bp - 0xa2], 0
    2998_alias_90000:587B  [9587B]  7412            je      L_9588F  ; 0x117f
    2998_alias_90000:587D  [9587D]  c4364607        les     si, ptr [0x746]
    2998_alias_90000:5881  [95881]  26814c0a1000    or      word ptr es:[si + 0xa], 0x10
    2998_alias_90000:5887  [95887]  c43e4607        les     di, ptr [0x746]
    2998_alias_90000:588B  [9588B]  26ff450c        inc     word ptr es:[di + 0xc]
L_9588F:
    2998_alias_90000:588F  [9588F]  c78656ff0000    mov     word ptr [bp - 0xaa], 0
    2998_alias_90000:5895  [95895]  e9d600          jmp     L_9596E  ; 0x125e
L_95898:
    2998_alias_90000:5898  [95898]  8b8656ff        mov     ax, word ptr [bp - 0xaa]
    2998_alias_90000:589C  [9589C]  ba0600          mov     dx, 6
    2998_alias_90000:589F  [9589F]  f7ea            imul    dx
    2998_alias_90000:58A1  [958A1]  8bf8            mov     di, ax
    2998_alias_90000:58A3  [958A3]  8bb35eff        mov     si, word ptr [bp + di - 0xa2]
    2998_alias_90000:58A7  [958A7]  c4163e07        les     dx, ptr [0x73e]
    2998_alias_90000:58AB  [958AB]  8b8360ff        mov     ax, word ptr [bp + di - 0xa0]
    2998_alias_90000:58AF  [958AF]  8bda            mov     bx, dx
    2998_alias_90000:58B1  [958B1]  ba0c00          mov     dx, 0xc
    2998_alias_90000:58B4  [958B4]  f7ea            imul    dx
    2998_alias_90000:58B6  [958B6]  8bf8            mov     di, ax
    2998_alias_90000:58B8  [958B8]  26037102        add     si, word ptr es:[bx + di + 2]
    2998_alias_90000:58BC  [958BC]  8cc0            mov     ax, es
    2998_alias_90000:58BE  [958BE]  c4163e07        les     dx, ptr [0x73e]
    2998_alias_90000:58C2  [958C2]  8bc8            mov     cx, ax
    2998_alias_90000:58C4  [958C4]  8b8656ff        mov     ax, word ptr [bp - 0xaa]
    2998_alias_90000:58C8  [958C8]  52              push    dx
    2998_alias_90000:58C9  [958C9]  ba0600          mov     dx, 6
    2998_alias_90000:58CC  [958CC]  f7ea            imul    dx
    2998_alias_90000:58CE  [958CE]  5b              pop     bx
    2998_alias_90000:58CF  [958CF]  26037106        add     si, word ptr es:[bx + di + 6]
    2998_alias_90000:58D3  [958D3]  89b652ff        mov     word ptr [bp - 0xae], si
    2998_alias_90000:58D7  [958D7]  8b9656ff        mov     dx, word ptr [bp - 0xaa]
    2998_alias_90000:58DB  [958DB]  42              inc     dx
    2998_alias_90000:58DC  [958DC]  8bc8            mov     cx, ax
    2998_alias_90000:58DE  [958DE]  8bc2            mov     ax, dx
    2998_alias_90000:58E0  [958E0]  ba0600          mov     dx, 6
    2998_alias_90000:58E3  [958E3]  f7ea            imul    dx
    2998_alias_90000:58E5  [958E5]  8bd7            mov     dx, di
    2998_alias_90000:58E7  [958E7]  8bf8            mov     di, ax
    2998_alias_90000:58E9  [958E9]  8b835eff        mov     ax, word ptr [bp + di - 0xa2]
    2998_alias_90000:58ED  [958ED]  3bf0            cmp     si, ax
    2998_alias_90000:58EF  [958EF]  7509            jne     L_958FA  ; 0x11ea
    2998_alias_90000:58F1  [958F1]  c7069006bc04    mov     word ptr [0x690], 0x4bc
    2998_alias_90000:58F7  [958F7]  e97000          jmp     L_9596A  ; 0x125a
L_958FA:
    2998_alias_90000:58FA  [958FA]  8bbe52ff        mov     di, word ptr [bp - 0xae]
    2998_alias_90000:58FE  [958FE]  8bb656ff        mov     si, word ptr [bp - 0xaa]
    2998_alias_90000:5902  [95902]  46              inc     si
    2998_alias_90000:5903  [95903]  8bc6            mov     ax, si
    2998_alias_90000:5905  [95905]  ba0600          mov     dx, 6
    2998_alias_90000:5908  [95908]  f7ea            imul    dx
    2998_alias_90000:590A  [9590A]  8bf0            mov     si, ax
    2998_alias_90000:590C  [9590C]  8b925eff        mov     dx, word ptr [bp + si - 0xa2]
    2998_alias_90000:5910  [95910]  3bfa            cmp     di, dx
    2998_alias_90000:5912  [95912]  7e3e            jle     L_95952  ; 0x1242
    2998_alias_90000:5914  [95914]  c7069006c504    mov     word ptr [0x690], 0x4c5
    2998_alias_90000:591A  [9591A]  c41e4607        les     bx, ptr [0x746]
    2998_alias_90000:591E  [9591E]  26814f0a0800    or      word ptr es:[bx + 0xa], 8
    2998_alias_90000:5924  [95924]  c43e4607        les     di, ptr [0x746]
    2998_alias_90000:5928  [95928]  26ff450c        inc     word ptr es:[di + 0xc]
    2998_alias_90000:592C  [9592C]  8b8656ff        mov     ax, word ptr [bp - 0xaa]
    2998_alias_90000:5930  [95930]  ba0600          mov     dx, 6
    2998_alias_90000:5933  [95933]  f7ea            imul    dx
    2998_alias_90000:5935  [95935]  8bf8            mov     di, ax
    2998_alias_90000:5937  [95937]  808b62ff01      or      byte ptr [bp + di - 0x9e], 1
    2998_alias_90000:593C  [9593C]  8b9656ff        mov     dx, word ptr [bp - 0xaa]
    2998_alias_90000:5940  [95940]  42              inc     dx
    2998_alias_90000:5941  [95941]  8bc2            mov     ax, dx
    2998_alias_90000:5943  [95943]  ba0600          mov     dx, 6
    2998_alias_90000:5946  [95946]  f7ea            imul    dx
    2998_alias_90000:5948  [95948]  8bf8            mov     di, ax
    2998_alias_90000:594A  [9594A]  808b62ff01      or      byte ptr [bp + di - 0x9e], 1
    2998_alias_90000:594F  [9594F]  e91800          jmp     L_9596A  ; 0x125a
L_95952:
    2998_alias_90000:5952  [95952]  c7069006d304    mov     word ptr [0x690], 0x4d3
    2998_alias_90000:5958  [95958]  c43e4607        les     di, ptr [0x746]
    2998_alias_90000:595C  [9595C]  26814d0a1000    or      word ptr es:[di + 0xa], 0x10
    2998_alias_90000:5962  [95962]  c4364607        les     si, ptr [0x746]
    2998_alias_90000:5966  [95966]  26ff440c        inc     word ptr es:[si + 0xc]
L_9596A:
    2998_alias_90000:596A  [9596A]  ff8656ff        inc     word ptr [bp - 0xaa]
L_9596E:
    2998_alias_90000:596E  [9596E]  8bbe48ff        mov     di, word ptr [bp - 0xb8]
    2998_alias_90000:5972  [95972]  4f              dec     di
    2998_alias_90000:5973  [95973]  39be56ff        cmp     word ptr [bp - 0xaa], di
    2998_alias_90000:5977  [95977]  7d03            jge     L_9597C  ; 0x126c
    2998_alias_90000:5979  [95979]  e91cff          jmp     L_95898  ; 0x1188
L_9597C:
    2998_alias_90000:597C  [9597C]  89be56ff        mov     word ptr [bp - 0xaa], di
    2998_alias_90000:5980  [95980]  8bc7            mov     ax, di
    2998_alias_90000:5982  [95982]  ba0600          mov     dx, 6
    2998_alias_90000:5985  [95985]  f7ea            imul    dx
    2998_alias_90000:5987  [95987]  8bf0            mov     si, ax
    2998_alias_90000:5989  [95989]  8b925eff        mov     dx, word ptr [bp + si - 0xa2]
    2998_alias_90000:598D  [9598D]  c40e3e07        les     cx, ptr [0x73e]
    2998_alias_90000:5991  [95991]  8b8260ff        mov     ax, word ptr [bp + si - 0xa0]
    2998_alias_90000:5995  [95995]  8bda            mov     bx, dx
    2998_alias_90000:5997  [95997]  ba0c00          mov     dx, 0xc
    2998_alias_90000:599A  [9599A]  f7ea            imul    dx
    2998_alias_90000:599C  [9599C]  8bf9            mov     di, cx
    2998_alias_90000:599E  [9599E]  8bd3            mov     dx, bx
    2998_alias_90000:59A0  [959A0]  8bd8            mov     bx, ax
    2998_alias_90000:59A2  [959A2]  26035102        add     dx, word ptr es:[bx + di + 2]
    2998_alias_90000:59A6  [959A6]  8cc0            mov     ax, es
    2998_alias_90000:59A8  [959A8]  c40e3e07        les     cx, ptr [0x73e]
    2998_alias_90000:59AC  [959AC]  8bf9            mov     di, cx
    2998_alias_90000:59AE  [959AE]  26035106        add     dx, word ptr es:[bx + di + 6]
    2998_alias_90000:59B2  [959B2]  899652ff        mov     word ptr [bp - 0xae], dx
    2998_alias_90000:59B6  [959B6]  8cc0            mov     ax, es
    2998_alias_90000:59B8  [959B8]  c43e4607        les     di, ptr [0x746]
    2998_alias_90000:59BC  [959BC]  57              push    di
    2998_alias_90000:59BD  [959BD]  268b7d08        mov     di, word ptr es:[di + 8]
    2998_alias_90000:59C1  [959C1]  83c402          add     sp, 2
    2998_alias_90000:59C4  [959C4]  3bd7            cmp     dx, di
    2998_alias_90000:59C6  [959C6]  7509            jne     L_959D1  ; 0x12c1
    2998_alias_90000:59C8  [959C8]  c7069006e704    mov     word ptr [0x690], 0x4e7
    2998_alias_90000:59CE  [959CE]  e9b100          jmp     L_95A82  ; 0x1372
L_959D1:
    2998_alias_90000:59D1  [959D1]  c7069006ee04    mov     word ptr [0x690], 0x4ee
    2998_alias_90000:59D7  [959D7]  8b8656ff        mov     ax, word ptr [bp - 0xaa]
    2998_alias_90000:59DB  [959DB]  ba0600          mov     dx, 6
    2998_alias_90000:59DE  [959DE]  f7ea            imul    dx
    2998_alias_90000:59E0  [959E0]  8bf8            mov     di, ax
    2998_alias_90000:59E2  [959E2]  808b62ff01      or      byte ptr [bp + di - 0x9e], 1
    2998_alias_90000:59E7  [959E7]  c4364607        les     si, ptr [0x746]
    2998_alias_90000:59EB  [959EB]  26814c0a2000    or      word ptr es:[si + 0xa], 0x20
    2998_alias_90000:59F1  [959F1]  c41e4607        les     bx, ptr [0x746]
    2998_alias_90000:59F5  [959F5]  26ff470c        inc     word ptr es:[bx + 0xc]
    2998_alias_90000:59F9  [959F9]  8b9652ff        mov     dx, word ptr [bp - 0xae]
    2998_alias_90000:59FD  [959FD]  c4364607        les     si, ptr [0x746]
    2998_alias_90000:5A01  [95A01]  26895408        mov     word ptr es:[si + 8], dx
    2998_alias_90000:5A05  [95A05]  e97a00          jmp     L_95A82  ; 0x1372
L_95A08:
    2998_alias_90000:5A08  [95A08]  83be48ff01      cmp     word ptr [bp - 0xb8], 1
    2998_alias_90000:5A0D  [95A0D]  756a            jne     L_95A79  ; 0x1369
    2998_alias_90000:5A0F  [95A0F]  8bbe5eff        mov     di, word ptr [bp - 0xa2]
    2998_alias_90000:5A13  [95A13]  c4363e07        les     si, ptr [0x73e]
    2998_alias_90000:5A17  [95A17]  8b8660ff        mov     ax, word ptr [bp - 0xa0]
    2998_alias_90000:5A1B  [95A1B]  ba0c00          mov     dx, 0xc
    2998_alias_90000:5A1E  [95A1E]  f7ea            imul    dx
    2998_alias_90000:5A20  [95A20]  8bd8            mov     bx, ax
    2998_alias_90000:5A22  [95A22]  268b5002        mov     dx, word ptr es:[bx + si + 2]
    2998_alias_90000:5A26  [95A26]  03fa            add     di, dx
    2998_alias_90000:5A28  [95A28]  c40e3e07        les     cx, ptr [0x73e]
    2998_alias_90000:5A2C  [95A2C]  8bf1            mov     si, cx
    2998_alias_90000:5A2E  [95A2E]  26037806        add     di, word ptr es:[bx + si + 6]
    2998_alias_90000:5A32  [95A32]  89be52ff        mov     word ptr [bp - 0xae], di
    2998_alias_90000:5A36  [95A36]  8cc2            mov     dx, es
    2998_alias_90000:5A38  [95A38]  c4364607        les     si, ptr [0x746]
    2998_alias_90000:5A3C  [95A3C]  268b4408        mov     ax, word ptr es:[si + 8]
    2998_alias_90000:5A40  [95A40]  3bf8            cmp     di, ax
    2998_alias_90000:5A42  [95A42]  7509            jne     L_95A4D  ; 0x133d
    2998_alias_90000:5A44  [95A44]  c70690060605    mov     word ptr [0x690], 0x506
    2998_alias_90000:5A4A  [95A4A]  e92900          jmp     L_95A76  ; 0x1366
L_95A4D:
    2998_alias_90000:5A4D  [95A4D]  c70690060b05    mov     word ptr [0x690], 0x50b
    2998_alias_90000:5A53  [95A53]  808e62ff01      or      byte ptr [bp - 0x9e], 1
    2998_alias_90000:5A58  [95A58]  c43e4607        les     di, ptr [0x746]
    2998_alias_90000:5A5C  [95A5C]  26814d0a2000    or      word ptr es:[di + 0xa], 0x20
    2998_alias_90000:5A62  [95A62]  c4364607        les     si, ptr [0x746]
    2998_alias_90000:5A66  [95A66]  26ff440c        inc     word ptr es:[si + 0xc]
    2998_alias_90000:5A6A  [95A6A]  8b9652ff        mov     dx, word ptr [bp - 0xae]
    2998_alias_90000:5A6E  [95A6E]  c41e4607        les     bx, ptr [0x746]
    2998_alias_90000:5A72  [95A72]  26895708        mov     word ptr es:[bx + 8], dx
L_95A76:
    2998_alias_90000:5A76  [95A76]  e90900          jmp     L_95A82  ; 0x1372
L_95A79:
    2998_alias_90000:5A79  [95A79]  e90000          jmp     L_95A7C  ; 0x136c
L_95A7C:
    2998_alias_90000:5A7C  [95A7C]  c70690061905    mov     word ptr [0x690], 0x519
L_95A82:
    2998_alias_90000:5A82  [95A82]  c43e4607        les     di, ptr [0x746]
    2998_alias_90000:5A86  [95A86]  268b7508        mov     si, word ptr es:[di + 8]
    2998_alias_90000:5A8A  [95A8A]  c41e4607        les     bx, ptr [0x746]
    2998_alias_90000:5A8E  [95A8E]  26037706        add     si, word ptr es:[bx + 6]
    2998_alias_90000:5A92  [95A92]  81fe0068        cmp     si, 0x6800
    2998_alias_90000:5A96  [95A96]  7509            jne     L_95AA1  ; 0x1391
    2998_alias_90000:5A98  [95A98]  c70690062305    mov     word ptr [0x690], 0x523
    2998_alias_90000:5A9E  [95A9E]  e92b00          jmp     L_95ACC  ; 0x13bc
L_95AA1:
    2998_alias_90000:5AA1  [95AA1]  c70690062805    mov     word ptr [0x690], 0x528
    2998_alias_90000:5AA7  [95AA7]  c43e4607        les     di, ptr [0x746]
    2998_alias_90000:5AAB  [95AAB]  26814d0a4000    or      word ptr es:[di + 0xa], 0x40
    2998_alias_90000:5AB1  [95AB1]  c4364607        les     si, ptr [0x746]
    2998_alias_90000:5AB5  [95AB5]  26ff440c        inc     word ptr es:[si + 0xc]
    2998_alias_90000:5AB9  [95AB9]  c41e4607        les     bx, ptr [0x746]
    2998_alias_90000:5ABD  [95ABD]  ba0068          mov     dx, 0x6800
    2998_alias_90000:5AC0  [95AC0]  262b5708        sub     dx, word ptr es:[bx + 8]
    2998_alias_90000:5AC4  [95AC4]  c43e4607        les     di, ptr [0x746]
    2998_alias_90000:5AC8  [95AC8]  26895506        mov     word ptr es:[di + 6], dx
L_95ACC:
    2998_alias_90000:5ACC  [95ACC]  c43e4607        les     di, ptr [0x746]
    2998_alias_90000:5AD0  [95AD0]  26837d0c06      cmp     word ptr es:[di + 0xc], 6
    2998_alias_90000:5AD5  [95AD5]  7e1e            jle     L_95AF5  ; 0x13e5
    2998_alias_90000:5AD7  [95AD7]  c70690063305    mov     word ptr [0x690], 0x533
    2998_alias_90000:5ADD  [95ADD]  9a59187194      lcall   init_comm_device_table  ; 0x9471, 0x1859
    2998_alias_90000:5AE2  [95AE2]  ffb64cff        push    word ptr [bp - 0xb4]
    2998_alias_90000:5AE6  [95AE6]  9a0e007094      lcall   set_ds_return_old  ; 0x9470, 0xe
    2998_alias_90000:5AEB  [95AEB]  89864aff        mov     word ptr [bp - 0xb6], ax
    2998_alias_90000:5AEF  [95AEF]  b8ffff          mov     ax, 0xffff
    2998_alias_90000:5AF2  [95AF2]  e96e00          jmp     L_95B63  ; 0x1453
L_95AF5:
    2998_alias_90000:5AF5  [95AF5]  c43e4607        les     di, ptr [0x746]
    2998_alias_90000:5AF9  [95AF9]  26837d0a00      cmp     word ptr es:[di + 0xa], 0
    2998_alias_90000:5AFE  [95AFE]  744e            je      L_95B4E  ; 0x143e
    2998_alias_90000:5B00  [95B00]  ffb648ff        push    word ptr [bp - 0xb8]
    2998_alias_90000:5B04  [95B04]  8db65eff        lea     si, [bp - 0xa2]
    2998_alias_90000:5B08  [95B08]  16              push    ss
    2998_alias_90000:5B09  [95B09]  56              push    si
    2998_alias_90000:5B0A  [95B0A]  9a59147194      lcall   SUB_95B69  ; 0x9471, 0x1459
    2998_alias_90000:5B0F  [95B0F]  83c402          add     sp, 2
    2998_alias_90000:5B12  [95B12]  3d0000          cmp     ax, 0
    2998_alias_90000:5B15  [95B15]  741e            je      L_95B35  ; 0x1425
    2998_alias_90000:5B17  [95B17]  c70690064005    mov     word ptr [0x690], 0x540
    2998_alias_90000:5B1D  [95B1D]  9a59187194      lcall   init_comm_device_table  ; 0x9471, 0x1859
    2998_alias_90000:5B22  [95B22]  ffb64cff        push    word ptr [bp - 0xb4]
    2998_alias_90000:5B26  [95B26]  9a0e007094      lcall   set_ds_return_old  ; 0x9470, 0xe
    2998_alias_90000:5B2B  [95B2B]  89864aff        mov     word ptr [bp - 0xb6], ax
    2998_alias_90000:5B2F  [95B2F]  b8ffff          mov     ax, 0xffff
    2998_alias_90000:5B32  [95B32]  e92e00          jmp     L_95B63  ; 0x1453
L_95B35:
    2998_alias_90000:5B35  [95B35]  c70690064705    mov     word ptr [0x690], 0x547
    2998_alias_90000:5B3B  [95B3B]  ffb64cff        push    word ptr [bp - 0xb4]
    2998_alias_90000:5B3F  [95B3F]  9a0e007094      lcall   set_ds_return_old  ; 0x9470, 0xe
    2998_alias_90000:5B44  [95B44]  89864aff        mov     word ptr [bp - 0xb6], ax
    2998_alias_90000:5B48  [95B48]  b80100          mov     ax, 1
    2998_alias_90000:5B4B  [95B4B]  e91500          jmp     L_95B63  ; 0x1453
L_95B4E:
    2998_alias_90000:5B4E  [95B4E]  ffb64cff        push    word ptr [bp - 0xb4]
    2998_alias_90000:5B52  [95B52]  9a0e007094      lcall   set_ds_return_old  ; 0x9470, 0xe
    2998_alias_90000:5B57  [95B57]  89864aff        mov     word ptr [bp - 0xb6], ax
    2998_alias_90000:5B5B  [95B5B]  c70690064f05    mov     word ptr [0x690], 0x54f
    2998_alias_90000:5B61  [95B61]  2bc0            sub     ax, ax
L_95B63:
    2998_alias_90000:5B63  [95B63]  59              pop     cx
    2998_alias_90000:5B64  [95B64]  5e              pop     si
    2998_alias_90000:5B65  [95B65]  8be5            mov     sp, bp
    2998_alias_90000:5B67  [95B67]  5d              pop     bp
    2998_alias_90000:5B68  [95B68]  cb              retf    
SUB_95B69:
    2998_alias_90000:5B69  [95B69]  55              push    bp
    2998_alias_90000:5B6A  [95B6A]  8bec            mov     bp, sp
    2998_alias_90000:5B6C  [95B6C]  83ec22          sub     sp, 0x22
    2998_alias_90000:5B6F  [95B6F]  56              push    si
    2998_alias_90000:5B70  [95B70]  51              push    cx
    2998_alias_90000:5B71  [95B71]  c746f00000      mov     word ptr [bp - 0x10], 0
    2998_alias_90000:5B76  [95B76]  c746e00000      mov     word ptr [bp - 0x20], 0
    2998_alias_90000:5B7B  [95B7B]  c746de0068      mov     word ptr [bp - 0x22], 0x6800
    2998_alias_90000:5B80  [95B80]  c746f60000      mov     word ptr [bp - 0xa], 0
    2998_alias_90000:5B85  [95B85]  e9b401          jmp     L_95D3C  ; 0x162c
L_95B88:
    2998_alias_90000:5B88  [95B88]  8b46f6          mov     ax, word ptr [bp - 0xa]
    2998_alias_90000:5B8B  [95B8B]  ba0600          mov     dx, 6
    2998_alias_90000:5B8E  [95B8E]  f7ea            imul    dx
    2998_alias_90000:5B90  [95B90]  c47e06          les     di, ptr [bp + 6]
    2998_alias_90000:5B93  [95B93]  8bd8            mov     bx, ax
    2998_alias_90000:5B95  [95B95]  268b5102        mov     dx, word ptr es:[bx + di + 2]
    2998_alias_90000:5B99  [95B99]  8956f4          mov     word ptr [bp - 0xc], dx
    2998_alias_90000:5B9C  [95B9C]  8b56f0          mov     dx, word ptr [bp - 0x10]
    2998_alias_90000:5B9F  [95B9F]  263911          cmp     word ptr es:[bx + di], dx
    2998_alias_90000:5BA2  [95BA2]  7670            jbe     L_95C14  ; 0x1504
    2998_alias_90000:5BA4  [95BA4]  2680790400      cmp     byte ptr es:[bx + di + 4], 0
    2998_alias_90000:5BA9  [95BA9]  7569            jne     L_95C14  ; 0x1504
    2998_alias_90000:5BAB  [95BAB]  c70690068505    mov     word ptr [0x690], 0x585
    2998_alias_90000:5BB1  [95BB1]  8b46f4          mov     ax, word ptr [bp - 0xc]
    2998_alias_90000:5BB4  [95BB4]  ba0c00          mov     dx, 0xc
    2998_alias_90000:5BB7  [95BB7]  f7ea            imul    dx
    2998_alias_90000:5BB9  [95BB9]  c43e3e07        les     di, ptr [0x73e]
    2998_alias_90000:5BBD  [95BBD]  8bd8            mov     bx, ax
    2998_alias_90000:5BBF  [95BBF]  268b5102        mov     dx, word ptr es:[bx + di + 2]
    2998_alias_90000:5BC3  [95BC3]  8956ec          mov     word ptr [bp - 0x14], dx
    2998_alias_90000:5BC6  [95BC6]  c43e3e07        les     di, ptr [0x73e]
    2998_alias_90000:5BCA  [95BCA]  268b5106        mov     dx, word ptr es:[bx + di + 6]
    2998_alias_90000:5BCE  [95BCE]  8956ea          mov     word ptr [bp - 0x16], dx
    2998_alias_90000:5BD1  [95BD1]  8b7eec          mov     di, word ptr [bp - 0x14]
    2998_alias_90000:5BD4  [95BD4]  03fa            add     di, dx
    2998_alias_90000:5BD6  [95BD6]  897eee          mov     word ptr [bp - 0x12], di
    2998_alias_90000:5BD9  [95BD9]  c43e3e07        les     di, ptr [0x73e]
    2998_alias_90000:5BDD  [95BDD]  268b11          mov     dx, word ptr es:[bx + di]
    2998_alias_90000:5BE0  [95BE0]  8956f2          mov     word ptr [bp - 0xe], dx
    2998_alias_90000:5BE3  [95BE3]  c43e4a07        les     di, ptr [0x74a]
    2998_alias_90000:5BE7  [95BE7]  8bc7            mov     ax, di
    2998_alias_90000:5BE9  [95BE9]  03c2            add     ax, dx
    2998_alias_90000:5BEB  [95BEB]  8946e6          mov     word ptr [bp - 0x1a], ax
    2998_alias_90000:5BEE  [95BEE]  8c46e8          mov     word ptr [bp - 0x18], es
    2998_alias_90000:5BF1  [95BF1]  8b56f0          mov     dx, word ptr [bp - 0x10]
    2998_alias_90000:5BF4  [95BF4]  c41e4a07        les     bx, ptr [0x74a]
    2998_alias_90000:5BF8  [95BF8]  8bc3            mov     ax, bx
    2998_alias_90000:5BFA  [95BFA]  03c2            add     ax, dx
    2998_alias_90000:5BFC  [95BFC]  8946e2          mov     word ptr [bp - 0x1e], ax
    2998_alias_90000:5BFF  [95BFF]  8c46e4          mov     word ptr [bp - 0x1c], es
    2998_alias_90000:5C02  [95C02]  0356ee          add     dx, word ptr [bp - 0x12]
    2998_alias_90000:5C05  [95C05]  8b7ede          mov     di, word ptr [bp - 0x22]
    2998_alias_90000:5C08  [95C08]  3bd7            cmp     dx, di
    2998_alias_90000:5C0A  [95C0A]  760b            jbe     L_95C17  ; 0x1507
    2998_alias_90000:5C0C  [95C0C]  c746e00100      mov     word ptr [bp - 0x20], 1
    2998_alias_90000:5C11  [95C11]  e93301          jmp     L_95D47  ; 0x1637
L_95C14:
    2998_alias_90000:5C14  [95C14]  e9bd00          jmp     L_95CD4  ; 0x15c4
L_95C17:
    2998_alias_90000:5C17  [95C17]  c746f80000      mov     word ptr [bp - 8], 0
    2998_alias_90000:5C1C  [95C1C]  e91900          jmp     L_95C38  ; 0x1528
L_95C1F:
    2998_alias_90000:5C1F  [95C1F]  c47ee2          les     di, ptr [bp - 0x1e]
    2998_alias_90000:5C22  [95C22]  ff46e2          inc     word ptr [bp - 0x1e]
    2998_alias_90000:5C25  [95C25]  8cc2            mov     dx, es
    2998_alias_90000:5C27  [95C27]  c45ee6          les     bx, ptr [bp - 0x1a]
    2998_alias_90000:5C2A  [95C2A]  ff46e6          inc     word ptr [bp - 0x1a]
    2998_alias_90000:5C2D  [95C2D]  268a07          mov     al, byte ptr es:[bx]
    2998_alias_90000:5C30  [95C30]  8ec2            mov     es, dx
    2998_alias_90000:5C32  [95C32]  268805          mov     byte ptr es:[di], al
    2998_alias_90000:5C35  [95C35]  ff46f8          inc     word ptr [bp - 8]
L_95C38:
    2998_alias_90000:5C38  [95C38]  8b7eee          mov     di, word ptr [bp - 0x12]
    2998_alias_90000:5C3B  [95C3B]  397ef8          cmp     word ptr [bp - 8], di
    2998_alias_90000:5C3E  [95C3E]  72df            jb      L_95C1F  ; 0x150f
    2998_alias_90000:5C40  [95C40]  8b56f0          mov     dx, word ptr [bp - 0x10]
    2998_alias_90000:5C43  [95C43]  8b46f4          mov     ax, word ptr [bp - 0xc]
    2998_alias_90000:5C46  [95C46]  8bda            mov     bx, dx
    2998_alias_90000:5C48  [95C48]  ba0c00          mov     dx, 0xc
    2998_alias_90000:5C4B  [95C4B]  f7ea            imul    dx
    2998_alias_90000:5C4D  [95C4D]  c43e3e07        les     di, ptr [0x73e]
    2998_alias_90000:5C51  [95C51]  8bd3            mov     dx, bx
    2998_alias_90000:5C53  [95C53]  8bd8            mov     bx, ax
    2998_alias_90000:5C55  [95C55]  268911          mov     word ptr es:[bx + di], dx
    2998_alias_90000:5C58  [95C58]  8b7ef0          mov     di, word ptr [bp - 0x10]
    2998_alias_90000:5C5B  [95C5B]  037eec          add     di, word ptr [bp - 0x14]
    2998_alias_90000:5C5E  [95C5E]  8b46f4          mov     ax, word ptr [bp - 0xc]
    2998_alias_90000:5C61  [95C61]  ba0c00          mov     dx, 0xc
    2998_alias_90000:5C64  [95C64]  f7ea            imul    dx
    2998_alias_90000:5C66  [95C66]  c41e3e07        les     bx, ptr [0x73e]
    2998_alias_90000:5C6A  [95C6A]  8bf0            mov     si, ax
    2998_alias_90000:5C6C  [95C6C]  26897804        mov     word ptr es:[bx + si + 4], di
    2998_alias_90000:5C70  [95C70]  8b56f0          mov     dx, word ptr [bp - 0x10]
    2998_alias_90000:5C73  [95C73]  c43e4a07        les     di, ptr [0x74a]
    2998_alias_90000:5C77  [95C77]  8b46f4          mov     ax, word ptr [bp - 0xc]
    2998_alias_90000:5C7A  [95C7A]  8bf2            mov     si, dx
    2998_alias_90000:5C7C  [95C7C]  ba4e00          mov     dx, 0x4e
    2998_alias_90000:5C7F  [95C7F]  f7ea            imul    dx
    2998_alias_90000:5C81  [95C81]  8bd7            mov     dx, di
    2998_alias_90000:5C83  [95C83]  03d6            add     dx, si
    2998_alias_90000:5C85  [95C85]  8cc1            mov     cx, es
    2998_alias_90000:5C87  [95C87]  c41e4207        les     bx, ptr [0x742]
    2998_alias_90000:5C8B  [95C8B]  56              push    si
    2998_alias_90000:5C8C  [95C8C]  8bf0            mov     si, ax
    2998_alias_90000:5C8E  [95C8E]  26895036        mov     word ptr es:[bx + si + 0x36], dx
    2998_alias_90000:5C92  [95C92]  26894838        mov     word ptr es:[bx + si + 0x38], cx
    2998_alias_90000:5C96  [95C96]  8b56f0          mov     dx, word ptr [bp - 0x10]
    2998_alias_90000:5C99  [95C99]  0356ec          add     dx, word ptr [bp - 0x14]
    2998_alias_90000:5C9C  [95C9C]  c40e4a07        les     cx, ptr [0x74a]
    2998_alias_90000:5CA0  [95CA0]  8b46f4          mov     ax, word ptr [bp - 0xc]
    2998_alias_90000:5CA3  [95CA3]  8bf2            mov     si, dx
    2998_alias_90000:5CA5  [95CA5]  ba4e00          mov     dx, 0x4e
    2998_alias_90000:5CA8  [95CA8]  f7ea            imul    dx
    2998_alias_90000:5CAA  [95CAA]  8bf9            mov     di, cx
    2998_alias_90000:5CAC  [95CAC]  03fe            add     di, si
    2998_alias_90000:5CAE  [95CAE]  8cc2            mov     dx, es
    2998_alias_90000:5CB0  [95CB0]  c41e4207        les     bx, ptr [0x742]
    2998_alias_90000:5CB4  [95CB4]  57              push    di
    2998_alias_90000:5CB5  [95CB5]  8bf8            mov     di, ax
    2998_alias_90000:5CB7  [95CB7]  58              pop     ax
    2998_alias_90000:5CB8  [95CB8]  2689413c        mov     word ptr es:[bx + di + 0x3c], ax
    2998_alias_90000:5CBC  [95CBC]  2689513e        mov     word ptr es:[bx + di + 0x3e], dx
    2998_alias_90000:5CC0  [95CC0]  ff76f4          push    word ptr [bp - 0xc]
    2998_alias_90000:5CC3  [95CC3]  9ab2097194      lcall   build_gpib_message_checksum  ; 0x9471, 0x9b2
    2998_alias_90000:5CC8  [95CC8]  8b7eee          mov     di, word ptr [bp - 0x12]
    2998_alias_90000:5CCB  [95CCB]  017ef0          add     word ptr [bp - 0x10], di
    2998_alias_90000:5CCE  [95CCE]  83c402          add     sp, 2
    2998_alias_90000:5CD1  [95CD1]  e96500          jmp     L_95D39  ; 0x1629
L_95CD4:
    2998_alias_90000:5CD4  [95CD4]  8b46f6          mov     ax, word ptr [bp - 0xa]
    2998_alias_90000:5CD7  [95CD7]  ba0600          mov     dx, 6
    2998_alias_90000:5CDA  [95CDA]  f7ea            imul    dx
    2998_alias_90000:5CDC  [95CDC]  c47e06          les     di, ptr [bp + 6]
    2998_alias_90000:5CDF  [95CDF]  8bd8            mov     bx, ax
    2998_alias_90000:5CE1  [95CE1]  2680790400      cmp     byte ptr es:[bx + di + 4], 0
    2998_alias_90000:5CE6  [95CE6]  7419            je      L_95D01  ; 0x15f1
    2998_alias_90000:5CE8  [95CE8]  c7069006aa05    mov     word ptr [0x690], 0x5aa
    2998_alias_90000:5CEE  [95CEE]  ff76f4          push    word ptr [bp - 0xc]
    2998_alias_90000:5CF1  [95CF1]  9ad91a7194      lcall   init_gpib_record  ; 0x9471, 0x1ad9
    2998_alias_90000:5CF6  [95CF6]  ff76f4          push    word ptr [bp - 0xc]
    2998_alias_90000:5CF9  [95CF9]  9ab2097194      lcall   build_gpib_message_checksum  ; 0x9471, 0x9b2
    2998_alias_90000:5CFE  [95CFE]  e93800          jmp     L_95D39  ; 0x1629
L_95D01:
    2998_alias_90000:5D01  [95D01]  8b46f4          mov     ax, word ptr [bp - 0xc]
    2998_alias_90000:5D04  [95D04]  ba0c00          mov     dx, 0xc
    2998_alias_90000:5D07  [95D07]  f7ea            imul    dx
    2998_alias_90000:5D09  [95D09]  c43e3e07        les     di, ptr [0x73e]
    2998_alias_90000:5D0D  [95D0D]  8bd8            mov     bx, ax
    2998_alias_90000:5D0F  [95D0F]  268b7102        mov     si, word ptr es:[bx + di + 2]
    2998_alias_90000:5D13  [95D13]  8976ec          mov     word ptr [bp - 0x14], si
    2998_alias_90000:5D16  [95D16]  c43e3e07        les     di, ptr [0x73e]
    2998_alias_90000:5D1A  [95D1A]  268b5106        mov     dx, word ptr es:[bx + di + 6]
    2998_alias_90000:5D1E  [95D1E]  8956ea          mov     word ptr [bp - 0x16], dx
    2998_alias_90000:5D21  [95D21]  03f2            add     si, dx
    2998_alias_90000:5D23  [95D23]  8976ee          mov     word ptr [bp - 0x12], si
    2998_alias_90000:5D26  [95D26]  0176f0          add     word ptr [bp - 0x10], si
    2998_alias_90000:5D29  [95D29]  8b4ede          mov     cx, word ptr [bp - 0x22]
    2998_alias_90000:5D2C  [95D2C]  394ef0          cmp     word ptr [bp - 0x10], cx
    2998_alias_90000:5D2F  [95D2F]  7608            jbe     L_95D39  ; 0x1629
    2998_alias_90000:5D31  [95D31]  c746e00100      mov     word ptr [bp - 0x20], 1
    2998_alias_90000:5D36  [95D36]  e90e00          jmp     L_95D47  ; 0x1637
L_95D39:
    2998_alias_90000:5D39  [95D39]  ff46f6          inc     word ptr [bp - 0xa]
L_95D3C:
    2998_alias_90000:5D3C  [95D3C]  8b7e0a          mov     di, word ptr [bp + 0xa]
    2998_alias_90000:5D3F  [95D3F]  397ef6          cmp     word ptr [bp - 0xa], di
    2998_alias_90000:5D42  [95D42]  7d03            jge     L_95D47  ; 0x1637
    2998_alias_90000:5D44  [95D44]  e941fe          jmp     L_95B88  ; 0x1478
L_95D47:
    2998_alias_90000:5D47  [95D47]  8b7ede          mov     di, word ptr [bp - 0x22]
    2998_alias_90000:5D4A  [95D4A]  397ef0          cmp     word ptr [bp - 0x10], di
    2998_alias_90000:5D4D  [95D4D]  7722            ja      L_95D71  ; 0x1661
    2998_alias_90000:5D4F  [95D4F]  c7069006d105    mov     word ptr [0x690], 0x5d1
    2998_alias_90000:5D55  [95D55]  8b76f0          mov     si, word ptr [bp - 0x10]
    2998_alias_90000:5D58  [95D58]  c43e4607        les     di, ptr [0x746]
    2998_alias_90000:5D5C  [95D5C]  26897508        mov     word ptr es:[di + 8], si
    2998_alias_90000:5D60  [95D60]  8b56de          mov     dx, word ptr [bp - 0x22]
    2998_alias_90000:5D63  [95D63]  2b56f0          sub     dx, word ptr [bp - 0x10]
    2998_alias_90000:5D66  [95D66]  c41e4607        les     bx, ptr [0x746]
    2998_alias_90000:5D6A  [95D6A]  26895706        mov     word ptr es:[bx + 6], dx
    2998_alias_90000:5D6E  [95D6E]  e90500          jmp     L_95D76  ; 0x1666
L_95D71:
    2998_alias_90000:5D71  [95D71]  c746e00100      mov     word ptr [bp - 0x20], 1
L_95D76:
    2998_alias_90000:5D76  [95D76]  8b46e0          mov     ax, word ptr [bp - 0x20]
    2998_alias_90000:5D79  [95D79]  59              pop     cx
    2998_alias_90000:5D7A  [95D7A]  5e              pop     si
    2998_alias_90000:5D7B  [95D7B]  8be5            mov     sp, bp
    2998_alias_90000:5D7D  [95D7D]  5d              pop     bp
    2998_alias_90000:5D7E  [95D7E]  ca0400          retf    4

init_comm_device_table:
    2998_alias_90000:5F69  [95F69]  55              push    bp
    2998_alias_90000:5F6A  [95F6A]  8bec            mov     bp, sp
    2998_alias_90000:5F6C  [95F6C]  83ec0c          sub     sp, 0xc
    2998_alias_90000:5F6F  [95F6F]  bf808f          mov     di, 0x8f80
    2998_alias_90000:5F72  [95F72]  57              push    di
    2998_alias_90000:5F73  [95F73]  9a0e007094      lcall   set_ds_return_old  ; 0x9470, 0xe
    2998_alias_90000:5F78  [95F78]  8946f6          mov     word ptr [bp - 0xa], ax
    2998_alias_90000:5F7B  [95F7B]  c746f80000      mov     word ptr [bp - 8], 0
    2998_alias_90000:5F80  [95F80]  e97900          jmp     L_95FFC  ; 0x18ec
L_95F83:
    2998_alias_90000:5F83  [95F83]  8b46f8          mov     ax, word ptr [bp - 8]
    2998_alias_90000:5F86  [95F86]  ba0c00          mov     dx, 0xc
    2998_alias_90000:5F89  [95F89]  f7ea            imul    dx
    2998_alias_90000:5F8B  [95F8B]  c43e3e07        les     di, ptr [0x73e]
    2998_alias_90000:5F8F  [95F8F]  8bd8            mov     bx, ax
    2998_alias_90000:5F91  [95F91]  26c7010000      mov     word ptr es:[bx + di], 0
    2998_alias_90000:5F96  [95F96]  8b46f8          mov     ax, word ptr [bp - 8]
    2998_alias_90000:5F99  [95F99]  ba0c00          mov     dx, 0xc
    2998_alias_90000:5F9C  [95F9C]  f7ea            imul    dx
    2998_alias_90000:5F9E  [95F9E]  c43e3e07        les     di, ptr [0x73e]
    2998_alias_90000:5FA2  [95FA2]  8bd8            mov     bx, ax
    2998_alias_90000:5FA4  [95FA4]  26c741020000    mov     word ptr es:[bx + di + 2], 0
    2998_alias_90000:5FAA  [95FAA]  8b46f8          mov     ax, word ptr [bp - 8]
    2998_alias_90000:5FAD  [95FAD]  ba0c00          mov     dx, 0xc
    2998_alias_90000:5FB0  [95FB0]  f7ea            imul    dx
    2998_alias_90000:5FB2  [95FB2]  c43e3e07        les     di, ptr [0x73e]
    2998_alias_90000:5FB6  [95FB6]  8bd8            mov     bx, ax
    2998_alias_90000:5FB8  [95FB8]  26c741040000    mov     word ptr es:[bx + di + 4], 0
    2998_alias_90000:5FBE  [95FBE]  8b46f8          mov     ax, word ptr [bp - 8]
    2998_alias_90000:5FC1  [95FC1]  ba0c00          mov     dx, 0xc
    2998_alias_90000:5FC4  [95FC4]  f7ea            imul    dx
    2998_alias_90000:5FC6  [95FC6]  c43e3e07        les     di, ptr [0x73e]
    2998_alias_90000:5FCA  [95FCA]  8bd8            mov     bx, ax
    2998_alias_90000:5FCC  [95FCC]  26c741060000    mov     word ptr es:[bx + di + 6], 0
    2998_alias_90000:5FD2  [95FD2]  8b46f8          mov     ax, word ptr [bp - 8]
    2998_alias_90000:5FD5  [95FD5]  ba0c00          mov     dx, 0xc
    2998_alias_90000:5FD8  [95FD8]  f7ea            imul    dx
    2998_alias_90000:5FDA  [95FDA]  c43e3e07        les     di, ptr [0x73e]
    2998_alias_90000:5FDE  [95FDE]  8bd8            mov     bx, ax
    2998_alias_90000:5FE0  [95FE0]  26c741080000    mov     word ptr es:[bx + di + 8], 0
    2998_alias_90000:5FE6  [95FE6]  8b46f8          mov     ax, word ptr [bp - 8]
    2998_alias_90000:5FE9  [95FE9]  ba0c00          mov     dx, 0xc
    2998_alias_90000:5FEC  [95FEC]  f7ea            imul    dx
    2998_alias_90000:5FEE  [95FEE]  c43e3e07        les     di, ptr [0x73e]
    2998_alias_90000:5FF2  [95FF2]  8bd8            mov     bx, ax
    2998_alias_90000:5FF4  [95FF4]  26c6410a01      mov     byte ptr es:[bx + di + 0xa], 1
    2998_alias_90000:5FF9  [95FF9]  ff46f8          inc     word ptr [bp - 8]
L_95FFC:
    2998_alias_90000:5FFC  [95FFC]  837ef81a        cmp     word ptr [bp - 8], 0x1a
    2998_alias_90000:6000  [96000]  7d03            jge     L_96005  ; 0x18f5
    2998_alias_90000:6002  [96002]  e97eff          jmp     L_95F83  ; 0x1873
L_96005:
    2998_alias_90000:6005  [96005]  2bff            sub     di, di
    2998_alias_90000:6007  [96007]  57              push    di
    2998_alias_90000:6008  [96008]  baec07          mov     dx, 0x7ec
    2998_alias_90000:600B  [9600B]  52              push    dx
    2998_alias_90000:600C  [9600C]  c41e4207        les     bx, ptr [0x742]
    2998_alias_90000:6010  [96010]  06              push    es
    2998_alias_90000:6011  [96011]  53              push    bx
    2998_alias_90000:6012  [96012]  9a77197194      lcall   memset_far  ; 0x9471, 0x1977
    2998_alias_90000:6017  [96017]  83c404          add     sp, 4
    2998_alias_90000:601A  [9601A]  c43e4607        les     di, ptr [0x746]
    2998_alias_90000:601E  [9601E]  26c7050000      mov     word ptr es:[di], 0
    2998_alias_90000:6023  [96023]  c41e4607        les     bx, ptr [0x746]
    2998_alias_90000:6027  [96027]  26c747020000    mov     word ptr es:[bx + 2], 0
    2998_alias_90000:602D  [9602D]  c43e4607        les     di, ptr [0x746]
    2998_alias_90000:6031  [96031]  26c745040000    mov     word ptr es:[di + 4], 0
    2998_alias_90000:6037  [96037]  c43e4607        les     di, ptr [0x746]
    2998_alias_90000:603B  [9603B]  26c745060068    mov     word ptr es:[di + 6], 0x6800
    2998_alias_90000:6041  [96041]  c43e4607        les     di, ptr [0x746]
    2998_alias_90000:6045  [96045]  26c745080000    mov     word ptr es:[di + 8], 0
    2998_alias_90000:604B  [9604B]  ff76f6          push    word ptr [bp - 0xa]
    2998_alias_90000:604E  [9604E]  9a0e007094      lcall   set_ds_return_old  ; 0x9470, 0xe
    2998_alias_90000:6053  [96053]  8946f4          mov     word ptr [bp - 0xc], ax
    2998_alias_90000:6056  [96056]  8be5            mov     sp, bp
    2998_alias_90000:6058  [96058]  5d              pop     bp
    2998_alias_90000:6059  [96059]  cb              retf    
checksum_bytes:
    2998_alias_90000:605A  [9605A]  55              push    bp
    2998_alias_90000:605B  [9605B]  8bec            mov     bp, sp
    2998_alias_90000:605D  [9605D]  83ec08          sub     sp, 8
    2998_alias_90000:6060  [96060]  c646f900        mov     byte ptr [bp - 7], 0
    2998_alias_90000:6064  [96064]  e90c00          jmp     L_96073  ; 0x1963
L_96067:
    2998_alias_90000:6067  [96067]  c47e06          les     di, ptr [bp + 6]
    2998_alias_90000:606A  [9606A]  ff4606          inc     word ptr [bp + 6]
    2998_alias_90000:606D  [9606D]  268a15          mov     dl, byte ptr es:[di]
    2998_alias_90000:6070  [96070]  0056f9          add     byte ptr [bp - 7], dl
L_96073:
    2998_alias_90000:6073  [96073]  8b7e0a          mov     di, word ptr [bp + 0xa]
    2998_alias_90000:6076  [96076]  ff4e0a          dec     word ptr [bp + 0xa]
    2998_alias_90000:6079  [96079]  83ff00          cmp     di, 0
    2998_alias_90000:607C  [9607C]  7fe9            jg      L_96067  ; 0x1957
    2998_alias_90000:607E  [9607E]  8a46f9          mov     al, byte ptr [bp - 7]
    2998_alias_90000:6081  [96081]  8be5            mov     sp, bp
    2998_alias_90000:6083  [96083]  5d              pop     bp
    2998_alias_90000:6084  [96084]  ca0400          retf    4
memset_far:
    2998_alias_90000:6087  [96087]  55              push    bp
    2998_alias_90000:6088  [96088]  8bec            mov     bp, sp
    2998_alias_90000:608A  [9608A]  83ec06          sub     sp, 6
    2998_alias_90000:608D  [9608D]  e90c00          jmp     L_9609C  ; 0x198c
L_96090:
    2998_alias_90000:6090  [96090]  c47e06          les     di, ptr [bp + 6]
    2998_alias_90000:6093  [96093]  ff4606          inc     word ptr [bp + 6]
    2998_alias_90000:6096  [96096]  8a560c          mov     dl, byte ptr [bp + 0xc]
    2998_alias_90000:6099  [96099]  268815          mov     byte ptr es:[di], dl
L_9609C:
    2998_alias_90000:609C  [9609C]  ff4e0a          dec     word ptr [bp + 0xa]
    2998_alias_90000:609F  [9609F]  837e0a00        cmp     word ptr [bp + 0xa], 0
    2998_alias_90000:60A3  [960A3]  7feb            jg      L_96090  ; 0x1980
    2998_alias_90000:60A5  [960A5]  8be5            mov     sp, bp
    2998_alias_90000:60A7  [960A7]  5d              pop     bp
    2998_alias_90000:60A8  [960A8]  ca0400          retf    4

init_gpib_record:
    2998_alias_90000:61E9  [961E9]  55              push    bp
    2998_alias_90000:61EA  [961EA]  8bec            mov     bp, sp
    2998_alias_90000:61EC  [961EC]  83ec06          sub     sp, 6
    2998_alias_90000:61EF  [961EF]  8b4606          mov     ax, word ptr [bp + 6]
    2998_alias_90000:61F2  [961F2]  ba0c00          mov     dx, 0xc
    2998_alias_90000:61F5  [961F5]  f7ea            imul    dx
    2998_alias_90000:61F7  [961F7]  c43e3e07        les     di, ptr [0x73e]
    2998_alias_90000:61FB  [961FB]  8bd8            mov     bx, ax
    2998_alias_90000:61FD  [961FD]  26c7010000      mov     word ptr es:[bx + di], 0
    2998_alias_90000:6202  [96202]  8b4606          mov     ax, word ptr [bp + 6]
    2998_alias_90000:6205  [96205]  ba0c00          mov     dx, 0xc
    2998_alias_90000:6208  [96208]  f7ea            imul    dx
    2998_alias_90000:620A  [9620A]  c43e3e07        les     di, ptr [0x73e]
    2998_alias_90000:620E  [9620E]  8bd8            mov     bx, ax
    2998_alias_90000:6210  [96210]  26c741040000    mov     word ptr es:[bx + di + 4], 0
    2998_alias_90000:6216  [96216]  8b4606          mov     ax, word ptr [bp + 6]
    2998_alias_90000:6219  [96219]  ba0c00          mov     dx, 0xc
    2998_alias_90000:621C  [9621C]  f7ea            imul    dx
    2998_alias_90000:621E  [9621E]  c43e3e07        les     di, ptr [0x73e]
    2998_alias_90000:6222  [96222]  8bd8            mov     bx, ax
    2998_alias_90000:6224  [96224]  26c741020000    mov     word ptr es:[bx + di + 2], 0
    2998_alias_90000:622A  [9622A]  8b4606          mov     ax, word ptr [bp + 6]
    2998_alias_90000:622D  [9622D]  ba0c00          mov     dx, 0xc
    2998_alias_90000:6230  [96230]  f7ea            imul    dx
    2998_alias_90000:6232  [96232]  c43e3e07        les     di, ptr [0x73e]
    2998_alias_90000:6236  [96236]  8bd8            mov     bx, ax
    2998_alias_90000:6238  [96238]  26c741060000    mov     word ptr es:[bx + di + 6], 0
    2998_alias_90000:623E  [9623E]  8b4606          mov     ax, word ptr [bp + 6]
    2998_alias_90000:6241  [96241]  ba0c00          mov     dx, 0xc
    2998_alias_90000:6244  [96244]  f7ea            imul    dx
    2998_alias_90000:6246  [96246]  c43e3e07        les     di, ptr [0x73e]
    2998_alias_90000:624A  [9624A]  8bd8            mov     bx, ax
    2998_alias_90000:624C  [9624C]  26c741080000    mov     word ptr es:[bx + di + 8], 0
    2998_alias_90000:6252  [96252]  8b4606          mov     ax, word ptr [bp + 6]
    2998_alias_90000:6255  [96255]  ba0c00          mov     dx, 0xc
    2998_alias_90000:6258  [96258]  f7ea            imul    dx
    2998_alias_90000:625A  [9625A]  c43e3e07        les     di, ptr [0x73e]
    2998_alias_90000:625E  [9625E]  8bd8            mov     bx, ax
    2998_alias_90000:6260  [96260]  26c6410a01      mov     byte ptr es:[bx + di + 0xa], 1
    2998_alias_90000:6265  [96265]  2bd2            sub     dx, dx
    2998_alias_90000:6267  [96267]  52              push    dx
    2998_alias_90000:6268  [96268]  bf4e00          mov     di, 0x4e
    2998_alias_90000:626B  [9626B]  57              push    di
    2998_alias_90000:626C  [9626C]  8b4606          mov     ax, word ptr [bp + 6]
    2998_alias_90000:626F  [9626F]  ba4e00          mov     dx, 0x4e
    2998_alias_90000:6272  [96272]  f7ea            imul    dx
    2998_alias_90000:6274  [96274]  c43e4207        les     di, ptr [0x742]
    2998_alias_90000:6278  [96278]  8bd7            mov     dx, di
    2998_alias_90000:627A  [9627A]  03d0            add     dx, ax
    2998_alias_90000:627C  [9627C]  06              push    es
    2998_alias_90000:627D  [9627D]  52              push    dx
    2998_alias_90000:627E  [9627E]  9a77197194      lcall   memset_far  ; 0x9471, 0x1977
    2998_alias_90000:6283  [96283]  83c404          add     sp, 4
    2998_alias_90000:6286  [96286]  8be5            mov     sp, bp
    2998_alias_90000:6288  [96288]  5d              pop     bp
    2998_alias_90000:6289  [96289]  ca0200          retf    2
comm_rom_boot_init:
    2998_alias_90000:628C  [9628C]  55              push    bp
    2998_alias_90000:628D  [9628D]  8bec            mov     bp, sp
    2998_alias_90000:628F  [9628F]  83ec08          sub     sp, 8
    2998_alias_90000:6292  [96292]  bf808f          mov     di, 0x8f80
    2998_alias_90000:6295  [96295]  57              push    di
    2998_alias_90000:6296  [96296]  9a0e007094      lcall   set_ds_return_old  ; 0x9470, 0xe
    2998_alias_90000:629B  [9629B]  8946f8          mov     word ptr [bp - 8], ax
    2998_alias_90000:629E  [9629E]  9a03001380      lcall   init_far_pointer_table  ; 0x8013, 3
    2998_alias_90000:62A3  [962A3]  bf808f          mov     di, 0x8f80
    2998_alias_90000:62A6  [962A6]  57              push    di
    2998_alias_90000:62A7  [962A7]  9a0e007094      lcall   set_ds_return_old  ; 0x9470, 0xe
    2998_alias_90000:62AC  [962AC]  9a0600e685      lcall   init_comm_device_type_and_defaults  ; 0x85e6, 6
    2998_alias_90000:62B1  [962B1]  9a42002896      lcall   poll_dip_switch_change  ; 0x9628, 0x42
    2998_alias_90000:62B6  [962B6]  ff76f8          push    word ptr [bp - 8]
    2998_alias_90000:62B9  [962B9]  9a0e007094      lcall   set_ds_return_old  ; 0x9470, 0xe
    2998_alias_90000:62BE  [962BE]  8be5            mov     sp, bp
    2998_alias_90000:62C0  [962C0]  5d              pop     bp
    2998_alias_90000:62C1  [962C1]  cb              retf    
poll_dip_switch_change:
    2998_alias_90000:62C2  [962C2]  55              push    bp
    2998_alias_90000:62C3  [962C3]  8bec            mov     bp, sp
    2998_alias_90000:62C5  [962C5]  83ec08          sub     sp, 8
    2998_alias_90000:62C8  [962C8]  c43ee206        les     di, ptr [0x6e2]
    2998_alias_90000:62CC  [962CC]  26c6450300      mov     byte ptr es:[di + 3], 0
    2998_alias_90000:62D1  [962D1]  c41eda06        les     bx, ptr [0x6da]
    2998_alias_90000:62D5  [962D5]  268a17          mov     dl, byte ptr es:[bx]
    2998_alias_90000:62D8  [962D8]  8856f9          mov     byte ptr [bp - 7], dl
    2998_alias_90000:62DB  [962DB]  c43ee206        les     di, ptr [0x6e2]
    2998_alias_90000:62DF  [962DF]  26c6450301      mov     byte ptr es:[di + 3], 1
    2998_alias_90000:62E4  [962E4]  c43eda06        les     di, ptr [0x6da]
    2998_alias_90000:62E8  [962E8]  268a15          mov     dl, byte ptr es:[di]
    2998_alias_90000:62EB  [962EB]  3056f9          xor     byte ptr [bp - 7], dl
    2998_alias_90000:62EE  [962EE]  8a56f9          mov     dl, byte ptr [bp - 7]
    2998_alias_90000:62F1  [962F1]  80e240          and     dl, 0x40
    2998_alias_90000:62F4  [962F4]  80fa00          cmp     dl, 0
    2998_alias_90000:62F7  [962F7]  741d            je      L_96316  ; 0x96
    2998_alias_90000:62F9  [962F9]  8a56f9          mov     dl, byte ptr [bp - 7]
    2998_alias_90000:62FC  [962FC]  80e280          and     dl, 0x80
    2998_alias_90000:62FF  [962FF]  80fa00          cmp     dl, 0
    2998_alias_90000:6302  [96302]  7512            jne     L_96316  ; 0x96
    2998_alias_90000:6304  [96304]  c606290600      mov     byte ptr [0x629], 0
    2998_alias_90000:6309  [96309]  c41e3207        les     bx, ptr [0x732]
    2998_alias_90000:630D  [9630D]  26c687960000    mov     byte ptr es:[bx + 0x96], 0
    2998_alias_90000:6313  [96313]  e93f00          jmp     L_96355  ; 0xd5
L_96316:
    2998_alias_90000:6316  [96316]  8a56f9          mov     dl, byte ptr [bp - 7]
    2998_alias_90000:6319  [96319]  80e240          and     dl, 0x40
    2998_alias_90000:631C  [9631C]  80fa00          cmp     dl, 0
    2998_alias_90000:631F  [9631F]  751d            jne     L_9633E  ; 0xbe
    2998_alias_90000:6321  [96321]  8a56f9          mov     dl, byte ptr [bp - 7]
    2998_alias_90000:6324  [96324]  80e280          and     dl, 0x80
    2998_alias_90000:6327  [96327]  80fa00          cmp     dl, 0
    2998_alias_90000:632A  [9632A]  7412            je      L_9633E  ; 0xbe
    2998_alias_90000:632C  [9632C]  c6062906ff      mov     byte ptr [0x629], 0xff
    2998_alias_90000:6331  [96331]  c43e3207        les     di, ptr [0x732]
    2998_alias_90000:6335  [96335]  26c6859600ff    mov     byte ptr es:[di + 0x96], 0xff
    2998_alias_90000:633B  [9633B]  e91700          jmp     L_96355  ; 0xd5
L_9633E:
    2998_alias_90000:633E  [9633E]  c43e3207        les     di, ptr [0x732]
    2998_alias_90000:6342  [96342]  26c685950000    mov     byte ptr es:[di + 0x95], 0
    2998_alias_90000:6348  [96348]  c41e3207        les     bx, ptr [0x732]
    2998_alias_90000:634C  [9634C]  26c687960000    mov     byte ptr es:[bx + 0x96], 0
    2998_alias_90000:6352  [96352]  e93e02          jmp     L_96593  ; 0x313
L_96355:
    2998_alias_90000:6355  [96355]  c6065a0400      mov     byte ptr [0x45a], 0
    2998_alias_90000:635A  [9635A]  c606030000      mov     byte ptr [3], 0
    2998_alias_90000:635F  [9635F]  c606520400      mov     byte ptr [0x452], 0
    2998_alias_90000:6364  [96364]  c606530400      mov     byte ptr [0x453], 0
    2998_alias_90000:6369  [96369]  c606900580      mov     byte ptr [0x590], 0x80
    2998_alias_90000:636E  [9636E]  c6060c0000      mov     byte ptr [0xc], 0
    2998_alias_90000:6373  [96373]  803e290600      cmp     byte ptr [0x629], 0
    2998_alias_90000:6378  [96378]  7478            je      L_963F2  ; 0x172
    2998_alias_90000:637A  [9637A]  c43ed606        les     di, ptr [0x6d6]
    2998_alias_90000:637E  [9637E]  26c6450380      mov     byte ptr es:[di + 3], 0x80
    2998_alias_90000:6383  [96383]  9a01052896      lcall   read_dip_switches_gpib_config  ; 0x9628, 0x501
    2998_alias_90000:6388  [96388]  a0f004          mov     al, byte ptr [0x4f0]
    2998_alias_90000:638B  [9638B]  2ae4            sub     ah, ah
    2998_alias_90000:638D  [9638D]  251f00          and     ax, 0x1f
    2998_alias_90000:6390  [96390]  3d1f00          cmp     ax, 0x1f
    2998_alias_90000:6393  [96393]  7460            je      L_963F5  ; 0x175
    2998_alias_90000:6395  [96395]  a0f104          mov     al, byte ptr [0x4f1]
    2998_alias_90000:6398  [96398]  2440            and     al, 0x40
    2998_alias_90000:639A  [9639A]  3c00            cmp     al, 0
    2998_alias_90000:639C  [9639C]  7406            je      L_963A4  ; 0x124
    2998_alias_90000:639E  [9639E]  bf4000          mov     di, 0x40
    2998_alias_90000:63A1  [963A1]  e90200          jmp     L_963A6  ; 0x126
L_963A4:
    2998_alias_90000:63A4  [963A4]  2bff            sub     di, di
L_963A6:
    2998_alias_90000:63A6  [963A6]  57              push    di
    2998_alias_90000:63A7  [963A7]  a0f104          mov     al, byte ptr [0x4f1]
    2998_alias_90000:63AA  [963AA]  2480            and     al, 0x80
    2998_alias_90000:63AC  [963AC]  3c00            cmp     al, 0
    2998_alias_90000:63AE  [963AE]  7406            je      L_963B6  ; 0x136
    2998_alias_90000:63B0  [963B0]  ba2000          mov     dx, 0x20
    2998_alias_90000:63B3  [963B3]  e90200          jmp     L_963B8  ; 0x138
L_963B6:
    2998_alias_90000:63B6  [963B6]  2bd2            sub     dx, dx
L_963B8:
    2998_alias_90000:63B8  [963B8]  5f              pop     di
    2998_alias_90000:63B9  [963B9]  0bd7            or      dx, di
    2998_alias_90000:63BB  [963BB]  a0f004          mov     al, byte ptr [0x4f0]
    2998_alias_90000:63BE  [963BE]  2ae4            sub     ah, ah
    2998_alias_90000:63C0  [963C0]  251f00          and     ax, 0x1f
    2998_alias_90000:63C3  [963C3]  0bc2            or      ax, dx
    2998_alias_90000:63C5  [963C5]  8bd0            mov     dx, ax
    2998_alias_90000:63C7  [963C7]  c43ed606        les     di, ptr [0x6d6]
    2998_alias_90000:63CB  [963CB]  26885504        mov     byte ptr es:[di + 4], dl
    2998_alias_90000:63CF  [963CF]  c41ed606        les     bx, ptr [0x6d6]
    2998_alias_90000:63D3  [963D3]  26c6470307      mov     byte ptr es:[bx + 3], 7
    2998_alias_90000:63D8  [963D8]  c43ed606        les     di, ptr [0x6d6]
    2998_alias_90000:63DC  [963DC]  26c6450384      mov     byte ptr es:[di + 3], 0x84
    2998_alias_90000:63E1  [963E1]  c606870500      mov     byte ptr [0x587], 0
    2998_alias_90000:63E6  [963E6]  c606800580      mov     byte ptr [0x580], 0x80
    2998_alias_90000:63EB  [963EB]  c606060080      mov     byte ptr [6], 0x80
    2998_alias_90000:63F0  [963F0]  eb06            jmp     L_963F8  ; 0x178
L_963F2:
    2998_alias_90000:63F2  [963F2]  e9c400          jmp     L_964B9  ; 0x239
L_963F5:
    2998_alias_90000:63F5  [963F5]  e99601          jmp     L_9658E  ; 0x30e
L_963F8:
    2998_alias_90000:63F8  [963F8]  9a5b011185      lcall   process_gpib_command_byte  ; 0x8511, 0x15b
    2998_alias_90000:63FD  [963FD]  a0f104          mov     al, byte ptr [0x4f1]
    2998_alias_90000:6400  [96400]  2480            and     al, 0x80
    2998_alias_90000:6402  [96402]  3c00            cmp     al, 0
    2998_alias_90000:6404  [96404]  7408            je      L_9640E  ; 0x18e
    2998_alias_90000:6406  [96406]  c6061c0600      mov     byte ptr [0x61c], 0
    2998_alias_90000:640B  [9640B]  e90a00          jmp     L_96418  ; 0x198
L_9640E:
    2998_alias_90000:640E  [9640E]  c606060001      mov     byte ptr [6], 1
    2998_alias_90000:6413  [96413]  9a5b011185      lcall   process_gpib_command_byte  ; 0x8511, 0x15b
L_96418:
    2998_alias_90000:6418  [96418]  9ab10bf596      lcall   reinit_comm_channel  ; 0x96f5, 0xbb1
    2998_alias_90000:641D  [9641D]  a0f104          mov     al, byte ptr [0x4f1]
    2998_alias_90000:6420  [96420]  2420            and     al, 0x20
    2998_alias_90000:6422  [96422]  3c00            cmp     al, 0
    2998_alias_90000:6424  [96424]  7409            je      L_9642F  ; 0x1af
    2998_alias_90000:6426  [96426]  c43ed606        les     di, ptr [0x6d6]
    2998_alias_90000:642A  [9642A]  26c6450383      mov     byte ptr es:[di + 3], 0x83
L_9642F:
    2998_alias_90000:642F  [9642F]  c43ed606        les     di, ptr [0x6d6]
    2998_alias_90000:6433  [96433]  26c60537        mov     byte ptr es:[di], 0x37
    2998_alias_90000:6437  [96437]  c41ed606        les     bx, ptr [0x6d6]
    2998_alias_90000:643B  [9643B]  26c647018d      mov     byte ptr es:[bx + 1], 0x8d
    2998_alias_90000:6440  [96440]  2bd2            sub     dx, dx
    2998_alias_90000:6442  [96442]  52              push    dx
    2998_alias_90000:6443  [96443]  9a00000680      lcall   set_comm_flow_hold  ; 0x8006, 0
    2998_alias_90000:6448  [96448]  c606a30500      mov     byte ptr [0x5a3], 0
    2998_alias_90000:644D  [9644D]  c43ed606        les     di, ptr [0x6d6]
    2998_alias_90000:6451  [96451]  26c6450300      mov     byte ptr es:[di + 3], 0
    2998_alias_90000:6456  [96456]  a0f104          mov     al, byte ptr [0x4f1]
    2998_alias_90000:6459  [96459]  2480            and     al, 0x80
    2998_alias_90000:645B  [9645B]  3c00            cmp     al, 0
    2998_alias_90000:645D  [9645D]  7409            je      L_96468  ; 0x1e8
    2998_alias_90000:645F  [9645F]  c41ed606        les     bx, ptr [0x6d6]
    2998_alias_90000:6463  [96463]  26c6470389      mov     byte ptr es:[bx + 3], 0x89
L_96468:
    2998_alias_90000:6468  [96468]  a0f104          mov     al, byte ptr [0x4f1]
    2998_alias_90000:646B  [9646B]  2440            and     al, 0x40
    2998_alias_90000:646D  [9646D]  3c00            cmp     al, 0
    2998_alias_90000:646F  [9646F]  740e            je      L_9647F  ; 0x1ff
    2998_alias_90000:6471  [96471]  c43ed606        les     di, ptr [0x6d6]
    2998_alias_90000:6475  [96475]  26c645038a      mov     byte ptr es:[di + 3], 0x8a
    2998_alias_90000:647A  [9647A]  c606a305ff      mov     byte ptr [0x5a3], 0xff
L_9647F:
    2998_alias_90000:647F  [9647F]  c43ed606        les     di, ptr [0x6d6]
    2998_alias_90000:6483  [96483]  268a5502        mov     dl, byte ptr es:[di + 2]
    2998_alias_90000:6487  [96487]  80e204          and     dl, 4
    2998_alias_90000:648A  [9648A]  c41ed606        les     bx, ptr [0x6d6]
    2998_alias_90000:648E  [9648E]  268a4702        mov     al, byte ptr es:[bx + 2]
    2998_alias_90000:6492  [96492]  2402            and     al, 2
    2998_alias_90000:6494  [96494]  0ac2            or      al, dl
    2998_alias_90000:6496  [96496]  3c00            cmp     al, 0
    2998_alias_90000:6498  [96498]  740d            je      L_964A7  ; 0x227
    2998_alias_90000:649A  [9649A]  c43e3207        les     di, ptr [0x732]
    2998_alias_90000:649E  [9649E]  26808d97000a    or      byte ptr es:[di + 0x97], 0xa
    2998_alias_90000:64A4  [964A4]  e90a00          jmp     L_964B1  ; 0x231
L_964A7:
    2998_alias_90000:64A7  [964A7]  c43e3207        les     di, ptr [0x732]
    2998_alias_90000:64AB  [964AB]  2680a59700fd    and     byte ptr es:[di + 0x97], 0xfd
L_964B1:
    2998_alias_90000:64B1  [964B1]  9a410dc982      lcall   comm_call_main_rom  ; 0x82c9, 0xd41
    2998_alias_90000:64B6  [964B6]  e9d500          jmp     L_9658E  ; 0x30e
L_964B9:
    2998_alias_90000:64B9  [964B9]  bfffff          mov     di, 0xffff
    2998_alias_90000:64BC  [964BC]  57              push    di
    2998_alias_90000:64BD  [964BD]  9a3b000680      lcall   set_comm_queue_busy  ; 0x8006, 0x3b
    2998_alias_90000:64C2  [964C2]  c6069c0500      mov     byte ptr [0x59c], 0
    2998_alias_90000:64C7  [964C7]  c43ed606        les     di, ptr [0x6d6]
    2998_alias_90000:64CB  [964CB]  26c6450200      mov     byte ptr es:[di + 2], 0
    2998_alias_90000:64D0  [964D0]  c6069a0500      mov     byte ptr [0x59a], 0
    2998_alias_90000:64D5  [964D5]  c6069f0500      mov     byte ptr [0x59f], 0
    2998_alias_90000:64DA  [964DA]  c6069b0540      mov     byte ptr [0x59b], 0x40
    2998_alias_90000:64DF  [964DF]  c6065e04ff      mov     byte ptr [0x45e], 0xff
    2998_alias_90000:64E4  [964E4]  9a67042896      lcall   read_dip_switches_serial_config  ; 0x9628, 0x467
    2998_alias_90000:64E9  [964E9]  803eec041f      cmp     byte ptr [0x4ec], 0x1f
    2998_alias_90000:64EE  [964EE]  7450            je      L_96540  ; 0x2c0
    2998_alias_90000:64F0  [964F0]  c6065d0400      mov     byte ptr [0x45d], 0
    2998_alias_90000:64F5  [964F5]  c6065c0400      mov     byte ptr [0x45c], 0
    2998_alias_90000:64FA  [964FA]  a0ec04          mov     al, byte ptr [0x4ec]
    2998_alias_90000:64FD  [964FD]  2ae4            sub     ah, ah
    2998_alias_90000:64FF  [964FF]  c43e1607        les     di, ptr [0x716]
    2998_alias_90000:6503  [96503]  8bd8            mov     bx, ax
    2998_alias_90000:6505  [96505]  268a11          mov     dl, byte ptr es:[bx + di]
    2998_alias_90000:6508  [96508]  80ca02          or      dl, 2
    2998_alias_90000:650B  [9650B]  88169f05        mov     byte ptr [0x59f], dl
    2998_alias_90000:650F  [9650F]  c43e1a07        les     di, ptr [0x71a]
    2998_alias_90000:6513  [96513]  a0ed04          mov     al, byte ptr [0x4ed]
    2998_alias_90000:6516  [96516]  2ae4            sub     ah, ah
    2998_alias_90000:6518  [96518]  8bd8            mov     bx, ax
    2998_alias_90000:651A  [9651A]  268a11          mov     dl, byte ptr es:[bx + di]
    2998_alias_90000:651D  [9651D]  80e23f          and     dl, 0x3f
    2998_alias_90000:6520  [96520]  88169a05        mov     byte ptr [0x59a], dl
    2998_alias_90000:6524  [96524]  c6069c0567      mov     byte ptr [0x59c], 0x67
    2998_alias_90000:6529  [96529]  9ab10bf596      lcall   reinit_comm_channel  ; 0x96f5, 0xbb1
    2998_alias_90000:652E  [9652E]  c6067f0580      mov     byte ptr [0x57f], 0x80
    2998_alias_90000:6533  [96533]  c606900580      mov     byte ptr [0x590], 0x80
    2998_alias_90000:6538  [96538]  c606800580      mov     byte ptr [0x580], 0x80
    2998_alias_90000:653D  [9653D]  e92000          jmp     L_96560  ; 0x2e0
L_96540:
    2998_alias_90000:6540  [96540]  c43ee206        les     di, ptr [0x6e2]
    2998_alias_90000:6544  [96544]  26c60500        mov     byte ptr es:[di], 0
    2998_alias_90000:6548  [96548]  c6069705ff      mov     byte ptr [0x597], 0xff
    2998_alias_90000:654D  [9654D]  c41ee206        les     bx, ptr [0x6e2]
    2998_alias_90000:6551  [96551]  26c6470100      mov     byte ptr es:[bx + 1], 0
    2998_alias_90000:6556  [96556]  c6069605ff      mov     byte ptr [0x596], 0xff
    2998_alias_90000:655B  [9655B]  c6065504ff      mov     byte ptr [0x455], 0xff
L_96560:
    2998_alias_90000:6560  [96560]  a09f05          mov     al, byte ptr [0x59f]
    2998_alias_90000:6563  [96563]  c43ed606        les     di, ptr [0x6d6]
    2998_alias_90000:6567  [96567]  26884503        mov     byte ptr es:[di + 3], al
    2998_alias_90000:656B  [9656B]  a09a05          mov     al, byte ptr [0x59a]
    2998_alias_90000:656E  [9656E]  c41ed606        les     bx, ptr [0x6d6]
    2998_alias_90000:6572  [96572]  26884701        mov     byte ptr es:[bx + 1], al
    2998_alias_90000:6576  [96576]  a09c05          mov     al, byte ptr [0x59c]
    2998_alias_90000:6579  [96579]  c43ed606        les     di, ptr [0x6d6]
    2998_alias_90000:657D  [9657D]  26884502        mov     byte ptr es:[di + 2], al
    2998_alias_90000:6581  [96581]  2bd2            sub     dx, dx
    2998_alias_90000:6583  [96583]  52              push    dx
    2998_alias_90000:6584  [96584]  9a3b000680      lcall   set_comm_queue_busy  ; 0x8006, 0x3b
    2998_alias_90000:6589  [96589]  c606a30500      mov     byte ptr [0x5a3], 0
L_9658E:
    2998_alias_90000:658E  [9658E]  9a80052896      lcall   compute_parity_mode_code  ; 0x9628, 0x580
L_96593:
    2998_alias_90000:6593  [96593]  8be5            mov     sp, bp
    2998_alias_90000:6595  [96595]  5d              pop     bp
    2998_alias_90000:6596  [96596]  cb              retf    
init_comm_channel_state_a:
    2998_alias_90000:6597  [96597]  55              push    bp
    2998_alias_90000:6598  [96598]  8bec            mov     bp, sp
    2998_alias_90000:659A  [9659A]  83ec06          sub     sp, 6
    2998_alias_90000:659D  [9659D]  c7063c040f00    mov     word ptr [0x43c], 0xf
    2998_alias_90000:65A3  [965A3]  8c1e3e04        mov     word ptr [0x43e], ds
    2998_alias_90000:65A7  [965A7]  c70638040f00    mov     word ptr [0x438], 0xf
    2998_alias_90000:65AD  [965AD]  8c1e3a04        mov     word ptr [0x43a], ds
    2998_alias_90000:65B1  [965B1]  c70634040f00    mov     word ptr [0x434], 0xf
    2998_alias_90000:65B7  [965B7]  8c1e3604        mov     word ptr [0x436], ds
    2998_alias_90000:65BB  [965BB]  c70668046c04    mov     word ptr [0x468], 0x46c
    2998_alias_90000:65C1  [965C1]  8c1e6a04        mov     word ptr [0x46a], ds
    2998_alias_90000:65C5  [965C5]  c70664046c04    mov     word ptr [0x464], 0x46c
    2998_alias_90000:65CB  [965CB]  8c1e6604        mov     word ptr [0x466], ds
    2998_alias_90000:65CF  [965CF]  c70644040000    mov     word ptr [0x444], 0
    2998_alias_90000:65D5  [965D5]  c70646040000    mov     word ptr [0x446], 0
    2998_alias_90000:65DB  [965DB]  c70640040000    mov     word ptr [0x440], 0
    2998_alias_90000:65E1  [965E1]  c70642040000    mov     word ptr [0x442], 0
    2998_alias_90000:65E7  [965E7]  c606010000      mov     byte ptr [1], 0
    2998_alias_90000:65EC  [965EC]  c606000000      mov     byte ptr [0], 0
    2998_alias_90000:65F1  [965F1]  c606540400      mov     byte ptr [0x454], 0
    2998_alias_90000:65F6  [965F6]  c606030000      mov     byte ptr [3], 0
    2998_alias_90000:65FB  [965FB]  c606510400      mov     byte ptr [0x451], 0
    2998_alias_90000:6600  [96600]  c606020000      mov     byte ptr [2], 0
    2998_alias_90000:6605  [96605]  803e290600      cmp     byte ptr [0x629], 0
    2998_alias_90000:660A  [9660A]  7424            je      L_96630  ; 0x3b0
    2998_alias_90000:660C  [9660C]  9a4e058796      lcall   SUB_96DBE  ; 0x9687, 0x54e
    2998_alias_90000:6611  [96611]  a0f104          mov     al, byte ptr [0x4f1]
    2998_alias_90000:6614  [96614]  2ae4            sub     ah, ah
    2998_alias_90000:6616  [96616]  252000          and     ax, 0x20
    2998_alias_90000:6619  [96619]  3d0000          cmp     ax, 0
    2998_alias_90000:661C  [9661C]  7509            jne     L_96627  ; 0x3a7
    2998_alias_90000:661E  [9661E]  c43ed606        les     di, ptr [0x6d6]
    2998_alias_90000:6622  [96622]  26c6450303      mov     byte ptr es:[di + 3], 3
L_96627:
    2998_alias_90000:6627  [96627]  c43ed606        les     di, ptr [0x6d6]
    2998_alias_90000:662B  [9662B]  26c6450302      mov     byte ptr es:[di + 3], 2
L_96630:
    2998_alias_90000:6630  [96630]  8be5            mov     sp, bp
    2998_alias_90000:6632  [96632]  5d              pop     bp
    2998_alias_90000:6633  [96633]  cb              retf    
init_comm_tx_queue_and_ready_flags:
    2998_alias_90000:6634  [96634]  55              push    bp
    2998_alias_90000:6635  [96635]  8bec            mov     bp, sp
    2998_alias_90000:6637  [96637]  83ec06          sub     sp, 6
    2998_alias_90000:663A  [9663A]  c606540400      mov     byte ptr [0x454], 0
    2998_alias_90000:663F  [9663F]  c606590400      mov     byte ptr [0x459], 0
    2998_alias_90000:6644  [96644]  c6068f0600      mov     byte ptr [0x68f], 0
    2998_alias_90000:6649  [96649]  c6065504ff      mov     byte ptr [0x455], 0xff
    2998_alias_90000:664E  [9664E]  c7064804af00    mov     word ptr [0x448], 0xaf
    2998_alias_90000:6654  [96654]  8c1e4a04        mov     word ptr [0x44a], ds
    2998_alias_90000:6658  [96658]  c7064c04af00    mov     word ptr [0x44c], 0xaf
    2998_alias_90000:665E  [9665E]  8c1e4e04        mov     word ptr [0x44e], ds
    2998_alias_90000:6662  [96662]  c606570400      mov     byte ptr [0x457], 0
    2998_alias_90000:6667  [96667]  c606560400      mov     byte ptr [0x456], 0
    2998_alias_90000:666C  [9666C]  c606580400      mov     byte ptr [0x458], 0
    2998_alias_90000:6671  [96671]  803e290600      cmp     byte ptr [0x629], 0
    2998_alias_90000:6676  [96676]  740c            je      L_96684  ; 0x404
    2998_alias_90000:6678  [96678]  c43ed606        les     di, ptr [0x6d6]
    2998_alias_90000:667C  [9667C]  26c6450305      mov     byte ptr es:[di + 3], 5
    2998_alias_90000:6681  [96681]  e90e00          jmp     L_96692  ; 0x412
L_96684:
    2998_alias_90000:6684  [96684]  c43ee206        les     di, ptr [0x6e2]
    2998_alias_90000:6688  [96688]  26c6450100      mov     byte ptr es:[di + 1], 0
    2998_alias_90000:668D  [9668D]  c6069605ff      mov     byte ptr [0x596], 0xff
L_96692:
    2998_alias_90000:6692  [96692]  8be5            mov     sp, bp
    2998_alias_90000:6694  [96694]  5d              pop     bp
    2998_alias_90000:6695  [96695]  cb              retf    
reset_gpib_addr_scratch:
    2998_alias_90000:6696  [96696]  55              push    bp
    2998_alias_90000:6697  [96697]  8bec            mov     bp, sp
    2998_alias_90000:6699  [96699]  83ec06          sub     sp, 6
    2998_alias_90000:669C  [9669C]  c70682058605    mov     word ptr [0x582], 0x586
    2998_alias_90000:66A2  [966A2]  8c1e8405        mov     word ptr [0x584], ds
    2998_alias_90000:66A6  [966A6]  e90c00          jmp     L_966B5  ; 0x435
L_966A9:
    2998_alias_90000:66A9  [966A9]  c43e8205        les     di, ptr [0x582]
    2998_alias_90000:66AD  [966AD]  26c60500        mov     byte ptr es:[di], 0
    2998_alias_90000:66B1  [966B1]  ff068205        inc     word ptr [0x582]
L_966B5:
    2998_alias_90000:66B5  [966B5]  c43e8205        les     di, ptr [0x582]
    2998_alias_90000:66B9  [966B9]  ba8605          mov     dx, 0x586
    2998_alias_90000:66BC  [966BC]  83c20a          add     dx, 0xa
    2998_alias_90000:66BF  [966BF]  3bfa            cmp     di, dx
    2998_alias_90000:66C1  [966C1]  75e6            jne     L_966A9  ; 0x429
    2998_alias_90000:66C3  [966C3]  8cdb            mov     bx, ds
    2998_alias_90000:66C5  [966C5]  8cc0            mov     ax, es
    2998_alias_90000:66C7  [966C7]  3bc3            cmp     ax, bx
    2998_alias_90000:66C9  [966C9]  75de            jne     L_966A9  ; 0x429
    2998_alias_90000:66CB  [966CB]  803e290600      cmp     byte ptr [0x629], 0
    2998_alias_90000:66D0  [966D0]  740c            je      L_966DE  ; 0x45e
    2998_alias_90000:66D2  [966D2]  803e800501      cmp     byte ptr [0x580], 1
    2998_alias_90000:66D7  [966D7]  7405            je      L_966DE  ; 0x45e
    2998_alias_90000:66D9  [966D9]  9ab509f596      lcall   SUB_97905  ; 0x96f5, 0x9b5
L_966DE:
    2998_alias_90000:66DE  [966DE]  c606810580      mov     byte ptr [0x581], 0x80
    2998_alias_90000:66E3  [966E3]  8be5            mov     sp, bp
    2998_alias_90000:66E5  [966E5]  5d              pop     bp
    2998_alias_90000:66E6  [966E6]  cb              retf    
read_dip_switches_serial_config:
    2998_alias_90000:66E7  [966E7]  55              push    bp
    2998_alias_90000:66E8  [966E8]  8bec            mov     bp, sp
    2998_alias_90000:66EA  [966EA]  83ec08          sub     sp, 8
    2998_alias_90000:66ED  [966ED]  c43ede06        les     di, ptr [0x6de]
    2998_alias_90000:66F1  [966F1]  268a15          mov     dl, byte ptr es:[di]
    2998_alias_90000:66F4  [966F4]  f6d2            not     dl
    2998_alias_90000:66F6  [966F6]  8856f9          mov     byte ptr [bp - 7], dl
    2998_alias_90000:66F9  [966F9]  2af6            sub     dh, dh
    2998_alias_90000:66FB  [966FB]  81e20f00        and     dx, 0xf
    2998_alias_90000:66FF  [966FF]  83fa0f          cmp     dx, 0xf
    2998_alias_90000:6702  [96702]  7505            jne     L_96709  ; 0x489
    2998_alias_90000:6704  [96704]  b31f            mov     bl, 0x1f
    2998_alias_90000:6706  [96706]  e90800          jmp     L_96711  ; 0x491
L_96709:
    2998_alias_90000:6709  [96709]  8a56f9          mov     dl, byte ptr [bp - 7]
    2998_alias_90000:670C  [9670C]  80e20f          and     dl, 0xf
    2998_alias_90000:670F  [9670F]  8ada            mov     bl, dl
L_96711:
    2998_alias_90000:6711  [96711]  881eec04        mov     byte ptr [0x4ec], bl
    2998_alias_90000:6715  [96715]  8a56f9          mov     dl, byte ptr [bp - 7]
    2998_alias_90000:6718  [96718]  80e210          and     dl, 0x10
    2998_alias_90000:671B  [9671B]  80fa00          cmp     dl, 0
    2998_alias_90000:671E  [9671E]  7508            jne     L_96728  ; 0x4a8
    2998_alias_90000:6720  [96720]  c606ed0400      mov     byte ptr [0x4ed], 0
    2998_alias_90000:6725  [96725]  e91a00          jmp     L_96742  ; 0x4c2
L_96728:
    2998_alias_90000:6728  [96728]  8a56f9          mov     dl, byte ptr [bp - 7]
    2998_alias_90000:672B  [9672B]  2af6            sub     dh, dh
    2998_alias_90000:672D  [9672D]  81e26000        and     dx, 0x60
    2998_alias_90000:6731  [96731]  d1fa            sar     dx, 1
    2998_alias_90000:6733  [96733]  d1fa            sar     dx, 1
    2998_alias_90000:6735  [96735]  d1fa            sar     dx, 1
    2998_alias_90000:6737  [96737]  d1fa            sar     dx, 1
    2998_alias_90000:6739  [96739]  d1fa            sar     dx, 1
    2998_alias_90000:673B  [9673B]  42              inc     dx
    2998_alias_90000:673C  [9673C]  8bda            mov     bx, dx
    2998_alias_90000:673E  [9673E]  881eed04        mov     byte ptr [0x4ed], bl
L_96742:
    2998_alias_90000:6742  [96742]  c43eda06        les     di, ptr [0x6da]
    2998_alias_90000:6746  [96746]  268a15          mov     dl, byte ptr es:[di]
    2998_alias_90000:6749  [96749]  2af6            sub     dh, dh
    2998_alias_90000:674B  [9674B]  81e20800        and     dx, 8
    2998_alias_90000:674F  [9674F]  83fa00          cmp     dx, 0
    2998_alias_90000:6752  [96752]  7506            jne     L_9675A  ; 0x4da
    2998_alias_90000:6754  [96754]  bf0100          mov     di, 1
    2998_alias_90000:6757  [96757]  e90200          jmp     L_9675C  ; 0x4dc
L_9675A:
    2998_alias_90000:675A  [9675A]  2bff            sub     di, di
L_9675C:
    2998_alias_90000:675C  [9675C]  8bd7            mov     dx, di
    2998_alias_90000:675E  [9675E]  8816ef04        mov     byte ptr [0x4ef], dl
    2998_alias_90000:6762  [96762]  c43eda06        les     di, ptr [0x6da]
    2998_alias_90000:6766  [96766]  268a1d          mov     bl, byte ptr es:[di]
    2998_alias_90000:6769  [96769]  2aff            sub     bh, bh
    2998_alias_90000:676B  [9676B]  f7d3            not     bx
    2998_alias_90000:676D  [9676D]  d1fb            sar     bx, 1
    2998_alias_90000:676F  [9676F]  d1fb            sar     bx, 1
    2998_alias_90000:6771  [96771]  d1fb            sar     bx, 1
    2998_alias_90000:6773  [96773]  d1fb            sar     bx, 1
    2998_alias_90000:6775  [96775]  81e30300        and     bx, 3
    2998_alias_90000:6779  [96779]  881e6104        mov     byte ptr [0x461], bl
    2998_alias_90000:677D  [9677D]  8be5            mov     sp, bp
    2998_alias_90000:677F  [9677F]  5d              pop     bp
    2998_alias_90000:6780  [96780]  cb              retf    
read_dip_switches_gpib_config:
    2998_alias_90000:6781  [96781]  55              push    bp
    2998_alias_90000:6782  [96782]  8bec            mov     bp, sp
    2998_alias_90000:6784  [96784]  83ec08          sub     sp, 8
    2998_alias_90000:6787  [96787]  c43ede06        les     di, ptr [0x6de]
    2998_alias_90000:678B  [9678B]  268a15          mov     dl, byte ptr es:[di]
    2998_alias_90000:678E  [9678E]  f6d2            not     dl
    2998_alias_90000:6790  [96790]  8856f9          mov     byte ptr [bp - 7], dl
    2998_alias_90000:6793  [96793]  80e21f          and     dl, 0x1f
    2998_alias_90000:6796  [96796]  8816f004        mov     byte ptr [0x4f0], dl
    2998_alias_90000:679A  [9679A]  c41eda06        les     bx, ptr [0x6da]
    2998_alias_90000:679E  [9679E]  268a07          mov     al, byte ptr es:[bx]
    2998_alias_90000:67A1  [967A1]  2408            and     al, 8
    2998_alias_90000:67A3  [967A3]  3c00            cmp     al, 0
    2998_alias_90000:67A5  [967A5]  7405            je      L_967AC  ; 0x52c
    2998_alias_90000:67A7  [967A7]  2bdb            sub     bx, bx
    2998_alias_90000:67A9  [967A9]  e90300          jmp     L_967AF  ; 0x52f
L_967AC:
    2998_alias_90000:67AC  [967AC]  bb4000          mov     bx, 0x40
L_967AF:
    2998_alias_90000:67AF  [967AF]  53              push    bx
    2998_alias_90000:67B0  [967B0]  8a56f9          mov     dl, byte ptr [bp - 7]
    2998_alias_90000:67B3  [967B3]  80e240          and     dl, 0x40
    2998_alias_90000:67B6  [967B6]  80fa00          cmp     dl, 0
    2998_alias_90000:67B9  [967B9]  7406            je      L_967C1  ; 0x541
    2998_alias_90000:67BB  [967BB]  bf8000          mov     di, 0x80
    2998_alias_90000:67BE  [967BE]  e90200          jmp     L_967C3  ; 0x543
L_967C1:
    2998_alias_90000:67C1  [967C1]  2bff            sub     di, di
L_967C3:
    2998_alias_90000:67C3  [967C3]  5a              pop     dx
    2998_alias_90000:67C4  [967C4]  0bfa            or      di, dx
    2998_alias_90000:67C6  [967C6]  57              push    di
    2998_alias_90000:67C7  [967C7]  8a56f9          mov     dl, byte ptr [bp - 7]
    2998_alias_90000:67CA  [967CA]  80e220          and     dl, 0x20
    2998_alias_90000:67CD  [967CD]  80fa00          cmp     dl, 0
    2998_alias_90000:67D0  [967D0]  7406            je      L_967D8  ; 0x558
    2998_alias_90000:67D2  [967D2]  ba2000          mov     dx, 0x20
    2998_alias_90000:67D5  [967D5]  e90200          jmp     L_967DA  ; 0x55a
L_967D8:
    2998_alias_90000:67D8  [967D8]  2bd2            sub     dx, dx
L_967DA:
    2998_alias_90000:67DA  [967DA]  5f              pop     di
    2998_alias_90000:67DB  [967DB]  0bd7            or      dx, di
    2998_alias_90000:67DD  [967DD]  8816f104        mov     byte ptr [0x4f1], dl
    2998_alias_90000:67E1  [967E1]  c43eda06        les     di, ptr [0x6da]
    2998_alias_90000:67E5  [967E5]  268a1d          mov     bl, byte ptr es:[di]
    2998_alias_90000:67E8  [967E8]  2aff            sub     bh, bh
    2998_alias_90000:67EA  [967EA]  f7d3            not     bx
    2998_alias_90000:67EC  [967EC]  d1fb            sar     bx, 1
    2998_alias_90000:67EE  [967EE]  d1fb            sar     bx, 1
    2998_alias_90000:67F0  [967F0]  d1fb            sar     bx, 1
    2998_alias_90000:67F2  [967F2]  d1fb            sar     bx, 1
    2998_alias_90000:67F4  [967F4]  81e30300        and     bx, 3
    2998_alias_90000:67F8  [967F8]  881e6104        mov     byte ptr [0x461], bl
    2998_alias_90000:67FC  [967FC]  8be5            mov     sp, bp
    2998_alias_90000:67FE  [967FE]  5d              pop     bp
    2998_alias_90000:67FF  [967FF]  cb              retf    
compute_parity_mode_code:
    2998_alias_90000:6800  [96800]  55              push    bp
    2998_alias_90000:6801  [96801]  8bec            mov     bp, sp
    2998_alias_90000:6803  [96803]  83ec0a          sub     sp, 0xa
    2998_alias_90000:6806  [96806]  bf808f          mov     di, 0x8f80
    2998_alias_90000:6809  [96809]  57              push    di
    2998_alias_90000:680A  [9680A]  9a080007f0      lcall   scale_and_plot_point_default  ; 0xf007, 8
    2998_alias_90000:680F  [9680F]  8946f8          mov     word ptr [bp - 8], ax
    2998_alias_90000:6812  [96812]  e92e00          jmp     L_96843  ; 0x5c3
L_96815:
    2998_alias_90000:6815  [96815]  c646f701        mov     byte ptr [bp - 9], 1
    2998_alias_90000:6819  [96819]  e93e00          jmp     L_9685A  ; 0x5da
L_9681C:
    2998_alias_90000:681C  [9681C]  c646f703        mov     byte ptr [bp - 9], 3
    2998_alias_90000:6820  [96820]  803e290600      cmp     byte ptr [0x629], 0
    2998_alias_90000:6825  [96825]  750b            jne     L_96832  ; 0x5b2
    2998_alias_90000:6827  [96827]  803eed0400      cmp     byte ptr [0x4ed], 0
    2998_alias_90000:682C  [9682C]  7404            je      L_96832  ; 0x5b2
    2998_alias_90000:682E  [9682E]  c646f702        mov     byte ptr [bp - 9], 2
L_96832:
    2998_alias_90000:6832  [96832]  e92500          jmp     L_9685A  ; 0x5da
L_96835:
    2998_alias_90000:6835  [96835]  c646f704        mov     byte ptr [bp - 9], 4
    2998_alias_90000:6839  [96839]  e91e00          jmp     L_9685A  ; 0x5da
L_9683C:
    2998_alias_90000:683C  [9683C]  c646f700        mov     byte ptr [bp - 9], 0
    2998_alias_90000:6840  [96840]  e91700          jmp     L_9685A  ; 0x5da
L_96843:
    2998_alias_90000:6843  [96843]  a06104          mov     al, byte ptr [0x461]
    2998_alias_90000:6846  [96846]  2ae4            sub     ah, ah
    2998_alias_90000:6848  [96848]  3d0000          cmp     ax, 0
    2998_alias_90000:684B  [9684B]  74c8            je      L_96815  ; 0x595
    2998_alias_90000:684D  [9684D]  3d0100          cmp     ax, 1
    2998_alias_90000:6850  [96850]  74e3            je      L_96835  ; 0x5b5
    2998_alias_90000:6852  [96852]  3d0200          cmp     ax, 2
    2998_alias_90000:6855  [96855]  74c5            je      L_9681C  ; 0x59c
    2998_alias_90000:6857  [96857]  e9e2ff          jmp     L_9683C  ; 0x5bc
L_9685A:
    2998_alias_90000:685A  [9685A]  8a56f7          mov     dl, byte ptr [bp - 9]
    2998_alias_90000:685D  [9685D]  c43e3a07        les     di, ptr [0x73a]
    2998_alias_90000:6861  [96861]  26885520        mov     byte ptr es:[di + 0x20], dl
    2998_alias_90000:6865  [96865]  ff76f8          push    word ptr [bp - 8]
    2998_alias_90000:6868  [96868]  9a080007f0      lcall   scale_and_plot_point_default  ; 0xf007, 8
    2998_alias_90000:686D  [9686D]  8be5            mov     sp, bp
    2998_alias_90000:686F  [9686F]  5d              pop     bp
    2998_alias_90000:6870  [96870]  cb              retf    

spawn_task_with_tag:
    2998_alias_90000:6872  [96872]  55              push    bp
    2998_alias_90000:6873  [96873]  8bec            mov     bp, sp
    2998_alias_90000:6875  [96875]  83ec08          sub     sp, 8
    2998_alias_90000:6878  [96878]  bf4100          mov     di, 0x41
    2998_alias_90000:687B  [9687B]  57              push    di
    2998_alias_90000:687C  [9687C]  9a0e007094      lcall   set_ds_return_old  ; 0x9470, 0xe
    2998_alias_90000:6881  [96881]  8946f8          mov     word ptr [bp - 8], ax
    2998_alias_90000:6884  [96884]  8a5606          mov     dl, byte ptr [bp + 6]
    2998_alias_90000:6887  [96887]  8b3ecd1a        mov     di, word ptr [0x1acd]
    2998_alias_90000:688B  [9688B]  88954407        mov     byte ptr [di + 0x744], dl
    2998_alias_90000:688F  [9688F]  9a74010be6      lcall   create_task  ; 0xe60b, 0x174
    2998_alias_90000:6894  [96894]  ff76f8          push    word ptr [bp - 8]
    2998_alias_90000:6897  [96897]  9a0e007094      lcall   set_ds_return_old  ; 0x9470, 0xe
    2998_alias_90000:689C  [9689C]  8be5            mov     sp, bp
    2998_alias_90000:689E  [9689E]  5d              pop     bp
    2998_alias_90000:689F  [9689F]  ca0200          retf    2

serial_tx_buffer_put:
    2998_alias_90000:6B68  [96B68]  55              push    bp
    2998_alias_90000:6B69  [96B69]  8bec            mov     bp, sp
    2998_alias_90000:6B6B  [96B6B]  83ec0a          sub     sp, 0xa
    2998_alias_90000:6B6E  [96B6E]  c606a305ff      mov     byte ptr [0x5a3], 0xff
    2998_alias_90000:6B73  [96B73]  803e0c0000      cmp     byte ptr [0xc], 0
    2998_alias_90000:6B78  [96B78]  7563            jne     L_96BDD  ; 0x36d
    2998_alias_90000:6B7A  [96B7A]  e91b00          jmp     L_96B98  ; 0x328
L_96B7D:
    2998_alias_90000:6B7D  [96B7D]  9aef058796      lcall   finish_comm_response  ; 0x9687, 0x5ef
    2998_alias_90000:6B82  [96B82]  2bff            sub     di, di
    2998_alias_90000:6B84  [96B84]  57              push    di
    2998_alias_90000:6B85  [96B85]  9a440cf596      lcall   set_comm_critical_flag  ; 0x96f5, 0xc44
    2998_alias_90000:6B8A  [96B8A]  bf0a00          mov     di, 0xa
    2998_alias_90000:6B8D  [96B8D]  57              push    di
    2998_alias_90000:6B8E  [96B8E]  9a02008796      lcall   spawn_task_with_tag  ; 0x9687, 2
    2998_alias_90000:6B93  [96B93]  c606a305ff      mov     byte ptr [0x5a3], 0xff
L_96B98:
    2998_alias_90000:6B98  [96B98]  803e550400      cmp     byte ptr [0x455], 0
    2998_alias_90000:6B9D  [96B9D]  751b            jne     L_96BBA  ; 0x34a
    2998_alias_90000:6B9F  [96B9F]  803e540400      cmp     byte ptr [0x454], 0
    2998_alias_90000:6BA4  [96BA4]  7514            jne     L_96BBA  ; 0x34a
    2998_alias_90000:6BA6  [96BA6]  c43e4c04        les     di, ptr [0x44c]
    2998_alias_90000:6BAA  [96BAA]  8cc3            mov     bx, es
    2998_alias_90000:6BAC  [96BAC]  c4164804        les     dx, ptr [0x448]
    2998_alias_90000:6BB0  [96BB0]  3bfa            cmp     di, dx
    2998_alias_90000:6BB2  [96BB2]  7506            jne     L_96BBA  ; 0x34a
    2998_alias_90000:6BB4  [96BB4]  8cc0            mov     ax, es
    2998_alias_90000:6BB6  [96BB6]  3bd8            cmp     bx, ax
    2998_alias_90000:6BB8  [96BB8]  74c3            je      L_96B7D  ; 0x30d
L_96BBA:
    2998_alias_90000:6BBA  [96BBA]  803e540400      cmp     byte ptr [0x454], 0
    2998_alias_90000:6BBF  [96BBF]  7576            jne     L_96C37  ; 0x3c7
    2998_alias_90000:6BC1  [96BC1]  803e590400      cmp     byte ptr [0x459], 0
    2998_alias_90000:6BC6  [96BC6]  7507            jne     L_96BCF  ; 0x35f
    2998_alias_90000:6BC8  [96BC8]  803e290600      cmp     byte ptr [0x629], 0
    2998_alias_90000:6BCD  [96BCD]  756b            jne     L_96C3A  ; 0x3ca
L_96BCF:
    2998_alias_90000:6BCF  [96BCF]  803e290600      cmp     byte ptr [0x629], 0
    2998_alias_90000:6BD4  [96BD4]  740a            je      L_96BE0  ; 0x370
    2998_alias_90000:6BD6  [96BD6]  8a165004        mov     dl, byte ptr [0x450]
    2998_alias_90000:6BDA  [96BDA]  e90700          jmp     L_96BE4  ; 0x374
L_96BDD:
    2998_alias_90000:6BDD  [96BDD]  e97300          jmp     L_96C53  ; 0x3e3
L_96BE0:
    2998_alias_90000:6BE0  [96BE0]  8a160500        mov     dl, byte ptr [5]
L_96BE4:
    2998_alias_90000:6BE4  [96BE4]  c43e4c04        les     di, ptr [0x44c]
    2998_alias_90000:6BE8  [96BE8]  268815          mov     byte ptr es:[di], dl
    2998_alias_90000:6BEB  [96BEB]  c4164c04        les     dx, ptr [0x44c]
    2998_alias_90000:6BEF  [96BEF]  8bda            mov     bx, dx
    2998_alias_90000:6BF1  [96BF1]  43              inc     bx
    2998_alias_90000:6BF2  [96BF2]  895ef6          mov     word ptr [bp - 0xa], bx
    2998_alias_90000:6BF5  [96BF5]  8c46f8          mov     word ptr [bp - 8], es
    2998_alias_90000:6BF8  [96BF8]  c446f6          les     ax, ptr [bp - 0xa]
    2998_alias_90000:6BFB  [96BFB]  bfaf00          mov     di, 0xaf
    2998_alias_90000:6BFE  [96BFE]  81c78403        add     di, 0x384
    2998_alias_90000:6C02  [96C02]  3bc7            cmp     ax, di
    2998_alias_90000:6C04  [96C04]  7208            jb      L_96C0E  ; 0x39e
    2998_alias_90000:6C06  [96C06]  b8af00          mov     ax, 0xaf
    2998_alias_90000:6C09  [96C09]  1e              push    ds
    2998_alias_90000:6C0A  [96C0A]  07              pop     es
    2998_alias_90000:6C0B  [96C0B]  e90300          jmp     L_96C11  ; 0x3a1
L_96C0E:
    2998_alias_90000:6C0E  [96C0E]  c446f6          les     ax, ptr [bp - 0xa]
L_96C11:
    2998_alias_90000:6C11  [96C11]  a34c04          mov     word ptr [0x44c], ax
    2998_alias_90000:6C14  [96C14]  8c064e04        mov     word ptr [0x44e], es
    2998_alias_90000:6C18  [96C18]  c606550400      mov     byte ptr [0x455], 0
    2998_alias_90000:6C1D  [96C1D]  c6065904ff      mov     byte ptr [0x459], 0xff
    2998_alias_90000:6C22  [96C22]  803e5a0400      cmp     byte ptr [0x45a], 0
    2998_alias_90000:6C27  [96C27]  7424            je      L_96C4D  ; 0x3dd
    2998_alias_90000:6C29  [96C29]  803e290600      cmp     byte ptr [0x629], 0
    2998_alias_90000:6C2E  [96C2E]  7410            je      L_96C40  ; 0x3d0
    2998_alias_90000:6C30  [96C30]  c6068f06ff      mov     byte ptr [0x68f], 0xff
    2998_alias_90000:6C35  [96C35]  eb06            jmp     L_96C3D  ; 0x3cd
L_96C37:
    2998_alias_90000:6C37  [96C37]  e91900          jmp     L_96C53  ; 0x3e3
L_96C3A:
    2998_alias_90000:6C3A  [96C3A]  e90b00          jmp     L_96C48  ; 0x3d8
L_96C3D:
    2998_alias_90000:6C3D  [96C3D]  e90500          jmp     L_96C45  ; 0x3d5
L_96C40:
    2998_alias_90000:6C40  [96C40]  9ae104f596      lcall   service_comm_tx_queue  ; 0x96f5, 0x4e1
L_96C45:
    2998_alias_90000:6C45  [96C45]  e90500          jmp     L_96C4D  ; 0x3dd
L_96C48:
    2998_alias_90000:6C48  [96C48]  c6065904ff      mov     byte ptr [0x459], 0xff
L_96C4D:
    2998_alias_90000:6C4D  [96C4D]  a00500          mov     al, byte ptr [5]
    2998_alias_90000:6C50  [96C50]  a25004          mov     byte ptr [0x450], al
L_96C53:
    2998_alias_90000:6C53  [96C53]  2bff            sub     di, di
    2998_alias_90000:6C55  [96C55]  57              push    di
    2998_alias_90000:6C56  [96C56]  9a440cf596      lcall   set_comm_critical_flag  ; 0x96f5, 0xc44
    2998_alias_90000:6C5B  [96C5B]  8be5            mov     sp, bp
    2998_alias_90000:6C5D  [96C5D]  5d              pop     bp
    2998_alias_90000:6C5E  [96C5E]  cb              retf    
send_response_terminator:
    2998_alias_90000:6C5F  [96C5F]  55              push    bp
    2998_alias_90000:6C60  [96C60]  8bec            mov     bp, sp
    2998_alias_90000:6C62  [96C62]  83ec06          sub     sp, 6
    2998_alias_90000:6C65  [96C65]  803e590400      cmp     byte ptr [0x459], 0
    2998_alias_90000:6C6A  [96C6A]  7445            je      L_96CB1  ; 0x441
    2998_alias_90000:6C6C  [96C6C]  803e290600      cmp     byte ptr [0x629], 0
    2998_alias_90000:6C71  [96C71]  7420            je      L_96C93  ; 0x423
    2998_alias_90000:6C73  [96C73]  a0f104          mov     al, byte ptr [0x4f1]
    2998_alias_90000:6C76  [96C76]  2420            and     al, 0x20
    2998_alias_90000:6C78  [96C78]  3c00            cmp     al, 0
    2998_alias_90000:6C7A  [96C7A]  7417            je      L_96C93  ; 0x423
    2998_alias_90000:6C7C  [96C7C]  c60605000d      mov     byte ptr [5], 0xd
    2998_alias_90000:6C81  [96C81]  9af8028796      lcall   serial_tx_buffer_put  ; 0x9687, 0x2f8
    2998_alias_90000:6C86  [96C86]  c60605000a      mov     byte ptr [5], 0xa
    2998_alias_90000:6C8B  [96C8B]  9af8028796      lcall   serial_tx_buffer_put  ; 0x9687, 0x2f8
    2998_alias_90000:6C90  [96C90]  e90c00          jmp     L_96C9F  ; 0x42f
L_96C93:
    2998_alias_90000:6C93  [96C93]  803e290600      cmp     byte ptr [0x629], 0
    2998_alias_90000:6C98  [96C98]  7505            jne     L_96C9F  ; 0x42f
    2998_alias_90000:6C9A  [96C9A]  9a45048796      lcall   send_serial_newline  ; 0x9687, 0x445
L_96C9F:
    2998_alias_90000:6C9F  [96C9F]  c606a305ff      mov     byte ptr [0x5a3], 0xff
    2998_alias_90000:6CA4  [96CA4]  c6065604ff      mov     byte ptr [0x456], 0xff
    2998_alias_90000:6CA9  [96CA9]  2bff            sub     di, di
    2998_alias_90000:6CAB  [96CAB]  57              push    di
    2998_alias_90000:6CAC  [96CAC]  9a440cf596      lcall   set_comm_critical_flag  ; 0x96f5, 0xc44
L_96CB1:
    2998_alias_90000:6CB1  [96CB1]  8be5            mov     sp, bp
    2998_alias_90000:6CB3  [96CB3]  5d              pop     bp
    2998_alias_90000:6CB4  [96CB4]  cb              retf    
send_serial_newline:
    2998_alias_90000:6CB5  [96CB5]  55              push    bp
    2998_alias_90000:6CB6  [96CB6]  8bec            mov     bp, sp
    2998_alias_90000:6CB8  [96CB8]  83ec06          sub     sp, 6
    2998_alias_90000:6CBB  [96CBB]  803e290600      cmp     byte ptr [0x629], 0
    2998_alias_90000:6CC0  [96CC0]  7519            jne     L_96CDB  ; 0x46b
    2998_alias_90000:6CC2  [96CC2]  803eef0400      cmp     byte ptr [0x4ef], 0
    2998_alias_90000:6CC7  [96CC7]  7412            je      L_96CDB  ; 0x46b
    2998_alias_90000:6CC9  [96CC9]  c60605000d      mov     byte ptr [5], 0xd
    2998_alias_90000:6CCE  [96CCE]  9af8028796      lcall   serial_tx_buffer_put  ; 0x9687, 0x2f8
    2998_alias_90000:6CD3  [96CD3]  c60605000a      mov     byte ptr [5], 0xa
    2998_alias_90000:6CD8  [96CD8]  e90500          jmp     L_96CE0  ; 0x470
L_96CDB:
    2998_alias_90000:6CDB  [96CDB]  c60605000d      mov     byte ptr [5], 0xd
L_96CE0:
    2998_alias_90000:6CE0  [96CE0]  9af8028796      lcall   serial_tx_buffer_put  ; 0x9687, 0x2f8
    2998_alias_90000:6CE5  [96CE5]  8be5            mov     sp, bp
    2998_alias_90000:6CE7  [96CE7]  5d              pop     bp
    2998_alias_90000:6CE8  [96CE8]  cb              retf    

SUB_96DBE:
    2998_alias_90000:6DBE  [96DBE]  55              push    bp
    2998_alias_90000:6DBF  [96DBF]  8bec            mov     bp, sp
    2998_alias_90000:6DC1  [96DC1]  83ec06          sub     sp, 6
    2998_alias_90000:6DC4  [96DC4]  803e290600      cmp     byte ptr [0x629], 0
    2998_alias_90000:6DC9  [96DC9]  7416            je      L_96DE1  ; 0x571
    2998_alias_90000:6DCB  [96DCB]  a00000          mov     al, byte ptr [0]
    2998_alias_90000:6DCE  [96DCE]  2410            and     al, 0x10
    2998_alias_90000:6DD0  [96DD0]  8a167f05        mov     dl, byte ptr [0x57f]
    2998_alias_90000:6DD4  [96DD4]  80e2bf          and     dl, 0xbf
    2998_alias_90000:6DD7  [96DD7]  0ad0            or      dl, al
    2998_alias_90000:6DD9  [96DD9]  c43ed606        les     di, ptr [0x6d6]
    2998_alias_90000:6DDD  [96DDD]  26885505        mov     byte ptr es:[di + 5], dl
L_96DE1:
    2998_alias_90000:6DE1  [96DE1]  8be5            mov     sp, bp
    2998_alias_90000:6DE3  [96DE3]  5d              pop     bp
    2998_alias_90000:6DE4  [96DE4]  cb              retf    

finish_comm_response:
    2998_alias_90000:6E5F  [96E5F]  55              push    bp
    2998_alias_90000:6E60  [96E60]  8bec            mov     bp, sp
    2998_alias_90000:6E62  [96E62]  83ec06          sub     sp, 6
    2998_alias_90000:6E65  [96E65]  c43ed606        les     di, ptr [0x6d6]
    2998_alias_90000:6E69  [96E69]  268a5502        mov     dl, byte ptr es:[di + 2]
    2998_alias_90000:6E6D  [96E6D]  80e202          and     dl, 2
    2998_alias_90000:6E70  [96E70]  80fa00          cmp     dl, 0
    2998_alias_90000:6E73  [96E73]  744d            je      L_96EC2  ; 0x652
    2998_alias_90000:6E75  [96E75]  803e590400      cmp     byte ptr [0x459], 0
    2998_alias_90000:6E7A  [96E7A]  751f            jne     L_96E9B  ; 0x62b
    2998_alias_90000:6E7C  [96E7C]  803e000000      cmp     byte ptr [0], 0
    2998_alias_90000:6E81  [96E81]  7518            jne     L_96E9B  ; 0x62b
    2998_alias_90000:6E83  [96E83]  a0f104          mov     al, byte ptr [0x4f1]
    2998_alias_90000:6E86  [96E86]  2440            and     al, 0x40
    2998_alias_90000:6E88  [96E88]  3c00            cmp     al, 0
    2998_alias_90000:6E8A  [96E8A]  750f            jne     L_96E9B  ; 0x62b
    2998_alias_90000:6E8C  [96E8C]  c6060500ff      mov     byte ptr [5], 0xff
    2998_alias_90000:6E91  [96E91]  9af8028796      lcall   serial_tx_buffer_put  ; 0x9687, 0x2f8
    2998_alias_90000:6E96  [96E96]  9aef038796      lcall   send_response_terminator  ; 0x9687, 0x3ef
L_96E9B:
    2998_alias_90000:6E9B  [96E9B]  803e5a0400      cmp     byte ptr [0x45a], 0
    2998_alias_90000:6EA0  [96EA0]  7420            je      L_96EC2  ; 0x652
    2998_alias_90000:6EA2  [96EA2]  803e550400      cmp     byte ptr [0x455], 0
    2998_alias_90000:6EA7  [96EA7]  7407            je      L_96EB0  ; 0x640
    2998_alias_90000:6EA9  [96EA9]  803e560400      cmp     byte ptr [0x456], 0
    2998_alias_90000:6EAE  [96EAE]  7412            je      L_96EC2  ; 0x652
L_96EB0:
    2998_alias_90000:6EB0  [96EB0]  c606a305ff      mov     byte ptr [0x5a3], 0xff
    2998_alias_90000:6EB5  [96EB5]  c6068f06ff      mov     byte ptr [0x68f], 0xff
    2998_alias_90000:6EBA  [96EBA]  2bff            sub     di, di
    2998_alias_90000:6EBC  [96EBC]  57              push    di
    2998_alias_90000:6EBD  [96EBD]  9a440cf596      lcall   set_comm_critical_flag  ; 0x96f5, 0xc44
L_96EC2:
    2998_alias_90000:6EC2  [96EC2]  8be5            mov     sp, bp
    2998_alias_90000:6EC4  [96EC4]  5d              pop     bp
    2998_alias_90000:6EC5  [96EC5]  cb              retf    
release_comm_hold_critical:
    2998_alias_90000:6EC6  [96EC6]  55              push    bp
    2998_alias_90000:6EC7  [96EC7]  8bec            mov     bp, sp
    2998_alias_90000:6EC9  [96EC9]  83ec0a          sub     sp, 0xa
    2998_alias_90000:6ECC  [96ECC]  bf808f          mov     di, 0x8f80
    2998_alias_90000:6ECF  [96ECF]  57              push    di
    2998_alias_90000:6ED0  [96ED0]  9a0e007094      lcall   set_ds_return_old  ; 0x9470, 0xe
    2998_alias_90000:6ED5  [96ED5]  8946f8          mov     word ptr [bp - 8], ax
    2998_alias_90000:6ED8  [96ED8]  803e290600      cmp     byte ptr [0x629], 0
    2998_alias_90000:6EDD  [96EDD]  752a            jne     L_96F09  ; 0x699
    2998_alias_90000:6EDF  [96EDF]  bfffff          mov     di, 0xffff
    2998_alias_90000:6EE2  [96EE2]  57              push    di
    2998_alias_90000:6EE3  [96EE3]  9a440cf596      lcall   set_comm_critical_flag  ; 0x96f5, 0xc44
    2998_alias_90000:6EE8  [96EE8]  8bd0            mov     dx, ax
    2998_alias_90000:6EEA  [96EEA]  8856f7          mov     byte ptr [bp - 9], dl
    2998_alias_90000:6EED  [96EED]  bf0200          mov     di, 2
    2998_alias_90000:6EF0  [96EF0]  57              push    di
    2998_alias_90000:6EF1  [96EF1]  9ad80cf596      lcall   release_comm_hold  ; 0x96f5, 0xcd8
    2998_alias_90000:6EF6  [96EF6]  8a56f7          mov     dl, byte ptr [bp - 9]
    2998_alias_90000:6EF9  [96EF9]  2af6            sub     dh, dh
    2998_alias_90000:6EFB  [96EFB]  52              push    dx
    2998_alias_90000:6EFC  [96EFC]  9a440cf596      lcall   set_comm_critical_flag  ; 0x96f5, 0xc44
    2998_alias_90000:6F01  [96F01]  ff76f8          push    word ptr [bp - 8]
    2998_alias_90000:6F04  [96F04]  9a0e007094      lcall   set_ds_return_old  ; 0x9470, 0xe
L_96F09:
    2998_alias_90000:6F09  [96F09]  8be5            mov     sp, bp
    2998_alias_90000:6F0B  [96F0B]  5d              pop     bp
    2998_alias_90000:6F0C  [96F0C]  cb              retf    
engage_comm_hold_critical:
    2998_alias_90000:6F0D  [96F0D]  55              push    bp
    2998_alias_90000:6F0E  [96F0E]  8bec            mov     bp, sp
    2998_alias_90000:6F10  [96F10]  83ec0a          sub     sp, 0xa
    2998_alias_90000:6F13  [96F13]  bf808f          mov     di, 0x8f80
    2998_alias_90000:6F16  [96F16]  57              push    di
    2998_alias_90000:6F17  [96F17]  9a0e007094      lcall   set_ds_return_old  ; 0x9470, 0xe
    2998_alias_90000:6F1C  [96F1C]  8946f8          mov     word ptr [bp - 8], ax
    2998_alias_90000:6F1F  [96F1F]  803e290600      cmp     byte ptr [0x629], 0
    2998_alias_90000:6F24  [96F24]  752a            jne     L_96F50  ; 0x6e0
    2998_alias_90000:6F26  [96F26]  bfffff          mov     di, 0xffff
    2998_alias_90000:6F29  [96F29]  57              push    di
    2998_alias_90000:6F2A  [96F2A]  9a440cf596      lcall   set_comm_critical_flag  ; 0x96f5, 0xc44
    2998_alias_90000:6F2F  [96F2F]  8bd0            mov     dx, ax
    2998_alias_90000:6F31  [96F31]  8856f7          mov     byte ptr [bp - 9], dl
    2998_alias_90000:6F34  [96F34]  bf0200          mov     di, 2
    2998_alias_90000:6F37  [96F37]  57              push    di
    2998_alias_90000:6F38  [96F38]  9a960cf596      lcall   engage_comm_hold  ; 0x96f5, 0xc96
    2998_alias_90000:6F3D  [96F3D]  8a56f7          mov     dl, byte ptr [bp - 9]
    2998_alias_90000:6F40  [96F40]  2af6            sub     dh, dh
    2998_alias_90000:6F42  [96F42]  52              push    dx
    2998_alias_90000:6F43  [96F43]  9a440cf596      lcall   set_comm_critical_flag  ; 0x96f5, 0xc44
    2998_alias_90000:6F48  [96F48]  ff76f8          push    word ptr [bp - 8]
    2998_alias_90000:6F4B  [96F4B]  9a0e007094      lcall   set_ds_return_old  ; 0x9470, 0xe
L_96F50:
    2998_alias_90000:6F50  [96F50]  8be5            mov     sp, bp
    2998_alias_90000:6F52  [96F52]  5d              pop     bp
    2998_alias_90000:6F53  [96F53]  cb              retf    

service_comm_tx_queue:
    2998_alias_90000:7431  [97431]  55              push    bp
    2998_alias_90000:7432  [97432]  8bec            mov     bp, sp
    2998_alias_90000:7434  [97434]  83ec0a          sub     sp, 0xa
    2998_alias_90000:7437  [97437]  c6065a04ff      mov     byte ptr [0x45a], 0xff
    2998_alias_90000:743C  [9743C]  803e5d0400      cmp     byte ptr [0x45d], 0
    2998_alias_90000:7441  [97441]  7573            jne     L_974B6  ; 0x566
    2998_alias_90000:7443  [97443]  c43ed606        les     di, ptr [0x6d6]
    2998_alias_90000:7447  [97447]  268a5503        mov     dl, byte ptr es:[di + 3]
    2998_alias_90000:744B  [9744B]  80e202          and     dl, 2
    2998_alias_90000:744E  [9744E]  80fa00          cmp     dl, 0
    2998_alias_90000:7451  [97451]  7463            je      L_974B6  ; 0x566
    2998_alias_90000:7453  [97453]  803e600400      cmp     byte ptr [0x460], 0
    2998_alias_90000:7458  [97458]  7410            je      L_9746A  ; 0x51a
    2998_alias_90000:745A  [9745A]  9aca05f596      lcall   get_xon_xoff_byte  ; 0x96f5, 0x5ca
    2998_alias_90000:745F  [9745F]  2ae4            sub     ah, ah
    2998_alias_90000:7461  [97461]  50              push    ax
    2998_alias_90000:7462  [97462]  9a9105f596      lcall   enqueue_comm_char  ; 0x96f5, 0x591
    2998_alias_90000:7467  [97467]  e97300          jmp     L_974DD  ; 0x58d
L_9746A:
    2998_alias_90000:746A  [9746A]  803e550400      cmp     byte ptr [0x455], 0
    2998_alias_90000:746F  [9746F]  7414            je      L_97485  ; 0x535
    2998_alias_90000:7471  [97471]  803e560400      cmp     byte ptr [0x456], 0
    2998_alias_90000:7476  [97476]  7405            je      L_9747D  ; 0x52d
    2998_alias_90000:7478  [97478]  c606560400      mov     byte ptr [0x456], 0
L_9747D:
    2998_alias_90000:747D  [9747D]  c6065a04ff      mov     byte ptr [0x45a], 0xff
    2998_alias_90000:7482  [97482]  e95800          jmp     L_974DD  ; 0x58d
L_97485:
    2998_alias_90000:7485  [97485]  c43e4804        les     di, ptr [0x448]
    2998_alias_90000:7489  [97489]  268a15          mov     dl, byte ptr es:[di]
    2998_alias_90000:748C  [9748C]  2af6            sub     dh, dh
    2998_alias_90000:748E  [9748E]  52              push    dx
    2998_alias_90000:748F  [9748F]  9a9105f596      lcall   enqueue_comm_char  ; 0x96f5, 0x591
    2998_alias_90000:7494  [97494]  c43e4804        les     di, ptr [0x448]
    2998_alias_90000:7498  [97498]  8d5501          lea     dx, [di + 1]
    2998_alias_90000:749B  [9749B]  8956f6          mov     word ptr [bp - 0xa], dx
    2998_alias_90000:749E  [9749E]  8c46f8          mov     word ptr [bp - 8], es
    2998_alias_90000:74A1  [974A1]  c45ef6          les     bx, ptr [bp - 0xa]
    2998_alias_90000:74A4  [974A4]  b8af00          mov     ax, 0xaf
    2998_alias_90000:74A7  [974A7]  058403          add     ax, 0x384
    2998_alias_90000:74AA  [974AA]  3bd8            cmp     bx, ax
    2998_alias_90000:74AC  [974AC]  720b            jb      L_974B9  ; 0x569
    2998_alias_90000:74AE  [974AE]  bbaf00          mov     bx, 0xaf
    2998_alias_90000:74B1  [974B1]  1e              push    ds
    2998_alias_90000:74B2  [974B2]  07              pop     es
    2998_alias_90000:74B3  [974B3]  e90600          jmp     L_974BC  ; 0x56c
L_974B6:
    2998_alias_90000:74B6  [974B6]  e92400          jmp     L_974DD  ; 0x58d
L_974B9:
    2998_alias_90000:74B9  [974B9]  c45ef6          les     bx, ptr [bp - 0xa]
L_974BC:
    2998_alias_90000:74BC  [974BC]  891e4804        mov     word ptr [0x448], bx
    2998_alias_90000:74C0  [974C0]  8c064a04        mov     word ptr [0x44a], es
    2998_alias_90000:74C4  [974C4]  c43e4804        les     di, ptr [0x448]
    2998_alias_90000:74C8  [974C8]  8cc0            mov     ax, es
    2998_alias_90000:74CA  [974CA]  c4164c04        les     dx, ptr [0x44c]
    2998_alias_90000:74CE  [974CE]  3bfa            cmp     di, dx
    2998_alias_90000:74D0  [974D0]  750b            jne     L_974DD  ; 0x58d
    2998_alias_90000:74D2  [974D2]  8cc7            mov     di, es
    2998_alias_90000:74D4  [974D4]  3bc7            cmp     ax, di
    2998_alias_90000:74D6  [974D6]  7505            jne     L_974DD  ; 0x58d
    2998_alias_90000:74D8  [974D8]  c6065504ff      mov     byte ptr [0x455], 0xff
L_974DD:
    2998_alias_90000:74DD  [974DD]  8be5            mov     sp, bp
    2998_alias_90000:74DF  [974DF]  5d              pop     bp
    2998_alias_90000:74E0  [974E0]  cb              retf    
enqueue_comm_char:
    2998_alias_90000:74E1  [974E1]  55              push    bp
    2998_alias_90000:74E2  [974E2]  8bec            mov     bp, sp
    2998_alias_90000:74E4  [974E4]  83ec06          sub     sp, 6
    2998_alias_90000:74E7  [974E7]  803eed0400      cmp     byte ptr [0x4ed], 0
    2998_alias_90000:74EC  [974EC]  740f            je      L_974FD  ; 0x5ad
    2998_alias_90000:74EE  [974EE]  8066067f        and     byte ptr [bp + 6], 0x7f
    2998_alias_90000:74F2  [974F2]  803eed0403      cmp     byte ptr [0x4ed], 3
    2998_alias_90000:74F7  [974F7]  7504            jne     L_974FD  ; 0x5ad
    2998_alias_90000:74F9  [974F9]  804e0680        or      byte ptr [bp + 6], 0x80
L_974FD:
    2998_alias_90000:74FD  [974FD]  c43ed606        les     di, ptr [0x6d6]
    2998_alias_90000:7501  [97501]  8a5606          mov     dl, byte ptr [bp + 6]
    2998_alias_90000:7504  [97504]  268815          mov     byte ptr es:[di], dl
    2998_alias_90000:7507  [97507]  c6065a0400      mov     byte ptr [0x45a], 0
    2998_alias_90000:750C  [9750C]  2bdb            sub     bx, bx
    2998_alias_90000:750E  [9750E]  53              push    bx
    2998_alias_90000:750F  [9750F]  9a9c000680      lcall   update_comm_tx_ready_flag  ; 0x8006, 0x9c
    2998_alias_90000:7514  [97514]  8be5            mov     sp, bp
    2998_alias_90000:7516  [97516]  5d              pop     bp
    2998_alias_90000:7517  [97517]  ca0200          retf    2
get_xon_xoff_byte:
    2998_alias_90000:751A  [9751A]  55              push    bp
    2998_alias_90000:751B  [9751B]  8bec            mov     bp, sp
    2998_alias_90000:751D  [9751D]  83ec06          sub     sp, 6
    2998_alias_90000:7520  [97520]  a06004          mov     al, byte ptr [0x460]
    2998_alias_90000:7523  [97523]  2402            and     al, 2
    2998_alias_90000:7525  [97525]  3c00            cmp     al, 0
    2998_alias_90000:7527  [97527]  740a            je      L_97533  ; 0x5e3
    2998_alias_90000:7529  [97529]  80266004fd      and     byte ptr [0x460], 0xfd
    2998_alias_90000:752E  [9752E]  b013            mov     al, 0x13
    2998_alias_90000:7530  [97530]  e91500          jmp     L_97548  ; 0x5f8
L_97533:
    2998_alias_90000:7533  [97533]  a06004          mov     al, byte ptr [0x460]
    2998_alias_90000:7536  [97536]  2401            and     al, 1
    2998_alias_90000:7538  [97538]  3c00            cmp     al, 0
    2998_alias_90000:753A  [9753A]  740a            je      L_97546  ; 0x5f6
    2998_alias_90000:753C  [9753C]  80266004fe      and     byte ptr [0x460], 0xfe
    2998_alias_90000:7541  [97541]  b011            mov     al, 0x11
    2998_alias_90000:7543  [97543]  e90200          jmp     L_97548  ; 0x5f8
L_97546:
    2998_alias_90000:7546  [97546]  2ac0            sub     al, al
L_97548:
    2998_alias_90000:7548  [97548]  8be5            mov     sp, bp
    2998_alias_90000:754A  [9754A]  5d              pop     bp
    2998_alias_90000:754B  [9754B]  cb              retf    

SUB_97905:
    2998_alias_90000:7905  [97905]  55              push    bp
    2998_alias_90000:7906  [97906]  8bec            mov     bp, sp
    2998_alias_90000:7908  [97908]  83ec06          sub     sp, 6
    2998_alias_90000:790B  [9790B]  803e1c0600      cmp     byte ptr [0x61c], 0
    2998_alias_90000:7910  [97910]  7448            je      L_9795A  ; 0xa0a
    2998_alias_90000:7912  [97912]  a08005          mov     al, byte ptr [0x580]
    2998_alias_90000:7915  [97915]  2480            and     al, 0x80
    2998_alias_90000:7917  [97917]  3c00            cmp     al, 0
    2998_alias_90000:7919  [97919]  7521            jne     L_9793C  ; 0x9ec
    2998_alias_90000:791B  [9791B]  a08005          mov     al, byte ptr [0x580]
    2998_alias_90000:791E  [9791E]  2ae4            sub     ah, ah
    2998_alias_90000:7920  [97920]  d1e0            shl     ax, 1
    2998_alias_90000:7922  [97922]  d1e0            shl     ax, 1
    2998_alias_90000:7924  [97924]  c43e1207        les     di, ptr [0x712]
    2998_alias_90000:7928  [97928]  8bd8            mov     bx, ax
    2998_alias_90000:792A  [9792A]  268a11          mov     dl, byte ptr es:[bx + di]
    2998_alias_90000:792D  [9792D]  2af6            sub     dh, dh
    2998_alias_90000:792F  [9792F]  8bfa            mov     di, dx
    2998_alias_90000:7931  [97931]  c685860500      mov     byte ptr [di + 0x586], 0
    2998_alias_90000:7936  [97936]  a08005          mov     al, byte ptr [0x580]
    2998_alias_90000:7939  [97939]  a28105          mov     byte ptr [0x581], al
L_9793C:
    2998_alias_90000:793C  [9793C]  c70682058605    mov     word ptr [0x582], 0x586
    2998_alias_90000:7942  [97942]  8c1e8405        mov     word ptr [0x584], ds
    2998_alias_90000:7946  [97946]  e90400          jmp     L_9794D  ; 0x9fd
L_97949:
    2998_alias_90000:7949  [97949]  ff068205        inc     word ptr [0x582]
L_9794D:
    2998_alias_90000:794D  [9794D]  c43e8205        les     di, ptr [0x582]
    2998_alias_90000:7951  [97951]  26803d00        cmp     byte ptr es:[di], 0
    2998_alias_90000:7955  [97955]  74f2            je      L_97949  ; 0x9f9
    2998_alias_90000:7957  [97957]  e90e00          jmp     L_97968  ; 0xa18
L_9795A:
    2998_alias_90000:795A  [9795A]  bf8605          mov     di, 0x586
    2998_alias_90000:795D  [9795D]  83c70a          add     di, 0xa
    2998_alias_90000:7960  [97960]  893e8205        mov     word ptr [0x582], di
    2998_alias_90000:7964  [97964]  8c1e8405        mov     word ptr [0x584], ds
L_97968:
    2998_alias_90000:7968  [97968]  c43e8205        les     di, ptr [0x582]
    2998_alias_90000:796C  [9796C]  268a15          mov     dl, byte ptr es:[di]
    2998_alias_90000:796F  [9796F]  88168005        mov     byte ptr [0x580], dl
    2998_alias_90000:7973  [97973]  a08005          mov     al, byte ptr [0x580]
    2998_alias_90000:7976  [97976]  2480            and     al, 0x80
    2998_alias_90000:7978  [97978]  3c00            cmp     al, 0
    2998_alias_90000:797A  [9797A]  754e            jne     L_979CA  ; 0xa7a
    2998_alias_90000:797C  [9797C]  c41e8205        les     bx, ptr [0x582]
    2998_alias_90000:7980  [97980]  268a07          mov     al, byte ptr es:[bx]
    2998_alias_90000:7983  [97983]  2ae4            sub     ah, ah
    2998_alias_90000:7985  [97985]  d1e0            shl     ax, 1
    2998_alias_90000:7987  [97987]  d1e0            shl     ax, 1
    2998_alias_90000:7989  [97989]  c43e1207        les     di, ptr [0x712]
    2998_alias_90000:798D  [9798D]  8bd8            mov     bx, ax
    2998_alias_90000:798F  [9798F]  268a5101        mov     dl, byte ptr es:[bx + di + 1]
    2998_alias_90000:7993  [97993]  88167f05        mov     byte ptr [0x57f], dl
    2998_alias_90000:7997  [97997]  803e290600      cmp     byte ptr [0x629], 0
    2998_alias_90000:799C  [9799C]  741f            je      L_979BD  ; 0xa6d
    2998_alias_90000:799E  [9799E]  a00000          mov     al, byte ptr [0]
    2998_alias_90000:79A1  [979A1]  2410            and     al, 0x10
    2998_alias_90000:79A3  [979A3]  8a167f05        mov     dl, byte ptr [0x57f]
    2998_alias_90000:79A7  [979A7]  80e2bf          and     dl, 0xbf
    2998_alias_90000:79AA  [979AA]  0ad0            or      dl, al
    2998_alias_90000:79AC  [979AC]  c43ed606        les     di, ptr [0x6d6]
    2998_alias_90000:79B0  [979B0]  26885505        mov     byte ptr es:[di + 5], dl
    2998_alias_90000:79B4  [979B4]  c43ed606        les     di, ptr [0x6d6]
    2998_alias_90000:79B8  [979B8]  26c6450398      mov     byte ptr es:[di + 3], 0x98
L_979BD:
    2998_alias_90000:79BD  [979BD]  c43e3207        les     di, ptr [0x732]
    2998_alias_90000:79C1  [979C1]  26808d97000c    or      byte ptr es:[di + 0x97], 0xc
    2998_alias_90000:79C7  [979C7]  e94300          jmp     L_97A0D  ; 0xabd
L_979CA:
    2998_alias_90000:79CA  [979CA]  a08005          mov     al, byte ptr [0x580]
    2998_alias_90000:79CD  [979CD]  2480            and     al, 0x80
    2998_alias_90000:79CF  [979CF]  3c00            cmp     al, 0
    2998_alias_90000:79D1  [979D1]  7405            je      L_979D8  ; 0xa88
    2998_alias_90000:79D3  [979D3]  2ad2            sub     dl, dl
    2998_alias_90000:79D5  [979D5]  e90400          jmp     L_979DC  ; 0xa8c
L_979D8:
    2998_alias_90000:79D8  [979D8]  8a168005        mov     dl, byte ptr [0x580]
L_979DC:
    2998_alias_90000:79DC  [979DC]  88167f05        mov     byte ptr [0x57f], dl
    2998_alias_90000:79E0  [979E0]  803e290600      cmp     byte ptr [0x629], 0
    2998_alias_90000:79E5  [979E5]  741c            je      L_97A03  ; 0xab3
    2998_alias_90000:79E7  [979E7]  c43ed606        les     di, ptr [0x6d6]
    2998_alias_90000:79EB  [979EB]  26c6450318      mov     byte ptr es:[di + 3], 0x18
    2998_alias_90000:79F0  [979F0]  a00000          mov     al, byte ptr [0]
    2998_alias_90000:79F3  [979F3]  2410            and     al, 0x10
    2998_alias_90000:79F5  [979F5]  8a167f05        mov     dl, byte ptr [0x57f]
    2998_alias_90000:79F9  [979F9]  0ad0            or      dl, al
    2998_alias_90000:79FB  [979FB]  c41ed606        les     bx, ptr [0x6d6]
    2998_alias_90000:79FF  [979FF]  26885705        mov     byte ptr es:[bx + 5], dl
L_97A03:
    2998_alias_90000:7A03  [97A03]  c43e3207        les     di, ptr [0x732]
    2998_alias_90000:7A07  [97A07]  2680a59700fb    and     byte ptr es:[di + 0x97], 0xfb
L_97A0D:
    2998_alias_90000:7A0D  [97A0D]  9a410dc982      lcall   comm_call_main_rom  ; 0x82c9, 0xd41
    2998_alias_90000:7A12  [97A12]  8be5            mov     sp, bp
    2998_alias_90000:7A14  [97A14]  5d              pop     bp
    2998_alias_90000:7A15  [97A15]  cb              retf    

reinit_comm_channel:
    2998_alias_90000:7B01  [97B01]  55              push    bp
    2998_alias_90000:7B02  [97B02]  8bec            mov     bp, sp
    2998_alias_90000:7B04  [97B04]  83ec06          sub     sp, 6
    2998_alias_90000:7B07  [97B07]  c43e3207        les     di, ptr [0x732]
    2998_alias_90000:7B0B  [97B0B]  2680bd930000    cmp     byte ptr es:[di + 0x93], 0
    2998_alias_90000:7B11  [97B11]  7417            je      L_97B2A  ; 0xbda
    2998_alias_90000:7B13  [97B13]  ba4100          mov     dx, 0x41
    2998_alias_90000:7B16  [97B16]  52              push    dx
    2998_alias_90000:7B17  [97B17]  9a0e007094      lcall   set_ds_return_old  ; 0x9470, 0xe
    2998_alias_90000:7B1C  [97B1C]  9a4403a8e6      lcall   reinit_system_state  ; 0xe6a8, 0x344
    2998_alias_90000:7B21  [97B21]  bf808f          mov     di, 0x8f80
    2998_alias_90000:7B24  [97B24]  57              push    di
    2998_alias_90000:7B25  [97B25]  9a0e007094      lcall   set_ds_return_old  ; 0x9470, 0xe
L_97B2A:
    2998_alias_90000:7B2A  [97B2A]  bf2000          mov     di, 0x20
    2998_alias_90000:7B2D  [97B2D]  57              push    di
    2998_alias_90000:7B2E  [97B2E]  9a98021f94      lcall   get_comm_config_flag  ; 0x941f, 0x298
    2998_alias_90000:7B33  [97B33]  3d0000          cmp     ax, 0
    2998_alias_90000:7B36  [97B36]  740f            je      L_97B47  ; 0xbf7
    2998_alias_90000:7B38  [97B38]  2bff            sub     di, di
    2998_alias_90000:7B3A  [97B3A]  57              push    di
    2998_alias_90000:7B3B  [97B3B]  ba1d00          mov     dx, 0x1d
    2998_alias_90000:7B3E  [97B3E]  52              push    dx
    2998_alias_90000:7B3F  [97B3F]  9ab2021f94      lcall   set_comm_config_flag  ; 0x941f, 0x2b2
    2998_alias_90000:7B44  [97B44]  83c402          add     sp, 2
L_97B47:
    2998_alias_90000:7B47  [97B47]  9a28011185      lcall   reset_comm_parser_state  ; 0x8511, 0x128
    2998_alias_90000:7B4C  [97B4C]  9a17032896      lcall   init_comm_channel_state_a  ; 0x9628, 0x317
    2998_alias_90000:7B51  [97B51]  9ab4032896      lcall   init_comm_tx_queue_and_ready_flags  ; 0x9628, 0x3b4
    2998_alias_90000:7B56  [97B56]  9a16042896      lcall   reset_gpib_addr_scratch  ; 0x9628, 0x416
    2998_alias_90000:7B5B  [97B5B]  c6060c00ff      mov     byte ptr [0xc], 0xff
    2998_alias_90000:7B60  [97B60]  c6065404ff      mov     byte ptr [0x454], 0xff
    2998_alias_90000:7B65  [97B65]  bf4100          mov     di, 0x41
    2998_alias_90000:7B68  [97B68]  57              push    di
    2998_alias_90000:7B69  [97B69]  9a0e007094      lcall   set_ds_return_old  ; 0x9470, 0xe
    2998_alias_90000:7B6E  [97B6E]  c606b80700      mov     byte ptr [0x7b8], 0
    2998_alias_90000:7B73  [97B73]  bf808f          mov     di, 0x8f80
    2998_alias_90000:7B76  [97B76]  57              push    di
    2998_alias_90000:7B77  [97B77]  9a0e007094      lcall   set_ds_return_old  ; 0x9470, 0xe
    2998_alias_90000:7B7C  [97B7C]  803ea40516      cmp     byte ptr [0x5a4], 0x16
    2998_alias_90000:7B81  [97B81]  7508            jne     L_97B8B  ; 0xc3b
    2998_alias_90000:7B83  [97B83]  9ab2169f83      lcall   SUB_850A2  ; 0x839f, 0x16b2
    2998_alias_90000:7B88  [97B88]  e90500          jmp     L_97B90  ; 0xc40
L_97B8B:
    2998_alias_90000:7B8B  [97B8B]  c606a40500      mov     byte ptr [0x5a4], 0
L_97B90:
    2998_alias_90000:7B90  [97B90]  8be5            mov     sp, bp
    2998_alias_90000:7B92  [97B92]  5d              pop     bp
    2998_alias_90000:7B93  [97B93]  cb              retf    
set_comm_critical_flag:
    2998_alias_90000:7B94  [97B94]  55              push    bp
    2998_alias_90000:7B95  [97B95]  8bec            mov     bp, sp
    2998_alias_90000:7B97  [97B97]  83ec0a          sub     sp, 0xa
    2998_alias_90000:7B9A  [97B9A]  a0a305          mov     al, byte ptr [0x5a3]
    2998_alias_90000:7B9D  [97B9D]  2ae4            sub     ah, ah
    2998_alias_90000:7B9F  [97B9F]  8946f8          mov     word ptr [bp - 8], ax
    2998_alias_90000:7BA2  [97BA2]  837e0600        cmp     word ptr [bp + 6], 0
    2998_alias_90000:7BA6  [97BA6]  752e            jne     L_97BD6  ; 0xc86
    2998_alias_90000:7BA8  [97BA8]  3d0000          cmp     ax, 0
    2998_alias_90000:7BAB  [97BAB]  7429            je      L_97BD6  ; 0xc86
    2998_alias_90000:7BAD  [97BAD]  803ea10500      cmp     byte ptr [0x5a1], 0
    2998_alias_90000:7BB2  [97BB2]  7422            je      L_97BD6  ; 0xc86
    2998_alias_90000:7BB4  [97BB4]  c606a30500      mov     byte ptr [0x5a3], 0
    2998_alias_90000:7BB9  [97BB9]  bf4100          mov     di, 0x41
    2998_alias_90000:7BBC  [97BBC]  57              push    di
    2998_alias_90000:7BBD  [97BBD]  9a0e007094      lcall   set_ds_return_old  ; 0x9470, 0xe
    2998_alias_90000:7BC2  [97BC2]  8946f6          mov     word ptr [bp - 0xa], ax
    2998_alias_90000:7BC5  [97BC5]  bf0500          mov     di, 5
    2998_alias_90000:7BC8  [97BC8]  57              push    di
    2998_alias_90000:7BC9  [97BC9]  9a0e00a8e6      lcall   mark_task_ready  ; 0xe6a8, 0xe
    2998_alias_90000:7BCE  [97BCE]  ff76f6          push    word ptr [bp - 0xa]
    2998_alias_90000:7BD1  [97BD1]  9a0e007094      lcall   set_ds_return_old  ; 0x9470, 0xe
L_97BD6:
    2998_alias_90000:7BD6  [97BD6]  8a5606          mov     dl, byte ptr [bp + 6]
    2998_alias_90000:7BD9  [97BD9]  8816a305        mov     byte ptr [0x5a3], dl
    2998_alias_90000:7BDD  [97BDD]  8b46f8          mov     ax, word ptr [bp - 8]
    2998_alias_90000:7BE0  [97BE0]  8be5            mov     sp, bp
    2998_alias_90000:7BE2  [97BE2]  5d              pop     bp
    2998_alias_90000:7BE3  [97BE3]  ca0200          retf    2
engage_comm_hold:
    2998_alias_90000:7BE6  [97BE6]  55              push    bp
    2998_alias_90000:7BE7  [97BE7]  8bec            mov     bp, sp
    2998_alias_90000:7BE9  [97BE9]  83ec06          sub     sp, 6
    2998_alias_90000:7BEC  [97BEC]  803e5c0400      cmp     byte ptr [0x45c], 0
    2998_alias_90000:7BF1  [97BF1]  7528            jne     L_97C1B  ; 0xccb
    2998_alias_90000:7BF3  [97BF3]  80269c05fe      and     byte ptr [0x59c], 0xfe
    2998_alias_90000:7BF8  [97BF8]  a09c05          mov     al, byte ptr [0x59c]
    2998_alias_90000:7BFB  [97BFB]  c43ed606        les     di, ptr [0x6d6]
    2998_alias_90000:7BFF  [97BFF]  26884502        mov     byte ptr es:[di + 2], al
    2998_alias_90000:7C03  [97C03]  803e5b0400      cmp     byte ptr [0x45b], 0
    2998_alias_90000:7C08  [97C08]  7411            je      L_97C1B  ; 0xccb
    2998_alias_90000:7C0A  [97C0A]  800e600402      or      byte ptr [0x460], 2
    2998_alias_90000:7C0F  [97C0F]  803e5a0400      cmp     byte ptr [0x45a], 0
    2998_alias_90000:7C14  [97C14]  7405            je      L_97C1B  ; 0xccb
    2998_alias_90000:7C16  [97C16]  9ae104f596      lcall   service_comm_tx_queue  ; 0x96f5, 0x4e1
L_97C1B:
    2998_alias_90000:7C1B  [97C1B]  8a5606          mov     dl, byte ptr [bp + 6]
    2998_alias_90000:7C1E  [97C1E]  08165c04        or      byte ptr [0x45c], dl
    2998_alias_90000:7C22  [97C22]  8be5            mov     sp, bp
    2998_alias_90000:7C24  [97C24]  5d              pop     bp
    2998_alias_90000:7C25  [97C25]  ca0200          retf    2
release_comm_hold:
    2998_alias_90000:7C28  [97C28]  55              push    bp
    2998_alias_90000:7C29  [97C29]  8bec            mov     bp, sp
    2998_alias_90000:7C2B  [97C2B]  83ec06          sub     sp, 6
    2998_alias_90000:7C2E  [97C2E]  8b7e06          mov     di, word ptr [bp + 6]
    2998_alias_90000:7C31  [97C31]  f7d7            not     di
    2998_alias_90000:7C33  [97C33]  8bd7            mov     dx, di
    2998_alias_90000:7C35  [97C35]  20165c04        and     byte ptr [0x45c], dl
    2998_alias_90000:7C39  [97C39]  803e5c0400      cmp     byte ptr [0x45c], 0
    2998_alias_90000:7C3E  [97C3E]  7528            jne     L_97C68  ; 0xd18
    2998_alias_90000:7C40  [97C40]  800e9c0501      or      byte ptr [0x59c], 1
    2998_alias_90000:7C45  [97C45]  a09c05          mov     al, byte ptr [0x59c]
    2998_alias_90000:7C48  [97C48]  c43ed606        les     di, ptr [0x6d6]
    2998_alias_90000:7C4C  [97C4C]  26884502        mov     byte ptr es:[di + 2], al
    2998_alias_90000:7C50  [97C50]  803e5b0400      cmp     byte ptr [0x45b], 0
    2998_alias_90000:7C55  [97C55]  7411            je      L_97C68  ; 0xd18
    2998_alias_90000:7C57  [97C57]  800e600401      or      byte ptr [0x460], 1
    2998_alias_90000:7C5C  [97C5C]  803e5a0400      cmp     byte ptr [0x45a], 0
    2998_alias_90000:7C61  [97C61]  7405            je      L_97C68  ; 0xd18
    2998_alias_90000:7C63  [97C63]  9ae104f596      lcall   service_comm_tx_queue  ; 0x96f5, 0x4e1
L_97C68:
    2998_alias_90000:7C68  [97C68]  8be5            mov     sp, bp
    2998_alias_90000:7C6A  [97C6A]  5d              pop     bp
    2998_alias_90000:7C6B  [97C6B]  ca0200          retf    2

plot_point_with_flag_update:
    3633:004F  [E004F]  55              push    bp
    3633:0050  [E0050]  8bec            mov     bp, sp
    3633:0052  [E0052]  83ec08          sub     sp, 8
    3633:0055  [E0055]  bf808f          mov     di, 0x8f80
    3633:0058  [E0058]  57              push    di
    3633:0059  [E0059]  9a080007f0      lcall   scale_and_plot_point_default  ; 0xf007, 8
    3633:005E  [E005E]  8946f8          mov     word ptr [bp - 8], ax
    3633:0061  [E0061]  803e1a0600      cmp     byte ptr [0x61a], 0
    3633:0066  [E0066]  7407            je      L_E006F  ; 0x2f
    3633:0068  [E0068]  8a5606          mov     dl, byte ptr [bp + 6]
    3633:006B  [E006B]  08161b06        or      byte ptr [0x61b], dl
L_E006F:
    3633:006F  [E006F]  ff76f8          push    word ptr [bp - 8]
    3633:0072  [E0072]  9a080007f0      lcall   scale_and_plot_point_default  ; 0xf007, 8
    3633:0077  [E0077]  8be5            mov     sp, bp
    3633:0079  [E0079]  5d              pop     bp
    3633:007A  [E007A]  ca0200          retf    2

boot_init:
    3633:00B1  [E00B1]  fa              cli     
    3633:00B2  [E00B2]  b80040          mov     ax, 0x4000
    3633:00B5  [E00B5]  8ec0            mov     es, ax
    3633:00B7  [E00B7]  b8ce07          mov     ax, 0x7ce
    3633:00BA  [E00BA]  8bf0            mov     si, ax
    3633:00BC  [E00BC]  26c60400        mov     byte ptr es:[si], 0
    3633:00C0  [E00C0]  2bd2            sub     dx, dx
L_E00C2:
    3633:00C2  [E00C2]  b80040          mov     ax, 0x4000
    3633:00C5  [E00C5]  8ed0            mov     ss, ax
    3633:00C7  [E00C7]  b8fa3f          mov     ax, 0x3ffa
    3633:00CA  [E00CA]  8be0            mov     sp, ax
    3633:00CC  [E00CC]  58              pop     ax
    3633:00CD  [E00CD]  50              push    ax
    3633:00CE  [E00CE]  8bda            mov     bx, dx
    3633:00D0  [E00D0]  2aff            sub     bh, bh
    3633:00D2  [E00D2]  2e80bfaf01ff    cmp     byte ptr cs:[bx + 0x1af], 0xff
    3633:00D8  [E00D8]  7424            je      L_E00FE  ; 0x4e
    3633:00DA  [E00DA]  8bda            mov     bx, dx
    3633:00DC  [E00DC]  2aff            sub     bh, bh
    3633:00DE  [E00DE]  d1e3            shl     bx, 1
    3633:00E0  [E00E0]  d1e3            shl     bx, 1
    3633:00E2  [E00E2]  2ec4b75501      les     si, ptr cs:[bx + 0x155]
    3633:00E7  [E00E7]  2ec4bf7d01      les     di, ptr cs:[bx + 0x17d]
    3633:00EC  [E00EC]  47              inc     di
    3633:00ED  [E00ED]  8ada            mov     bl, dl
    3633:00EF  [E00EF]  2e8a87af01      mov     al, byte ptr cs:[bx + 0x1af]
    3633:00F4  [E00F4]  2ae4            sub     ah, ah
    3633:00F6  [E00F6]  3d0100          cmp     ax, 1
    3633:00F9  [E00F9]  7f19            jg      L_E0114  ; 0x64
    3633:00FB  [E00FB]  e98c00          jmp     L_E018A  ; 0xda
L_E00FE:
    3633:00FE  [E00FE]  8ade            mov     bl, dh
    3633:0100  [E0100]  2aff            sub     bh, bh
    3633:0102  [E0102]  b84100          mov     ax, 0x41
    3633:0105  [E0105]  8ec0            mov     es, ax
    3633:0107  [E0107]  b8e41a          mov     ax, 0x1ae4
    3633:010A  [E010A]  8bf0            mov     si, ax
    3633:010C  [E010C]  26891c          mov     word ptr es:[si], bx
    3633:010F  [E010F]  eab400d1e5      ljmp    ENTRY_E5D1_B4  ; 0xe5d1:0xb4
L_E0114:
    3633:0114  [E0114]  87f7            xchg    di, si
L_E0116:
    3633:0116  [E0116]  b8fd00          mov     ax, 0xfd
    3633:0119  [E0119]  59              pop     cx
    3633:011A  [E011A]  51              push    cx
L_E011B:
    3633:011B  [E011B]  aa              stosb   byte ptr es:[di], al
    3633:011C  [E011C]  3bf7            cmp     si, di
    3633:011E  [E011E]  7406            je      L_E0126  ; 0x76
    3633:0120  [E0120]  fec8            dec     al
    3633:0122  [E0122]  75f7            jne     L_E011B  ; 0x6b
    3633:0124  [E0124]  ebf0            jmp     L_E0116  ; 0x66
L_E0126:
    3633:0126  [E0126]  bb6d05          mov     bx, 0x56d
L_E0129:
    3633:0129  [E0129]  58              pop     ax
    3633:012A  [E012A]  50              push    ax
    3633:012B  [E012B]  4b              dec     bx
    3633:012C  [E012C]  75fb            jne     L_E0129  ; 0x79
    3633:012E  [E012E]  8bda            mov     bx, dx
    3633:0130  [E0130]  2aff            sub     bh, bh
    3633:0132  [E0132]  d1e3            shl     bx, 1
    3633:0134  [E0134]  d1e3            shl     bx, 1
    3633:0136  [E0136]  2ec4bf5501      les     di, ptr cs:[bx + 0x155]
    3633:013B  [E013B]  8bda            mov     bx, dx
    3633:013D  [E013D]  2aff            sub     bh, bh
    3633:013F  [E013F]  2e80bfaf0102    cmp     byte ptr cs:[bx + 0x1af], 2
    3633:0145  [E0145]  7506            jne     L_E014D  ; 0x9d
    3633:0147  [E0147]  bb0f0f          mov     bx, 0xf0f
    3633:014A  [E014A]  eb12            jmp     L_E015E  ; 0xae

L_E014D:
    3633:014D  [E014D]  2e80bfaf0103    cmp     byte ptr cs:[bx + 0x1af], 3
    3633:0153  [E0153]  7506            jne     L_E015B  ; 0xab
    3633:0155  [E0155]  bbf0f0          mov     bx, 0xf0f0
    3633:0158  [E0158]  eb04            jmp     L_E015E  ; 0xae

L_E015B:
    3633:015B  [E015B]  bbffff          mov     bx, 0xffff
L_E015E:
    3633:015E  [E015E]  b800fd          mov     ax, 0xfd00
L_E0161:
    3633:0161  [E0161]  59              pop     cx
    3633:0162  [E0162]  51              push    cx
    3633:0163  [E0163]  8aec            mov     ch, ah
    3633:0165  [E0165]  268a0d          mov     cl, byte ptr es:[di]
    3633:0168  [E0168]  23cb            and     cx, bx
    3633:016A  [E016A]  3ae9            cmp     ch, cl
    3633:016C  [E016C]  750b            jne     L_E0179  ; 0xc9
    3633:016E  [E016E]  aa              stosb   byte ptr es:[di], al
    3633:016F  [E016F]  3bf7            cmp     si, di
    3633:0171  [E0171]  7458            je      L_E01CB  ; 0x11b
    3633:0173  [E0173]  fecc            dec     ah
    3633:0175  [E0175]  75ea            jne     L_E0161  ; 0xb1
    3633:0177  [E0177]  ebe5            jmp     L_E015E  ; 0xae
L_E0179:
    3633:0179  [E0179]  58              pop     ax
    3633:017A  [E017A]  50              push    ax
    3633:017B  [E017B]  b000            mov     al, 0
L_E017D:
    3633:017D  [E017D]  aa              stosb   byte ptr es:[di], al
    3633:017E  [E017E]  3bf7            cmp     si, di
    3633:0180  [E0180]  7452            je      L_E01D4  ; 0x124
    3633:0182  [E0182]  fecb            dec     bl
    3633:0184  [E0184]  75f7            jne     L_E017D  ; 0xcd
    3633:0186  [E0186]  59              pop     cx
    3633:0187  [E0187]  51              push    cx
    3633:0188  [E0188]  ebf3            jmp     L_E017D  ; 0xcd
L_E018A:
    3633:018A  [E018A]  8ed8            mov     ds, ax
    3633:018C  [E018C]  3d0100          cmp     ax, 1
    3633:018F  [E018F]  7404            je      L_E0195  ; 0xe5
    3633:0191  [E0191]  2bc9            sub     cx, cx
    3633:0193  [E0193]  46              inc     si
    3633:0194  [E0194]  46              inc     si
L_E0195:
    3633:0195  [E0195]  58              pop     ax
    3633:0196  [E0196]  50              push    ax
    3633:0197  [E0197]  b380            mov     bl, 0x80
    3633:0199  [E0199]  2ae4            sub     ah, ah
L_E019B:
    3633:019B  [E019B]  26ac            lodsb   al, byte ptr es:[si]
    3633:019D  [E019D]  d1e1            shl     cx, 1
    3633:019F  [E019F]  13c8            adc     cx, ax
    3633:01A1  [E01A1]  3bf7            cmp     si, di
    3633:01A3  [E01A3]  7406            je      L_E01AB  ; 0xfb
    3633:01A5  [E01A5]  fecb            dec     bl
    3633:01A7  [E01A7]  75f2            jne     L_E019B  ; 0xeb
    3633:01A9  [E01A9]  ebea            jmp     L_E0195  ; 0xe5
L_E01AB:
    3633:01AB  [E01AB]  8cd8            mov     ax, ds
    3633:01AD  [E01AD]  3d0100          cmp     ax, 1
    3633:01B0  [E01B0]  751d            jne     L_E01CF  ; 0x11f
    3633:01B2  [E01B2]  8bda            mov     bx, dx
    3633:01B4  [E01B4]  2aff            sub     bh, bh
    3633:01B6  [E01B6]  4b              dec     bx
    3633:01B7  [E01B7]  d1e3            shl     bx, 1
    3633:01B9  [E01B9]  d1e3            shl     bx, 1
    3633:01BB  [E01BB]  2ec4b75501      les     si, ptr cs:[bx + 0x155]
    3633:01C0  [E01C0]  268a24          mov     ah, byte ptr es:[si]
    3633:01C3  [E01C3]  46              inc     si
    3633:01C4  [E01C4]  268a04          mov     al, byte ptr es:[si]
    3633:01C7  [E01C7]  3bc8            cmp     cx, ax
    3633:01C9  [E01C9]  7509            jne     L_E01D4  ; 0x124
L_E01CB:
    3633:01CB  [E01CB]  f9              stc     
    3633:01CC  [E01CC]  f5              cmc     
    3633:01CD  [E01CD]  d0de            rcr     dh, 1
L_E01CF:
    3633:01CF  [E01CF]  fec2            inc     dl
    3633:01D1  [E01D1]  e9eefe          jmp     L_E00C2  ; 0x12
L_E01D4:
    3633:01D4  [E01D4]  fec2            inc     dl
    3633:01D6  [E01D6]  8ac2            mov     al, dl
    3633:01D8  [E01D8]  d0e0            shl     al, 1
    3633:01DA  [E01DA]  d0e0            shl     al, 1
    3633:01DC  [E01DC]  d0e0            shl     al, 1
    3633:01DE  [E01DE]  d0e0            shl     al, 1
    3633:01E0  [E01E0]  0ad0            or      dl, al
    3633:01E2  [E01E2]  f9              stc     
    3633:01E3  [E01E3]  d0de            rcr     dh, 1
    3633:01E5  [E01E5]  b8ce07          mov     ax, 0x7ce
    3633:01E8  [E01E8]  8bf0            mov     si, ax
    3633:01EA  [E01EA]  b80040          mov     ax, 0x4000
    3633:01ED  [E01ED]  8ec0            mov     es, ax
    3633:01EF  [E01EF]  8bd8            mov     bx, ax
L_E01F1:
    3633:01F1  [E01F1]  58              pop     ax
    3633:01F2  [E01F2]  50              push    ax
    3633:01F3  [E01F3]  268814          mov     byte ptr es:[si], dl
    3633:01F6  [E01F6]  268a07          mov     al, byte ptr es:[bx]
    3633:01F9  [E01F9]  43              inc     bx
    3633:01FA  [E01FA]  83fb00          cmp     bx, 0
    3633:01FD  [E01FD]  75f2            jne     L_E01F1  ; 0x141
    3633:01FF  [E01FF]  80e20f          and     dl, 0xf
    3633:0202  [E0202]  e9bdfe          jmp     L_E00C2  ; 0x12

SUB_E060A:
    3633:060A  [E060A]  55              push    bp
    3633:060B  [E060B]  8bec            mov     bp, sp
    3633:060D  [E060D]  83ec0a          sub     sp, 0xa
    3633:0610  [E0610]  c646f600        mov     byte ptr [bp - 0xa], 0
    3633:0614  [E0614]  803e5f1b01      cmp     byte ptr [0x1b5f], 1
    3633:0619  [E0619]  7545            jne     L_E0660  ; 0x60
    3633:061B  [E061B]  c43e2203        les     di, ptr [0x322]
    3633:061F  [E061F]  268b15          mov     dx, word ptr es:[di]
    3633:0622  [E0622]  8956f8          mov     word ptr [bp - 8], dx
    3633:0625  [E0625]  a05802          mov     al, byte ptr [0x258]
    3633:0628  [E0628]  2ae4            sub     ah, ah
    3633:062A  [E062A]  258000          and     ax, 0x80
    3633:062D  [E062D]  3d0000          cmp     ax, 0
    3633:0630  [E0630]  7475            je      L_E06A7  ; 0xa7
    3633:0632  [E0632]  81e20080        and     dx, 0x8000
    3633:0636  [E0636]  83fa00          cmp     dx, 0
    3633:0639  [E0639]  756c            jne     L_E06A7  ; 0xa7
    3633:063B  [E063B]  8b56f8          mov     dx, word ptr [bp - 8]
    3633:063E  [E063E]  89161e1b        mov     word ptr [0x1b1e], dx
    3633:0642  [E0642]  802657021f      and     byte ptr [0x257], 0x1f
    3633:0647  [E0647]  a05702          mov     al, byte ptr [0x257]
    3633:064A  [E064A]  a25802          mov     byte ptr [0x258], al
    3633:064D  [E064D]  c41e3603        les     bx, ptr [0x336]
    3633:0651  [E0651]  268807          mov     byte ptr es:[bx], al
    3633:0654  [E0654]  c646f620        mov     byte ptr [bp - 0xa], 0x20
    3633:0658  [E0658]  c6065f1b00      mov     byte ptr [0x1b5f], 0
    3633:065D  [E065D]  e94700          jmp     L_E06A7  ; 0xa7
L_E0660:
    3633:0660  [E0660]  803e5f1b02      cmp     byte ptr [0x1b5f], 2
    3633:0665  [E0665]  7548            jne     L_E06AF  ; 0xaf
    3633:0667  [E0667]  c43e201d        les     di, ptr [0x1d20]
    3633:066B  [E066B]  268a5505        mov     dl, byte ptr es:[di + 5]
    3633:066F  [E066F]  8856f7          mov     byte ptr [bp - 9], dl
    3633:0672  [E0672]  a11c1b          mov     ax, word ptr [0x1b1c]
    3633:0675  [E0675]  250100          and     ax, 1
    3633:0678  [E0678]  3d0000          cmp     ax, 0
    3633:067B  [E067B]  7532            jne     L_E06AF  ; 0xaf
    3633:067D  [E067D]  2af6            sub     dh, dh
    3633:067F  [E067F]  81e20400        and     dx, 4
    3633:0683  [E0683]  83fa00          cmp     dx, 0
    3633:0686  [E0686]  7427            je      L_E06AF  ; 0xaf
    3633:0688  [E0688]  8a56f7          mov     dl, byte ptr [bp - 9]
    3633:068B  [E068B]  2af6            sub     dh, dh
    3633:068D  [E068D]  89161e1b        mov     word ptr [0x1b1e], dx
    3633:0691  [E0691]  810e1c1b0100    or      word ptr [0x1b1c], 1
    3633:0697  [E0697]  c41e201d        les     bx, ptr [0x1d20]
    3633:069B  [E069B]  a01c1b          mov     al, byte ptr [0x1b1c]
    3633:069E  [E069E]  268807          mov     byte ptr es:[bx], al
    3633:06A1  [E06A1]  c646f620        mov     byte ptr [bp - 0xa], 0x20
    3633:06A5  [E06A5]  eb03            jmp     L_E06AA  ; 0xaa
L_E06A7:
    3633:06A7  [E06A7]  e90500          jmp     L_E06AF  ; 0xaf
L_E06AA:
    3633:06AA  [E06AA]  c6065f1b00      mov     byte ptr [0x1b5f], 0
L_E06AF:
    3633:06AF  [E06AF]  8a46f6          mov     al, byte ptr [bp - 0xa]
    3633:06B2  [E06B2]  8be5            mov     sp, bp
    3633:06B4  [E06B4]  5d              pop     bp
    3633:06B5  [E06B5]  cb              retf    
update_menu_position:
    3633:06B6  [E06B6]  55              push    bp
    3633:06B7  [E06B7]  8bec            mov     bp, sp
    3633:06B9  [E06B9]  83ec06          sub     sp, 6
    3633:06BC  [E06BC]  e95a00          jmp     L_E0719  ; 0x69
L_E06BF:
    3633:06BF  [E06BF]  8b7e06          mov     di, word ptr [bp + 6]
    3633:06C2  [E06C2]  4f              dec     di
    3633:06C3  [E06C3]  8bd7            mov     dx, di
    3633:06C5  [E06C5]  8816501b        mov     byte ptr [0x1b50], dl
    3633:06C9  [E06C9]  c606511b01      mov     byte ptr [0x1b51], 1
L_E06CE:
    3633:06CE  [E06CE]  b8feff          mov     ax, 0xfffe
    3633:06D1  [E06D1]  e99600          jmp     L_E076A  ; 0xba
L_E06D4:
    3633:06D4  [E06D4]  8b7e0a          mov     di, word ptr [bp + 0xa]
    3633:06D7  [E06D7]  81e7f000        and     di, 0xf0
    3633:06DB  [E06DB]  83ff00          cmp     di, 0
    3633:06DE  [E06DE]  7407            je      L_E06E7  ; 0x37
    3633:06E0  [E06E0]  fe06501b        inc     byte ptr [0x1b50]
    3633:06E4  [E06E4]  e95200          jmp     L_E0739  ; 0x89
L_E06E7:
    3633:06E7  [E06E7]  803e511b00      cmp     byte ptr [0x1b51], 0
    3633:06EC  [E06EC]  7407            je      L_E06F5  ; 0x45
    3633:06EE  [E06EE]  fe06501b        inc     byte ptr [0x1b50]
    3633:06F2  [E06F2]  e90600          jmp     L_E06FB  ; 0x4b
L_E06F5:
    3633:06F5  [E06F5]  c706181b0100    mov     word ptr [0x1b18], 1
L_E06FB:
    3633:06FB  [E06FB]  a0e704          mov     al, byte ptr [0x4e7]
    3633:06FE  [E06FE]  2480            and     al, 0x80
    3633:0700  [E0700]  3c00            cmp     al, 0
    3633:0702  [E0702]  7412            je      L_E0716  ; 0x66
    3633:0704  [E0704]  a0e804          mov     al, byte ptr [0x4e8]
    3633:0707  [E0707]  2480            and     al, 0x80
    3633:0709  [E0709]  3c00            cmp     al, 0
    3633:070B  [E070B]  7409            je      L_E0716  ; 0x66
    3633:070D  [E070D]  c606511b00      mov     byte ptr [0x1b51], 0
    3633:0712  [E0712]  fe06501b        inc     byte ptr [0x1b50]
L_E0716:
    3633:0716  [E0716]  e92000          jmp     L_E0739  ; 0x89
L_E0719:
    3633:0719  [E0719]  8b7e0a          mov     di, word ptr [bp + 0xa]
    3633:071C  [E071C]  81e70f00        and     di, 0xf
    3633:0720  [E0720]  8bc7            mov     ax, di
    3633:0722  [E0722]  3d0100          cmp     ax, 1
    3633:0725  [E0725]  7498            je      L_E06BF  ; 0xf
    3633:0727  [E0727]  3d0200          cmp     ax, 2
    3633:072A  [E072A]  74a2            je      L_E06CE  ; 0x1e
    3633:072C  [E072C]  3d0300          cmp     ax, 3
    3633:072F  [E072F]  74a3            je      L_E06D4  ; 0x24
    3633:0731  [E0731]  3d0400          cmp     ax, 4
    3633:0734  [E0734]  749e            je      L_E06D4  ; 0x24
    3633:0736  [E0736]  e9ddff          jmp     L_E0716  ; 0x66
L_E0739:
    3633:0739  [E0739]  8b7e08          mov     di, word ptr [bp + 8]
    3633:073C  [E073C]  a0501b          mov     al, byte ptr [0x1b50]
    3633:073F  [E073F]  2ae4            sub     ah, ah
    3633:0741  [E0741]  3bc7            cmp     ax, di
    3633:0743  [E0743]  7e0d            jle     L_E0752  ; 0xa2
    3633:0745  [E0745]  8a5606          mov     dl, byte ptr [bp + 6]
    3633:0748  [E0748]  8816501b        mov     byte ptr [0x1b50], dl
    3633:074C  [E074C]  c706181b0100    mov     word ptr [0x1b18], 1
L_E0752:
    3633:0752  [E0752]  8b7e06          mov     di, word ptr [bp + 6]
    3633:0755  [E0755]  a0501b          mov     al, byte ptr [0x1b50]
    3633:0758  [E0758]  2ae4            sub     ah, ah
    3633:075A  [E075A]  3bc7            cmp     ax, di
    3633:075C  [E075C]  7d07            jge     L_E0765  ; 0xb5
    3633:075E  [E075E]  8a5608          mov     dl, byte ptr [bp + 8]
    3633:0761  [E0761]  8816501b        mov     byte ptr [0x1b50], dl
L_E0765:
    3633:0765  [E0765]  a0501b          mov     al, byte ptr [0x1b50]
    3633:0768  [E0768]  2ae4            sub     ah, ah
L_E076A:
    3633:076A  [E076A]  8be5            mov     sp, bp
    3633:076C  [E076C]  5d              pop     bp
    3633:076D  [E076D]  ca0200          retf    2

print_selftest_report_line:
    3633:07B4  [E07B4]  55              push    bp
    3633:07B5  [E07B5]  8bec            mov     bp, sp
    3633:07B7  [E07B7]  83ec0c          sub     sp, 0xc
    3633:07BA  [E07BA]  803e7a1b01      cmp     byte ptr [0x1b7a], 1
    3633:07BF  [E07BF]  7526            jne     L_E07E7  ; 0x137
    3633:07C1  [E07C1]  c43edc1d        les     di, ptr [0x1ddc]
    3633:07C5  [E07C5]  8d95ac02        lea     dx, [di + 0x2ac]
    3633:07C9  [E07C9]  8916521b        mov     word ptr [0x1b52], dx
    3633:07CD  [E07CD]  8c06541b        mov     word ptr [0x1b54], es
    3633:07D1  [E07D1]  c41e801c        les     bx, ptr [0x1c80]
    3633:07D5  [E07D5]  8d870008        lea     ax, [bx + 0x800]
    3633:07D9  [E07D9]  8946f6          mov     word ptr [bp - 0xa], ax
    3633:07DC  [E07DC]  8c46f8          mov     word ptr [bp - 8], es
    3633:07DF  [E07DF]  c746f47f00      mov     word ptr [bp - 0xc], 0x7f
    3633:07E4  [E07E4]  e95700          jmp     L_E083E  ; 0x18e
L_E07E7:
    3633:07E7  [E07E7]  c746f60000      mov     word ptr [bp - 0xa], 0
    3633:07EC  [E07EC]  c746f80000      mov     word ptr [bp - 8], 0
    3633:07F1  [E07F1]  833e101b00      cmp     word ptr [0x1b10], 0
    3633:07F6  [E07F6]  751d            jne     L_E0815  ; 0x165
    3633:07F8  [E07F8]  9a5f06b1e3      lcall   print_selftest_banner  ; 0xe3b1, 0x65f
    3633:07FD  [E07FD]  9a9b026be0      lcall   init_selftest_report_record  ; 0xe06b, 0x29b
    3633:0802  [E0802]  c43edc1d        les     di, ptr [0x1ddc]
    3633:0806  [E0806]  8d951c02        lea     dx, [di + 0x21c]
    3633:080A  [E080A]  8916521b        mov     word ptr [0x1b52], dx
    3633:080E  [E080E]  8c06541b        mov     word ptr [0x1b54], es
    3633:0812  [E0812]  e90700          jmp     L_E081C  ; 0x16c
L_E0815:
    3633:0815  [E0815]  833e101b0f      cmp     word ptr [0x1b10], 0xf
    3633:081A  [E081A]  7f78            jg      L_E0894  ; 0x1e4
L_E081C:
    3633:081C  [E081C]  a1101b          mov     ax, word ptr [0x1b10]
    3633:081F  [E081F]  ba3200          mov     dx, 0x32
    3633:0822  [E0822]  f7ea            imul    dx
    3633:0824  [E0824]  bf3903          mov     di, 0x339
    3633:0827  [E0827]  2bf8            sub     di, ax
    3633:0829  [E0829]  897ef4          mov     word ptr [bp - 0xc], di
    3633:082C  [E082C]  833e181b01      cmp     word ptr [0x1b18], 1
    3633:0831  [E0831]  7407            je      L_E083A  ; 0x18a
    3633:0833  [E0833]  803e481b03      cmp     byte ptr [0x1b48], 3
    3633:0838  [E0838]  7504            jne     L_E083E  ; 0x18e
L_E083A:
    3633:083A  [E083A]  ff06101b        inc     word ptr [0x1b10]
L_E083E:
    3633:083E  [E083E]  833e181b01      cmp     word ptr [0x1b18], 1
    3633:0843  [E0843]  750d            jne     L_E0852  ; 0x1a2
    3633:0845  [E0845]  bf7bff          mov     di, 0xff7b
    3633:0848  [E0848]  57              push    di
    3633:0849  [E0849]  baca07          mov     dx, 0x7ca
    3633:084C  [E084C]  52              push    dx
    3633:084D  [E084D]  9a45046be0      lcall   print_string_far  ; 0xe06b, 0x445
L_E0852:
    3633:0852  [E0852]  833e181b01      cmp     word ptr [0x1b18], 1
    3633:0857  [E0857]  7407            je      L_E0860  ; 0x1b0
    3633:0859  [E0859]  803e481b03      cmp     byte ptr [0x1b48], 3
    3633:085E  [E085E]  7578            jne     L_E08D8  ; 0x228
L_E0860:
    3633:0860  [E0860]  803e831b14      cmp     byte ptr [0x1b83], 0x14
    3633:0865  [E0865]  7471            je      L_E08D8  ; 0x228
    3633:0867  [E0867]  c706181b0000    mov     word ptr [0x1b18], 0
    3633:086D  [E086D]  c47ef6          les     di, ptr [bp - 0xa]
    3633:0870  [E0870]  06              push    es
    3633:0871  [E0871]  57              push    di
    3633:0872  [E0872]  ba1000          mov     dx, 0x10
    3633:0875  [E0875]  52              push    dx
    3633:0876  [E0876]  ff76f4          push    word ptr [bp - 0xc]
    3633:0879  [E0879]  ba1000          mov     dx, 0x10
    3633:087C  [E087C]  52              push    dx
    3633:087D  [E087D]  2bdb            sub     bx, bx
    3633:087F  [E087F]  53              push    bx
    3633:0880  [E0880]  c416521b        les     dx, ptr [0x1b52]
    3633:0884  [E0884]  06              push    es
    3633:0885  [E0885]  52              push    dx
    3633:0886  [E0886]  9aa20052e3      lcall   build_print_region  ; 0xe352, 0xa2
    3633:088B  [E088B]  83c40c          add     sp, 0xc
    3633:088E  [E088E]  2bff            sub     di, di
    3633:0890  [E0890]  57              push    di
    3633:0891  [E0891]  57              push    di
    3633:0892  [E0892]  eb03            jmp     L_E0897  ; 0x1e7
L_E0894:
    3633:0894  [E0894]  e9ae00          jmp     L_E0945  ; 0x295
L_E0897:
    3633:0897  [E0897]  57              push    di
    3633:0898  [E0898]  9a100452e3      lcall   plot_readout_point  ; 0xe352, 0x410
    3633:089D  [E089D]  83c404          add     sp, 4
    3633:08A0  [E08A0]  bf2000          mov     di, 0x20
    3633:08A3  [E08A3]  57              push    di
    3633:08A4  [E08A4]  9a340352e3      lcall   draw_readout_char  ; 0xe352, 0x334
    3633:08A9  [E08A9]  c47e06          les     di, ptr [bp + 6]
    3633:08AC  [E08AC]  06              push    es
    3633:08AD  [E08AD]  57              push    di
    3633:08AE  [E08AE]  9a010352e3      lcall   print_readout_string  ; 0xe352, 0x301
    3633:08B3  [E08B3]  c47e06          les     di, ptr [bp + 6]
    3633:08B6  [E08B6]  26803d00        cmp     byte ptr es:[di], 0
    3633:08BA  [E08BA]  740d            je      L_E08C9  ; 0x219
    3633:08BC  [E08BC]  ba7bff          mov     dx, 0xff7b
    3633:08BF  [E08BF]  52              push    dx
    3633:08C0  [E08C0]  bbcd07          mov     bx, 0x7cd
    3633:08C3  [E08C3]  53              push    bx
    3633:08C4  [E08C4]  9a010352e3      lcall   print_readout_string  ; 0xe352, 0x301
L_E08C9:
    3633:08C9  [E08C9]  c47e0a          les     di, ptr [bp + 0xa]
    3633:08CC  [E08CC]  06              push    es
    3633:08CD  [E08CD]  57              push    di
    3633:08CE  [E08CE]  9a010352e3      lcall   print_readout_string  ; 0xe352, 0x301
    3633:08D3  [E08D3]  c47e0e          les     di, ptr [bp + 0xe]
    3633:08D6  [E08D6]  eb03            jmp     L_E08DB  ; 0x22b
L_E08D8:
    3633:08D8  [E08D8]  e91700          jmp     L_E08F2  ; 0x242
L_E08DB:
    3633:08DB  [E08DB]  06              push    es
    3633:08DC  [E08DC]  57              push    di
    3633:08DD  [E08DD]  9a010352e3      lcall   print_readout_string  ; 0xe352, 0x301
    3633:08E2  [E08E2]  c43e521b        les     di, ptr [0x1b52]
    3633:08E6  [E08E6]  8306521b09      add     word ptr [0x1b52], 9
    3633:08EB  [E08EB]  06              push    es
    3633:08EC  [E08EC]  57              push    di
    3633:08ED  [E08ED]  9a2e0252e3      lcall   close_print_record  ; 0xe352, 0x22e
L_E08F2:
    3633:08F2  [E08F2]  803e7a1b01      cmp     byte ptr [0x1b7a], 1
    3633:08F7  [E08F7]  740b            je      L_E0904  ; 0x254
    3633:08F9  [E08F9]  8a5612          mov     dl, byte ptr [bp + 0x12]
    3633:08FC  [E08FC]  2af6            sub     dh, dh
    3633:08FE  [E08FE]  52              push    dx
    3633:08FF  [E08FF]  9acb026be0      lcall   append_selftest_report_char  ; 0xe06b, 0x2cb
L_E0904:
    3633:0904  [E0904]  c47e06          les     di, ptr [bp + 6]
    3633:0907  [E0907]  06              push    es
    3633:0908  [E0908]  57              push    di
    3633:0909  [E0909]  9a45046be0      lcall   print_string_far  ; 0xe06b, 0x445
    3633:090E  [E090E]  c47e06          les     di, ptr [bp + 6]
    3633:0911  [E0911]  26803d00        cmp     byte ptr es:[di], 0
    3633:0915  [E0915]  740d            je      L_E0924  ; 0x274
    3633:0917  [E0917]  ba7bff          mov     dx, 0xff7b
    3633:091A  [E091A]  52              push    dx
    3633:091B  [E091B]  bbd107          mov     bx, 0x7d1
    3633:091E  [E091E]  53              push    bx
    3633:091F  [E091F]  9a45046be0      lcall   print_string_far  ; 0xe06b, 0x445
L_E0924:
    3633:0924  [E0924]  c47e0a          les     di, ptr [bp + 0xa]
    3633:0927  [E0927]  06              push    es
    3633:0928  [E0928]  57              push    di
    3633:0929  [E0929]  9a45046be0      lcall   print_string_far  ; 0xe06b, 0x445
    3633:092E  [E092E]  c47e0e          les     di, ptr [bp + 0xe]
    3633:0931  [E0931]  06              push    es
    3633:0932  [E0932]  57              push    di
    3633:0933  [E0933]  9a45046be0      lcall   print_string_far  ; 0xe06b, 0x445
    3633:0938  [E0938]  bf7bff          mov     di, 0xff7b
    3633:093B  [E093B]  57              push    di
    3633:093C  [E093C]  bad507          mov     dx, 0x7d5
    3633:093F  [E093F]  52              push    dx
    3633:0940  [E0940]  9a45046be0      lcall   print_string_far  ; 0xe06b, 0x445
L_E0945:
    3633:0945  [E0945]  8be5            mov     sp, bp
    3633:0947  [E0947]  5d              pop     bp
    3633:0948  [E0948]  ca0400          retf    4
init_selftest_report_record:
    3633:094B  [E094B]  55              push    bp
    3633:094C  [E094C]  8bec            mov     bp, sp
    3633:094E  [E094E]  83ec06          sub     sp, 6
    3633:0951  [E0951]  c43e801c        les     di, ptr [0x1c80]
    3633:0955  [E0955]  893e561b        mov     word ptr [0x1b56], di
    3633:0959  [E0959]  8c06581b        mov     word ptr [0x1b58], es
    3633:095D  [E095D]  c41e561b        les     bx, ptr [0x1b56]
    3633:0961  [E0961]  26c60703        mov     byte ptr es:[bx], 3
    3633:0965  [E0965]  c43e561b        les     di, ptr [0x1b56]
    3633:0969  [E0969]  26c6450102      mov     byte ptr es:[di + 1], 2
    3633:096E  [E096E]  c43e561b        les     di, ptr [0x1b56]
    3633:0972  [E0972]  26c6450200      mov     byte ptr es:[di + 2], 0
    3633:0977  [E0977]  8be5            mov     sp, bp
    3633:0979  [E0979]  5d              pop     bp
    3633:097A  [E097A]  cb              retf    
append_selftest_report_char:
    3633:097B  [E097B]  55              push    bp
    3633:097C  [E097C]  8bec            mov     bp, sp
    3633:097E  [E097E]  83ec06          sub     sp, 6
    3633:0981  [E0981]  51              push    cx
    3633:0982  [E0982]  c43e561b        les     di, ptr [0x1b56]
    3633:0986  [E0986]  26803d03        cmp     byte ptr es:[di], 3
    3633:098A  [E098A]  7657            jbe     L_E09E3  ; 0x333
    3633:098C  [E098C]  8a5606          mov     dl, byte ptr [bp + 6]
    3633:098F  [E098F]  2af6            sub     dh, dh
    3633:0991  [E0991]  81e2f000        and     dx, 0xf0
    3633:0995  [E0995]  83fa00          cmp     dx, 0
    3633:0998  [E0998]  7449            je      L_E09E3  ; 0x333
    3633:099A  [E099A]  c416561b        les     dx, ptr [0x1b56]
    3633:099E  [E099E]  8cc0            mov     ax, es
    3633:09A0  [E09A0]  c41e561b        les     bx, ptr [0x1b56]
    3633:09A4  [E09A4]  268a0f          mov     cl, byte ptr es:[bx]
    3633:09A7  [E09A7]  2aed            sub     ch, ch
    3633:09A9  [E09A9]  8ec0            mov     es, ax
    3633:09AB  [E09AB]  8bfa            mov     di, dx
    3633:09AD  [E09AD]  8bd9            mov     bx, cx
    3633:09AF  [E09AF]  268a51ff        mov     dl, byte ptr es:[bx + di - 1]
    3633:09B3  [E09B3]  2af6            sub     dh, dh
    3633:09B5  [E09B5]  81e2f000        and     dx, 0xf0
    3633:09B9  [E09B9]  8a4e06          mov     cl, byte ptr [bp + 6]
    3633:09BC  [E09BC]  2aed            sub     ch, ch
    3633:09BE  [E09BE]  81e1f000        and     cx, 0xf0
    3633:09C2  [E09C2]  3bd1            cmp     dx, cx
    3633:09C4  [E09C4]  751d            jne     L_E09E3  ; 0x333
    3633:09C6  [E09C6]  8a5606          mov     dl, byte ptr [bp + 6]
    3633:09C9  [E09C9]  c40e561b        les     cx, ptr [0x1b56]
    3633:09CD  [E09CD]  8cc0            mov     ax, es
    3633:09CF  [E09CF]  c43e561b        les     di, ptr [0x1b56]
    3633:09D3  [E09D3]  268a1d          mov     bl, byte ptr es:[di]
    3633:09D6  [E09D6]  2aff            sub     bh, bh
    3633:09D8  [E09D8]  8ec0            mov     es, ax
    3633:09DA  [E09DA]  8bf9            mov     di, cx
    3633:09DC  [E09DC]  260851ff        or      byte ptr es:[bx + di - 1], dl
    3633:09E0  [E09E0]  e93900          jmp     L_E0A1C  ; 0x36c
L_E09E3:
    3633:09E3  [E09E3]  8a5606          mov     dl, byte ptr [bp + 6]
    3633:09E6  [E09E6]  c43e561b        les     di, ptr [0x1b56]
    3633:09EA  [E09EA]  8cc1            mov     cx, es
    3633:09EC  [E09EC]  c41e561b        les     bx, ptr [0x1b56]
    3633:09F0  [E09F0]  268a07          mov     al, byte ptr es:[bx]
    3633:09F3  [E09F3]  2ae4            sub     ah, ah
    3633:09F5  [E09F5]  8ec1            mov     es, cx
    3633:09F7  [E09F7]  8bd8            mov     bx, ax
    3633:09F9  [E09F9]  268811          mov     byte ptr es:[bx + di], dl
    3633:09FC  [E09FC]  c43e561b        les     di, ptr [0x1b56]
    3633:0A00  [E0A00]  26fe05          inc     byte ptr es:[di]
    3633:0A03  [E0A03]  c416561b        les     dx, ptr [0x1b56]
    3633:0A07  [E0A07]  8cc1            mov     cx, es
    3633:0A09  [E0A09]  c43e561b        les     di, ptr [0x1b56]
    3633:0A0D  [E0A0D]  268a05          mov     al, byte ptr es:[di]
    3633:0A10  [E0A10]  2ae4            sub     ah, ah
    3633:0A12  [E0A12]  8ec1            mov     es, cx
    3633:0A14  [E0A14]  8bfa            mov     di, dx
    3633:0A16  [E0A16]  8bd8            mov     bx, ax
    3633:0A18  [E0A18]  26c60100        mov     byte ptr es:[bx + di], 0
L_E0A1C:
    3633:0A1C  [E0A1C]  59              pop     cx
    3633:0A1D  [E0A1D]  8be5            mov     sp, bp
    3633:0A1F  [E0A1F]  5d              pop     bp
    3633:0A20  [E0A20]  ca0200          retf    2
scroll_selftest_report_display:
    3633:0A23  [E0A23]  55              push    bp
    3633:0A24  [E0A24]  8bec            mov     bp, sp
    3633:0A26  [E0A26]  83ec06          sub     sp, 6
    3633:0A29  [E0A29]  c43e561b        les     di, ptr [0x1b56]
    3633:0A2D  [E0A2D]  268a5502        mov     dl, byte ptr es:[di + 2]
    3633:0A31  [E0A31]  26804502ff      add     byte ptr es:[di + 2], 0xff
    3633:0A36  [E0A36]  80fa00          cmp     dl, 0
    3633:0A39  [E0A39]  776b            ja      L_E0AA6  ; 0x3f6
    3633:0A3B  [E0A3B]  c41e561b        les     bx, ptr [0x1b56]
    3633:0A3F  [E0A3F]  26c6470232      mov     byte ptr es:[bx + 2], 0x32
    3633:0A44  [E0A44]  c43e561b        les     di, ptr [0x1b56]
    3633:0A48  [E0A48]  26807d0102      cmp     byte ptr es:[di + 1], 2
    3633:0A4D  [E0A4D]  7514            jne     L_E0A63  ; 0x3b3
    3633:0A4F  [E0A4F]  c43e561b        les     di, ptr [0x1b56]
    3633:0A53  [E0A53]  26fe4501        inc     byte ptr es:[di + 1]
    3633:0A57  [E0A57]  baff00          mov     dx, 0xff
    3633:0A5A  [E0A5A]  52              push    dx
    3633:0A5B  [E0A5B]  9afa036be0      lcall   write_measurement_channel_reg  ; 0xe06b, 0x3fa
    3633:0A60  [E0A60]  e94300          jmp     L_E0AA6  ; 0x3f6
L_E0A63:
    3633:0A63  [E0A63]  c43e561b        les     di, ptr [0x1b56]
    3633:0A67  [E0A67]  8cc2            mov     dx, es
    3633:0A69  [E0A69]  c41e561b        les     bx, ptr [0x1b56]
    3633:0A6D  [E0A6D]  268a4701        mov     al, byte ptr es:[bx + 1]
    3633:0A71  [E0A71]  2ae4            sub     ah, ah
    3633:0A73  [E0A73]  8ec2            mov     es, dx
    3633:0A75  [E0A75]  8bd8            mov     bx, ax
    3633:0A77  [E0A77]  268a11          mov     dl, byte ptr es:[bx + di]
    3633:0A7A  [E0A7A]  2af6            sub     dh, dh
    3633:0A7C  [E0A7C]  52              push    dx
    3633:0A7D  [E0A7D]  9afa036be0      lcall   write_measurement_channel_reg  ; 0xe06b, 0x3fa
    3633:0A82  [E0A82]  c43e561b        les     di, ptr [0x1b56]
    3633:0A86  [E0A86]  8cc2            mov     dx, es
    3633:0A88  [E0A88]  c41e561b        les     bx, ptr [0x1b56]
    3633:0A8C  [E0A8C]  268a07          mov     al, byte ptr es:[bx]
    3633:0A8F  [E0A8F]  8ec2            mov     es, dx
    3633:0A91  [E0A91]  268a5501        mov     dl, byte ptr es:[di + 1]
    3633:0A95  [E0A95]  26fe4501        inc     byte ptr es:[di + 1]
    3633:0A99  [E0A99]  3ad0            cmp     dl, al
    3633:0A9B  [E0A9B]  7609            jbe     L_E0AA6  ; 0x3f6
    3633:0A9D  [E0A9D]  c41e561b        les     bx, ptr [0x1b56]
    3633:0AA1  [E0AA1]  26c6470102      mov     byte ptr es:[bx + 1], 2
L_E0AA6:
    3633:0AA6  [E0AA6]  8be5            mov     sp, bp
    3633:0AA8  [E0AA8]  5d              pop     bp
    3633:0AA9  [E0AA9]  cb              retf    
write_measurement_channel_reg:
    3633:0AAA  [E0AAA]  55              push    bp
    3633:0AAB  [E0AAB]  8bec            mov     bp, sp
    3633:0AAD  [E0AAD]  83ec06          sub     sp, 6
    3633:0AB0  [E0AB0]  8a5606          mov     dl, byte ptr [bp + 6]
    3633:0AB3  [E0AB3]  c43e3a03        les     di, ptr [0x33a]
    3633:0AB7  [E0AB7]  268815          mov     byte ptr es:[di], dl
    3633:0ABA  [E0ABA]  8be5            mov     sp, bp
    3633:0ABC  [E0ABC]  5d              pop     bp
    3633:0ABD  [E0ABD]  ca0200          retf    2

wait_readout_tick:
    3633:0ADD  [E0ADD]  55              push    bp
    3633:0ADE  [E0ADE]  8bec            mov     bp, sp
    3633:0AE0  [E0AE0]  83ec08          sub     sp, 8
    3633:0AE3  [E0AE3]  a15207          mov     ax, word ptr [0x752]
    3633:0AE6  [E0AE6]  8946f8          mov     word ptr [bp - 8], ax
L_E0AE9:
    3633:0AE9  [E0AE9]  a15207          mov     ax, word ptr [0x752]
    3633:0AEC  [E0AEC]  3946f8          cmp     word ptr [bp - 8], ax
    3633:0AEF  [E0AEF]  74f8            je      L_E0AE9  ; 0x439
    3633:0AF1  [E0AF1]  8be5            mov     sp, bp
    3633:0AF3  [E0AF3]  5d              pop     bp
    3633:0AF4  [E0AF4]  cb              retf    
print_string_far:
    3633:0AF5  [E0AF5]  55              push    bp
    3633:0AF6  [E0AF6]  8bec            mov     bp, sp
    3633:0AF8  [E0AF8]  83ec06          sub     sp, 6
    3633:0AFB  [E0AFB]  803e481b00      cmp     byte ptr [0x1b48], 0
    3633:0B00  [E0B00]  7422            je      L_E0B24  ; 0x474
    3633:0B02  [E0B02]  e91600          jmp     L_E0B1B  ; 0x46b
L_E0B05:
    3633:0B05  [E0B05]  9a2d046be0      lcall   wait_readout_tick  ; 0xe06b, 0x42d
    3633:0B0A  [E0B0A]  c47e06          les     di, ptr [bp + 6]
    3633:0B0D  [E0B0D]  268a15          mov     dl, byte ptr es:[di]
    3633:0B10  [E0B10]  2af6            sub     dh, dh
    3633:0B12  [E0B12]  52              push    dx
    3633:0B13  [E0B13]  9a7a046be0      lcall   print_char  ; 0xe06b, 0x47a
    3633:0B18  [E0B18]  ff4606          inc     word ptr [bp + 6]
L_E0B1B:
    3633:0B1B  [E0B1B]  c47e06          les     di, ptr [bp + 6]
    3633:0B1E  [E0B1E]  26803d00        cmp     byte ptr es:[di], 0
    3633:0B22  [E0B22]  75e1            jne     L_E0B05  ; 0x455
L_E0B24:
    3633:0B24  [E0B24]  8be5            mov     sp, bp
    3633:0B26  [E0B26]  5d              pop     bp
    3633:0B27  [E0B27]  ca0400          retf    4
print_char:
    3633:0B2A  [E0B2A]  55              push    bp
    3633:0B2B  [E0B2B]  8bec            mov     bp, sp
    3633:0B2D  [E0B2D]  83ec06          sub     sp, 6
    3633:0B30  [E0B30]  8a5606          mov     dl, byte ptr [bp + 6]
    3633:0B33  [E0B33]  2af6            sub     dh, dh
    3633:0B35  [E0B35]  52              push    dx
    3633:0B36  [E0B36]  9aa0046be0      lcall   write_readout_port_byte  ; 0xe06b, 0x4a0
    3633:0B3B  [E0B3B]  8be5            mov     sp, bp
    3633:0B3D  [E0B3D]  5d              pop     bp
    3633:0B3E  [E0B3E]  ca0200          retf    2
SUB_E0B41:
    3633:0B41  [E0B41]  55              push    bp
    3633:0B42  [E0B42]  8bec            mov     bp, sp
    3633:0B44  [E0B44]  83ec06          sub     sp, 6
    3633:0B47  [E0B47]  9abc046be0      lcall   SUB_E0B6C  ; 0xe06b, 0x4bc
    3633:0B4C  [E0B4C]  8be5            mov     sp, bp
    3633:0B4E  [E0B4E]  5d              pop     bp
    3633:0B4F  [E0B4F]  cb              retf    
write_readout_port_byte:
    3633:0B50  [E0B50]  55              push    bp
    3633:0B51  [E0B51]  8bec            mov     bp, sp
    3633:0B53  [E0B53]  83ec06          sub     sp, 6
    3633:0B56  [E0B56]  b8f006          mov     ax, 0x6f0
    3633:0B59  [E0B59]  ba0040          mov     dx, 0x4000
    3633:0B5C  [E0B5C]  8bf8            mov     di, ax
    3633:0B5E  [E0B5E]  8ec2            mov     es, dx
    3633:0B60  [E0B60]  8a5e06          mov     bl, byte ptr [bp + 6]
    3633:0B63  [E0B63]  26881d          mov     byte ptr es:[di], bl
    3633:0B66  [E0B66]  8be5            mov     sp, bp
    3633:0B68  [E0B68]  5d              pop     bp
    3633:0B69  [E0B69]  ca0200          retf    2
SUB_E0B6C:
    3633:0B6C  [E0B6C]  55              push    bp
    3633:0B6D  [E0B6D]  8bec            mov     bp, sp
    3633:0B6F  [E0B6F]  83ec06          sub     sp, 6
    3633:0B72  [E0B72]  b8f006          mov     ax, 0x6f0
    3633:0B75  [E0B75]  ba0040          mov     dx, 0x4000
    3633:0B78  [E0B78]  8ec2            mov     es, dx
    3633:0B7A  [E0B7A]  8bf8            mov     di, ax
    3633:0B7C  [E0B7C]  26c6450129      mov     byte ptr es:[di + 1], 0x29
    3633:0B81  [E0B81]  b8f006          mov     ax, 0x6f0
    3633:0B84  [E0B84]  ba0040          mov     dx, 0x4000
    3633:0B87  [E0B87]  8ec2            mov     es, dx
    3633:0B89  [E0B89]  8bd8            mov     bx, ax
    3633:0B8B  [E0B8B]  26c6470223      mov     byte ptr es:[bx + 2], 0x23
    3633:0B90  [E0B90]  b8f006          mov     ax, 0x6f0
    3633:0B93  [E0B93]  ba0040          mov     dx, 0x4000
    3633:0B96  [E0B96]  8ec2            mov     es, dx
    3633:0B98  [E0B98]  8bf8            mov     di, ax
    3633:0B9A  [E0B9A]  26c6450306      mov     byte ptr es:[di + 3], 6
    3633:0B9F  [E0B9F]  8be5            mov     sp, bp
    3633:0BA1  [E0BA1]  5d              pop     bp
    3633:0BA2  [E0BA2]  cb              retf    
print_scratch_buffer_range:
    3633:0BA3  [E0BA3]  55              push    bp
    3633:0BA4  [E0BA4]  8bec            mov     bp, sp
    3633:0BA6  [E0BA6]  83ec08          sub     sp, 8
    3633:0BA9  [E0BA9]  c746f80000      mov     word ptr [bp - 8], 0
    3633:0BAE  [E0BAE]  803e7a1b01      cmp     byte ptr [0x1b7a], 1
    3633:0BB3  [E0BB3]  7578            jne     L_E0C2D  ; 0x57d
    3633:0BB5  [E0BB5]  c47e0e          les     di, ptr [bp + 0xe]
    3633:0BB8  [E0BB8]  06              push    es
    3633:0BB9  [E0BB9]  57              push    di
    3633:0BBA  [E0BBA]  ba0900          mov     dx, 9
    3633:0BBD  [E0BBD]  52              push    dx
    3633:0BBE  [E0BBE]  bbfa00          mov     bx, 0xfa
    3633:0BC1  [E0BC1]  53              push    bx
    3633:0BC2  [E0BC2]  b81c00          mov     ax, 0x1c
    3633:0BC5  [E0BC5]  50              push    ax
    3633:0BC6  [E0BC6]  bf0600          mov     di, 6
    3633:0BC9  [E0BC9]  57              push    di
    3633:0BCA  [E0BCA]  c4460a          les     ax, ptr [bp + 0xa]
    3633:0BCD  [E0BCD]  06              push    es
    3633:0BCE  [E0BCE]  50              push    ax
    3633:0BCF  [E0BCF]  9aa20052e3      lcall   build_print_region  ; 0xe352, 0xa2
    3633:0BD4  [E0BD4]  83c40c          add     sp, 0xc
    3633:0BD7  [E0BD7]  2bff            sub     di, di
    3633:0BD9  [E0BD9]  57              push    di
    3633:0BDA  [E0BDA]  8b5606          mov     dx, word ptr [bp + 6]
    3633:0BDD  [E0BDD]  c41e1e03        les     bx, ptr [0x31e]
    3633:0BE1  [E0BE1]  8bfa            mov     di, dx
    3633:0BE3  [E0BE3]  037ef8          add     di, word ptr [bp - 8]
    3633:0BE6  [E0BE6]  268a01          mov     al, byte ptr es:[bx + di]
    3633:0BE9  [E0BE9]  2ae4            sub     ah, ah
    3633:0BEB  [E0BEB]  50              push    ax
    3633:0BEC  [E0BEC]  9ad00452e3      lcall   append_readout_char  ; 0xe352, 0x4d0
    3633:0BF1  [E0BF1]  83c402          add     sp, 2
    3633:0BF4  [E0BF4]  ff46f8          inc     word ptr [bp - 8]
    3633:0BF7  [E0BF7]  e91f00          jmp     L_E0C19  ; 0x569
L_E0BFA:
    3633:0BFA  [E0BFA]  bf0900          mov     di, 9
    3633:0BFD  [E0BFD]  57              push    di
    3633:0BFE  [E0BFE]  8b7e06          mov     di, word ptr [bp + 6]
    3633:0C01  [E0C01]  c41e1e03        les     bx, ptr [0x31e]
    3633:0C05  [E0C05]  037ef8          add     di, word ptr [bp - 8]
    3633:0C08  [E0C08]  268a11          mov     dl, byte ptr es:[bx + di]
    3633:0C0B  [E0C0B]  2af6            sub     dh, dh
    3633:0C0D  [E0C0D]  52              push    dx
    3633:0C0E  [E0C0E]  9ad00452e3      lcall   append_readout_char  ; 0xe352, 0x4d0
    3633:0C13  [E0C13]  83c402          add     sp, 2
    3633:0C16  [E0C16]  ff46f8          inc     word ptr [bp - 8]
L_E0C19:
    3633:0C19  [E0C19]  8b7e08          mov     di, word ptr [bp + 8]
    3633:0C1C  [E0C1C]  397ef8          cmp     word ptr [bp - 8], di
    3633:0C1F  [E0C1F]  7d07            jge     L_E0C28  ; 0x578
    3633:0C21  [E0C21]  817ef80004      cmp     word ptr [bp - 8], 0x400
    3633:0C26  [E0C26]  7cd2            jl      L_E0BFA  ; 0x54a
L_E0C28:
    3633:0C28  [E0C28]  c47e0a          les     di, ptr [bp + 0xa]
    3633:0C2B  [E0C2B]  eb03            jmp     L_E0C30  ; 0x580
L_E0C2D:
    3633:0C2D  [E0C2D]  e90700          jmp     L_E0C37  ; 0x587
L_E0C30:
    3633:0C30  [E0C30]  06              push    es
    3633:0C31  [E0C31]  57              push    di
    3633:0C32  [E0C32]  9a160252e3      lcall   close_print_record_b  ; 0xe352, 0x216
L_E0C37:
    3633:0C37  [E0C37]  8be5            mov     sp, bp
    3633:0C39  [E0C39]  5d              pop     bp
    3633:0C3A  [E0C3A]  ca0200          retf    2
format_selftest_result_string:
    3633:0C3D  [E0C3D]  55              push    bp
    3633:0C3E  [E0C3E]  8bec            mov     bp, sp
    3633:0C40  [E0C40]  83ec06          sub     sp, 6
    3633:0C43  [E0C43]  9aa6076be0      lcall   clear_selftest_status_flags  ; 0xe06b, 0x7a6
    3633:0C48  [E0C48]  8b3e5a1b        mov     di, word ptr [0x1b5a]
    3633:0C4C  [E0C4C]  0b3e5c1b        or      di, word ptr [0x1b5c]
    3633:0C50  [E0C50]  7433            je      L_E0C85  ; 0x5d5
    3633:0C52  [E0C52]  bf0800          mov     di, 8
    3633:0C55  [E0C55]  57              push    di
    3633:0C56  [E0C56]  c4165a1b        les     dx, ptr [0x1b5a]
    3633:0C5A  [E0C5A]  06              push    es
    3633:0C5B  [E0C5B]  52              push    dx
    3633:0C5C  [E0C5C]  1e              push    ds
    3633:0C5D  [E0C5D]  bf7604          mov     di, 0x476
    3633:0C60  [E0C60]  57              push    di
    3633:0C61  [E0C61]  9a6f001de3      lcall   strncpy_far  ; 0xe31d, 0x6f
    3633:0C66  [E0C66]  83c406          add     sp, 6
    3633:0C69  [E0C69]  bf0900          mov     di, 9
    3633:0C6C  [E0C6C]  57              push    di
    3633:0C6D  [E0C6D]  bf7bff          mov     di, 0xff7b
    3633:0C70  [E0C70]  57              push    di
    3633:0C71  [E0C71]  bad807          mov     dx, 0x7d8
    3633:0C74  [E0C74]  52              push    dx
    3633:0C75  [E0C75]  1e              push    ds
    3633:0C76  [E0C76]  bb7604          mov     bx, 0x476
    3633:0C79  [E0C79]  53              push    bx
    3633:0C7A  [E0C7A]  9a0c001de3      lcall   strncat_far  ; 0xe31d, 0xc
    3633:0C7F  [E0C7F]  83c406          add     sp, 6
    3633:0C82  [E0C82]  e90500          jmp     L_E0C8A  ; 0x5da
L_E0C85:
    3633:0C85  [E0C85]  c606760400      mov     byte ptr [0x476], 0
L_E0C8A:
    3633:0C8A  [E0C8A]  8b7e06          mov     di, word ptr [bp + 6]
    3633:0C8D  [E0C8D]  81e72000        and     di, 0x20
    3633:0C91  [E0C91]  83ff00          cmp     di, 0
    3633:0C94  [E0C94]  741c            je      L_E0CB2  ; 0x602
    3633:0C96  [E0C96]  bf2800          mov     di, 0x28
    3633:0C99  [E0C99]  57              push    di
    3633:0C9A  [E0C9A]  bf7bff          mov     di, 0xff7b
    3633:0C9D  [E0C9D]  57              push    di
    3633:0C9E  [E0C9E]  bada07          mov     dx, 0x7da
    3633:0CA1  [E0CA1]  52              push    dx
    3633:0CA2  [E0CA2]  1e              push    ds
    3633:0CA3  [E0CA3]  bb7604          mov     bx, 0x476
    3633:0CA6  [E0CA6]  53              push    bx
    3633:0CA7  [E0CA7]  9a0c001de3      lcall   strncat_far  ; 0xe31d, 0xc
    3633:0CAC  [E0CAC]  83c406          add     sp, 6
    3633:0CAF  [E0CAF]  e94b00          jmp     L_E0CFD  ; 0x64d
L_E0CB2:
    3633:0CB2  [E0CB2]  bf2800          mov     di, 0x28
    3633:0CB5  [E0CB5]  57              push    di
    3633:0CB6  [E0CB6]  8b7e06          mov     di, word ptr [bp + 6]
    3633:0CB9  [E0CB9]  81e70200        and     di, 2
    3633:0CBD  [E0CBD]  83ff00          cmp     di, 0
    3633:0CC0  [E0CC0]  740b            je      L_E0CCD  ; 0x61d
    3633:0CC2  [E0CC2]  bf7bff          mov     di, 0xff7b
    3633:0CC5  [E0CC5]  8ec7            mov     es, di
    3633:0CC7  [E0CC7]  bae807          mov     dx, 0x7e8
    3633:0CCA  [E0CCA]  e92100          jmp     L_E0CEE  ; 0x63e
L_E0CCD:
    3633:0CCD  [E0CCD]  8b7e06          mov     di, word ptr [bp + 6]
    3633:0CD0  [E0CD0]  81e70100        and     di, 1
    3633:0CD4  [E0CD4]  83ff00          cmp     di, 0
    3633:0CD7  [E0CD7]  740b            je      L_E0CE4  ; 0x634
    3633:0CD9  [E0CD9]  bf7bff          mov     di, 0xff7b
    3633:0CDC  [E0CDC]  8ec7            mov     es, di
    3633:0CDE  [E0CDE]  bfef07          mov     di, 0x7ef
    3633:0CE1  [E0CE1]  e90800          jmp     L_E0CEC  ; 0x63c
L_E0CE4:
    3633:0CE4  [E0CE4]  bf7bff          mov     di, 0xff7b
    3633:0CE7  [E0CE7]  8ec7            mov     es, di
    3633:0CE9  [E0CE9]  bff607          mov     di, 0x7f6
L_E0CEC:
    3633:0CEC  [E0CEC]  8bd7            mov     dx, di
L_E0CEE:
    3633:0CEE  [E0CEE]  06              push    es
    3633:0CEF  [E0CEF]  52              push    dx
    3633:0CF0  [E0CF0]  1e              push    ds
    3633:0CF1  [E0CF1]  bf7604          mov     di, 0x476
    3633:0CF4  [E0CF4]  57              push    di
    3633:0CF5  [E0CF5]  9a0c001de3      lcall   strncat_far  ; 0xe31d, 0xc
    3633:0CFA  [E0CFA]  83c406          add     sp, 6
L_E0CFD:
    3633:0CFD  [E0CFD]  8b4606          mov     ax, word ptr [bp + 6]
    3633:0D00  [E0D00]  8be5            mov     sp, bp
    3633:0D02  [E0D02]  5d              pop     bp
    3633:0D03  [E0D03]  ca0200          retf    2
SUB_E0D06:
    3633:0D06  [E0D06]  55              push    bp
    3633:0D07  [E0D07]  8bec            mov     bp, sp
    3633:0D09  [E0D09]  83ec06          sub     sp, 6
    3633:0D0C  [E0D0C]  837e0601        cmp     word ptr [bp + 6], 1
    3633:0D10  [E0D10]  7546            jne     L_E0D58  ; 0x6a8
    3633:0D12  [E0D12]  a05602          mov     al, byte ptr [0x256]
    3633:0D15  [E0D15]  2ae4            sub     ah, ah
    3633:0D17  [E0D17]  a3201b          mov     word ptr [0x1b20], ax
    3633:0D1A  [E0D1A]  a05702          mov     al, byte ptr [0x257]
    3633:0D1D  [E0D1D]  2ae4            sub     ah, ah
    3633:0D1F  [E0D1F]  a3221b          mov     word ptr [0x1b22], ax
    3633:0D22  [E0D22]  a05802          mov     al, byte ptr [0x258]
    3633:0D25  [E0D25]  2ae4            sub     ah, ah
    3633:0D27  [E0D27]  a3241b          mov     word ptr [0x1b24], ax
    3633:0D2A  [E0D2A]  a05902          mov     al, byte ptr [0x259]
    3633:0D2D  [E0D2D]  2ae4            sub     ah, ah
    3633:0D2F  [E0D2F]  a3261b          mov     word ptr [0x1b26], ax
    3633:0D32  [E0D32]  a05a02          mov     al, byte ptr [0x25a]
    3633:0D35  [E0D35]  2ae4            sub     ah, ah
    3633:0D37  [E0D37]  a3281b          mov     word ptr [0x1b28], ax
    3633:0D3A  [E0D3A]  a15c02          mov     ax, word ptr [0x25c]
    3633:0D3D  [E0D3D]  a32a1b          mov     word ptr [0x1b2a], ax
    3633:0D40  [E0D40]  a15e02          mov     ax, word ptr [0x25e]
    3633:0D43  [E0D43]  a32c1b          mov     word ptr [0x1b2c], ax
    3633:0D46  [E0D46]  a16002          mov     ax, word ptr [0x260]
    3633:0D49  [E0D49]  a32e1b          mov     word ptr [0x1b2e], ax
    3633:0D4C  [E0D4C]  a16202          mov     ax, word ptr [0x262]
    3633:0D4F  [E0D4F]  a3301b          mov     word ptr [0x1b30], ax
    3633:0D52  [E0D52]  a16402          mov     ax, word ptr [0x264]
    3633:0D55  [E0D55]  a3321b          mov     word ptr [0x1b32], ax
L_E0D58:
    3633:0D58  [E0D58]  837e0602        cmp     word ptr [bp + 6], 2
    3633:0D5C  [E0D5C]  7542            jne     L_E0DA0  ; 0x6f0
    3633:0D5E  [E0D5E]  a0201b          mov     al, byte ptr [0x1b20]
    3633:0D61  [E0D61]  a25602          mov     byte ptr [0x256], al
    3633:0D64  [E0D64]  a1221b          mov     ax, word ptr [0x1b22]
    3633:0D67  [E0D67]  8bd0            mov     dx, ax
    3633:0D69  [E0D69]  88165702        mov     byte ptr [0x257], dl
    3633:0D6D  [E0D6D]  a1241b          mov     ax, word ptr [0x1b24]
    3633:0D70  [E0D70]  8bd8            mov     bx, ax
    3633:0D72  [E0D72]  881e5802        mov     byte ptr [0x258], bl
    3633:0D76  [E0D76]  a0261b          mov     al, byte ptr [0x1b26]
    3633:0D79  [E0D79]  a25902          mov     byte ptr [0x259], al
    3633:0D7C  [E0D7C]  a0281b          mov     al, byte ptr [0x1b28]
    3633:0D7F  [E0D7F]  a25a02          mov     byte ptr [0x25a], al
    3633:0D82  [E0D82]  a12a1b          mov     ax, word ptr [0x1b2a]
    3633:0D85  [E0D85]  a35c02          mov     word ptr [0x25c], ax
    3633:0D88  [E0D88]  a12c1b          mov     ax, word ptr [0x1b2c]
    3633:0D8B  [E0D8B]  a35e02          mov     word ptr [0x25e], ax
    3633:0D8E  [E0D8E]  a12e1b          mov     ax, word ptr [0x1b2e]
    3633:0D91  [E0D91]  a36002          mov     word ptr [0x260], ax
    3633:0D94  [E0D94]  a1301b          mov     ax, word ptr [0x1b30]
    3633:0D97  [E0D97]  a36202          mov     word ptr [0x262], ax
    3633:0D9A  [E0D9A]  a1321b          mov     ax, word ptr [0x1b32]
    3633:0D9D  [E0D9D]  a36402          mov     word ptr [0x264], ax
L_E0DA0:
    3633:0DA0  [E0DA0]  837e0603        cmp     word ptr [bp + 6], 3
    3633:0DA4  [E0DA4]  7406            je      L_E0DAC  ; 0x6fc
    3633:0DA6  [E0DA6]  837e0601        cmp     word ptr [bp + 6], 1
    3633:0DAA  [E0DAA]  751a            jne     L_E0DC6  ; 0x716
L_E0DAC:
    3633:0DAC  [E0DAC]  8a560c          mov     dl, byte ptr [bp + 0xc]
    3633:0DAF  [E0DAF]  88165602        mov     byte ptr [0x256], dl
    3633:0DB3  [E0DB3]  8b7e08          mov     di, word ptr [bp + 8]
    3633:0DB6  [E0DB6]  8bdf            mov     bx, di
    3633:0DB8  [E0DB8]  881e5802        mov     byte ptr [0x258], bl
    3633:0DBC  [E0DBC]  881e5702        mov     byte ptr [0x257], bl
    3633:0DC0  [E0DC0]  8a460a          mov     al, byte ptr [bp + 0xa]
    3633:0DC3  [E0DC3]  a25902          mov     byte ptr [0x259], al
L_E0DC6:
    3633:0DC6  [E0DC6]  8be5            mov     sp, bp
    3633:0DC8  [E0DC8]  5d              pop     bp
    3633:0DC9  [E0DC9]  ca0200          retf    2
configure_measurement_hw:
    3633:0DCC  [E0DCC]  55              push    bp
    3633:0DCD  [E0DCD]  8bec            mov     bp, sp
    3633:0DCF  [E0DCF]  83ec08          sub     sp, 8
    3633:0DD2  [E0DD2]  9a2d046be0      lcall   wait_readout_tick  ; 0xe06b, 0x42d
    3633:0DD7  [E0DD7]  c606580200      mov     byte ptr [0x258], 0
    3633:0DDC  [E0DDC]  c606570200      mov     byte ptr [0x257], 0
    3633:0DE1  [E0DE1]  c43e3603        les     di, ptr [0x336]
    3633:0DE5  [E0DE5]  26c60500        mov     byte ptr es:[di], 0
    3633:0DE9  [E0DE9]  baf00f          mov     dx, 0xff0
    3633:0DEC  [E0DEC]  2b5608          sub     dx, word ptr [bp + 8]
    3633:0DEF  [E0DEF]  c41e2e03        les     bx, ptr [0x32e]
    3633:0DF3  [E0DF3]  268917          mov     word ptr es:[bx], dx
    3633:0DF6  [E0DF6]  b80010          mov     ax, 0x1000
    3633:0DF9  [E0DF9]  2b4606          sub     ax, word ptr [bp + 6]
    3633:0DFC  [E0DFC]  c43e1e03        les     di, ptr [0x31e]
    3633:0E00  [E0E00]  8bd8            mov     bx, ax
    3633:0E02  [E0E02]  268a11          mov     dl, byte ptr es:[bx + di]
    3633:0E05  [E0E05]  2af6            sub     dh, dh
    3633:0E07  [E0E07]  8956f8          mov     word ptr [bp - 8], dx
    3633:0E0A  [E0E0A]  8b7e0e          mov     di, word ptr [bp + 0xe]
    3633:0E0D  [E0E0D]  8bd7            mov     dx, di
    3633:0E0F  [E0E0F]  88165902        mov     byte ptr [0x259], dl
    3633:0E13  [E0E13]  c43e3a03        les     di, ptr [0x33a]
    3633:0E17  [E0E17]  268815          mov     byte ptr es:[di], dl
    3633:0E1A  [E0E1A]  8a560a          mov     dl, byte ptr [bp + 0xa]
    3633:0E1D  [E0E1D]  88165602        mov     byte ptr [0x256], dl
    3633:0E21  [E0E21]  c43e2603        les     di, ptr [0x326]
    3633:0E25  [E0E25]  268815          mov     byte ptr es:[di], dl
    3633:0E28  [E0E28]  8b5e0c          mov     bx, word ptr [bp + 0xc]
    3633:0E2B  [E0E2B]  8bc3            mov     ax, bx
    3633:0E2D  [E0E2D]  a25802          mov     byte ptr [0x258], al
    3633:0E30  [E0E30]  a25702          mov     byte ptr [0x257], al
    3633:0E33  [E0E33]  c41e3603        les     bx, ptr [0x336]
    3633:0E37  [E0E37]  268807          mov     byte ptr es:[bx], al
    3633:0E3A  [E0E3A]  8b560c          mov     dx, word ptr [bp + 0xc]
    3633:0E3D  [E0E3D]  81ca1000        or      dx, 0x10
    3633:0E41  [E0E41]  88165802        mov     byte ptr [0x258], dl
    3633:0E45  [E0E45]  88165702        mov     byte ptr [0x257], dl
    3633:0E49  [E0E49]  c43e3603        les     di, ptr [0x336]
    3633:0E4D  [E0E4D]  268815          mov     byte ptr es:[di], dl
    3633:0E50  [E0E50]  8be5            mov     sp, bp
    3633:0E52  [E0E52]  5d              pop     bp
    3633:0E53  [E0E53]  ca0200          retf    2
clear_selftest_status_flags:
    3633:0E56  [E0E56]  55              push    bp
    3633:0E57  [E0E57]  8bec            mov     bp, sp
    3633:0E59  [E0E59]  83ec06          sub     sp, 6
    3633:0E5C  [E0E5C]  c606590200      mov     byte ptr [0x259], 0
    3633:0E61  [E0E61]  c43e3a03        les     di, ptr [0x33a]
    3633:0E65  [E0E65]  26c60500        mov     byte ptr es:[di], 0
    3633:0E69  [E0E69]  c606580200      mov     byte ptr [0x258], 0
    3633:0E6E  [E0E6E]  c606570200      mov     byte ptr [0x257], 0
    3633:0E73  [E0E73]  c41e3603        les     bx, ptr [0x336]
    3633:0E77  [E0E77]  26c60700        mov     byte ptr es:[bx], 0
    3633:0E7B  [E0E7B]  c606560200      mov     byte ptr [0x256], 0
    3633:0E80  [E0E80]  c43e2603        les     di, ptr [0x326]
    3633:0E84  [E0E84]  26c60500        mov     byte ptr es:[di], 0
    3633:0E88  [E0E88]  8be5            mov     sp, bp
    3633:0E8A  [E0E8A]  5d              pop     bp
    3633:0E8B  [E0E8B]  cb              retf    

selftest_measure_and_report:
    3633:0FD0  [E0FD0]  55              push    bp
    3633:0FD1  [E0FD1]  8bec            mov     bp, sp
    3633:0FD3  [E0FD3]  83ec06          sub     sp, 6
    3633:0FD6  [E0FD6]  bf0100          mov     di, 1
    3633:0FD9  [E0FD9]  57              push    di
    3633:0FDA  [E0FDA]  9a7501e8e0      lcall   selftest_measure_mode  ; 0xe0e8, 0x175
    3633:0FDF  [E0FDF]  bf0300          mov     di, 3
    3633:0FE2  [E0FE2]  57              push    di
    3633:0FE3  [E0FE3]  9a7501e8e0      lcall   selftest_measure_mode  ; 0xe0e8, 0x175
    3633:0FE8  [E0FE8]  bf0200          mov     di, 2
    3633:0FEB  [E0FEB]  57              push    di
    3633:0FEC  [E0FEC]  9a7501e8e0      lcall   selftest_measure_mode  ; 0xe0e8, 0x175
    3633:0FF1  [E0FF1]  8be5            mov     sp, bp
    3633:0FF3  [E0FF3]  5d              pop     bp
    3633:0FF4  [E0FF4]  cb              retf    
selftest_measure_mode:
    3633:0FF5  [E0FF5]  55              push    bp
    3633:0FF6  [E0FF6]  8bec            mov     bp, sp
    3633:0FF8  [E0FF8]  83ec0a          sub     sp, 0xa
    3633:0FFB  [E0FFB]  837e0601        cmp     word ptr [bp + 6], 1
    3633:0FFF  [E0FFF]  7512            jne     L_E1013  ; 0x193
    3633:1001  [E1001]  c606300501      mov     byte ptr [0x530], 1
    3633:1006  [E1006]  c6065f1b00      mov     byte ptr [0x1b5f], 0
    3633:100B  [E100B]  c6065e1b01      mov     byte ptr [0x1b5e], 1
    3633:1010  [E1010]  e97300          jmp     L_E1086  ; 0x206
L_E1013:
    3633:1013  [E1013]  837e0602        cmp     word ptr [bp + 6], 2
    3633:1017  [E1017]  750d            jne     L_E1026  ; 0x1a6
    3633:1019  [E1019]  c606300500      mov     byte ptr [0x530], 0
    3633:101E  [E101E]  c6065e1b00      mov     byte ptr [0x1b5e], 0
    3633:1023  [E1023]  e96000          jmp     L_E1086  ; 0x206
L_E1026:
    3633:1026  [E1026]  c706181b0100    mov     word ptr [0x1b18], 1
    3633:102C  [E102C]  c746f80000      mov     word ptr [bp - 8], 0
    3633:1031  [E1031]  c746f68000      mov     word ptr [bp - 0xa], 0x80
    3633:1036  [E1036]  837e0602        cmp     word ptr [bp + 6], 2
    3633:103A  [E103A]  7406            je      L_E1042  ; 0x1c2
    3633:103C  [E103C]  837e0602        cmp     word ptr [bp + 6], 2
    3633:1040  [E1040]  7505            jne     L_E1047  ; 0x1c7
L_E1042:
    3633:1042  [E1042]  c606760400      mov     byte ptr [0x476], 0
L_E1047:
    3633:1047  [E1047]  2bff            sub     di, di
    3633:1049  [E1049]  57              push    di
    3633:104A  [E104A]  57              push    di
    3633:104B  [E104B]  57              push    di
    3633:104C  [E104C]  ff7606          push    word ptr [bp + 6]
    3633:104F  [E104F]  9a56066be0      lcall   SUB_E0D06  ; 0xe06b, 0x656
    3633:1054  [E1054]  83c406          add     sp, 6
    3633:1057  [E1057]  c7065a1b0000    mov     word ptr [0x1b5a], 0
    3633:105D  [E105D]  c7065c1b0000    mov     word ptr [0x1b5c], 0
    3633:1063  [E1063]  837e0603        cmp     word ptr [bp + 6], 3
    3633:1067  [E1067]  7518            jne     L_E1081  ; 0x201
    3633:1069  [E1069]  9a0e0096e2      lcall   selftest_front_panel_adc  ; 0xe296, 0xe
    3633:106E  [E106E]  8946f8          mov     word ptr [bp - 8], ax
    3633:1071  [E1071]  8b7ef6          mov     di, word ptr [bp - 0xa]
    3633:1074  [E1074]  57              push    di
    3633:1075  [E1075]  50              push    ax
    3633:1076  [E1076]  9a8d056be0      lcall   format_selftest_result_string  ; 0xe06b, 0x58d
    3633:107B  [E107B]  5f              pop     di
    3633:107C  [E107C]  0bc7            or      ax, di
    3633:107E  [E107E]  e90500          jmp     L_E1086  ; 0x206
L_E1081:
    3633:1081  [E1081]  2bc0            sub     ax, ax
    3633:1083  [E1083]  e90000          jmp     L_E1086  ; 0x206
L_E1086:
    3633:1086  [E1086]  8be5            mov     sp, bp
    3633:1088  [E1088]  5d              pop     bp
    3633:1089  [E1089]  ca0200          retf    2

verify_pattern_with_report:
    3633:1116  [E1116]  55              push    bp
    3633:1117  [E1117]  8bec            mov     bp, sp
    3633:1119  [E1119]  83ec36          sub     sp, 0x36
    3633:111C  [E111C]  c746f80000      mov     word ptr [bp - 8], 0
    3633:1121  [E1121]  8b7e12          mov     di, word ptr [bp + 0x12]
    3633:1124  [E1124]  897ef2          mov     word ptr [bp - 0xe], di
    3633:1127  [E1127]  8b560e          mov     dx, word ptr [bp + 0xe]
    3633:112A  [E112A]  8956f6          mov     word ptr [bp - 0xa], dx
    3633:112D  [E112D]  e91b01          jmp     L_E124B  ; 0x3cb
L_E1130:
    3633:1130  [E1130]  8b7e0c          mov     di, word ptr [bp + 0xc]
    3633:1133  [E1133]  c41e1e03        les     bx, ptr [0x31e]
    3633:1137  [E1137]  037ef6          add     di, word ptr [bp - 0xa]
    3633:113A  [E113A]  268a11          mov     dl, byte ptr es:[bx + di]
    3633:113D  [E113D]  2af6            sub     dh, dh
    3633:113F  [E113F]  8956f4          mov     word ptr [bp - 0xc], dx
    3633:1142  [E1142]  8b46f2          mov     ax, word ptr [bp - 0xe]
    3633:1145  [E1145]  3bd0            cmp     dx, ax
    3633:1147  [E1147]  7478            je      L_E11C1  ; 0x341
    3633:1149  [E1149]  bf2800          mov     di, 0x28
    3633:114C  [E114C]  57              push    di
    3633:114D  [E114D]  bf7bff          mov     di, 0xff7b
    3633:1150  [E1150]  57              push    di
    3633:1151  [E1151]  bf8e07          mov     di, 0x78e
    3633:1154  [E1154]  57              push    di
    3633:1155  [E1155]  8d7eca          lea     di, [bp - 0x36]
    3633:1158  [E1158]  16              push    ss
    3633:1159  [E1159]  57              push    di
    3633:115A  [E115A]  9a6f001de3      lcall   strncpy_far  ; 0xe31d, 0x6f
    3633:115F  [E115F]  83c406          add     sp, 6
    3633:1162  [E1162]  bf2800          mov     di, 0x28
    3633:1165  [E1165]  57              push    di
    3633:1166  [E1166]  ba0400          mov     dx, 4
    3633:1169  [E1169]  52              push    dx
    3633:116A  [E116A]  8b7e0c          mov     di, word ptr [bp + 0xc]
    3633:116D  [E116D]  037ef6          add     di, word ptr [bp - 0xa]
    3633:1170  [E1170]  81e7ff0f        and     di, 0xfff
    3633:1174  [E1174]  57              push    di
    3633:1175  [E1175]  9ae8011de3      lcall   format_word_radix  ; 0xe31d, 0x1e8
    3633:117A  [E117A]  83c402          add     sp, 2
    3633:117D  [E117D]  06              push    es
    3633:117E  [E117E]  53              push    bx
    3633:117F  [E117F]  8d7eca          lea     di, [bp - 0x36]
    3633:1182  [E1182]  16              push    ss
    3633:1183  [E1183]  57              push    di
    3633:1184  [E1184]  9a0c001de3      lcall   strncat_far  ; 0xe31d, 0xc
    3633:1189  [E1189]  83c406          add     sp, 6
    3633:118C  [E118C]  bf2800          mov     di, 0x28
    3633:118F  [E118F]  57              push    di
    3633:1190  [E1190]  bf7bff          mov     di, 0xff7b
    3633:1193  [E1193]  57              push    di
    3633:1194  [E1194]  ba9507          mov     dx, 0x795
    3633:1197  [E1197]  52              push    dx
    3633:1198  [E1198]  8d5eca          lea     bx, [bp - 0x36]
    3633:119B  [E119B]  16              push    ss
    3633:119C  [E119C]  53              push    bx
    3633:119D  [E119D]  9a0c001de3      lcall   strncat_far  ; 0xe31d, 0xc
    3633:11A2  [E11A2]  83c406          add     sp, 6
    3633:11A5  [E11A5]  bf2800          mov     di, 0x28
    3633:11A8  [E11A8]  57              push    di
    3633:11A9  [E11A9]  bf0200          mov     di, 2
    3633:11AC  [E11AC]  57              push    di
    3633:11AD  [E11AD]  ff76f4          push    word ptr [bp - 0xc]
    3633:11B0  [E11B0]  9ae8011de3      lcall   format_word_radix  ; 0xe31d, 0x1e8
    3633:11B5  [E11B5]  83c402          add     sp, 2
    3633:11B8  [E11B8]  06              push    es
    3633:11B9  [E11B9]  53              push    bx
    3633:11BA  [E11BA]  8d7eca          lea     di, [bp - 0x36]
    3633:11BD  [E11BD]  16              push    ss
    3633:11BE  [E11BE]  57              push    di
    3633:11BF  [E11BF]  eb03            jmp     L_E11C4  ; 0x344
L_E11C1:
    3633:11C1  [E11C1]  e95a00          jmp     L_E121E  ; 0x39e
L_E11C4:
    3633:11C4  [E11C4]  9a0c001de3      lcall   strncat_far  ; 0xe31d, 0xc
    3633:11C9  [E11C9]  83c406          add     sp, 6
    3633:11CC  [E11CC]  bf2800          mov     di, 0x28
    3633:11CF  [E11CF]  57              push    di
    3633:11D0  [E11D0]  bf7bff          mov     di, 0xff7b
    3633:11D3  [E11D3]  57              push    di
    3633:11D4  [E11D4]  ba9807          mov     dx, 0x798
    3633:11D7  [E11D7]  52              push    dx
    3633:11D8  [E11D8]  8d5eca          lea     bx, [bp - 0x36]
    3633:11DB  [E11DB]  16              push    ss
    3633:11DC  [E11DC]  53              push    bx
    3633:11DD  [E11DD]  9a0c001de3      lcall   strncat_far  ; 0xe31d, 0xc
    3633:11E2  [E11E2]  83c406          add     sp, 6
    3633:11E5  [E11E5]  8b7e0a          mov     di, word ptr [bp + 0xa]
    3633:11E8  [E11E8]  81cf0100        or      di, 1
    3633:11EC  [E11EC]  57              push    di
    3633:11ED  [E11ED]  bf0200          mov     di, 2
    3633:11F0  [E11F0]  57              push    di
    3633:11F1  [E11F1]  ff76f2          push    word ptr [bp - 0xe]
    3633:11F4  [E11F4]  9ae8011de3      lcall   format_word_radix  ; 0xe31d, 0x1e8
    3633:11F9  [E11F9]  83c402          add     sp, 2
    3633:11FC  [E11FC]  06              push    es
    3633:11FD  [E11FD]  53              push    bx
    3633:11FE  [E11FE]  8d7eca          lea     di, [bp - 0x36]
    3633:1201  [E1201]  16              push    ss
    3633:1202  [E1202]  57              push    di
    3633:1203  [E1203]  c45606          les     dx, ptr [bp + 6]
    3633:1206  [E1206]  06              push    es
    3633:1207  [E1207]  52              push    dx
    3633:1208  [E1208]  9a04016be0      lcall   print_selftest_report_line  ; 0xe06b, 0x104
    3633:120D  [E120D]  83c40a          add     sp, 0xa
    3633:1210  [E1210]  814ef80200      or      word ptr [bp - 8], 2
    3633:1215  [E1215]  837ef606        cmp     word ptr [bp - 0xa], 6
    3633:1219  [E1219]  7f3b            jg      L_E1256  ; 0x3d6
    3633:121B  [E121B]  e90500          jmp     L_E1223  ; 0x3a3
L_E121E:
    3633:121E  [E121E]  814ef80100      or      word ptr [bp - 8], 1
L_E1223:
    3633:1223  [E1223]  8b7ef6          mov     di, word ptr [bp - 0xa]
    3633:1226  [E1226]  2b7e0e          sub     di, word ptr [bp + 0xe]
    3633:1229  [E1229]  81e70100        and     di, 1
    3633:122D  [E122D]  83ff00          cmp     di, 0
    3633:1230  [E1230]  7406            je      L_E1238  ; 0x3b8
    3633:1232  [E1232]  8b7e14          mov     di, word ptr [bp + 0x14]
    3633:1235  [E1235]  e90300          jmp     L_E123B  ; 0x3bb
L_E1238:
    3633:1238  [E1238]  8b7e16          mov     di, word ptr [bp + 0x16]
L_E123B:
    3633:123B  [E123B]  017ef2          add     word ptr [bp - 0xe], di
    3633:123E  [E123E]  8b7ef2          mov     di, word ptr [bp - 0xe]
    3633:1241  [E1241]  81e7ff00        and     di, 0xff
    3633:1245  [E1245]  897ef2          mov     word ptr [bp - 0xe], di
    3633:1248  [E1248]  ff46f6          inc     word ptr [bp - 0xa]
L_E124B:
    3633:124B  [E124B]  8b7e10          mov     di, word ptr [bp + 0x10]
    3633:124E  [E124E]  397ef6          cmp     word ptr [bp - 0xa], di
    3633:1251  [E1251]  7d03            jge     L_E1256  ; 0x3d6
    3633:1253  [E1253]  e9dafe          jmp     L_E1130  ; 0x2b0
L_E1256:
    3633:1256  [E1256]  8b7ef8          mov     di, word ptr [bp - 8]
    3633:1259  [E1259]  81e70200        and     di, 2
    3633:125D  [E125D]  83ff00          cmp     di, 0
    3633:1260  [E1260]  7422            je      L_E1284  ; 0x404
    3633:1262  [E1262]  c43e801c        les     di, ptr [0x1c80]
    3633:1266  [E1266]  8d95200b        lea     dx, [di + 0xb20]
    3633:126A  [E126A]  06              push    es
    3633:126B  [E126B]  52              push    dx
    3633:126C  [E126C]  c41edc1d        les     bx, ptr [0x1ddc]
    3633:1270  [E1270]  8d87b502        lea     ax, [bx + 0x2b5]
    3633:1274  [E1274]  06              push    es
    3633:1275  [E1275]  50              push    ax
    3633:1276  [E1276]  ff7610          push    word ptr [bp + 0x10]
    3633:1279  [E1279]  ff760c          push    word ptr [bp + 0xc]
    3633:127C  [E127C]  9af3046be0      lcall   print_scratch_buffer_range  ; 0xe06b, 0x4f3
    3633:1281  [E1281]  83c40a          add     sp, 0xa
L_E1284:
    3633:1284  [E1284]  8b46f8          mov     ax, word ptr [bp - 8]
    3633:1287  [E1287]  8be5            mov     sp, bp
    3633:1289  [E1289]  5d              pop     bp
    3633:128A  [E128A]  ca0400          retf    4
SUB_E128D:
    3633:128D  [E128D]  55              push    bp
    3633:128E  [E128E]  8bec            mov     bp, sp
    3633:1290  [E1290]  83ec0a          sub     sp, 0xa
    3633:1293  [E1293]  c606560210      mov     byte ptr [0x256], 0x10
    3633:1298  [E1298]  c43e2603        les     di, ptr [0x326]
    3633:129C  [E129C]  26c60510        mov     byte ptr es:[di], 0x10
    3633:12A0  [E12A0]  a05902          mov     al, byte ptr [0x259]
    3633:12A3  [E12A3]  c41e3a03        les     bx, ptr [0x33a]
    3633:12A7  [E12A7]  268807          mov     byte ptr es:[bx], al
    3633:12AA  [E12AA]  c43e3203        les     di, ptr [0x332]
    3633:12AE  [E12AE]  268b15          mov     dx, word ptr es:[di]
    3633:12B1  [E12B1]  81e20010        and     dx, 0x1000
    3633:12B5  [E12B5]  8956f8          mov     word ptr [bp - 8], dx
    3633:12B8  [E12B8]  c606560200      mov     byte ptr [0x256], 0
    3633:12BD  [E12BD]  c41e2603        les     bx, ptr [0x326]
    3633:12C1  [E12C1]  26c60700        mov     byte ptr es:[bx], 0
    3633:12C5  [E12C5]  a05902          mov     al, byte ptr [0x259]
    3633:12C8  [E12C8]  c43e3a03        les     di, ptr [0x33a]
    3633:12CC  [E12CC]  268805          mov     byte ptr es:[di], al
    3633:12CF  [E12CF]  c43e3203        les     di, ptr [0x332]
    3633:12D3  [E12D3]  268b15          mov     dx, word ptr es:[di]
    3633:12D6  [E12D6]  81e20010        and     dx, 0x1000
    3633:12DA  [E12DA]  8956f6          mov     word ptr [bp - 0xa], dx
    3633:12DD  [E12DD]  3956f8          cmp     word ptr [bp - 8], dx
    3633:12E0  [E12E0]  7505            jne     L_E12E7  ; 0x467
    3633:12E2  [E12E2]  2bdb            sub     bx, bx
    3633:12E4  [E12E4]  e90300          jmp     L_E12EA  ; 0x46a
L_E12E7:
    3633:12E7  [E12E7]  bb0100          mov     bx, 1
L_E12EA:
    3633:12EA  [E12EA]  8bd3            mov     dx, bx
    3633:12EC  [E12EC]  88164e1b        mov     byte ptr [0x1b4e], dl
    3633:12F0  [E12F0]  8be5            mov     sp, bp
    3633:12F2  [E12F2]  5d              pop     bp
    3633:12F3  [E12F3]  cb              retf    
run_adc_selftest:
    3633:12F4  [E12F4]  55              push    bp
    3633:12F5  [E12F5]  8bec            mov     bp, sp
    3633:12F7  [E12F7]  83ec42          sub     sp, 0x42
    3633:12FA  [E12FA]  c746f80000      mov     word ptr [bp - 8], 0
    3633:12FF  [E12FF]  c746be0100      mov     word ptr [bp - 0x42], 1
    3633:1304  [E1304]  9aa6076be0      lcall   clear_selftest_status_flags  ; 0xe06b, 0x7a6
    3633:1309  [E1309]  8b7e0c          mov     di, word ptr [bp + 0xc]
    3633:130C  [E130C]  037e0a          add     di, word ptr [bp + 0xa]
    3633:130F  [E130F]  897ef2          mov     word ptr [bp - 0xe], di
    3633:1312  [E1312]  8b560a          mov     dx, word ptr [bp + 0xa]
    3633:1315  [E1315]  c41e1e03        les     bx, ptr [0x31e]
    3633:1319  [E1319]  8d870010        lea     ax, [bx + 0x1000]
    3633:131D  [E131D]  2bc2            sub     ax, dx
    3633:131F  [E131F]  8946c0          mov     word ptr [bp - 0x40], ax
    3633:1322  [E1322]  8c46c2          mov     word ptr [bp - 0x3e], es
    3633:1325  [E1325]  c746f40000      mov     word ptr [bp - 0xc], 0
    3633:132A  [E132A]  e90d00          jmp     L_E133A  ; 0x4ba
L_E132D:
    3633:132D  [E132D]  c47ec0          les     di, ptr [bp - 0x40]
    3633:1330  [E1330]  ff46c0          inc     word ptr [bp - 0x40]
    3633:1333  [E1333]  26c60500        mov     byte ptr es:[di], 0
    3633:1337  [E1337]  ff46f4          inc     word ptr [bp - 0xc]
L_E133A:
    3633:133A  [E133A]  8b7ef2          mov     di, word ptr [bp - 0xe]
    3633:133D  [E133D]  397ef4          cmp     word ptr [bp - 0xc], di
    3633:1340  [E1340]  7ceb            jl      L_E132D  ; 0x4ad
    3633:1342  [E1342]  ff7612          push    word ptr [bp + 0x12]
    3633:1345  [E1345]  ff7610          push    word ptr [bp + 0x10]
    3633:1348  [E1348]  ff760e          push    word ptr [bp + 0xe]
    3633:134B  [E134B]  ff760c          push    word ptr [bp + 0xc]
    3633:134E  [E134E]  ff760a          push    word ptr [bp + 0xa]
    3633:1351  [E1351]  9a1c076be0      lcall   configure_measurement_hw  ; 0xe06b, 0x71c
    3633:1356  [E1356]  83c408          add     sp, 8
    3633:1359  [E1359]  e90300          jmp     L_E135F  ; 0x4df
L_E135C:
    3633:135C  [E135C]  ff46f8          inc     word ptr [bp - 8]
L_E135F:
    3633:135F  [E135F]  c43e2203        les     di, ptr [0x322]
    3633:1363  [E1363]  268b15          mov     dx, word ptr es:[di]
    3633:1366  [E1366]  81e20080        and     dx, 0x8000
    3633:136A  [E136A]  8956f6          mov     word ptr [bp - 0xa], dx
    3633:136D  [E136D]  83fa00          cmp     dx, 0
    3633:1370  [E1370]  7408            je      L_E137A  ; 0x4fa
    3633:1372  [E1372]  8b5e14          mov     bx, word ptr [bp + 0x14]
    3633:1375  [E1375]  395ef8          cmp     word ptr [bp - 8], bx
    3633:1378  [E1378]  7ce2            jl      L_E135C  ; 0x4dc
L_E137A:
    3633:137A  [E137A]  c43e2203        les     di, ptr [0x322]
    3633:137E  [E137E]  268b15          mov     dx, word ptr es:[di]
    3633:1381  [E1381]  81e2ff0f        and     dx, 0xfff
    3633:1385  [E1385]  8956ee          mov     word ptr [bp - 0x12], dx
    3633:1388  [E1388]  80265802fd      and     byte ptr [0x258], 0xfd
    3633:138D  [E138D]  a05802          mov     al, byte ptr [0x258]
    3633:1390  [E1390]  a25702          mov     byte ptr [0x257], al
    3633:1393  [E1393]  c41e3603        les     bx, ptr [0x336]
    3633:1397  [E1397]  268807          mov     byte ptr es:[bx], al
    3633:139A  [E139A]  c606590200      mov     byte ptr [0x259], 0
    3633:139F  [E139F]  c43e3a03        les     di, ptr [0x33a]
    3633:13A3  [E13A3]  26c60500        mov     byte ptr es:[di], 0
    3633:13A7  [E13A7]  c43e3203        les     di, ptr [0x332]
    3633:13AB  [E13AB]  268b15          mov     dx, word ptr es:[di]
    3633:13AE  [E13AE]  8956ec          mov     word ptr [bp - 0x14], dx
    3633:13B1  [E13B1]  8166ecff0f      and     word ptr [bp - 0x14], 0xfff
    3633:13B6  [E13B6]  9aa6076be0      lcall   clear_selftest_status_flags  ; 0xe06b, 0x7a6
    3633:13BB  [E13BB]  8b7ef6          mov     di, word ptr [bp - 0xa]
    3633:13BE  [E13BE]  81e70080        and     di, 0x8000
    3633:13C2  [E13C2]  83ff00          cmp     di, 0
    3633:13C5  [E13C5]  742a            je      L_E13F1  ; 0x571
    3633:13C7  [E13C7]  8b7e18          mov     di, word ptr [bp + 0x18]
    3633:13CA  [E13CA]  81cf0800        or      di, 8
    3633:13CE  [E13CE]  57              push    di
    3633:13CF  [E13CF]  bf7bff          mov     di, 0xff7b
    3633:13D2  [E13D2]  57              push    di
    3633:13D3  [E13D3]  bab107          mov     dx, 0x7b1
    3633:13D6  [E13D6]  52              push    dx
    3633:13D7  [E13D7]  bb7bff          mov     bx, 0xff7b
    3633:13DA  [E13DA]  53              push    bx
    3633:13DB  [E13DB]  b89c07          mov     ax, 0x79c
    3633:13DE  [E13DE]  50              push    ax
    3633:13DF  [E13DF]  c47e06          les     di, ptr [bp + 6]
    3633:13E2  [E13E2]  06              push    es
    3633:13E3  [E13E3]  57              push    di
    3633:13E4  [E13E4]  9a04016be0      lcall   print_selftest_report_line  ; 0xe06b, 0x104
    3633:13E9  [E13E9]  83c40a          add     sp, 0xa
    3633:13EC  [E13EC]  814ebe0200      or      word ptr [bp - 0x42], 2
L_E13F1:
    3633:13F1  [E13F1]  803e4e1b00      cmp     byte ptr [0x1b4e], 0
    3633:13F6  [E13F6]  7507            jne     L_E13FF  ; 0x57f
    3633:13F8  [E13F8]  803e7a1b01      cmp     byte ptr [0x1b7a], 1
    3633:13FD  [E13FD]  7576            jne     L_E1475  ; 0x5f5
L_E13FF:
    3633:13FF  [E13FF]  803e831b1e      cmp     byte ptr [0x1b83], 0x1e
    3633:1404  [E1404]  756f            jne     L_E1475  ; 0x5f5
    3633:1406  [E1406]  c746f0f10f      mov     word ptr [bp - 0x10], 0xff1
    3633:140B  [E140B]  bff10f          mov     di, 0xff1
    3633:140E  [E140E]  397eec          cmp     word ptr [bp - 0x14], di
    3633:1411  [E1411]  7465            je      L_E1478  ; 0x5f8
    3633:1413  [E1413]  ba2800          mov     dx, 0x28
    3633:1416  [E1416]  52              push    dx
    3633:1417  [E1417]  ba7bff          mov     dx, 0xff7b
    3633:141A  [E141A]  52              push    dx
    3633:141B  [E141B]  bbb207          mov     bx, 0x7b2
    3633:141E  [E141E]  53              push    bx
    3633:141F  [E141F]  8d46c4          lea     ax, [bp - 0x3c]
    3633:1422  [E1422]  16              push    ss
    3633:1423  [E1423]  50              push    ax
    3633:1424  [E1424]  9a6f001de3      lcall   strncpy_far  ; 0xe31d, 0x6f
    3633:1429  [E1429]  83c406          add     sp, 6
    3633:142C  [E142C]  bf2800          mov     di, 0x28
    3633:142F  [E142F]  57              push    di
    3633:1430  [E1430]  bf0300          mov     di, 3
    3633:1433  [E1433]  57              push    di
    3633:1434  [E1434]  ff76ec          push    word ptr [bp - 0x14]
    3633:1437  [E1437]  9ae8011de3      lcall   format_word_radix  ; 0xe31d, 0x1e8
    3633:143C  [E143C]  83c402          add     sp, 2
    3633:143F  [E143F]  06              push    es
    3633:1440  [E1440]  53              push    bx
    3633:1441  [E1441]  8d7ec4          lea     di, [bp - 0x3c]
    3633:1444  [E1444]  16              push    ss
    3633:1445  [E1445]  57              push    di
    3633:1446  [E1446]  9a0c001de3      lcall   strncat_far  ; 0xe31d, 0xc
    3633:144B  [E144B]  83c406          add     sp, 6
    3633:144E  [E144E]  bf2800          mov     di, 0x28
    3633:1451  [E1451]  57              push    di
    3633:1452  [E1452]  bf7bff          mov     di, 0xff7b
    3633:1455  [E1455]  57              push    di
    3633:1456  [E1456]  bab607          mov     dx, 0x7b6
    3633:1459  [E1459]  52              push    dx
    3633:145A  [E145A]  8d5ec4          lea     bx, [bp - 0x3c]
    3633:145D  [E145D]  16              push    ss
    3633:145E  [E145E]  53              push    bx
    3633:145F  [E145F]  9a0c001de3      lcall   strncat_far  ; 0xe31d, 0xc
    3633:1464  [E1464]  83c406          add     sp, 6
    3633:1467  [E1467]  8b7e18          mov     di, word ptr [bp + 0x18]
    3633:146A  [E146A]  81cf0400        or      di, 4
    3633:146E  [E146E]  57              push    di
    3633:146F  [E146F]  bf0300          mov     di, 3
    3633:1472  [E1472]  57              push    di
    3633:1473  [E1473]  eb06            jmp     L_E147B  ; 0x5fb
L_E1475:
    3633:1475  [E1475]  e92700          jmp     L_E149F  ; 0x61f
L_E1478:
    3633:1478  [E1478]  e92400          jmp     L_E149F  ; 0x61f
L_E147B:
    3633:147B  [E147B]  ff76f0          push    word ptr [bp - 0x10]
    3633:147E  [E147E]  9ae8011de3      lcall   format_word_radix  ; 0xe31d, 0x1e8
    3633:1483  [E1483]  83c402          add     sp, 2
    3633:1486  [E1486]  06              push    es
    3633:1487  [E1487]  53              push    bx
    3633:1488  [E1488]  8d7ec4          lea     di, [bp - 0x3c]
    3633:148B  [E148B]  16              push    ss
    3633:148C  [E148C]  57              push    di
    3633:148D  [E148D]  c45606          les     dx, ptr [bp + 6]
    3633:1490  [E1490]  06              push    es
    3633:1491  [E1491]  52              push    dx
    3633:1492  [E1492]  9a04016be0      lcall   print_selftest_report_line  ; 0xe06b, 0x104
    3633:1497  [E1497]  83c40a          add     sp, 0xa
    3633:149A  [E149A]  814ebe0200      or      word ptr [bp - 0x42], 2
L_E149F:
    3633:149F  [E149F]  8b7eee          mov     di, word ptr [bp - 0x12]
    3633:14A2  [E14A2]  897ef2          mov     word ptr [bp - 0xe], di
    3633:14A5  [E14A5]  8b560c          mov     dx, word ptr [bp + 0xc]
    3633:14A8  [E14A8]  035616          add     dx, word ptr [bp + 0x16]
    3633:14AB  [E14AB]  8956f4          mov     word ptr [bp - 0xc], dx
    3633:14AE  [E14AE]  3bfa            cmp     di, dx
    3633:14B0  [E14B0]  7478            je      L_E152A  ; 0x6aa
    3633:14B2  [E14B2]  bb2800          mov     bx, 0x28
    3633:14B5  [E14B5]  53              push    bx
    3633:14B6  [E14B6]  bb7bff          mov     bx, 0xff7b
    3633:14B9  [E14B9]  53              push    bx
    3633:14BA  [E14BA]  b8b907          mov     ax, 0x7b9
    3633:14BD  [E14BD]  50              push    ax
    3633:14BE  [E14BE]  8d56c4          lea     dx, [bp - 0x3c]
    3633:14C1  [E14C1]  16              push    ss
    3633:14C2  [E14C2]  52              push    dx
    3633:14C3  [E14C3]  9a6f001de3      lcall   strncpy_far  ; 0xe31d, 0x6f
    3633:14C8  [E14C8]  83c406          add     sp, 6
    3633:14CB  [E14CB]  bf2800          mov     di, 0x28
    3633:14CE  [E14CE]  57              push    di
    3633:14CF  [E14CF]  ba0300          mov     dx, 3
    3633:14D2  [E14D2]  52              push    dx
    3633:14D3  [E14D3]  ff76f2          push    word ptr [bp - 0xe]
    3633:14D6  [E14D6]  9ae8011de3      lcall   format_word_radix  ; 0xe31d, 0x1e8
    3633:14DB  [E14DB]  83c402          add     sp, 2
    3633:14DE  [E14DE]  06              push    es
    3633:14DF  [E14DF]  53              push    bx
    3633:14E0  [E14E0]  8d7ec4          lea     di, [bp - 0x3c]
    3633:14E3  [E14E3]  16              push    ss
    3633:14E4  [E14E4]  57              push    di
    3633:14E5  [E14E5]  9a0c001de3      lcall   strncat_far  ; 0xe31d, 0xc
    3633:14EA  [E14EA]  83c406          add     sp, 6
    3633:14ED  [E14ED]  bf2800          mov     di, 0x28
    3633:14F0  [E14F0]  57              push    di
    3633:14F1  [E14F1]  bf7bff          mov     di, 0xff7b
    3633:14F4  [E14F4]  57              push    di
    3633:14F5  [E14F5]  bac607          mov     dx, 0x7c6
    3633:14F8  [E14F8]  52              push    dx
    3633:14F9  [E14F9]  8d5ec4          lea     bx, [bp - 0x3c]
    3633:14FC  [E14FC]  16              push    ss
    3633:14FD  [E14FD]  53              push    bx
    3633:14FE  [E14FE]  9a0c001de3      lcall   strncat_far  ; 0xe31d, 0xc
    3633:1503  [E1503]  83c406          add     sp, 6
    3633:1506  [E1506]  8b7e18          mov     di, word ptr [bp + 0x18]
    3633:1509  [E1509]  81cf0200        or      di, 2
    3633:150D  [E150D]  57              push    di
    3633:150E  [E150E]  bf0300          mov     di, 3
    3633:1511  [E1511]  57              push    di
    3633:1512  [E1512]  ff76f4          push    word ptr [bp - 0xc]
    3633:1515  [E1515]  9ae8011de3      lcall   format_word_radix  ; 0xe31d, 0x1e8
    3633:151A  [E151A]  83c402          add     sp, 2
    3633:151D  [E151D]  06              push    es
    3633:151E  [E151E]  53              push    bx
    3633:151F  [E151F]  8d7ec4          lea     di, [bp - 0x3c]
    3633:1522  [E1522]  16              push    ss
    3633:1523  [E1523]  57              push    di
    3633:1524  [E1524]  c45606          les     dx, ptr [bp + 6]
    3633:1527  [E1527]  06              push    es
    3633:1528  [E1528]  eb03            jmp     L_E152D  ; 0x6ad
L_E152A:
    3633:152A  [E152A]  e90e00          jmp     L_E153B  ; 0x6bb
L_E152D:
    3633:152D  [E152D]  52              push    dx
    3633:152E  [E152E]  9a04016be0      lcall   print_selftest_report_line  ; 0xe06b, 0x104
    3633:1533  [E1533]  83c40a          add     sp, 0xa
    3633:1536  [E1536]  814ebe0200      or      word ptr [bp - 0x42], 2
L_E153B:
    3633:153B  [E153B]  8b46be          mov     ax, word ptr [bp - 0x42]
    3633:153E  [E153E]  8be5            mov     sp, bp
    3633:1540  [E1540]  5d              pop     bp
    3633:1541  [E1541]  ca0400          retf    4

selftest_rom_checksum:
    3633:16EA  [E16EA]  55              push    bp
    3633:16EB  [E16EB]  8bec            mov     bp, sp
    3633:16ED  [E16ED]  83ec34          sub     sp, 0x34
    3633:16F0  [E16F0]  c746f80100      mov     word ptr [bp - 8], 1
    3633:16F5  [E16F5]  b80000          mov     ax, 0
    3633:16F8  [E16F8]  ba0080          mov     dx, 0x8000
    3633:16FB  [E16FB]  8946cc          mov     word ptr [bp - 0x34], ax
    3633:16FE  [E16FE]  8956ce          mov     word ptr [bp - 0x32], dx
    3633:1701  [E1701]  c43ed41d        les     di, ptr [0x1dd4]
    3633:1705  [E1705]  268a5d04        mov     bl, byte ptr es:[di + 4]
    3633:1709  [E1709]  c43ed81d        les     di, ptr [0x1dd8]
    3633:170D  [E170D]  268a5504        mov     dl, byte ptr es:[di + 4]
    3633:1711  [E1711]  3ada            cmp     bl, dl
    3633:1713  [E1713]  751d            jne     L_E1732  ; 0x1f2
    3633:1715  [E1715]  9a610ab1e3      lcall   check_comm_installed_gate  ; 0xe3b1, 0xa61
    3633:171A  [E171A]  3d0000          cmp     ax, 0
    3633:171D  [E171D]  7578            jne     L_E1797  ; 0x257
    3633:171F  [E171F]  c43ed41d        les     di, ptr [0x1dd4]
    3633:1723  [E1723]  268a5504        mov     dl, byte ptr es:[di + 4]
    3633:1727  [E1727]  c45ecc          les     bx, ptr [bp - 0x34]
    3633:172A  [E172A]  268a4704        mov     al, byte ptr es:[bx + 4]
    3633:172E  [E172E]  3ad0            cmp     dl, al
    3633:1730  [E1730]  7465            je      L_E1797  ; 0x257
L_E1732:
    3633:1732  [E1732]  bf2800          mov     di, 0x28
    3633:1735  [E1735]  57              push    di
    3633:1736  [E1736]  bf7bff          mov     di, 0xff7b
    3633:1739  [E1739]  57              push    di
    3633:173A  [E173A]  ba7207          mov     dx, 0x772
    3633:173D  [E173D]  52              push    dx
    3633:173E  [E173E]  8d5ed0          lea     bx, [bp - 0x30]
    3633:1741  [E1741]  16              push    ss
    3633:1742  [E1742]  53              push    bx
    3633:1743  [E1743]  9a6f001de3      lcall   strncpy_far  ; 0xe31d, 0x6f
    3633:1748  [E1748]  83c406          add     sp, 6
    3633:174B  [E174B]  bf2800          mov     di, 0x28
    3633:174E  [E174E]  57              push    di
    3633:174F  [E174F]  c43ed41d        les     di, ptr [0x1dd4]
    3633:1753  [E1753]  268a5504        mov     dl, byte ptr es:[di + 4]
    3633:1757  [E1757]  2af6            sub     dh, dh
    3633:1759  [E1759]  52              push    dx
    3633:175A  [E175A]  9afb021de3      lcall   format_byte_hex  ; 0xe31d, 0x2fb
    3633:175F  [E175F]  06              push    es
    3633:1760  [E1760]  53              push    bx
    3633:1761  [E1761]  8d7ed0          lea     di, [bp - 0x30]
    3633:1764  [E1764]  16              push    ss
    3633:1765  [E1765]  57              push    di
    3633:1766  [E1766]  9a0c001de3      lcall   strncat_far  ; 0xe31d, 0xc
    3633:176B  [E176B]  83c406          add     sp, 6
    3633:176E  [E176E]  bf2800          mov     di, 0x28
    3633:1771  [E1771]  57              push    di
    3633:1772  [E1772]  bf7bff          mov     di, 0xff7b
    3633:1775  [E1775]  57              push    di
    3633:1776  [E1776]  ba7407          mov     dx, 0x774
    3633:1779  [E1779]  52              push    dx
    3633:177A  [E177A]  8d5ed0          lea     bx, [bp - 0x30]
    3633:177D  [E177D]  16              push    ss
    3633:177E  [E177E]  53              push    bx
    3633:177F  [E177F]  9a0c001de3      lcall   strncat_far  ; 0xe31d, 0xc
    3633:1784  [E1784]  83c406          add     sp, 6
    3633:1787  [E1787]  bf2800          mov     di, 0x28
    3633:178A  [E178A]  57              push    di
    3633:178B  [E178B]  c43ed81d        les     di, ptr [0x1dd8]
    3633:178F  [E178F]  268a5504        mov     dl, byte ptr es:[di + 4]
    3633:1793  [E1793]  2af6            sub     dh, dh
    3633:1795  [E1795]  eb03            jmp     L_E179A  ; 0x25a
L_E1797:
    3633:1797  [E1797]  e97500          jmp     L_E180F  ; 0x2cf
L_E179A:
    3633:179A  [E179A]  52              push    dx
    3633:179B  [E179B]  9afb021de3      lcall   format_byte_hex  ; 0xe31d, 0x2fb
    3633:17A0  [E17A0]  06              push    es
    3633:17A1  [E17A1]  53              push    bx
    3633:17A2  [E17A2]  8d7ed0          lea     di, [bp - 0x30]
    3633:17A5  [E17A5]  16              push    ss
    3633:17A6  [E17A6]  57              push    di
    3633:17A7  [E17A7]  9a0c001de3      lcall   strncat_far  ; 0xe31d, 0xc
    3633:17AC  [E17AC]  83c406          add     sp, 6
    3633:17AF  [E17AF]  bf2800          mov     di, 0x28
    3633:17B2  [E17B2]  57              push    di
    3633:17B3  [E17B3]  bf7bff          mov     di, 0xff7b
    3633:17B6  [E17B6]  57              push    di
    3633:17B7  [E17B7]  ba7607          mov     dx, 0x776
    3633:17BA  [E17BA]  52              push    dx
    3633:17BB  [E17BB]  8d5ed0          lea     bx, [bp - 0x30]
    3633:17BE  [E17BE]  16              push    ss
    3633:17BF  [E17BF]  53              push    bx
    3633:17C0  [E17C0]  9a0c001de3      lcall   strncat_far  ; 0xe31d, 0xc
    3633:17C5  [E17C5]  83c406          add     sp, 6
    3633:17C8  [E17C8]  bf2800          mov     di, 0x28
    3633:17CB  [E17CB]  57              push    di
    3633:17CC  [E17CC]  c47ecc          les     di, ptr [bp - 0x34]
    3633:17CF  [E17CF]  268a5504        mov     dl, byte ptr es:[di + 4]
    3633:17D3  [E17D3]  2af6            sub     dh, dh
    3633:17D5  [E17D5]  52              push    dx
    3633:17D6  [E17D6]  9afb021de3      lcall   format_byte_hex  ; 0xe31d, 0x2fb
    3633:17DB  [E17DB]  06              push    es
    3633:17DC  [E17DC]  53              push    bx
    3633:17DD  [E17DD]  8d7ed0          lea     di, [bp - 0x30]
    3633:17E0  [E17E0]  16              push    ss
    3633:17E1  [E17E1]  57              push    di
    3633:17E2  [E17E2]  9a0c001de3      lcall   strncat_far  ; 0xe31d, 0xc
    3633:17E7  [E17E7]  83c406          add     sp, 6
    3633:17EA  [E17EA]  2bff            sub     di, di
    3633:17EC  [E17EC]  57              push    di
    3633:17ED  [E17ED]  8d56d0          lea     dx, [bp - 0x30]
    3633:17F0  [E17F0]  16              push    ss
    3633:17F1  [E17F1]  52              push    dx
    3633:17F2  [E17F2]  bb7bff          mov     bx, 0xff7b
    3633:17F5  [E17F5]  53              push    bx
    3633:17F6  [E17F6]  b87d07          mov     ax, 0x77d
    3633:17F9  [E17F9]  50              push    ax
    3633:17FA  [E17FA]  bb7bff          mov     bx, 0xff7b
    3633:17FD  [E17FD]  53              push    bx
    3633:17FE  [E17FE]  bb7807          mov     bx, 0x778
    3633:1801  [E1801]  53              push    bx
    3633:1802  [E1802]  9a04016be0      lcall   print_selftest_report_line  ; 0xe06b, 0x104
    3633:1807  [E1807]  83c40a          add     sp, 0xa
    3633:180A  [E180A]  c746f80200      mov     word ptr [bp - 8], 2
L_E180F:
    3633:180F  [E180F]  8b46f8          mov     ax, word ptr [bp - 8]
    3633:1812  [E1812]  8be5            mov     sp, bp
    3633:1814  [E1814]  5d              pop     bp
    3633:1815  [E1815]  cb              retf    
verify_rom_checksum_and_report:
    3633:1816  [E1816]  55              push    bp
    3633:1817  [E1817]  8bec            mov     bp, sp
    3633:1819  [E1819]  83ec32          sub     sp, 0x32
    3633:181C  [E181C]  c746f80100      mov     word ptr [bp - 8], 1
    3633:1821  [E1821]  c47e12          les     di, ptr [bp + 0x12]
    3633:1824  [E1824]  06              push    es
    3633:1825  [E1825]  57              push    di
    3633:1826  [E1826]  c4560e          les     dx, ptr [bp + 0xe]
    3633:1829  [E1829]  06              push    es
    3633:182A  [E182A]  52              push    dx
    3633:182B  [E182B]  2bdb            sub     bx, bx
    3633:182D  [E182D]  53              push    bx
    3633:182E  [E182E]  9a06005ae4      lcall   compute_range_checksum  ; 0xe45a, 6
    3633:1833  [E1833]  83c408          add     sp, 8
    3633:1836  [E1836]  8946f6          mov     word ptr [bp - 0xa], ax
    3633:1839  [E1839]  c47e1a          les     di, ptr [bp + 0x1a]
    3633:183C  [E183C]  06              push    es
    3633:183D  [E183D]  57              push    di
    3633:183E  [E183E]  c45616          les     dx, ptr [bp + 0x16]
    3633:1841  [E1841]  06              push    es
    3633:1842  [E1842]  52              push    dx
    3633:1843  [E1843]  50              push    ax
    3633:1844  [E1844]  9a06005ae4      lcall   compute_range_checksum  ; 0xe45a, 6
    3633:1849  [E1849]  83c408          add     sp, 8
    3633:184C  [E184C]  8946f6          mov     word ptr [bp - 0xa], ax
    3633:184F  [E184F]  c47e0a          les     di, ptr [bp + 0xa]
    3633:1852  [E1852]  268a15          mov     dl, byte ptr es:[di]
    3633:1855  [E1855]  2af6            sub     dh, dh
    3633:1857  [E1857]  d1e2            shl     dx, 1
    3633:1859  [E1859]  d1e2            shl     dx, 1
    3633:185B  [E185B]  d1e2            shl     dx, 1
    3633:185D  [E185D]  d1e2            shl     dx, 1
    3633:185F  [E185F]  d1e2            shl     dx, 1
    3633:1861  [E1861]  d1e2            shl     dx, 1
    3633:1863  [E1863]  d1e2            shl     dx, 1
    3633:1865  [E1865]  d1e2            shl     dx, 1
    3633:1867  [E1867]  268a5d01        mov     bl, byte ptr es:[di + 1]
    3633:186B  [E186B]  2aff            sub     bh, bh
    3633:186D  [E186D]  03d3            add     dx, bx
    3633:186F  [E186F]  3bc2            cmp     ax, dx
    3633:1871  [E1871]  7474            je      L_E18E7  ; 0x3a7
    3633:1873  [E1873]  bf0a00          mov     di, 0xa
    3633:1876  [E1876]  57              push    di
    3633:1877  [E1877]  c47e0a          les     di, ptr [bp + 0xa]
    3633:187A  [E187A]  26c47d06        les     di, ptr es:[di + 6]
    3633:187E  [E187E]  06              push    es
    3633:187F  [E187F]  57              push    di
    3633:1880  [E1880]  8d7ece          lea     di, [bp - 0x32]
    3633:1883  [E1883]  16              push    ss
    3633:1884  [E1884]  57              push    di
    3633:1885  [E1885]  9a6f001de3      lcall   strncpy_far  ; 0xe31d, 0x6f
    3633:188A  [E188A]  83c406          add     sp, 6
    3633:188D  [E188D]  bf2800          mov     di, 0x28
    3633:1890  [E1890]  57              push    di
    3633:1891  [E1891]  ba7bff          mov     dx, 0xff7b
    3633:1894  [E1894]  52              push    dx
    3633:1895  [E1895]  bb8607          mov     bx, 0x786
    3633:1898  [E1898]  53              push    bx
    3633:1899  [E1899]  8d7ece          lea     di, [bp - 0x32]
    3633:189C  [E189C]  16              push    ss
    3633:189D  [E189D]  57              push    di
    3633:189E  [E189E]  9a0c001de3      lcall   strncat_far  ; 0xe31d, 0xc
    3633:18A3  [E18A3]  83c406          add     sp, 6
    3633:18A6  [E18A6]  bf2800          mov     di, 0x28
    3633:18A9  [E18A9]  57              push    di
    3633:18AA  [E18AA]  8b7ef6          mov     di, word ptr [bp - 0xa]
    3633:18AD  [E18AD]  d1ef            shr     di, 1
    3633:18AF  [E18AF]  d1ef            shr     di, 1
    3633:18B1  [E18B1]  d1ef            shr     di, 1
    3633:18B3  [E18B3]  d1ef            shr     di, 1
    3633:18B5  [E18B5]  d1ef            shr     di, 1
    3633:18B7  [E18B7]  d1ef            shr     di, 1
    3633:18B9  [E18B9]  d1ef            shr     di, 1
    3633:18BB  [E18BB]  d1ef            shr     di, 1
    3633:18BD  [E18BD]  57              push    di
    3633:18BE  [E18BE]  9afb021de3      lcall   format_byte_hex  ; 0xe31d, 0x2fb
    3633:18C3  [E18C3]  06              push    es
    3633:18C4  [E18C4]  53              push    bx
    3633:18C5  [E18C5]  8d7ece          lea     di, [bp - 0x32]
    3633:18C8  [E18C8]  16              push    ss
    3633:18C9  [E18C9]  57              push    di
    3633:18CA  [E18CA]  9a0c001de3      lcall   strncat_far  ; 0xe31d, 0xc
    3633:18CF  [E18CF]  83c406          add     sp, 6
    3633:18D2  [E18D2]  bf2800          mov     di, 0x28
    3633:18D5  [E18D5]  57              push    di
    3633:18D6  [E18D6]  ff76f6          push    word ptr [bp - 0xa]
    3633:18D9  [E18D9]  9afb021de3      lcall   format_byte_hex  ; 0xe31d, 0x2fb
    3633:18DE  [E18DE]  06              push    es
    3633:18DF  [E18DF]  53              push    bx
    3633:18E0  [E18E0]  8d7ece          lea     di, [bp - 0x32]
    3633:18E3  [E18E3]  16              push    ss
    3633:18E4  [E18E4]  57              push    di
    3633:18E5  [E18E5]  eb03            jmp     L_E18EA  ; 0x3aa
L_E18E7:
    3633:18E7  [E18E7]  e98600          jmp     L_E1970  ; 0x430
L_E18EA:
    3633:18EA  [E18EA]  9a0c001de3      lcall   strncat_far  ; 0xe31d, 0xc
    3633:18EF  [E18EF]  83c406          add     sp, 6
    3633:18F2  [E18F2]  bf2800          mov     di, 0x28
    3633:18F5  [E18F5]  57              push    di
    3633:18F6  [E18F6]  bf7bff          mov     di, 0xff7b
    3633:18F9  [E18F9]  57              push    di
    3633:18FA  [E18FA]  ba8807          mov     dx, 0x788
    3633:18FD  [E18FD]  52              push    dx
    3633:18FE  [E18FE]  8d5ece          lea     bx, [bp - 0x32]
    3633:1901  [E1901]  16              push    ss
    3633:1902  [E1902]  53              push    bx
    3633:1903  [E1903]  9a0c001de3      lcall   strncat_far  ; 0xe31d, 0xc
    3633:1908  [E1908]  83c406          add     sp, 6
    3633:190B  [E190B]  bf2800          mov     di, 0x28
    3633:190E  [E190E]  57              push    di
    3633:190F  [E190F]  c47e0a          les     di, ptr [bp + 0xa]
    3633:1912  [E1912]  268a15          mov     dl, byte ptr es:[di]
    3633:1915  [E1915]  2af6            sub     dh, dh
    3633:1917  [E1917]  52              push    dx
    3633:1918  [E1918]  9afb021de3      lcall   format_byte_hex  ; 0xe31d, 0x2fb
    3633:191D  [E191D]  06              push    es
    3633:191E  [E191E]  53              push    bx
    3633:191F  [E191F]  8d7ece          lea     di, [bp - 0x32]
    3633:1922  [E1922]  16              push    ss
    3633:1923  [E1923]  57              push    di
    3633:1924  [E1924]  9a0c001de3      lcall   strncat_far  ; 0xe31d, 0xc
    3633:1929  [E1929]  83c406          add     sp, 6
    3633:192C  [E192C]  bf2800          mov     di, 0x28
    3633:192F  [E192F]  57              push    di
    3633:1930  [E1930]  c47e0a          les     di, ptr [bp + 0xa]
    3633:1933  [E1933]  268a5501        mov     dl, byte ptr es:[di + 1]
    3633:1937  [E1937]  2af6            sub     dh, dh
    3633:1939  [E1939]  52              push    dx
    3633:193A  [E193A]  9afb021de3      lcall   format_byte_hex  ; 0xe31d, 0x2fb
    3633:193F  [E193F]  06              push    es
    3633:1940  [E1940]  53              push    bx
    3633:1941  [E1941]  8d7ece          lea     di, [bp - 0x32]
    3633:1944  [E1944]  16              push    ss
    3633:1945  [E1945]  57              push    di
    3633:1946  [E1946]  9a0c001de3      lcall   strncat_far  ; 0xe31d, 0xc
    3633:194B  [E194B]  83c406          add     sp, 6
    3633:194E  [E194E]  2bff            sub     di, di
    3633:1950  [E1950]  57              push    di
    3633:1951  [E1951]  ba7bff          mov     dx, 0xff7b
    3633:1954  [E1954]  52              push    dx
    3633:1955  [E1955]  bb8d07          mov     bx, 0x78d
    3633:1958  [E1958]  53              push    bx
    3633:1959  [E1959]  8d46ce          lea     ax, [bp - 0x32]
    3633:195C  [E195C]  16              push    ss
    3633:195D  [E195D]  50              push    ax
    3633:195E  [E195E]  c45606          les     dx, ptr [bp + 6]
    3633:1961  [E1961]  06              push    es
    3633:1962  [E1962]  52              push    dx
    3633:1963  [E1963]  9a04016be0      lcall   print_selftest_report_line  ; 0xe06b, 0x104
    3633:1968  [E1968]  83c40a          add     sp, 0xa
    3633:196B  [E196B]  c746f80200      mov     word ptr [bp - 8], 2
L_E1970:
    3633:1970  [E1970]  8b46f8          mov     ax, word ptr [bp - 8]
    3633:1973  [E1973]  8be5            mov     sp, bp
    3633:1975  [E1975]  5d              pop     bp
    3633:1976  [E1976]  ca0400          retf    4

selftest_acq_ram:
    3633:1B16  [E1B16]  55              push    bp
    3633:1B17  [E1B17]  8bec            mov     bp, sp
    3633:1B19  [E1B19]  83ec08          sub     sp, 8
    3633:1B1C  [E1B1C]  c746f80000      mov     word ptr [bp - 8], 0
    3633:1B21  [E1B21]  bfff00          mov     di, 0xff
    3633:1B24  [E1B24]  57              push    di
    3633:1B25  [E1B25]  bf0200          mov     di, 2
    3633:1B28  [E1B28]  57              push    di
    3633:1B29  [E1B29]  c43e1e03        les     di, ptr [0x31e]
    3633:1B2D  [E1B2D]  8d95fe0f        lea     dx, [di + 0xffe]
    3633:1B31  [E1B31]  06              push    es
    3633:1B32  [E1B32]  52              push    dx
    3633:1B33  [E1B33]  c41e1e03        les     bx, ptr [0x31e]
    3633:1B37  [E1B37]  06              push    es
    3633:1B38  [E1B38]  53              push    bx
    3633:1B39  [E1B39]  b80a00          mov     ax, 0xa
    3633:1B3C  [E1B3C]  50              push    ax
    3633:1B3D  [E1B3D]  b87bff          mov     ax, 0xff7b
    3633:1B40  [E1B40]  50              push    ax
    3633:1B41  [E1B41]  ba4807          mov     dx, 0x748
    3633:1B44  [E1B44]  52              push    dx
    3633:1B45  [E1B45]  9a190297e1      lcall   ram_pattern_test  ; 0xe197, 0x219
    3633:1B4A  [E1B4A]  83c40e          add     sp, 0xe
    3633:1B4D  [E1B4D]  8946f8          mov     word ptr [bp - 8], ax
    3633:1B50  [E1B50]  bfff00          mov     di, 0xff
    3633:1B53  [E1B53]  57              push    di
    3633:1B54  [E1B54]  bf0200          mov     di, 2
    3633:1B57  [E1B57]  57              push    di
    3633:1B58  [E1B58]  c43e1e03        les     di, ptr [0x31e]
    3633:1B5C  [E1B5C]  8d95ff0f        lea     dx, [di + 0xfff]
    3633:1B60  [E1B60]  06              push    es
    3633:1B61  [E1B61]  52              push    dx
    3633:1B62  [E1B62]  c41e1e03        les     bx, ptr [0x31e]
    3633:1B66  [E1B66]  8d5701          lea     dx, [bx + 1]
    3633:1B69  [E1B69]  06              push    es
    3633:1B6A  [E1B6A]  52              push    dx
    3633:1B6B  [E1B6B]  b80b00          mov     ax, 0xb
    3633:1B6E  [E1B6E]  50              push    ax
    3633:1B6F  [E1B6F]  b87bff          mov     ax, 0xff7b
    3633:1B72  [E1B72]  50              push    ax
    3633:1B73  [E1B73]  bf5507          mov     di, 0x755
    3633:1B76  [E1B76]  57              push    di
    3633:1B77  [E1B77]  9a190297e1      lcall   ram_pattern_test  ; 0xe197, 0x219
    3633:1B7C  [E1B7C]  83c40e          add     sp, 0xe
    3633:1B7F  [E1B7F]  0946f8          or      word ptr [bp - 8], ax
    3633:1B82  [E1B82]  8b46f8          mov     ax, word ptr [bp - 8]
    3633:1B85  [E1B85]  8be5            mov     sp, bp
    3633:1B87  [E1B87]  5d              pop     bp
    3633:1B88  [E1B88]  cb              retf    
ram_pattern_test:
    3633:1B89  [E1B89]  55              push    bp
    3633:1B8A  [E1B8A]  8bec            mov     bp, sp
    3633:1B8C  [E1B8C]  83ec36          sub     sp, 0x36
    3633:1B8F  [E1B8F]  56              push    si
    3633:1B90  [E1B90]  51              push    cx
    3633:1B91  [E1B91]  c746f20100      mov     word ptr [bp - 0xe], 1
    3633:1B96  [E1B96]  b9aa00          mov     cx, 0xaa
    3633:1B99  [E1B99]  e97200          jmp     L_E1C0E  ; 0x29e
L_E1B9C:
    3633:1B9C  [E1B9C]  8bf1            mov     si, cx
    3633:1B9E  [E1B9E]  c47e0c          les     di, ptr [bp + 0xc]
    3633:1BA1  [E1BA1]  897ef6          mov     word ptr [bp - 0xa], di
    3633:1BA4  [E1BA4]  8c46f8          mov     word ptr [bp - 8], es
    3633:1BA7  [E1BA7]  e91400          jmp     L_E1BBE  ; 0x24e
L_E1BAA:
    3633:1BAA  [E1BAA]  c47ef6          les     di, ptr [bp - 0xa]
    3633:1BAD  [E1BAD]  8bd6            mov     dx, si
    3633:1BAF  [E1BAF]  268815          mov     byte ptr es:[di], dl
    3633:1BB2  [E1BB2]  8b5e14          mov     bx, word ptr [bp + 0x14]
    3633:1BB5  [E1BB5]  015ef6          add     word ptr [bp - 0xa], bx
    3633:1BB8  [E1BB8]  8bc6            mov     ax, si
    3633:1BBA  [E1BBA]  f7d0            not     ax
    3633:1BBC  [E1BBC]  8bf0            mov     si, ax
L_E1BBE:
    3633:1BBE  [E1BBE]  8b7ef6          mov     di, word ptr [bp - 0xa]
    3633:1BC1  [E1BC1]  8b5610          mov     dx, word ptr [bp + 0x10]
    3633:1BC4  [E1BC4]  3bfa            cmp     di, dx
    3633:1BC6  [E1BC6]  76e2            jbe     L_E1BAA  ; 0x23a
    3633:1BC8  [E1BC8]  8bf1            mov     si, cx
    3633:1BCA  [E1BCA]  c47e0c          les     di, ptr [bp + 0xc]
    3633:1BCD  [E1BCD]  897ef6          mov     word ptr [bp - 0xa], di
    3633:1BD0  [E1BD0]  8c46f8          mov     word ptr [bp - 8], es
    3633:1BD3  [E1BD3]  e92b00          jmp     L_E1C01  ; 0x291
L_E1BD6:
    3633:1BD6  [E1BD6]  c47ef6          les     di, ptr [bp - 0xa]
    3633:1BD9  [E1BD9]  268a15          mov     dl, byte ptr es:[di]
    3633:1BDC  [E1BDC]  2af6            sub     dh, dh
    3633:1BDE  [E1BDE]  8956f4          mov     word ptr [bp - 0xc], dx
    3633:1BE1  [E1BE1]  235616          and     dx, word ptr [bp + 0x16]
    3633:1BE4  [E1BE4]  8bde            mov     bx, si
    3633:1BE6  [E1BE6]  235e16          and     bx, word ptr [bp + 0x16]
    3633:1BE9  [E1BE9]  3bd3            cmp     dx, bx
    3633:1BEB  [E1BEB]  7408            je      L_E1BF5  ; 0x285
    3633:1BED  [E1BED]  c746f20200      mov     word ptr [bp - 0xe], 2
    3633:1BF2  [E1BF2]  e91f00          jmp     L_E1C14  ; 0x2a4
L_E1BF5:
    3633:1BF5  [E1BF5]  8b7e14          mov     di, word ptr [bp + 0x14]
    3633:1BF8  [E1BF8]  017ef6          add     word ptr [bp - 0xa], di
    3633:1BFB  [E1BFB]  8bd6            mov     dx, si
    3633:1BFD  [E1BFD]  f7d2            not     dx
    3633:1BFF  [E1BFF]  8bf2            mov     si, dx
L_E1C01:
    3633:1C01  [E1C01]  8b7ef6          mov     di, word ptr [bp - 0xa]
    3633:1C04  [E1C04]  8b5610          mov     dx, word ptr [bp + 0x10]
    3633:1C07  [E1C07]  3bfa            cmp     di, dx
    3633:1C09  [E1C09]  76cb            jbe     L_E1BD6  ; 0x266
    3633:1C0B  [E1C0B]  b95500          mov     cx, 0x55
L_E1C0E:
    3633:1C0E  [E1C0E]  81f9aa00        cmp     cx, 0xaa
    3633:1C12  [E1C12]  7488            je      L_E1B9C  ; 0x22c
L_E1C14:
    3633:1C14  [E1C14]  837ef201        cmp     word ptr [bp - 0xe], 1
    3633:1C18  [E1C18]  7477            je      L_E1C91  ; 0x321
    3633:1C1A  [E1C1A]  bf2800          mov     di, 0x28
    3633:1C1D  [E1C1D]  57              push    di
    3633:1C1E  [E1C1E]  bf7bff          mov     di, 0xff7b
    3633:1C21  [E1C21]  57              push    di
    3633:1C22  [E1C22]  ba6107          mov     dx, 0x761
    3633:1C25  [E1C25]  52              push    dx
    3633:1C26  [E1C26]  8d5eca          lea     bx, [bp - 0x36]
    3633:1C29  [E1C29]  16              push    ss
    3633:1C2A  [E1C2A]  53              push    bx
    3633:1C2B  [E1C2B]  9a6f001de3      lcall   strncpy_far  ; 0xe31d, 0x6f
    3633:1C30  [E1C30]  83c406          add     sp, 6
    3633:1C33  [E1C33]  bf2800          mov     di, 0x28
    3633:1C36  [E1C36]  57              push    di
    3633:1C37  [E1C37]  c47ef6          les     di, ptr [bp - 0xa]
    3633:1C3A  [E1C3A]  06              push    es
    3633:1C3B  [E1C3B]  57              push    di
    3633:1C3C  [E1C3C]  9aaf02a8e6      lcall   seg_off_to_linear  ; 0xe6a8, 0x2af
    3633:1C41  [E1C41]  50              push    ax
    3633:1C42  [E1C42]  9aa2011de3      lcall   format_hex_word  ; 0xe31d, 0x1a2
    3633:1C47  [E1C47]  06              push    es
    3633:1C48  [E1C48]  53              push    bx
    3633:1C49  [E1C49]  8d7eca          lea     di, [bp - 0x36]
    3633:1C4C  [E1C4C]  16              push    ss
    3633:1C4D  [E1C4D]  57              push    di
    3633:1C4E  [E1C4E]  9a0c001de3      lcall   strncat_far  ; 0xe31d, 0xc
    3633:1C53  [E1C53]  83c406          add     sp, 6
    3633:1C56  [E1C56]  bf2800          mov     di, 0x28
    3633:1C59  [E1C59]  57              push    di
    3633:1C5A  [E1C5A]  ff76f4          push    word ptr [bp - 0xc]
    3633:1C5D  [E1C5D]  9aa2011de3      lcall   format_hex_word  ; 0xe31d, 0x1a2
    3633:1C62  [E1C62]  06              push    es
    3633:1C63  [E1C63]  53              push    bx
    3633:1C64  [E1C64]  8d7eca          lea     di, [bp - 0x36]
    3633:1C67  [E1C67]  16              push    ss
    3633:1C68  [E1C68]  57              push    di
    3633:1C69  [E1C69]  9a0c001de3      lcall   strncat_far  ; 0xe31d, 0xc
    3633:1C6E  [E1C6E]  83c406          add     sp, 6
    3633:1C71  [E1C71]  bf2800          mov     di, 0x28
    3633:1C74  [E1C74]  57              push    di
    3633:1C75  [E1C75]  bf7bff          mov     di, 0xff7b
    3633:1C78  [E1C78]  57              push    di
    3633:1C79  [E1C79]  ba6407          mov     dx, 0x764
    3633:1C7C  [E1C7C]  52              push    dx
    3633:1C7D  [E1C7D]  8d5eca          lea     bx, [bp - 0x36]
    3633:1C80  [E1C80]  16              push    ss
    3633:1C81  [E1C81]  53              push    bx
    3633:1C82  [E1C82]  9a0c001de3      lcall   strncat_far  ; 0xe31d, 0xc
    3633:1C87  [E1C87]  83c406          add     sp, 6
    3633:1C8A  [E1C8A]  ff760a          push    word ptr [bp + 0xa]
    3633:1C8D  [E1C8D]  8bfe            mov     di, si
    3633:1C8F  [E1C8F]  eb03            jmp     L_E1C94  ; 0x324
L_E1C91:
    3633:1C91  [E1C91]  e91d00          jmp     L_E1CB1  ; 0x341
L_E1C94:
    3633:1C94  [E1C94]  237e16          and     di, word ptr [bp + 0x16]
    3633:1C97  [E1C97]  57              push    di
    3633:1C98  [E1C98]  9aa2011de3      lcall   format_hex_word  ; 0xe31d, 0x1a2
    3633:1C9D  [E1C9D]  06              push    es
    3633:1C9E  [E1C9E]  53              push    bx
    3633:1C9F  [E1C9F]  8d7eca          lea     di, [bp - 0x36]
    3633:1CA2  [E1CA2]  16              push    ss
    3633:1CA3  [E1CA3]  57              push    di
    3633:1CA4  [E1CA4]  c45606          les     dx, ptr [bp + 6]
    3633:1CA7  [E1CA7]  06              push    es
    3633:1CA8  [E1CA8]  52              push    dx
    3633:1CA9  [E1CA9]  9a04016be0      lcall   print_selftest_report_line  ; 0xe06b, 0x104
    3633:1CAE  [E1CAE]  83c40a          add     sp, 0xa
L_E1CB1:
    3633:1CB1  [E1CB1]  8b46f2          mov     ax, word ptr [bp - 0xe]
    3633:1CB4  [E1CB4]  59              pop     cx
    3633:1CB5  [E1CB5]  5e              pop     si
    3633:1CB6  [E1CB6]  8be5            mov     sp, bp
    3633:1CB8  [E1CB8]  5d              pop     bp
    3633:1CB9  [E1CB9]  ca0400          retf    4

selftest_comm_loopback_a:
    3633:1D28  [E1D28]  55              push    bp
    3633:1D29  [E1D29]  8bec            mov     bp, sp
    3633:1D2B  [E1D2B]  83ec06          sub     sp, 6
    3633:1D2E  [E1D2E]  9a610ab1e3      lcall   check_comm_installed_gate  ; 0xe3b1, 0xa61
    3633:1D33  [E1D33]  3d0000          cmp     ax, 0
    3633:1D36  [E1D36]  7406            je      L_E1D3E  ; 0x8e
    3633:1D38  [E1D38]  b82000          mov     ax, 0x20
    3633:1D3B  [E1D3B]  e90500          jmp     L_E1D43  ; 0x93
L_E1D3E:
    3633:1D3E  [E1D3E]  9a0004cbe1      lcall   selftest_comm_readback  ; 0xe1cb, 0x400
L_E1D43:
    3633:1D43  [E1D43]  8be5            mov     sp, bp
    3633:1D45  [E1D45]  5d              pop     bp
    3633:1D46  [E1D46]  cb              retf    

selftest_comm_loopback_b:
    3633:1DB3  [E1DB3]  55              push    bp
    3633:1DB4  [E1DB4]  8bec            mov     bp, sp
    3633:1DB6  [E1DB6]  83ec06          sub     sp, 6
    3633:1DB9  [E1DB9]  9a610ab1e3      lcall   check_comm_installed_gate  ; 0xe3b1, 0xa61
    3633:1DBE  [E1DBE]  3d0000          cmp     ax, 0
    3633:1DC1  [E1DC1]  7406            je      L_E1DC9  ; 0x119
    3633:1DC3  [E1DC3]  b82000          mov     ax, 0x20
    3633:1DC6  [E1DC6]  e90500          jmp     L_E1DCE  ; 0x11e
L_E1DC9:
    3633:1DC9  [E1DC9]  9a0c03cbe1      lcall   selftest_comm_fget_flag  ; 0xe1cb, 0x30c
L_E1DCE:
    3633:1DCE  [E1DCE]  8be5            mov     sp, bp
    3633:1DD0  [E1DD0]  5d              pop     bp
    3633:1DD1  [E1DD1]  cb              retf    

selftest_comm_rom:
    3633:1E3E  [E1E3E]  55              push    bp
    3633:1E3F  [E1E3F]  8bec            mov     bp, sp
    3633:1E41  [E1E41]  83ec06          sub     sp, 6
    3633:1E44  [E1E44]  9a610ab1e3      lcall   check_comm_installed_gate  ; 0xe3b1, 0xa61
    3633:1E49  [E1E49]  3d0000          cmp     ax, 0
    3633:1E4C  [E1E4C]  7406            je      L_E1E54  ; 0x1a4
    3633:1E4E  [E1E4E]  b82000          mov     ax, 0x20
    3633:1E51  [E1E51]  e93800          jmp     L_E1E8C  ; 0x1dc
L_E1E54:
    3633:1E54  [E1E54]  b8ff7f          mov     ax, 0x7fff
    3633:1E57  [E1E57]  ba0090          mov     dx, 0x9000
    3633:1E5A  [E1E5A]  52              push    dx
    3633:1E5B  [E1E5B]  50              push    ax
    3633:1E5C  [E1E5C]  b80000          mov     ax, 0
    3633:1E5F  [E1E5F]  ba0090          mov     dx, 0x9000
    3633:1E62  [E1E62]  52              push    dx
    3633:1E63  [E1E63]  50              push    ax
    3633:1E64  [E1E64]  b8ff7f          mov     ax, 0x7fff
    3633:1E67  [E1E67]  ba0080          mov     dx, 0x8000
    3633:1E6A  [E1E6A]  52              push    dx
    3633:1E6B  [E1E6B]  50              push    ax
    3633:1E6C  [E1E6C]  b80200          mov     ax, 2
    3633:1E6F  [E1E6F]  ba0080          mov     dx, 0x8000
    3633:1E72  [E1E72]  52              push    dx
    3633:1E73  [E1E73]  50              push    ax
    3633:1E74  [E1E74]  b80000          mov     ax, 0
    3633:1E77  [E1E77]  ba0080          mov     dx, 0x8000
    3633:1E7A  [E1E7A]  52              push    dx
    3633:1E7B  [E1E7B]  50              push    ax
    3633:1E7C  [E1E7C]  bf7bff          mov     di, 0xff7b
    3633:1E7F  [E1E7F]  57              push    di
    3633:1E80  [E1E80]  bbae06          mov     bx, 0x6ae
    3633:1E83  [E1E83]  53              push    bx
    3633:1E84  [E1E84]  9ad60254e1      lcall   verify_rom_checksum_and_report  ; 0xe154, 0x2d6
    3633:1E89  [E1E89]  83c414          add     sp, 0x14
L_E1E8C:
    3633:1E8C  [E1E8C]  8be5            mov     sp, bp
    3633:1E8E  [E1E8E]  5d              pop     bp
    3633:1E8F  [E1E8F]  cb              retf    
selftest_comm_ram:
    3633:1E90  [E1E90]  55              push    bp
    3633:1E91  [E1E91]  8bec            mov     bp, sp
    3633:1E93  [E1E93]  83ec10          sub     sp, 0x10
    3633:1E96  [E1E96]  9a610ab1e3      lcall   check_comm_installed_gate  ; 0xe3b1, 0xa61
    3633:1E9B  [E1E9B]  3d0000          cmp     ax, 0
    3633:1E9E  [E1E9E]  7406            je      L_E1EA6  ; 0x1f6
    3633:1EA0  [E1EA0]  b82000          mov     ax, 0x20
    3633:1EA3  [E1EA3]  e96e00          jmp     L_E1F14  ; 0x264
L_E1EA6:
    3633:1EA6  [E1EA6]  bfff00          mov     di, 0xff
    3633:1EA9  [E1EA9]  57              push    di
    3633:1EAA  [E1EAA]  ba0100          mov     dx, 1
    3633:1EAD  [E1EAD]  52              push    dx
    3633:1EAE  [E1EAE]  b8ff07          mov     ax, 0x7ff
    3633:1EB1  [E1EB1]  ba808f          mov     dx, 0x8f80
    3633:1EB4  [E1EB4]  52              push    dx
    3633:1EB5  [E1EB5]  50              push    ax
    3633:1EB6  [E1EB6]  b80000          mov     ax, 0
    3633:1EB9  [E1EB9]  ba808f          mov     dx, 0x8f80
    3633:1EBC  [E1EBC]  52              push    dx
    3633:1EBD  [E1EBD]  50              push    ax
    3633:1EBE  [E1EBE]  2bff            sub     di, di
    3633:1EC0  [E1EC0]  57              push    di
    3633:1EC1  [E1EC1]  bb7bff          mov     bx, 0xff7b
    3633:1EC4  [E1EC4]  53              push    bx
    3633:1EC5  [E1EC5]  bab706          mov     dx, 0x6b7
    3633:1EC8  [E1EC8]  52              push    dx
    3633:1EC9  [E1EC9]  9a190297e1      lcall   ram_pattern_test  ; 0xe197, 0x219
    3633:1ECE  [E1ECE]  83c40e          add     sp, 0xe
    3633:1ED1  [E1ED1]  8946f8          mov     word ptr [bp - 8], ax
    3633:1ED4  [E1ED4]  b80000          mov     ax, 0
    3633:1ED7  [E1ED7]  ba808f          mov     dx, 0x8f80
    3633:1EDA  [E1EDA]  8946f4          mov     word ptr [bp - 0xc], ax
    3633:1EDD  [E1EDD]  8956f6          mov     word ptr [bp - 0xa], dx
    3633:1EE0  [E1EE0]  b8ff07          mov     ax, 0x7ff
    3633:1EE3  [E1EE3]  ba808f          mov     dx, 0x8f80
    3633:1EE6  [E1EE6]  8946f0          mov     word ptr [bp - 0x10], ax
    3633:1EE9  [E1EE9]  8956f2          mov     word ptr [bp - 0xe], dx
    3633:1EEC  [E1EEC]  e90a00          jmp     L_E1EF9  ; 0x249
L_E1EEF:
    3633:1EEF  [E1EEF]  c47ef4          les     di, ptr [bp - 0xc]
    3633:1EF2  [E1EF2]  ff46f4          inc     word ptr [bp - 0xc]
    3633:1EF5  [E1EF5]  26c60500        mov     byte ptr es:[di], 0
L_E1EF9:
    3633:1EF9  [E1EF9]  8b7ef4          mov     di, word ptr [bp - 0xc]
    3633:1EFC  [E1EFC]  8b56f0          mov     dx, word ptr [bp - 0x10]
    3633:1EFF  [E1EFF]  3bfa            cmp     di, dx
    3633:1F01  [E1F01]  72ec            jb      L_E1EEF  ; 0x23f
    3633:1F03  [E1F03]  9a03001380      lcall   init_far_pointer_table  ; 0x8013, 3
    3633:1F08  [E1F08]  bf4100          mov     di, 0x41
    3633:1F0B  [E1F0B]  57              push    di
    3633:1F0C  [E1F0C]  9a080007f0      lcall   scale_and_plot_point_default  ; 0xf007, 8
    3633:1F11  [E1F11]  8b46f8          mov     ax, word ptr [bp - 8]
L_E1F14:
    3633:1F14  [E1F14]  8be5            mov     sp, bp
    3633:1F16  [E1F16]  5d              pop     bp
    3633:1F17  [E1F17]  cb              retf    
selftest_cmos:
    3633:1F18  [E1F18]  55              push    bp
    3633:1F19  [E1F19]  8bec            mov     bp, sp
    3633:1F1B  [E1F1B]  83ec2e          sub     sp, 0x2e
    3633:1F1E  [E1F1E]  56              push    si
    3633:1F1F  [E1F1F]  2bf6            sub     si, si
    3633:1F21  [E1F21]  a0f91b          mov     al, byte ptr [0x1bf9]
    3633:1F24  [E1F24]  2ae4            sub     ah, ah
    3633:1F26  [E1F26]  250200          and     ax, 2
    3633:1F29  [E1F29]  3d0000          cmp     ax, 0
    3633:1F2C  [E1F2C]  7506            jne     L_E1F34  ; 0x284
    3633:1F2E  [E1F2E]  b82000          mov     ax, 0x20
    3633:1F31  [E1F31]  e98300          jmp     L_E1FB7  ; 0x307
L_E1F34:
    3633:1F34  [E1F34]  803e831b1e      cmp     byte ptr [0x1b83], 0x1e
    3633:1F39  [E1F39]  7429            je      L_E1F64  ; 0x2b4
    3633:1F3B  [E1F3B]  2bff            sub     di, di
    3633:1F3D  [E1F3D]  57              push    di
    3633:1F3E  [E1F3E]  ba7bff          mov     dx, 0xff7b
    3633:1F41  [E1F41]  52              push    dx
    3633:1F42  [E1F42]  bbd406          mov     bx, 0x6d4
    3633:1F45  [E1F45]  53              push    bx
    3633:1F46  [E1F46]  b87bff          mov     ax, 0xff7b
    3633:1F49  [E1F49]  50              push    ax
    3633:1F4A  [E1F4A]  bac106          mov     dx, 0x6c1
    3633:1F4D  [E1F4D]  52              push    dx
    3633:1F4E  [E1F4E]  ba7bff          mov     dx, 0xff7b
    3633:1F51  [E1F51]  52              push    dx
    3633:1F52  [E1F52]  bac006          mov     dx, 0x6c0
    3633:1F55  [E1F55]  52              push    dx
    3633:1F56  [E1F56]  9a04016be0      lcall   print_selftest_report_line  ; 0xe06b, 0x104
    3633:1F5B  [E1F5B]  83c40a          add     sp, 0xa
    3633:1F5E  [E1F5E]  b80200          mov     ax, 2
    3633:1F61  [E1F61]  e95300          jmp     L_E1FB7  ; 0x307
L_E1F64:
    3633:1F64  [E1F64]  9a660d7194      lcall   SUB_95476  ; 0x9471, 0xd66
    3633:1F69  [E1F69]  8bf0            mov     si, ax
    3633:1F6B  [E1F6B]  bf4100          mov     di, 0x41
    3633:1F6E  [E1F6E]  57              push    di
    3633:1F6F  [E1F6F]  9a080007f0      lcall   scale_and_plot_point_default  ; 0xf007, 8
    3633:1F74  [E1F74]  83fe00          cmp     si, 0
    3633:1F77  [E1F77]  743b            je      L_E1FB4  ; 0x304
    3633:1F79  [E1F79]  2bff            sub     di, di
    3633:1F7B  [E1F7B]  57              push    di
    3633:1F7C  [E1F7C]  ba7bff          mov     dx, 0xff7b
    3633:1F7F  [E1F7F]  52              push    dx
    3633:1F80  [E1F80]  bbef06          mov     bx, 0x6ef
    3633:1F83  [E1F83]  53              push    bx
    3633:1F84  [E1F84]  83fe00          cmp     si, 0
    3633:1F87  [E1F87]  7d0b            jge     L_E1F94  ; 0x2e4
    3633:1F89  [E1F89]  b87bff          mov     ax, 0xff7b
    3633:1F8C  [E1F8C]  8ec0            mov     es, ax
    3633:1F8E  [E1F8E]  b8da06          mov     ax, 0x6da
    3633:1F91  [E1F91]  e90800          jmp     L_E1F9C  ; 0x2ec
L_E1F94:
    3633:1F94  [E1F94]  bf7bff          mov     di, 0xff7b
    3633:1F97  [E1F97]  8ec7            mov     es, di
    3633:1F99  [E1F99]  b8e506          mov     ax, 0x6e5
L_E1F9C:
    3633:1F9C  [E1F9C]  06              push    es
    3633:1F9D  [E1F9D]  50              push    ax
    3633:1F9E  [E1F9E]  bf7bff          mov     di, 0xff7b
    3633:1FA1  [E1FA1]  57              push    di
    3633:1FA2  [E1FA2]  bad506          mov     dx, 0x6d5
    3633:1FA5  [E1FA5]  52              push    dx
    3633:1FA6  [E1FA6]  9a04016be0      lcall   print_selftest_report_line  ; 0xe06b, 0x104
    3633:1FAB  [E1FAB]  83c40a          add     sp, 0xa
    3633:1FAE  [E1FAE]  b80200          mov     ax, 2
    3633:1FB1  [E1FB1]  e90300          jmp     L_E1FB7  ; 0x307
L_E1FB4:
    3633:1FB4  [E1FB4]  b80100          mov     ax, 1
L_E1FB7:
    3633:1FB7  [E1FB7]  5e              pop     si
    3633:1FB8  [E1FB8]  8be5            mov     sp, bp
    3633:1FBA  [E1FBA]  5d              pop     bp
    3633:1FBB  [E1FBB]  cb              retf    
selftest_comm_fget_flag:
    3633:1FBC  [E1FBC]  55              push    bp
    3633:1FBD  [E1FBD]  8bec            mov     bp, sp
    3633:1FBF  [E1FBF]  83ec08          sub     sp, 8
    3633:1FC2  [E1FC2]  c746f80100      mov     word ptr [bp - 8], 1
    3633:1FC7  [E1FC7]  803efa1b00      cmp     byte ptr [0x1bfa], 0
    3633:1FCC  [E1FCC]  750d            jne     L_E1FDB  ; 0x32b
    3633:1FCE  [E1FCE]  803e7a1b00      cmp     byte ptr [0x1b7a], 0
    3633:1FD3  [E1FD3]  7478            je      L_E204D  ; 0x39d
    3633:1FD5  [E1FD5]  b88000          mov     ax, 0x80
    3633:1FD8  [E1FD8]  e9d100          jmp     L_E20AC  ; 0x3fc
L_E1FDB:
    3633:1FDB  [E1FDB]  b8f006          mov     ax, 0x6f0
    3633:1FDE  [E1FDE]  ba0040          mov     dx, 0x4000
    3633:1FE1  [E1FE1]  8ec2            mov     es, dx
    3633:1FE3  [E1FE3]  8bf8            mov     di, ax
    3633:1FE5  [E1FE5]  26c6450386      mov     byte ptr es:[di + 3], 0x86
    3633:1FEA  [E1FEA]  b87c06          mov     ax, 0x67c
    3633:1FED  [E1FED]  ba0040          mov     dx, 0x4000
    3633:1FF0  [E1FF0]  8bd8            mov     bx, ax
    3633:1FF2  [E1FF2]  8ec2            mov     es, dx
    3633:1FF4  [E1FF4]  268a17          mov     dl, byte ptr es:[bx]
    3633:1FF7  [E1FF7]  2af6            sub     dh, dh
    3633:1FF9  [E1FF9]  81e20400        and     dx, 4
    3633:1FFD  [E1FFD]  83fa04          cmp     dx, 4
    3633:2000  [E2000]  7519            jne     L_E201B  ; 0x36b
    3633:2002  [E2002]  b8bc06          mov     ax, 0x6bc
    3633:2005  [E2005]  ba0040          mov     dx, 0x4000
    3633:2008  [E2008]  8bf8            mov     di, ax
    3633:200A  [E200A]  8ec2            mov     es, dx
    3633:200C  [E200C]  268a15          mov     dl, byte ptr es:[di]
    3633:200F  [E200F]  2af6            sub     dh, dh
    3633:2011  [E2011]  81e28000        and     dx, 0x80
    3633:2015  [E2015]  81fa8000        cmp     dx, 0x80
    3633:2019  [E2019]  7428            je      L_E2043  ; 0x393
L_E201B:
    3633:201B  [E201B]  2bff            sub     di, di
    3633:201D  [E201D]  57              push    di
    3633:201E  [E201E]  ba7bff          mov     dx, 0xff7b
    3633:2021  [E2021]  52              push    dx
    3633:2022  [E2022]  bb0507          mov     bx, 0x705
    3633:2025  [E2025]  53              push    bx
    3633:2026  [E2026]  b87bff          mov     ax, 0xff7b
    3633:2029  [E2029]  50              push    ax
    3633:202A  [E202A]  baf806          mov     dx, 0x6f8
    3633:202D  [E202D]  52              push    dx
    3633:202E  [E202E]  ba7bff          mov     dx, 0xff7b
    3633:2031  [E2031]  52              push    dx
    3633:2032  [E2032]  baf006          mov     dx, 0x6f0
    3633:2035  [E2035]  52              push    dx
    3633:2036  [E2036]  9a04016be0      lcall   print_selftest_report_line  ; 0xe06b, 0x104
    3633:203B  [E203B]  83c40a          add     sp, 0xa
    3633:203E  [E203E]  c746f80200      mov     word ptr [bp - 8], 2
L_E2043:
    3633:2043  [E2043]  b8f006          mov     ax, 0x6f0
    3633:2046  [E2046]  ba0040          mov     dx, 0x4000
    3633:2049  [E2049]  8ec2            mov     es, dx
    3633:204B  [E204B]  eb03            jmp     L_E2050  ; 0x3a0
L_E204D:
    3633:204D  [E204D]  e95900          jmp     L_E20A9  ; 0x3f9
L_E2050:
    3633:2050  [E2050]  8bf8            mov     di, ax
    3633:2052  [E2052]  26c6450306      mov     byte ptr es:[di + 3], 6
    3633:2057  [E2057]  b87c06          mov     ax, 0x67c
    3633:205A  [E205A]  ba0040          mov     dx, 0x4000
    3633:205D  [E205D]  8bd8            mov     bx, ax
    3633:205F  [E205F]  8ec2            mov     es, dx
    3633:2061  [E2061]  268a17          mov     dl, byte ptr es:[bx]
    3633:2064  [E2064]  80e204          and     dl, 4
    3633:2067  [E2067]  80fa00          cmp     dl, 0
    3633:206A  [E206A]  7515            jne     L_E2081  ; 0x3d1
    3633:206C  [E206C]  b8bc06          mov     ax, 0x6bc
    3633:206F  [E206F]  ba0040          mov     dx, 0x4000
    3633:2072  [E2072]  8bf8            mov     di, ax
    3633:2074  [E2074]  8ec2            mov     es, dx
    3633:2076  [E2076]  268a15          mov     dl, byte ptr es:[di]
    3633:2079  [E2079]  80e280          and     dl, 0x80
    3633:207C  [E207C]  80fa00          cmp     dl, 0
    3633:207F  [E207F]  7428            je      L_E20A9  ; 0x3f9
L_E2081:
    3633:2081  [E2081]  2bff            sub     di, di
    3633:2083  [E2083]  57              push    di
    3633:2084  [E2084]  ba7bff          mov     dx, 0xff7b
    3633:2087  [E2087]  52              push    dx
    3633:2088  [E2088]  bb1d07          mov     bx, 0x71d
    3633:208B  [E208B]  53              push    bx
    3633:208C  [E208C]  b87bff          mov     ax, 0xff7b
    3633:208F  [E208F]  50              push    ax
    3633:2090  [E2090]  ba0e07          mov     dx, 0x70e
    3633:2093  [E2093]  52              push    dx
    3633:2094  [E2094]  ba7bff          mov     dx, 0xff7b
    3633:2097  [E2097]  52              push    dx
    3633:2098  [E2098]  ba0607          mov     dx, 0x706
    3633:209B  [E209B]  52              push    dx
    3633:209C  [E209C]  9a04016be0      lcall   print_selftest_report_line  ; 0xe06b, 0x104
    3633:20A1  [E20A1]  83c40a          add     sp, 0xa
    3633:20A4  [E20A4]  c746f80200      mov     word ptr [bp - 8], 2
L_E20A9:
    3633:20A9  [E20A9]  8b46f8          mov     ax, word ptr [bp - 8]
L_E20AC:
    3633:20AC  [E20AC]  8be5            mov     sp, bp
    3633:20AE  [E20AE]  5d              pop     bp
    3633:20AF  [E20AF]  cb              retf    
selftest_comm_readback:
    3633:20B0  [E20B0]  55              push    bp
    3633:20B1  [E20B1]  8bec            mov     bp, sp
    3633:20B3  [E20B3]  83ec32          sub     sp, 0x32
    3633:20B6  [E20B6]  c746ce0100      mov     word ptr [bp - 0x32], 1
    3633:20BB  [E20BB]  c606fa1b00      mov     byte ptr [0x1bfa], 0
    3633:20C0  [E20C0]  b8f806          mov     ax, 0x6f8
    3633:20C3  [E20C3]  ba0040          mov     dx, 0x4000
    3633:20C6  [E20C6]  8ec2            mov     es, dx
    3633:20C8  [E20C8]  8bf8            mov     di, ax
    3633:20CA  [E20CA]  26c6450300      mov     byte ptr es:[di + 3], 0
    3633:20CF  [E20CF]  b87c06          mov     ax, 0x67c
    3633:20D2  [E20D2]  ba0040          mov     dx, 0x4000
    3633:20D5  [E20D5]  8bd8            mov     bx, ax
    3633:20D7  [E20D7]  8ec2            mov     es, dx
    3633:20D9  [E20D9]  268a17          mov     dl, byte ptr es:[bx]
    3633:20DC  [E20DC]  2af6            sub     dh, dh
    3633:20DE  [E20DE]  81e2c000        and     dx, 0xc0
    3633:20E2  [E20E2]  d1fa            sar     dx, 1
    3633:20E4  [E20E4]  d1fa            sar     dx, 1
    3633:20E6  [E20E6]  8856f9          mov     byte ptr [bp - 7], dl
    3633:20E9  [E20E9]  b8f806          mov     ax, 0x6f8
    3633:20EC  [E20EC]  ba0040          mov     dx, 0x4000
    3633:20EF  [E20EF]  8ec2            mov     es, dx
    3633:20F1  [E20F1]  8bf8            mov     di, ax
    3633:20F3  [E20F3]  26c6450301      mov     byte ptr es:[di + 3], 1
    3633:20F8  [E20F8]  b87c06          mov     ax, 0x67c
    3633:20FB  [E20FB]  ba0040          mov     dx, 0x4000
    3633:20FE  [E20FE]  8bd8            mov     bx, ax
    3633:2100  [E2100]  8ec2            mov     es, dx
    3633:2102  [E2102]  268a17          mov     dl, byte ptr es:[bx]
    3633:2105  [E2105]  80e2c0          and     dl, 0xc0
    3633:2108  [E2108]  0856f9          or      byte ptr [bp - 7], dl
    3633:210B  [E210B]  e9c700          jmp     L_E21D5  ; 0x525
L_E210E:
    3633:210E  [E210E]  c606fa1b01      mov     byte ptr [0x1bfa], 1
    3633:2113  [E2113]  e9e500          jmp     L_E21FB  ; 0x54b
L_E2116:
    3633:2116  [E2116]  bf2800          mov     di, 0x28
    3633:2119  [E2119]  57              push    di
    3633:211A  [E211A]  bf7bff          mov     di, 0xff7b
    3633:211D  [E211D]  57              push    di
    3633:211E  [E211E]  ba1e07          mov     dx, 0x71e
    3633:2121  [E2121]  52              push    dx
    3633:2122  [E2122]  8d5ed0          lea     bx, [bp - 0x30]
    3633:2125  [E2125]  16              push    ss
    3633:2126  [E2126]  53              push    bx
    3633:2127  [E2127]  9a6f001de3      lcall   strncpy_far  ; 0xe31d, 0x6f
    3633:212C  [E212C]  83c406          add     sp, 6
    3633:212F  [E212F]  bf2800          mov     di, 0x28
    3633:2132  [E2132]  57              push    di
    3633:2133  [E2133]  2bff            sub     di, di
    3633:2135  [E2135]  57              push    di
    3633:2136  [E2136]  57              push    di
    3633:2137  [E2137]  ba0200          mov     dx, 2
    3633:213A  [E213A]  52              push    dx
    3633:213B  [E213B]  52              push    dx
    3633:213C  [E213C]  8a5ef9          mov     bl, byte ptr [bp - 7]
    3633:213F  [E213F]  2aff            sub     bh, bh
    3633:2141  [E2141]  81e30c00        and     bx, 0xc
    3633:2145  [E2145]  d1fb            sar     bx, 1
    3633:2147  [E2147]  d1fb            sar     bx, 1
    3633:2149  [E2149]  53              push    bx
    3633:214A  [E214A]  9aaf001de3      lcall   format_number  ; 0xe31d, 0xaf
    3633:214F  [E214F]  83c408          add     sp, 8
    3633:2152  [E2152]  06              push    es
    3633:2153  [E2153]  53              push    bx
    3633:2154  [E2154]  8d7ed0          lea     di, [bp - 0x30]
    3633:2157  [E2157]  16              push    ss
    3633:2158  [E2158]  57              push    di
    3633:2159  [E2159]  9a0c001de3      lcall   strncat_far  ; 0xe31d, 0xc
    3633:215E  [E215E]  83c406          add     sp, 6
    3633:2161  [E2161]  bf2800          mov     di, 0x28
    3633:2164  [E2164]  57              push    di
    3633:2165  [E2165]  bf7bff          mov     di, 0xff7b
    3633:2168  [E2168]  57              push    di
    3633:2169  [E2169]  ba2507          mov     dx, 0x725
    3633:216C  [E216C]  52              push    dx
    3633:216D  [E216D]  8d5ed0          lea     bx, [bp - 0x30]
    3633:2170  [E2170]  16              push    ss
    3633:2171  [E2171]  53              push    bx
    3633:2172  [E2172]  9a0c001de3      lcall   strncat_far  ; 0xe31d, 0xc
    3633:2177  [E2177]  83c406          add     sp, 6
    3633:217A  [E217A]  bf2800          mov     di, 0x28
    3633:217D  [E217D]  57              push    di
    3633:217E  [E217E]  2bff            sub     di, di
    3633:2180  [E2180]  57              push    di
    3633:2181  [E2181]  57              push    di
    3633:2182  [E2182]  ba0200          mov     dx, 2
    3633:2185  [E2185]  52              push    dx
    3633:2186  [E2186]  52              push    dx
    3633:2187  [E2187]  8a56f9          mov     dl, byte ptr [bp - 7]
    3633:218A  [E218A]  2af6            sub     dh, dh
    3633:218C  [E218C]  81e20300        and     dx, 3
    3633:2190  [E2190]  52              push    dx
    3633:2191  [E2191]  9aaf001de3      lcall   format_number  ; 0xe31d, 0xaf
    3633:2196  [E2196]  83c408          add     sp, 8
    3633:2199  [E2199]  06              push    es
    3633:219A  [E219A]  53              push    bx
    3633:219B  [E219B]  8d7ed0          lea     di, [bp - 0x30]
    3633:219E  [E219E]  16              push    ss
    3633:219F  [E219F]  57              push    di
    3633:21A0  [E21A0]  9a0c001de3      lcall   strncat_far  ; 0xe31d, 0xc
    3633:21A5  [E21A5]  83c406          add     sp, 6
    3633:21A8  [E21A8]  2bff            sub     di, di
    3633:21AA  [E21AA]  57              push    di
    3633:21AB  [E21AB]  ba7bff          mov     dx, 0xff7b
    3633:21AE  [E21AE]  52              push    dx
    3633:21AF  [E21AF]  bb3707          mov     bx, 0x737
    3633:21B2  [E21B2]  53              push    bx
    3633:21B3  [E21B3]  8d46d0          lea     ax, [bp - 0x30]
    3633:21B6  [E21B6]  16              push    ss
    3633:21B7  [E21B7]  50              push    ax
    3633:21B8  [E21B8]  ba7bff          mov     dx, 0xff7b
    3633:21BB  [E21BB]  52              push    dx
    3633:21BC  [E21BC]  ba2f07          mov     dx, 0x72f
    3633:21BF  [E21BF]  52              push    dx
    3633:21C0  [E21C0]  9a04016be0      lcall   print_selftest_report_line  ; 0xe06b, 0x104
    3633:21C5  [E21C5]  83c40a          add     sp, 0xa
    3633:21C8  [E21C8]  c746ce0200      mov     word ptr [bp - 0x32], 2
    3633:21CD  [E21CD]  c606f91b00      mov     byte ptr [0x1bf9], 0
    3633:21D2  [E21D2]  e92600          jmp     L_E21FB  ; 0x54b
L_E21D5:
    3633:21D5  [E21D5]  8a56f9          mov     dl, byte ptr [bp - 7]
    3633:21D8  [E21D8]  2af6            sub     dh, dh
    3633:21DA  [E21DA]  8bc2            mov     ax, dx
    3633:21DC  [E21DC]  3d4000          cmp     ax, 0x40
    3633:21DF  [E21DF]  741a            je      L_E21FB  ; 0x54b
    3633:21E1  [E21E1]  3d6000          cmp     ax, 0x60
    3633:21E4  [E21E4]  7415            je      L_E21FB  ; 0x54b
    3633:21E6  [E21E6]  3dc000          cmp     ax, 0xc0
    3633:21E9  [E21E9]  7410            je      L_E21FB  ; 0x54b
    3633:21EB  [E21EB]  3dd000          cmp     ax, 0xd0
    3633:21EE  [E21EE]  7503            jne     L_E21F3  ; 0x543
    3633:21F0  [E21F0]  e91bff          jmp     L_E210E  ; 0x45e
L_E21F3:
    3633:21F3  [E21F3]  3de000          cmp     ax, 0xe0
    3633:21F6  [E21F6]  7403            je      L_E21FB  ; 0x54b
    3633:21F8  [E21F8]  e91bff          jmp     L_E2116  ; 0x466
L_E21FB:
    3633:21FB  [E21FB]  8b46ce          mov     ax, word ptr [bp - 0x32]
    3633:21FE  [E21FE]  8be5            mov     sp, bp
    3633:2200  [E2200]  5d              pop     bp
    3633:2201  [E2201]  cb              retf    

selftest_front_panel_switch_a:
    3633:227E  [E227E]  55              push    bp
    3633:227F  [E227F]  8bec            mov     bp, sp
    3633:2281  [E2281]  83ec08          sub     sp, 8
    3633:2284  [E2284]  bf0100          mov     di, 1
    3633:2287  [E2287]  57              push    di
    3633:2288  [E2288]  bf0800          mov     di, 8
    3633:228B  [E228B]  57              push    di
    3633:228C  [E228C]  2bff            sub     di, di
    3633:228E  [E228E]  57              push    di
    3633:228F  [E228F]  9a06006be0      lcall   update_menu_position  ; 0xe06b, 6
    3633:2294  [E2294]  83c404          add     sp, 4
L_E2297:
    3633:2297  [E2297]  bf0300          mov     di, 3
    3633:229A  [E229A]  57              push    di
    3633:229B  [E229B]  9aaf0020e2      lcall   run_adc_selftest_range  ; 0xe220, 0xaf
    3633:22A0  [E22A0]  258000          and     ax, 0x80
    3633:22A3  [E22A3]  8946f8          mov     word ptr [bp - 8], ax
    3633:22A6  [E22A6]  3d0000          cmp     ax, 0
    3633:22A9  [E22A9]  74ec            je      L_E2297  ; 0x97
    3633:22AB  [E22AB]  8be5            mov     sp, bp
    3633:22AD  [E22AD]  5d              pop     bp
    3633:22AE  [E22AE]  cb              retf    
run_adc_selftest_range:
    3633:22AF  [E22AF]  55              push    bp
    3633:22B0  [E22B0]  8bec            mov     bp, sp
    3633:22B2  [E22B2]  83ec0a          sub     sp, 0xa
    3633:22B5  [E22B5]  c746f80000      mov     word ptr [bp - 8], 0
    3633:22BA  [E22BA]  ff7606          push    word ptr [bp + 6]
    3633:22BD  [E22BD]  bf0800          mov     di, 8
    3633:22C0  [E22C0]  57              push    di
    3633:22C1  [E22C1]  2bd2            sub     dx, dx
    3633:22C3  [E22C3]  52              push    dx
    3633:22C4  [E22C4]  9a06006be0      lcall   update_menu_position  ; 0xe06b, 6
    3633:22C9  [E22C9]  83c404          add     sp, 4
    3633:22CC  [E22CC]  8946f6          mov     word ptr [bp - 0xa], ax
    3633:22CF  [E22CF]  3dfeff          cmp     ax, 0xfffe
    3633:22D2  [E22D2]  742e            je      L_E2302  ; 0x102
    3633:22D4  [E22D4]  50              push    ax
    3633:22D5  [E22D5]  9a0b0120e2      lcall   run_indexed_adc_selftest  ; 0xe220, 0x10b
    3633:22DA  [E22DA]  0946f8          or      word ptr [bp - 8], ax
    3633:22DD  [E22DD]  8b46f6          mov     ax, word ptr [bp - 0xa]
    3633:22E0  [E22E0]  ba0a00          mov     dx, 0xa
    3633:22E3  [E22E3]  f7ea            imul    dx
    3633:22E5  [E22E5]  c43ecc1d        les     di, ptr [0x1dcc]
    3633:22E9  [E22E9]  8bd8            mov     bx, ax
    3633:22EB  [E22EB]  26c45102        les     dx, ptr es:[bx + di + 2]
    3633:22EF  [E22EF]  89165a1b        mov     word ptr [0x1b5a], dx
    3633:22F3  [E22F3]  8c065c1b        mov     word ptr [0x1b5c], es
    3633:22F7  [E22F7]  837ef608        cmp     word ptr [bp - 0xa], 8
    3633:22FB  [E22FB]  7c05            jl      L_E2302  ; 0x102
    3633:22FD  [E22FD]  814ef88000      or      word ptr [bp - 8], 0x80
L_E2302:
    3633:2302  [E2302]  8b46f8          mov     ax, word ptr [bp - 8]
    3633:2305  [E2305]  8be5            mov     sp, bp
    3633:2307  [E2307]  5d              pop     bp
    3633:2308  [E2308]  ca0200          retf    2
run_indexed_adc_selftest:
    3633:230B  [E230B]  55              push    bp
    3633:230C  [E230C]  8bec            mov     bp, sp
    3633:230E  [E230E]  83ec26          sub     sp, 0x26
    3633:2311  [E2311]  bf1400          mov     di, 0x14
    3633:2314  [E2314]  57              push    di
    3633:2315  [E2315]  bf7bff          mov     di, 0xff7b
    3633:2318  [E2318]  57              push    di
    3633:2319  [E2319]  baa806          mov     dx, 0x6a8
    3633:231C  [E231C]  52              push    dx
    3633:231D  [E231D]  8d5eda          lea     bx, [bp - 0x26]
    3633:2320  [E2320]  16              push    ss
    3633:2321  [E2321]  53              push    bx
    3633:2322  [E2322]  9a6f001de3      lcall   strncpy_far  ; 0xe31d, 0x6f
    3633:2327  [E2327]  83c406          add     sp, 6
    3633:232A  [E232A]  bf1400          mov     di, 0x14
    3633:232D  [E232D]  57              push    di
    3633:232E  [E232E]  8b4606          mov     ax, word ptr [bp + 6]
    3633:2331  [E2331]  ba0a00          mov     dx, 0xa
    3633:2334  [E2334]  f7ea            imul    dx
    3633:2336  [E2336]  c43ecc1d        les     di, ptr [0x1dcc]
    3633:233A  [E233A]  8bd8            mov     bx, ax
    3633:233C  [E233C]  26c45102        les     dx, ptr es:[bx + di + 2]
    3633:2340  [E2340]  06              push    es
    3633:2341  [E2341]  52              push    dx
    3633:2342  [E2342]  8d7eda          lea     di, [bp - 0x26]
    3633:2345  [E2345]  16              push    ss
    3633:2346  [E2346]  57              push    di
    3633:2347  [E2347]  9a0c001de3      lcall   strncat_far  ; 0xe31d, 0xc
    3633:234C  [E234C]  83c406          add     sp, 6
    3633:234F  [E234F]  c746f00200      mov     word ptr [bp - 0x10], 2
    3633:2354  [E2354]  8b4606          mov     ax, word ptr [bp + 6]
    3633:2357  [E2357]  ba0a00          mov     dx, 0xa
    3633:235A  [E235A]  f7ea            imul    dx
    3633:235C  [E235C]  c43ecc1d        les     di, ptr [0x1dcc]
    3633:2360  [E2360]  8bd8            mov     bx, ax
    3633:2362  [E2362]  268a5108        mov     dl, byte ptr es:[bx + di + 8]
    3633:2366  [E2366]  2af6            sub     dh, dh
    3633:2368  [E2368]  83ea02          sub     dx, 2
    3633:236B  [E236B]  8956f2          mov     word ptr [bp - 0xe], dx
    3633:236E  [E236E]  bf0010          mov     di, 0x1000
    3633:2371  [E2371]  83ef02          sub     di, 2
    3633:2374  [E2374]  897ef4          mov     word ptr [bp - 0xc], di
    3633:2377  [E2377]  8b4606          mov     ax, word ptr [bp + 6]
    3633:237A  [E237A]  ba0a00          mov     dx, 0xa
    3633:237D  [E237D]  f7ea            imul    dx
    3633:237F  [E237F]  c43ecc1d        les     di, ptr [0x1dcc]
    3633:2383  [E2383]  8bd8            mov     bx, ax
    3633:2385  [E2385]  268a5109        mov     dl, byte ptr es:[bx + di + 9]
    3633:2389  [E2389]  2af6            sub     dh, dh
    3633:238B  [E238B]  52              push    dx
    3633:238C  [E238C]  bf000f          mov     di, 0xf00
    3633:238F  [E238F]  57              push    di
    3633:2390  [E2390]  c43ecc1d        les     di, ptr [0x1dcc]
    3633:2394  [E2394]  268a4101        mov     al, byte ptr es:[bx + di + 1]
    3633:2398  [E2398]  2ae4            sub     ah, ah
    3633:239A  [E239A]  50              push    ax
    3633:239B  [E239B]  c43ecc1d        les     di, ptr [0x1dcc]
    3633:239F  [E239F]  268a11          mov     dl, byte ptr es:[bx + di]
    3633:23A2  [E23A2]  2af6            sub     dh, dh
    3633:23A4  [E23A4]  52              push    dx
    3633:23A5  [E23A5]  bf8500          mov     di, 0x85
    3633:23A8  [E23A8]  57              push    di
    3633:23A9  [E23A9]  ff76f2          push    word ptr [bp - 0xe]
    3633:23AC  [E23AC]  ff76f0          push    word ptr [bp - 0x10]
    3633:23AF  [E23AF]  8d7eda          lea     di, [bp - 0x26]
    3633:23B2  [E23B2]  16              push    ss
    3633:23B3  [E23B3]  57              push    di
    3633:23B4  [E23B4]  9a7404e8e0      lcall   run_adc_selftest  ; 0xe0e8, 0x474
    3633:23B9  [E23B9]  83c40e          add     sp, 0xe
    3633:23BC  [E23BC]  8946f6          mov     word ptr [bp - 0xa], ax
    3633:23BF  [E23BF]  c746f80200      mov     word ptr [bp - 8], 2
    3633:23C4  [E23C4]  8b7ef4          mov     di, word ptr [bp - 0xc]
    3633:23C7  [E23C7]  c41e1e03        les     bx, ptr [0x31e]
    3633:23CB  [E23CB]  83c702          add     di, 2
    3633:23CE  [E23CE]  268a11          mov     dl, byte ptr es:[bx + di]
    3633:23D1  [E23D1]  2af6            sub     dh, dh
    3633:23D3  [E23D3]  8956ee          mov     word ptr [bp - 0x12], dx
    3633:23D6  [E23D6]  8b4606          mov     ax, word ptr [bp + 6]
    3633:23D9  [E23D9]  ba0a00          mov     dx, 0xa
    3633:23DC  [E23DC]  f7ea            imul    dx
    3633:23DE  [E23DE]  c43ecc1d        les     di, ptr [0x1dcc]
    3633:23E2  [E23E2]  8bd8            mov     bx, ax
    3633:23E4  [E23E4]  268a5107        mov     dl, byte ptr es:[bx + di + 7]
    3633:23E8  [E23E8]  2af6            sub     dh, dh
    3633:23EA  [E23EA]  52              push    dx
    3633:23EB  [E23EB]  c43ecc1d        les     di, ptr [0x1dcc]
    3633:23EF  [E23EF]  268a4107        mov     al, byte ptr es:[bx + di + 7]
    3633:23F3  [E23F3]  2ae4            sub     ah, ah
    3633:23F5  [E23F5]  50              push    ax
    3633:23F6  [E23F6]  ff76ee          push    word ptr [bp - 0x12]
    3633:23F9  [E23F9]  c43ecc1d        les     di, ptr [0x1dcc]
    3633:23FD  [E23FD]  268a5108        mov     dl, byte ptr es:[bx + di + 8]
    3633:2401  [E2401]  2af6            sub     dh, dh
    3633:2403  [E2403]  52              push    dx
    3633:2404  [E2404]  ff76f8          push    word ptr [bp - 8]
    3633:2407  [E2407]  ff76f4          push    word ptr [bp - 0xc]
    3633:240A  [E240A]  c43ecc1d        les     di, ptr [0x1dcc]
    3633:240E  [E240E]  268a4106        mov     al, byte ptr es:[bx + di + 6]
    3633:2412  [E2412]  2ae4            sub     ah, ah
    3633:2414  [E2414]  50              push    ax
    3633:2415  [E2415]  8d7eda          lea     di, [bp - 0x26]
    3633:2418  [E2418]  16              push    ss
    3633:2419  [E2419]  57              push    di
    3633:241A  [E241A]  9a9602e8e0      lcall   verify_pattern_with_report  ; 0xe0e8, 0x296
    3633:241F  [E241F]  83c40e          add     sp, 0xe
    3633:2422  [E2422]  0946f6          or      word ptr [bp - 0xa], ax
    3633:2425  [E2425]  8b46f6          mov     ax, word ptr [bp - 0xa]
    3633:2428  [E2428]  8be5            mov     sp, bp
    3633:242A  [E242A]  5d              pop     bp
    3633:242B  [E242B]  ca0200          retf    2

selftest_comm_option_switch:
    3633:252A  [E252A]  55              push    bp
    3633:252B  [E252B]  8bec            mov     bp, sp
    3633:252D  [E252D]  83ec08          sub     sp, 8
    3633:2530  [E2530]  bf0100          mov     di, 1
    3633:2533  [E2533]  57              push    di
    3633:2534  [E2534]  bf1800          mov     di, 0x18
    3633:2537  [E2537]  57              push    di
    3633:2538  [E2538]  2bff            sub     di, di
    3633:253A  [E253A]  57              push    di
    3633:253B  [E253B]  9a06006be0      lcall   update_menu_position  ; 0xe06b, 6
    3633:2540  [E2540]  83c404          add     sp, 4
L_E2543:
    3633:2543  [E2543]  bf0300          mov     di, 3
    3633:2546  [E2546]  57              push    di
    3633:2547  [E2547]  9ade0048e2      lcall   SUB_E255E  ; 0xe248, 0xde
    3633:254C  [E254C]  8946f8          mov     word ptr [bp - 8], ax
    3633:254F  [E254F]  258000          and     ax, 0x80
    3633:2552  [E2552]  3d0000          cmp     ax, 0
    3633:2555  [E2555]  74ec            je      L_E2543  ; 0xc3
    3633:2557  [E2557]  8b46f8          mov     ax, word ptr [bp - 8]
    3633:255A  [E255A]  8be5            mov     sp, bp
    3633:255C  [E255C]  5d              pop     bp
    3633:255D  [E255D]  cb              retf    
SUB_E255E:
    3633:255E  [E255E]  55              push    bp
    3633:255F  [E255F]  8bec            mov     bp, sp
    3633:2561  [E2561]  83ec0c          sub     sp, 0xc
    3633:2564  [E2564]  51              push    cx
    3633:2565  [E2565]  ff7606          push    word ptr [bp + 6]
    3633:2568  [E2568]  bf1800          mov     di, 0x18
    3633:256B  [E256B]  57              push    di
    3633:256C  [E256C]  2bff            sub     di, di
    3633:256E  [E256E]  57              push    di
    3633:256F  [E256F]  9a06006be0      lcall   update_menu_position  ; 0xe06b, 6
    3633:2574  [E2574]  83c404          add     sp, 4
    3633:2577  [E2577]  8946f4          mov     word ptr [bp - 0xc], ax
    3633:257A  [E257A]  3dfeff          cmp     ax, 0xfffe
    3633:257D  [E257D]  7477            je      L_E25F6  ; 0x176
    3633:257F  [E257F]  c746f6ff0f      mov     word ptr [bp - 0xa], 0xfff
    3633:2584  [E2584]  3d0c00          cmp     ax, 0xc
    3633:2587  [E2587]  7d11            jge     L_E259A  ; 0x11a
    3633:2589  [E2589]  bf0c00          mov     di, 0xc
    3633:258C  [E258C]  2bf8            sub     di, ax
    3633:258E  [E258E]  8bcf            mov     cx, di
    3633:2590  [E2590]  baff0f          mov     dx, 0xfff
    3633:2593  [E2593]  d3fa            sar     dx, cl
    3633:2595  [E2595]  8bfa            mov     di, dx
    3633:2597  [E2597]  e90f00          jmp     L_E25A9  ; 0x129
L_E259A:
    3633:259A  [E259A]  8b7ef4          mov     di, word ptr [bp - 0xc]
    3633:259D  [E259D]  83c7f4          add     di, -0xc
    3633:25A0  [E25A0]  8bcf            mov     cx, di
    3633:25A2  [E25A2]  8b56f6          mov     dx, word ptr [bp - 0xa]
    3633:25A5  [E25A5]  d3e2            shl     dx, cl
    3633:25A7  [E25A7]  8bfa            mov     di, dx
L_E25A9:
    3633:25A9  [E25A9]  897ef6          mov     word ptr [bp - 0xa], di
    3633:25AC  [E25AC]  8166f6ff0f      and     word ptr [bp - 0xa], 0xfff
    3633:25B1  [E25B1]  ff76f6          push    word ptr [bp - 0xa]
    3633:25B4  [E25B4]  9a8a0148e2      lcall   verify_timebase_prc  ; 0xe248, 0x18a
    3633:25B9  [E25B9]  8946f8          mov     word ptr [bp - 8], ax
    3633:25BC  [E25BC]  bf0a00          mov     di, 0xa
    3633:25BF  [E25BF]  57              push    di
    3633:25C0  [E25C0]  2bff            sub     di, di
    3633:25C2  [E25C2]  57              push    di
    3633:25C3  [E25C3]  57              push    di
    3633:25C4  [E25C4]  ba0300          mov     dx, 3
    3633:25C7  [E25C7]  52              push    dx
    3633:25C8  [E25C8]  ba1000          mov     dx, 0x10
    3633:25CB  [E25CB]  52              push    dx
    3633:25CC  [E25CC]  ff76f6          push    word ptr [bp - 0xa]
    3633:25CF  [E25CF]  9aaf001de3      lcall   format_number  ; 0xe31d, 0xaf
    3633:25D4  [E25D4]  83c408          add     sp, 8
    3633:25D7  [E25D7]  06              push    es
    3633:25D8  [E25D8]  53              push    bx
    3633:25D9  [E25D9]  1e              push    ds
    3633:25DA  [E25DA]  bf7604          mov     di, 0x476
    3633:25DD  [E25DD]  57              push    di
    3633:25DE  [E25DE]  9a6f001de3      lcall   strncpy_far  ; 0xe31d, 0x6f
    3633:25E3  [E25E3]  83c406          add     sp, 6
    3633:25E6  [E25E6]  c7065a1b7604    mov     word ptr [0x1b5a], 0x476
    3633:25EC  [E25EC]  8c1e5c1b        mov     word ptr [0x1b5c], ds
    3633:25F0  [E25F0]  837ef418        cmp     word ptr [bp - 0xc], 0x18
    3633:25F4  [E25F4]  eb03            jmp     L_E25F9  ; 0x179
L_E25F6:
    3633:25F6  [E25F6]  e90700          jmp     L_E2600  ; 0x180
L_E25F9:
    3633:25F9  [E25F9]  7c05            jl      L_E2600  ; 0x180
    3633:25FB  [E25FB]  814ef88000      or      word ptr [bp - 8], 0x80
L_E2600:
    3633:2600  [E2600]  8b46f8          mov     ax, word ptr [bp - 8]
    3633:2603  [E2603]  59              pop     cx
    3633:2604  [E2604]  8be5            mov     sp, bp
    3633:2606  [E2606]  5d              pop     bp
    3633:2607  [E2607]  ca0200          retf    2
verify_timebase_prc:
    3633:260A  [E260A]  55              push    bp
    3633:260B  [E260B]  8bec            mov     bp, sp
    3633:260D  [E260D]  83ec32          sub     sp, 0x32
    3633:2610  [E2610]  c746ce0100      mov     word ptr [bp - 0x32], 1
    3633:2615  [E2615]  9aa6076be0      lcall   clear_selftest_status_flags  ; 0xe06b, 0x7a6
    3633:261A  [E261A]  8b7e06          mov     di, word ptr [bp + 6]
    3633:261D  [E261D]  c41e2e03        les     bx, ptr [0x32e]
    3633:2621  [E2621]  26893f          mov     word ptr es:[bx], di
    3633:2624  [E2624]  80265802fd      and     byte ptr [0x258], 0xfd
    3633:2629  [E2629]  a05802          mov     al, byte ptr [0x258]
    3633:262C  [E262C]  a25702          mov     byte ptr [0x257], al
    3633:262F  [E262F]  c43e3603        les     di, ptr [0x336]
    3633:2633  [E2633]  268805          mov     byte ptr es:[di], al
    3633:2636  [E2636]  c606590200      mov     byte ptr [0x259], 0
    3633:263B  [E263B]  c43e3a03        les     di, ptr [0x33a]
    3633:263F  [E263F]  26c60500        mov     byte ptr es:[di], 0
    3633:2643  [E2643]  c41e3203        les     bx, ptr [0x332]
    3633:2647  [E2647]  268b17          mov     dx, word ptr es:[bx]
    3633:264A  [E264A]  81e2ff0f        and     dx, 0xfff
    3633:264E  [E264E]  8956f8          mov     word ptr [bp - 8], dx
    3633:2651  [E2651]  8b4606          mov     ax, word ptr [bp + 6]
    3633:2654  [E2654]  3bd0            cmp     dx, ax
    3633:2656  [E2656]  7475            je      L_E26CD  ; 0x24d
    3633:2658  [E2658]  bf2800          mov     di, 0x28
    3633:265B  [E265B]  57              push    di
    3633:265C  [E265C]  bf7bff          mov     di, 0xff7b
    3633:265F  [E265F]  57              push    di
    3633:2660  [E2660]  bf6006          mov     di, 0x660
    3633:2663  [E2663]  57              push    di
    3633:2664  [E2664]  8d7ed0          lea     di, [bp - 0x30]
    3633:2667  [E2667]  16              push    ss
    3633:2668  [E2668]  57              push    di
    3633:2669  [E2669]  9a6f001de3      lcall   strncpy_far  ; 0xe31d, 0x6f
    3633:266E  [E266E]  83c406          add     sp, 6
    3633:2671  [E2671]  bf2800          mov     di, 0x28
    3633:2674  [E2674]  57              push    di
    3633:2675  [E2675]  ff76f8          push    word ptr [bp - 8]
    3633:2678  [E2678]  9aa2011de3      lcall   format_hex_word  ; 0xe31d, 0x1a2
    3633:267D  [E267D]  06              push    es
    3633:267E  [E267E]  53              push    bx
    3633:267F  [E267F]  8d7ed0          lea     di, [bp - 0x30]
    3633:2682  [E2682]  16              push    ss
    3633:2683  [E2683]  57              push    di
    3633:2684  [E2684]  9a0c001de3      lcall   strncat_far  ; 0xe31d, 0xc
    3633:2689  [E2689]  83c406          add     sp, 6
    3633:268C  [E268C]  bf2800          mov     di, 0x28
    3633:268F  [E268F]  57              push    di
    3633:2690  [E2690]  bf7bff          mov     di, 0xff7b
    3633:2693  [E2693]  57              push    di
    3633:2694  [E2694]  ba6a06          mov     dx, 0x66a
    3633:2697  [E2697]  52              push    dx
    3633:2698  [E2698]  8d5ed0          lea     bx, [bp - 0x30]
    3633:269B  [E269B]  16              push    ss
    3633:269C  [E269C]  53              push    bx
    3633:269D  [E269D]  9a0c001de3      lcall   strncat_far  ; 0xe31d, 0xc
    3633:26A2  [E26A2]  83c406          add     sp, 6
    3633:26A5  [E26A5]  bf0c00          mov     di, 0xc
    3633:26A8  [E26A8]  57              push    di
    3633:26A9  [E26A9]  ff7606          push    word ptr [bp + 6]
    3633:26AC  [E26AC]  9aa2011de3      lcall   format_hex_word  ; 0xe31d, 0x1a2
    3633:26B1  [E26B1]  06              push    es
    3633:26B2  [E26B2]  53              push    bx
    3633:26B3  [E26B3]  8d7ed0          lea     di, [bp - 0x30]
    3633:26B6  [E26B6]  16              push    ss
    3633:26B7  [E26B7]  57              push    di
    3633:26B8  [E26B8]  ba7bff          mov     dx, 0xff7b
    3633:26BB  [E26BB]  52              push    dx
    3633:26BC  [E26BC]  b86e06          mov     ax, 0x66e
    3633:26BF  [E26BF]  50              push    ax
    3633:26C0  [E26C0]  9a04016be0      lcall   print_selftest_report_line  ; 0xe06b, 0x104
    3633:26C5  [E26C5]  83c40a          add     sp, 0xa
    3633:26C8  [E26C8]  814ece0200      or      word ptr [bp - 0x32], 2
L_E26CD:
    3633:26CD  [E26CD]  8b46ce          mov     ax, word ptr [bp - 0x32]
    3633:26D0  [E26D0]  8be5            mov     sp, bp
    3633:26D2  [E26D2]  5d              pop     bp
    3633:26D3  [E26D3]  ca0200          retf    2
selftest_mm_acq:
    3633:26D6  [E26D6]  55              push    bp
    3633:26D7  [E26D7]  8bec            mov     bp, sp
    3633:26D9  [E26D9]  83ec3a          sub     sp, 0x3a
    3633:26DC  [E26DC]  c706181b0100    mov     word ptr [0x1b18], 1
    3633:26E2  [E26E2]  c746ee0200      mov     word ptr [bp - 0x12], 2
    3633:26E7  [E26E7]  bf2000          mov     di, 0x20
    3633:26EA  [E26EA]  83ef02          sub     di, 2
    3633:26ED  [E26ED]  897ef0          mov     word ptr [bp - 0x10], di
    3633:26F0  [E26F0]  ba0010          mov     dx, 0x1000
    3633:26F3  [E26F3]  83ea02          sub     dx, 2
    3633:26F6  [E26F6]  8956f2          mov     word ptr [bp - 0xe], dx
    3633:26F9  [E26F9]  2bdb            sub     bx, bx
    3633:26FB  [E26FB]  53              push    bx
    3633:26FC  [E26FC]  b86400          mov     ax, 0x64
    3633:26FF  [E26FF]  50              push    ax
    3633:2700  [E2700]  b8e500          mov     ax, 0xe5
    3633:2703  [E2703]  50              push    ax
    3633:2704  [E2704]  b80600          mov     ax, 6
    3633:2707  [E2707]  50              push    ax
    3633:2708  [E2708]  b8a500          mov     ax, 0xa5
    3633:270B  [E270B]  50              push    ax
    3633:270C  [E270C]  57              push    di
    3633:270D  [E270D]  bf0200          mov     di, 2
    3633:2710  [E2710]  57              push    di
    3633:2711  [E2711]  ba7bff          mov     dx, 0xff7b
    3633:2714  [E2714]  52              push    dx
    3633:2715  [E2715]  b82606          mov     ax, 0x626
    3633:2718  [E2718]  50              push    ax
    3633:2719  [E2719]  9a7404e8e0      lcall   run_adc_selftest  ; 0xe0e8, 0x474
    3633:271E  [E271E]  83c40e          add     sp, 0xe
    3633:2721  [E2721]  8946f6          mov     word ptr [bp - 0xa], ax
    3633:2724  [E2724]  c746f80200      mov     word ptr [bp - 8], 2
    3633:2729  [E2729]  e90101          jmp     L_E282D  ; 0x15d
L_E272C:
    3633:272C  [E272C]  8b7ef2          mov     di, word ptr [bp - 0xe]
    3633:272F  [E272F]  c41e1e03        les     bx, ptr [0x31e]
    3633:2733  [E2733]  037ef8          add     di, word ptr [bp - 8]
    3633:2736  [E2736]  268a11          mov     dl, byte ptr es:[bx + di]
    3633:2739  [E2739]  2af6            sub     dh, dh
    3633:273B  [E273B]  8b46f2          mov     ax, word ptr [bp - 0xe]
    3633:273E  [E273E]  c41e1e03        les     bx, ptr [0x31e]
    3633:2742  [E2742]  268a4101        mov     al, byte ptr es:[bx + di + 1]
    3633:2746  [E2746]  2ae4            sub     ah, ah
    3633:2748  [E2748]  2bc2            sub     ax, dx
    3633:274A  [E274A]  8946f4          mov     word ptr [bp - 0xc], ax
    3633:274D  [E274D]  3dff00          cmp     ax, 0xff
    3633:2750  [E2750]  7478            je      L_E27CA  ; 0xfa
    3633:2752  [E2752]  3dc700          cmp     ax, 0xc7
    3633:2755  [E2755]  7473            je      L_E27CA  ; 0xfa
    3633:2757  [E2757]  bb2800          mov     bx, 0x28
    3633:275A  [E275A]  53              push    bx
    3633:275B  [E275B]  bb7bff          mov     bx, 0xff7b
    3633:275E  [E275E]  53              push    bx
    3633:275F  [E275F]  bf2d06          mov     di, 0x62d
    3633:2762  [E2762]  57              push    di
    3633:2763  [E2763]  8d7ec6          lea     di, [bp - 0x3a]
    3633:2766  [E2766]  16              push    ss
    3633:2767  [E2767]  57              push    di
    3633:2768  [E2768]  9a6f001de3      lcall   strncpy_far  ; 0xe31d, 0x6f
    3633:276D  [E276D]  83c406          add     sp, 6
    3633:2770  [E2770]  bf2800          mov     di, 0x28
    3633:2773  [E2773]  57              push    di
    3633:2774  [E2774]  ba0400          mov     dx, 4
    3633:2777  [E2777]  52              push    dx
    3633:2778  [E2778]  8b5ef2          mov     bx, word ptr [bp - 0xe]
    3633:277B  [E277B]  035ef8          add     bx, word ptr [bp - 8]
    3633:277E  [E277E]  81e3ff0f        and     bx, 0xfff
    3633:2782  [E2782]  53              push    bx
    3633:2783  [E2783]  9ae8011de3      lcall   format_word_radix  ; 0xe31d, 0x1e8
    3633:2788  [E2788]  83c402          add     sp, 2
    3633:278B  [E278B]  06              push    es
    3633:278C  [E278C]  53              push    bx
    3633:278D  [E278D]  8d7ec6          lea     di, [bp - 0x3a]
    3633:2790  [E2790]  16              push    ss
    3633:2791  [E2791]  57              push    di
    3633:2792  [E2792]  9a0c001de3      lcall   strncat_far  ; 0xe31d, 0xc
    3633:2797  [E2797]  83c406          add     sp, 6
    3633:279A  [E279A]  bf2800          mov     di, 0x28
    3633:279D  [E279D]  57              push    di
    3633:279E  [E279E]  bf7bff          mov     di, 0xff7b
    3633:27A1  [E27A1]  57              push    di
    3633:27A2  [E27A2]  ba3406          mov     dx, 0x634
    3633:27A5  [E27A5]  52              push    dx
    3633:27A6  [E27A6]  8d5ec6          lea     bx, [bp - 0x3a]
    3633:27A9  [E27A9]  16              push    ss
    3633:27AA  [E27AA]  53              push    bx
    3633:27AB  [E27AB]  9a0c001de3      lcall   strncat_far  ; 0xe31d, 0xc
    3633:27B0  [E27B0]  83c406          add     sp, 6
    3633:27B3  [E27B3]  bf2800          mov     di, 0x28
    3633:27B6  [E27B6]  57              push    di
    3633:27B7  [E27B7]  bf0200          mov     di, 2
    3633:27BA  [E27BA]  57              push    di
    3633:27BB  [E27BB]  ff76f4          push    word ptr [bp - 0xc]
    3633:27BE  [E27BE]  9ae8011de3      lcall   format_word_radix  ; 0xe31d, 0x1e8
    3633:27C3  [E27C3]  83c402          add     sp, 2
    3633:27C6  [E27C6]  06              push    es
    3633:27C7  [E27C7]  53              push    bx
    3633:27C8  [E27C8]  eb03            jmp     L_E27CD  ; 0xfd
L_E27CA:
    3633:27CA  [E27CA]  e95c00          jmp     L_E2829  ; 0x159
L_E27CD:
    3633:27CD  [E27CD]  8d7ec6          lea     di, [bp - 0x3a]
    3633:27D0  [E27D0]  16              push    ss
    3633:27D1  [E27D1]  57              push    di
    3633:27D2  [E27D2]  9a0c001de3      lcall   strncat_far  ; 0xe31d, 0xc
    3633:27D7  [E27D7]  83c406          add     sp, 6
    3633:27DA  [E27DA]  bf2800          mov     di, 0x28
    3633:27DD  [E27DD]  57              push    di
    3633:27DE  [E27DE]  bf7bff          mov     di, 0xff7b
    3633:27E1  [E27E1]  57              push    di
    3633:27E2  [E27E2]  ba3706          mov     dx, 0x637
    3633:27E5  [E27E5]  52              push    dx
    3633:27E6  [E27E6]  8d5ec6          lea     bx, [bp - 0x3a]
    3633:27E9  [E27E9]  16              push    ss
    3633:27EA  [E27EA]  53              push    bx
    3633:27EB  [E27EB]  9a0c001de3      lcall   strncat_far  ; 0xe31d, 0xc
    3633:27F0  [E27F0]  83c406          add     sp, 6
    3633:27F3  [E27F3]  bfc100          mov     di, 0xc1
    3633:27F6  [E27F6]  57              push    di
    3633:27F7  [E27F7]  bf0200          mov     di, 2
    3633:27FA  [E27FA]  57              push    di
    3633:27FB  [E27FB]  bfc700          mov     di, 0xc7
    3633:27FE  [E27FE]  57              push    di
    3633:27FF  [E27FF]  9ae8011de3      lcall   format_word_radix  ; 0xe31d, 0x1e8
    3633:2804  [E2804]  83c402          add     sp, 2
    3633:2807  [E2807]  06              push    es
    3633:2808  [E2808]  53              push    bx
    3633:2809  [E2809]  8d7ec6          lea     di, [bp - 0x3a]
    3633:280C  [E280C]  16              push    ss
    3633:280D  [E280D]  57              push    di
    3633:280E  [E280E]  ba7bff          mov     dx, 0xff7b
    3633:2811  [E2811]  52              push    dx
    3633:2812  [E2812]  b83b06          mov     ax, 0x63b
    3633:2815  [E2815]  50              push    ax
    3633:2816  [E2816]  9a04016be0      lcall   print_selftest_report_line  ; 0xe06b, 0x104
    3633:281B  [E281B]  83c40a          add     sp, 0xa
    3633:281E  [E281E]  814ef60200      or      word ptr [bp - 0xa], 2
    3633:2823  [E2823]  837ef806        cmp     word ptr [bp - 8], 6
    3633:2827  [E2827]  7f0d            jg      L_E2836  ; 0x166
L_E2829:
    3633:2829  [E2829]  8346f802        add     word ptr [bp - 8], 2
L_E282D:
    3633:282D  [E282D]  837ef820        cmp     word ptr [bp - 8], 0x20
    3633:2831  [E2831]  7d03            jge     L_E2836  ; 0x166
    3633:2833  [E2833]  e9f6fe          jmp     L_E272C  ; 0x5c
L_E2836:
    3633:2836  [E2836]  8b7ef6          mov     di, word ptr [bp - 0xa]
    3633:2839  [E2839]  81e70200        and     di, 2
    3633:283D  [E283D]  83ff00          cmp     di, 0
    3633:2840  [E2840]  7423            je      L_E2865  ; 0x195
    3633:2842  [E2842]  c43e801c        les     di, ptr [0x1c80]
    3633:2846  [E2846]  8d95200b        lea     dx, [di + 0xb20]
    3633:284A  [E284A]  06              push    es
    3633:284B  [E284B]  52              push    dx
    3633:284C  [E284C]  c41edc1d        les     bx, ptr [0x1ddc]
    3633:2850  [E2850]  8d87b502        lea     ax, [bx + 0x2b5]
    3633:2854  [E2854]  06              push    es
    3633:2855  [E2855]  50              push    ax
    3633:2856  [E2856]  ba2000          mov     dx, 0x20
    3633:2859  [E2859]  52              push    dx
    3633:285A  [E285A]  ff76f2          push    word ptr [bp - 0xe]
    3633:285D  [E285D]  9af3046be0      lcall   print_scratch_buffer_range  ; 0xe06b, 0x4f3
    3633:2862  [E2862]  83c40a          add     sp, 0xa
L_E2865:
    3633:2865  [E2865]  8b46f6          mov     ax, word ptr [bp - 0xa]
    3633:2868  [E2868]  8be5            mov     sp, bp
    3633:286A  [E286A]  5d              pop     bp
    3633:286B  [E286B]  cb              retf    
selftest_xy_acq:
    3633:286C  [E286C]  55              push    bp
    3633:286D  [E286D]  8bec            mov     bp, sp
    3633:286F  [E286F]  83ec12          sub     sp, 0x12
    3633:2872  [E2872]  c746ee0200      mov     word ptr [bp - 0x12], 2
    3633:2877  [E2877]  bf1000          mov     di, 0x10
    3633:287A  [E287A]  83ef02          sub     di, 2
    3633:287D  [E287D]  897ef0          mov     word ptr [bp - 0x10], di
    3633:2880  [E2880]  ba0010          mov     dx, 0x1000
    3633:2883  [E2883]  83ea02          sub     dx, 2
    3633:2886  [E2886]  8956f2          mov     word ptr [bp - 0xe], dx
    3633:2889  [E2889]  bb0400          mov     bx, 4
    3633:288C  [E288C]  53              push    bx
    3633:288D  [E288D]  bb6400          mov     bx, 0x64
    3633:2890  [E2890]  53              push    bx
    3633:2891  [E2891]  bbfc00          mov     bx, 0xfc
    3633:2894  [E2894]  53              push    bx
    3633:2895  [E2895]  bb0600          mov     bx, 6
    3633:2898  [E2898]  53              push    bx
    3633:2899  [E2899]  bb8c00          mov     bx, 0x8c
    3633:289C  [E289C]  53              push    bx
    3633:289D  [E289D]  57              push    di
    3633:289E  [E289E]  b80200          mov     ax, 2
    3633:28A1  [E28A1]  50              push    ax
    3633:28A2  [E28A2]  bb7bff          mov     bx, 0xff7b
    3633:28A5  [E28A5]  53              push    bx
    3633:28A6  [E28A6]  bf4206          mov     di, 0x642
    3633:28A9  [E28A9]  57              push    di
    3633:28AA  [E28AA]  9a7404e8e0      lcall   run_adc_selftest  ; 0xe0e8, 0x474
    3633:28AF  [E28AF]  83c40e          add     sp, 0xe
    3633:28B2  [E28B2]  8946f6          mov     word ptr [bp - 0xa], ax
    3633:28B5  [E28B5]  c746f80200      mov     word ptr [bp - 8], 2
    3633:28BA  [E28BA]  8b7ef2          mov     di, word ptr [bp - 0xe]
    3633:28BD  [E28BD]  c41e1e03        les     bx, ptr [0x31e]
    3633:28C1  [E28C1]  83c702          add     di, 2
    3633:28C4  [E28C4]  268a11          mov     dl, byte ptr es:[bx + di]
    3633:28C7  [E28C7]  2af6            sub     dh, dh
    3633:28C9  [E28C9]  8956f4          mov     word ptr [bp - 0xc], dx
    3633:28CC  [E28CC]  b80100          mov     ax, 1
    3633:28CF  [E28CF]  50              push    ax
    3633:28D0  [E28D0]  b80300          mov     ax, 3
    3633:28D3  [E28D3]  50              push    ax
    3633:28D4  [E28D4]  52              push    dx
    3633:28D5  [E28D5]  b81000          mov     ax, 0x10
    3633:28D8  [E28D8]  50              push    ax
    3633:28D9  [E28D9]  ff76f8          push    word ptr [bp - 8]
    3633:28DC  [E28DC]  ff76f2          push    word ptr [bp - 0xe]
    3633:28DF  [E28DF]  b8d000          mov     ax, 0xd0
    3633:28E2  [E28E2]  50              push    ax
    3633:28E3  [E28E3]  b87bff          mov     ax, 0xff7b
    3633:28E6  [E28E6]  50              push    ax
    3633:28E7  [E28E7]  bf4906          mov     di, 0x649
    3633:28EA  [E28EA]  57              push    di
    3633:28EB  [E28EB]  9a9602e8e0      lcall   verify_pattern_with_report  ; 0xe0e8, 0x296
    3633:28F0  [E28F0]  83c40e          add     sp, 0xe
    3633:28F3  [E28F3]  0946f6          or      word ptr [bp - 0xa], ax
    3633:28F6  [E28F6]  8b46f6          mov     ax, word ptr [bp - 0xa]
    3633:28F9  [E28F9]  8be5            mov     sp, bp
    3633:28FB  [E28FB]  5d              pop     bp
    3633:28FC  [E28FC]  cb              retf    

selftest_hs_acq:
    3633:28FE  [E28FE]  55              push    bp
    3633:28FF  [E28FF]  8bec            mov     bp, sp
    3633:2901  [E2901]  83ec0c          sub     sp, 0xc
    3633:2904  [E2904]  c746f4a200      mov     word ptr [bp - 0xc], 0xa2
    3633:2909  [E2909]  c746f69e0f      mov     word ptr [bp - 0xa], 0xf9e
    3633:290E  [E290E]  bf0900          mov     di, 9
    3633:2911  [E2911]  57              push    di
    3633:2912  [E2912]  baff00          mov     dx, 0xff
    3633:2915  [E2915]  52              push    dx
    3633:2916  [E2916]  2bdb            sub     bx, bx
    3633:2918  [E2918]  53              push    bx
    3633:2919  [E2919]  b80e00          mov     ax, 0xe
    3633:291C  [E291C]  50              push    ax
    3633:291D  [E291D]  b88500          mov     ax, 0x85
    3633:2920  [E2920]  50              push    ax
    3633:2921  [E2921]  bfa200          mov     di, 0xa2
    3633:2924  [E2924]  57              push    di
    3633:2925  [E2925]  b86200          mov     ax, 0x62
    3633:2928  [E2928]  50              push    ax
    3633:2929  [E2929]  b87bff          mov     ax, 0xff7b
    3633:292C  [E292C]  50              push    ax
    3633:292D  [E292D]  bf1806          mov     di, 0x618
    3633:2930  [E2930]  57              push    di
    3633:2931  [E2931]  9a7404e8e0      lcall   run_adc_selftest  ; 0xe0e8, 0x474
    3633:2936  [E2936]  83c40e          add     sp, 0xe
    3633:2939  [E2939]  8946f8          mov     word ptr [bp - 8], ax
    3633:293C  [E293C]  bf0100          mov     di, 1
    3633:293F  [E293F]  57              push    di
    3633:2940  [E2940]  57              push    di
    3633:2941  [E2941]  bf0500          mov     di, 5
    3633:2944  [E2944]  57              push    di
    3633:2945  [E2945]  bf0401          mov     di, 0x104
    3633:2948  [E2948]  57              push    di
    3633:2949  [E2949]  bf0200          mov     di, 2
    3633:294C  [E294C]  57              push    di
    3633:294D  [E294D]  ff76f6          push    word ptr [bp - 0xa]
    3633:2950  [E2950]  bf2000          mov     di, 0x20
    3633:2953  [E2953]  57              push    di
    3633:2954  [E2954]  bf7bff          mov     di, 0xff7b
    3633:2957  [E2957]  57              push    di
    3633:2958  [E2958]  ba1f06          mov     dx, 0x61f
    3633:295B  [E295B]  52              push    dx
    3633:295C  [E295C]  9a9602e8e0      lcall   verify_pattern_with_report  ; 0xe0e8, 0x296
    3633:2961  [E2961]  83c40e          add     sp, 0xe
    3633:2964  [E2964]  0946f8          or      word ptr [bp - 8], ax
    3633:2967  [E2967]  8b46f8          mov     ax, word ptr [bp - 8]
    3633:296A  [E296A]  8be5            mov     sp, bp
    3633:296C  [E296C]  5d              pop     bp
    3633:296D  [E296D]  cb              retf    
selftest_front_panel_adc:
    3633:296E  [E296E]  55              push    bp
    3633:296F  [E296F]  8bec            mov     bp, sp
    3633:2971  [E2971]  83ec38          sub     sp, 0x38
    3633:2974  [E2974]  c746f00100      mov     word ptr [bp - 0x10], 1
    3633:2979  [E2979]  803e7a1b01      cmp     byte ptr [0x1b7a], 1
    3633:297E  [E297E]  7405            je      L_E2985  ; 0x25
    3633:2980  [E2980]  c6065b0700      mov     byte ptr [0x75b], 0
L_E2985:
    3633:2985  [E2985]  bf2200          mov     di, 0x22
    3633:2988  [E2988]  57              push    di
    3633:2989  [E2989]  9a500196e2      lcall   selftest_init_channel_hw  ; 0xe296, 0x150
    3633:298E  [E298E]  8946f4          mov     word ptr [bp - 0xc], ax
    3633:2991  [E2991]  803e831b14      cmp     byte ptr [0x1b83], 0x14
    3633:2996  [E2996]  7478            je      L_E2A10  ; 0xb0
    3633:2998  [E2998]  bfe000          mov     di, 0xe0
    3633:299B  [E299B]  57              push    di
    3633:299C  [E299C]  9a500196e2      lcall   selftest_init_channel_hw  ; 0xe296, 0x150
    3633:29A1  [E29A1]  8946f8          mov     word ptr [bp - 8], ax
    3633:29A4  [E29A4]  bf4000          mov     di, 0x40
    3633:29A7  [E29A7]  57              push    di
    3633:29A8  [E29A8]  9a500196e2      lcall   selftest_init_channel_hw  ; 0xe296, 0x150
    3633:29AD  [E29AD]  8946f6          mov     word ptr [bp - 0xa], ax
    3633:29B0  [E29B0]  8b7ef8          mov     di, word ptr [bp - 8]
    3633:29B3  [E29B3]  03f8            add     di, ax
    3633:29B5  [E29B5]  897ef2          mov     word ptr [bp - 0xe], di
    3633:29B8  [E29B8]  81ff0007        cmp     di, 0x700
    3633:29BC  [E29BC]  7f06            jg      L_E29C4  ; 0x64
    3633:29BE  [E29BE]  81ff0001        cmp     di, 0x100
    3633:29C2  [E29C2]  7d77            jge     L_E2A3B  ; 0xdb
L_E29C4:
    3633:29C4  [E29C4]  bf2800          mov     di, 0x28
    3633:29C7  [E29C7]  57              push    di
    3633:29C8  [E29C8]  bf7bff          mov     di, 0xff7b
    3633:29CB  [E29CB]  57              push    di
    3633:29CC  [E29CC]  badc05          mov     dx, 0x5dc
    3633:29CF  [E29CF]  52              push    dx
    3633:29D0  [E29D0]  8d5ec8          lea     bx, [bp - 0x38]
    3633:29D3  [E29D3]  16              push    ss
    3633:29D4  [E29D4]  53              push    bx
    3633:29D5  [E29D5]  9a6f001de3      lcall   strncpy_far  ; 0xe31d, 0x6f
    3633:29DA  [E29DA]  83c406          add     sp, 6
    3633:29DD  [E29DD]  bf2800          mov     di, 0x28
    3633:29E0  [E29E0]  57              push    di
    3633:29E1  [E29E1]  ff76f8          push    word ptr [bp - 8]
    3633:29E4  [E29E4]  9aa2011de3      lcall   format_hex_word  ; 0xe31d, 0x1a2
    3633:29E9  [E29E9]  06              push    es
    3633:29EA  [E29EA]  53              push    bx
    3633:29EB  [E29EB]  8d7ec8          lea     di, [bp - 0x38]
    3633:29EE  [E29EE]  16              push    ss
    3633:29EF  [E29EF]  57              push    di
    3633:29F0  [E29F0]  9a0c001de3      lcall   strncat_far  ; 0xe31d, 0xc
    3633:29F5  [E29F5]  83c406          add     sp, 6
    3633:29F8  [E29F8]  bf2800          mov     di, 0x28
    3633:29FB  [E29FB]  57              push    di
    3633:29FC  [E29FC]  bf7bff          mov     di, 0xff7b
    3633:29FF  [E29FF]  57              push    di
    3633:2A00  [E2A00]  bae805          mov     dx, 0x5e8
    3633:2A03  [E2A03]  52              push    dx
    3633:2A04  [E2A04]  8d5ec8          lea     bx, [bp - 0x38]
    3633:2A07  [E2A07]  16              push    ss
    3633:2A08  [E2A08]  53              push    bx
    3633:2A09  [E2A09]  9a0c001de3      lcall   strncat_far  ; 0xe31d, 0xc
    3633:2A0E  [E2A0E]  eb03            jmp     L_E2A13  ; 0xb3
L_E2A10:
    3633:2A10  [E2A10]  e93000          jmp     L_E2A43  ; 0xe3
L_E2A13:
    3633:2A13  [E2A13]  83c406          add     sp, 6
    3633:2A16  [E2A16]  bff200          mov     di, 0xf2
    3633:2A19  [E2A19]  57              push    di
    3633:2A1A  [E2A1A]  ff76f6          push    word ptr [bp - 0xa]
    3633:2A1D  [E2A1D]  9aa2011de3      lcall   format_hex_word  ; 0xe31d, 0x1a2
    3633:2A22  [E2A22]  06              push    es
    3633:2A23  [E2A23]  53              push    bx
    3633:2A24  [E2A24]  8d7ec8          lea     di, [bp - 0x38]
    3633:2A27  [E2A27]  16              push    ss
    3633:2A28  [E2A28]  57              push    di
    3633:2A29  [E2A29]  ba7bff          mov     dx, 0xff7b
    3633:2A2C  [E2A2C]  52              push    dx
    3633:2A2D  [E2A2D]  b8ef05          mov     ax, 0x5ef
    3633:2A30  [E2A30]  50              push    ax
    3633:2A31  [E2A31]  9a04016be0      lcall   print_selftest_report_line  ; 0xe06b, 0x104
    3633:2A36  [E2A36]  83c40a          add     sp, 0xa
    3633:2A39  [E2A39]  eb03            jmp     L_E2A3E  ; 0xde
L_E2A3B:
    3633:2A3B  [E2A3B]  e90500          jmp     L_E2A43  ; 0xe3
L_E2A3E:
    3633:2A3E  [E2A3E]  814ef00200      or      word ptr [bp - 0x10], 2
L_E2A43:
    3633:2A43  [E2A43]  837ef405        cmp     word ptr [bp - 0xc], 5
    3633:2A47  [E2A47]  7f06            jg      L_E2A4F  ; 0xef
    3633:2A49  [E2A49]  837ef400        cmp     word ptr [bp - 0xc], 0
    3633:2A4D  [E2A4D]  7d5a            jge     L_E2AA9  ; 0x149
L_E2A4F:
    3633:2A4F  [E2A4F]  bf2800          mov     di, 0x28
    3633:2A52  [E2A52]  57              push    di
    3633:2A53  [E2A53]  bf7bff          mov     di, 0xff7b
    3633:2A56  [E2A56]  57              push    di
    3633:2A57  [E2A57]  baf605          mov     dx, 0x5f6
    3633:2A5A  [E2A5A]  52              push    dx
    3633:2A5B  [E2A5B]  8d5ec8          lea     bx, [bp - 0x38]
    3633:2A5E  [E2A5E]  16              push    ss
    3633:2A5F  [E2A5F]  53              push    bx
    3633:2A60  [E2A60]  9a6f001de3      lcall   strncpy_far  ; 0xe31d, 0x6f
    3633:2A65  [E2A65]  83c406          add     sp, 6
    3633:2A68  [E2A68]  bf2800          mov     di, 0x28
    3633:2A6B  [E2A6B]  57              push    di
    3633:2A6C  [E2A6C]  ff76f4          push    word ptr [bp - 0xc]
    3633:2A6F  [E2A6F]  9aa2011de3      lcall   format_hex_word  ; 0xe31d, 0x1a2
    3633:2A74  [E2A74]  06              push    es
    3633:2A75  [E2A75]  53              push    bx
    3633:2A76  [E2A76]  8d7ec8          lea     di, [bp - 0x38]
    3633:2A79  [E2A79]  16              push    ss
    3633:2A7A  [E2A7A]  57              push    di
    3633:2A7B  [E2A7B]  9a0c001de3      lcall   strncat_far  ; 0xe31d, 0xc
    3633:2A80  [E2A80]  83c406          add     sp, 6
    3633:2A83  [E2A83]  bff100          mov     di, 0xf1
    3633:2A86  [E2A86]  57              push    di
    3633:2A87  [E2A87]  bf7bff          mov     di, 0xff7b
    3633:2A8A  [E2A8A]  57              push    di
    3633:2A8B  [E2A8B]  ba0306          mov     dx, 0x603
    3633:2A8E  [E2A8E]  52              push    dx
    3633:2A8F  [E2A8F]  8d5ec8          lea     bx, [bp - 0x38]
    3633:2A92  [E2A92]  16              push    ss
    3633:2A93  [E2A93]  53              push    bx
    3633:2A94  [E2A94]  b87bff          mov     ax, 0xff7b
    3633:2A97  [E2A97]  50              push    ax
    3633:2A98  [E2A98]  bffc05          mov     di, 0x5fc
    3633:2A9B  [E2A9B]  57              push    di
    3633:2A9C  [E2A9C]  9a04016be0      lcall   print_selftest_report_line  ; 0xe06b, 0x104
    3633:2AA1  [E2AA1]  83c40a          add     sp, 0xa
    3633:2AA4  [E2AA4]  814ef00200      or      word ptr [bp - 0x10], 2
L_E2AA9:
    3633:2AA9  [E2AA9]  8b46f0          mov     ax, word ptr [bp - 0x10]
    3633:2AAC  [E2AAC]  8be5            mov     sp, bp
    3633:2AAE  [E2AAE]  5d              pop     bp
    3633:2AAF  [E2AAF]  cb              retf    
selftest_init_channel_hw:
    3633:2AB0  [E2AB0]  55              push    bp
    3633:2AB1  [E2AB1]  8bec            mov     bp, sp
    3633:2AB3  [E2AB3]  83ec0c          sub     sp, 0xc
    3633:2AB6  [E2AB6]  c746f80008      mov     word ptr [bp - 8], 0x800
    3633:2ABB  [E2ABB]  8b7e06          mov     di, word ptr [bp + 6]
    3633:2ABE  [E2ABE]  81e7e200        and     di, 0xe2
    3633:2AC2  [E2AC2]  8bd7            mov     dx, di
    3633:2AC4  [E2AC4]  8856f5          mov     byte ptr [bp - 0xb], dl
    3633:2AC7  [E2AC7]  9aa6076be0      lcall   clear_selftest_status_flags  ; 0xe06b, 0x7a6
    3633:2ACC  [E2ACC]  803e7a1b01      cmp     byte ptr [0x1b7a], 1
    3633:2AD1  [E2AD1]  7405            je      L_E2AD8  ; 0x178
    3633:2AD3  [E2AD3]  9a1909b1e3      lcall   read_channel1_status  ; 0xe3b1, 0x919
L_E2AD8:
    3633:2AD8  [E2AD8]  c7061c1bff00    mov     word ptr [0x1b1c], 0xff
    3633:2ADE  [E2ADE]  c43e201d        les     di, ptr [0x1d20]
    3633:2AE2  [E2AE2]  26c605ff        mov     byte ptr es:[di], 0xff
    3633:2AE6  [E2AE6]  c706f01a0100    mov     word ptr [0x1af0], 1
    3633:2AEC  [E2AEC]  c706f21a0000    mov     word ptr [0x1af2], 0
    3633:2AF2  [E2AF2]  c706ee1a0000    mov     word ptr [0x1aee], 0
    3633:2AF8  [E2AF8]  c7061e1b0000    mov     word ptr [0x1b1e], 0
    3633:2AFE  [E2AFE]  8a56f5          mov     dl, byte ptr [bp - 0xb]
    3633:2B01  [E2B01]  2af6            sub     dh, dh
    3633:2B03  [E2B03]  81ca1d00        or      dx, 0x1d
    3633:2B07  [E2B07]  89161c1b        mov     word ptr [0x1b1c], dx
    3633:2B0B  [E2B0B]  c43e201d        les     di, ptr [0x1d20]
    3633:2B0F  [E2B0F]  268815          mov     byte ptr es:[di], dl
    3633:2B12  [E2B12]  8a5ef5          mov     bl, byte ptr [bp - 0xb]
    3633:2B15  [E2B15]  2aff            sub     bh, bh
    3633:2B17  [E2B17]  81cb0900        or      bx, 9
    3633:2B1B  [E2B1B]  891e1c1b        mov     word ptr [0x1b1c], bx
    3633:2B1F  [E2B1F]  c43e201d        les     di, ptr [0x1d20]
    3633:2B23  [E2B23]  8bd3            mov     dx, bx
    3633:2B25  [E2B25]  268815          mov     byte ptr es:[di], dl
    3633:2B28  [E2B28]  8a5ef5          mov     bl, byte ptr [bp - 0xb]
    3633:2B2B  [E2B2B]  2aff            sub     bh, bh
    3633:2B2D  [E2B2D]  81cb1d00        or      bx, 0x1d
    3633:2B31  [E2B31]  891e1c1b        mov     word ptr [0x1b1c], bx
    3633:2B35  [E2B35]  c43e201d        les     di, ptr [0x1d20]
    3633:2B39  [E2B39]  8bd3            mov     dx, bx
    3633:2B3B  [E2B3B]  268815          mov     byte ptr es:[di], dl
    3633:2B3E  [E2B3E]  803e7a1b01      cmp     byte ptr [0x1b7a], 1
    3633:2B43  [E2B43]  7467            je      L_E2BAC  ; 0x24c
    3633:2B45  [E2B45]  9a1d00d1e5      lcall   enable_interrupts  ; 0xe5d1, 0x1d
    3633:2B4A  [E2B4A]  8a56f5          mov     dl, byte ptr [bp - 0xb]
    3633:2B4D  [E2B4D]  2af6            sub     dh, dh
    3633:2B4F  [E2B4F]  81ca1c00        or      dx, 0x1c
    3633:2B53  [E2B53]  89161c1b        mov     word ptr [0x1b1c], dx
    3633:2B57  [E2B57]  c43e201d        les     di, ptr [0x1d20]
    3633:2B5B  [E2B5B]  268815          mov     byte ptr es:[di], dl
L_E2B5E:
    3633:2B5E  [E2B5E]  ff4ef8          dec     word ptr [bp - 8]
    3633:2B61  [E2B61]  837ef800        cmp     word ptr [bp - 8], 0
    3633:2B65  [E2B65]  7e1e            jle     L_E2B85  ; 0x225
    3633:2B67  [E2B67]  a1ee1a          mov     ax, word ptr [0x1aee]
    3633:2B6A  [E2B6A]  250100          and     ax, 1
    3633:2B6D  [E2B6D]  3d0000          cmp     ax, 0
    3633:2B70  [E2B70]  7513            jne     L_E2B85  ; 0x225
    3633:2B72  [E2B72]  c43e201d        les     di, ptr [0x1d20]
    3633:2B76  [E2B76]  268a5505        mov     dl, byte ptr es:[di + 5]
    3633:2B7A  [E2B7A]  2af6            sub     dh, dh
    3633:2B7C  [E2B7C]  81e20400        and     dx, 4
    3633:2B80  [E2B80]  83fa00          cmp     dx, 0
    3633:2B83  [E2B83]  74d9            je      L_E2B5E  ; 0x1fe
L_E2B85:
    3633:2B85  [E2B85]  9a1f00d1e5      lcall   disable_interrupts  ; 0xe5d1, 0x1f
    3633:2B8A  [E2B8A]  c43e201d        les     di, ptr [0x1d20]
    3633:2B8E  [E2B8E]  268a5505        mov     dl, byte ptr es:[di + 5]
    3633:2B92  [E2B92]  2af6            sub     dh, dh
    3633:2B94  [E2B94]  81e20400        and     dx, 4
    3633:2B98  [E2B98]  83fa00          cmp     dx, 0
    3633:2B9B  [E2B9B]  7462            je      L_E2BFF  ; 0x29f
    3633:2B9D  [E2B9D]  833eee1a00      cmp     word ptr [0x1aee], 0
    3633:2BA2  [E2BA2]  755b            jne     L_E2BFF  ; 0x29f
    3633:2BA4  [E2BA4]  c6065b0701      mov     byte ptr [0x75b], 1
    3633:2BA9  [E2BA9]  e95300          jmp     L_E2BFF  ; 0x29f
L_E2BAC:
    3633:2BAC  [E2BAC]  e90000          jmp     L_E2BAF  ; 0x24f
L_E2BAF:
    3633:2BAF  [E2BAF]  9a2d046be0      lcall   wait_readout_tick  ; 0xe06b, 0x42d
    3633:2BB4  [E2BB4]  c6065f1b02      mov     byte ptr [0x1b5f], 2
    3633:2BB9  [E2BB9]  8a56f5          mov     dl, byte ptr [bp - 0xb]
    3633:2BBC  [E2BBC]  2af6            sub     dh, dh
    3633:2BBE  [E2BBE]  81ca1c00        or      dx, 0x1c
    3633:2BC2  [E2BC2]  89161c1b        mov     word ptr [0x1b1c], dx
    3633:2BC6  [E2BC6]  c43e201d        les     di, ptr [0x1d20]
    3633:2BCA  [E2BCA]  268815          mov     byte ptr es:[di], dl
L_E2BCD:
    3633:2BCD  [E2BCD]  ff4ef8          dec     word ptr [bp - 8]
    3633:2BD0  [E2BD0]  837ef800        cmp     word ptr [bp - 8], 0
    3633:2BD4  [E2BD4]  7e29            jle     L_E2BFF  ; 0x29f
    3633:2BD6  [E2BD6]  c43e201d        les     di, ptr [0x1d20]
    3633:2BDA  [E2BDA]  268a5505        mov     dl, byte ptr es:[di + 5]
    3633:2BDE  [E2BDE]  2af6            sub     dh, dh
    3633:2BE0  [E2BE0]  81e20400        and     dx, 4
    3633:2BE4  [E2BE4]  83fa00          cmp     dx, 0
    3633:2BE7  [E2BE7]  7516            jne     L_E2BFF  ; 0x29f
    3633:2BE9  [E2BE9]  a11e1b          mov     ax, word ptr [0x1b1e]
    3633:2BEC  [E2BEC]  250400          and     ax, 4
    3633:2BEF  [E2BEF]  3d0000          cmp     ax, 0
    3633:2BF2  [E2BF2]  750b            jne     L_E2BFF  ; 0x29f
    3633:2BF4  [E2BF4]  a11c1b          mov     ax, word ptr [0x1b1c]
    3633:2BF7  [E2BF7]  250100          and     ax, 1
    3633:2BFA  [E2BFA]  3d0000          cmp     ax, 0
    3633:2BFD  [E2BFD]  74ce            je      L_E2BCD  ; 0x26d
L_E2BFF:
    3633:2BFF  [E2BFF]  837ef800        cmp     word ptr [bp - 8], 0
    3633:2C03  [E2C03]  7f38            jg      L_E2C3D  ; 0x2dd
    3633:2C05  [E2C05]  bff800          mov     di, 0xf8
    3633:2C08  [E2C08]  57              push    di
    3633:2C09  [E2C09]  bf7bff          mov     di, 0xff7b
    3633:2C0C  [E2C0C]  57              push    di
    3633:2C0D  [E2C0D]  ba1706          mov     dx, 0x617
    3633:2C10  [E2C10]  52              push    dx
    3633:2C11  [E2C11]  bb7bff          mov     bx, 0xff7b
    3633:2C14  [E2C14]  53              push    bx
    3633:2C15  [E2C15]  b80e06          mov     ax, 0x60e
    3633:2C18  [E2C18]  50              push    ax
    3633:2C19  [E2C19]  bf7bff          mov     di, 0xff7b
    3633:2C1C  [E2C1C]  57              push    di
    3633:2C1D  [E2C1D]  bf0706          mov     di, 0x607
    3633:2C20  [E2C20]  57              push    di
    3633:2C21  [E2C21]  9a04016be0      lcall   print_selftest_report_line  ; 0xe06b, 0x104
    3633:2C26  [E2C26]  83c40a          add     sp, 0xa
    3633:2C29  [E2C29]  c7061c1bff00    mov     word ptr [0x1b1c], 0xff
    3633:2C2F  [E2C2F]  c43e201d        les     di, ptr [0x1d20]
    3633:2C33  [E2C33]  26c605ff        mov     byte ptr es:[di], 0xff
    3633:2C37  [E2C37]  b8ffff          mov     ax, 0xffff
    3633:2C3A  [E2C3A]  e99000          jmp     L_E2CCD  ; 0x36d
L_E2C3D:
    3633:2C3D  [E2C3D]  8a56f5          mov     dl, byte ptr [bp - 0xb]
    3633:2C40  [E2C40]  2af6            sub     dh, dh
    3633:2C42  [E2C42]  81ca1d00        or      dx, 0x1d
    3633:2C46  [E2C46]  89161c1b        mov     word ptr [0x1b1c], dx
    3633:2C4A  [E2C4A]  c43e201d        les     di, ptr [0x1d20]
    3633:2C4E  [E2C4E]  268815          mov     byte ptr es:[di], dl
    3633:2C51  [E2C51]  8a5ef5          mov     bl, byte ptr [bp - 0xb]
    3633:2C54  [E2C54]  2aff            sub     bh, bh
    3633:2C56  [E2C56]  81cb0500        or      bx, 5
    3633:2C5A  [E2C5A]  891e1c1b        mov     word ptr [0x1b1c], bx
    3633:2C5E  [E2C5E]  c43e201d        les     di, ptr [0x1d20]
    3633:2C62  [E2C62]  8bd3            mov     dx, bx
    3633:2C64  [E2C64]  268815          mov     byte ptr es:[di], dl
    3633:2C67  [E2C67]  c41e201d        les     bx, ptr [0x1d20]
    3633:2C6B  [E2C6B]  268a5704        mov     dl, byte ptr es:[bx + 4]
    3633:2C6F  [E2C6F]  2af6            sub     dh, dh
    3633:2C71  [E2C71]  8956f6          mov     word ptr [bp - 0xa], dx
    3633:2C74  [E2C74]  8a46f5          mov     al, byte ptr [bp - 0xb]
    3633:2C77  [E2C77]  2ae4            sub     ah, ah
    3633:2C79  [E2C79]  0d1d00          or      ax, 0x1d
    3633:2C7C  [E2C7C]  a31c1b          mov     word ptr [0x1b1c], ax
    3633:2C7F  [E2C7F]  c43e201d        les     di, ptr [0x1d20]
    3633:2C83  [E2C83]  268805          mov     byte ptr es:[di], al
    3633:2C86  [E2C86]  8a5ef5          mov     bl, byte ptr [bp - 0xb]
    3633:2C89  [E2C89]  2aff            sub     bh, bh
    3633:2C8B  [E2C8B]  81cb0500        or      bx, 5
    3633:2C8F  [E2C8F]  891e1c1b        mov     word ptr [0x1b1c], bx
    3633:2C93  [E2C93]  c43e201d        les     di, ptr [0x1d20]
    3633:2C97  [E2C97]  26881d          mov     byte ptr es:[di], bl
    3633:2C9A  [E2C9A]  8b46f6          mov     ax, word ptr [bp - 0xa]
    3633:2C9D  [E2C9D]  d1e0            shl     ax, 1
    3633:2C9F  [E2C9F]  d1e0            shl     ax, 1
    3633:2CA1  [E2CA1]  c43e201d        les     di, ptr [0x1d20]
    3633:2CA5  [E2CA5]  268a5504        mov     dl, byte ptr es:[di + 4]
    3633:2CA9  [E2CA9]  2af6            sub     dh, dh
    3633:2CAB  [E2CAB]  d1fa            sar     dx, 1
    3633:2CAD  [E2CAD]  d1fa            sar     dx, 1
    3633:2CAF  [E2CAF]  d1fa            sar     dx, 1
    3633:2CB1  [E2CB1]  d1fa            sar     dx, 1
    3633:2CB3  [E2CB3]  d1fa            sar     dx, 1
    3633:2CB5  [E2CB5]  d1fa            sar     dx, 1
    3633:2CB7  [E2CB7]  03c2            add     ax, dx
    3633:2CB9  [E2CB9]  8946f6          mov     word ptr [bp - 0xa], ax
    3633:2CBC  [E2CBC]  c7061c1bff00    mov     word ptr [0x1b1c], 0xff
    3633:2CC2  [E2CC2]  c41e201d        les     bx, ptr [0x1d20]
    3633:2CC6  [E2CC6]  26c607ff        mov     byte ptr es:[bx], 0xff
    3633:2CCA  [E2CCA]  8b46f6          mov     ax, word ptr [bp - 0xa]
L_E2CCD:
    3633:2CCD  [E2CCD]  8be5            mov     sp, bp
    3633:2CCF  [E2CCF]  5d              pop     bp
    3633:2CD0  [E2CD0]  ca0200          retf    2
SUB_E2CD3:
    3633:2CD3  [E2CD3]  55              push    bp
    3633:2CD4  [E2CD4]  8bec            mov     bp, sp
    3633:2CD6  [E2CD6]  83ec06          sub     sp, 6
    3633:2CD9  [E2CD9]  c7061c1bff00    mov     word ptr [0x1b1c], 0xff
    3633:2CDF  [E2CDF]  c43e201d        les     di, ptr [0x1d20]
    3633:2CE3  [E2CE3]  26c605ff        mov     byte ptr es:[di], 0xff
    3633:2CE7  [E2CE7]  8be5            mov     sp, bp
    3633:2CE9  [E2CE9]  5d              pop     bp
    3633:2CEA  [E2CEA]  cb              retf    

selftest_cursor_delta_time:
    3633:2CEC  [E2CEC]  55              push    bp
    3633:2CED  [E2CED]  8bec            mov     bp, sp
    3633:2CEF  [E2CEF]  83ec06          sub     sp, 6
    3633:2CF2  [E2CF2]  9a1b00cee2      lcall   measure_cursor_delta_time  ; 0xe2ce, 0x1b
    3633:2CF7  [E2CF7]  8be5            mov     sp, bp
    3633:2CF9  [E2CF9]  5d              pop     bp
    3633:2CFA  [E2CFA]  cb              retf    
measure_cursor_delta_time:
    3633:2CFB  [E2CFB]  55              push    bp
    3633:2CFC  [E2CFC]  8bec            mov     bp, sp
    3633:2CFE  [E2CFE]  83ec0e          sub     sp, 0xe
    3633:2D01  [E2D01]  c746f20100      mov     word ptr [bp - 0xe], 1
    3633:2D06  [E2D06]  bf9a00          mov     di, 0x9a
    3633:2D09  [E2D09]  57              push    di
    3633:2D0A  [E2D0A]  ba8f00          mov     dx, 0x8f
    3633:2D0D  [E2D0D]  52              push    dx
    3633:2D0E  [E2D0E]  9ae900cee2      lcall   wait_stable_measurement  ; 0xe2ce, 0xe9
    3633:2D13  [E2D13]  83c402          add     sp, 2
    3633:2D16  [E2D16]  8946f8          mov     word ptr [bp - 8], ax
    3633:2D19  [E2D19]  bf8a00          mov     di, 0x8a
    3633:2D1C  [E2D1C]  57              push    di
    3633:2D1D  [E2D1D]  bf8e00          mov     di, 0x8e
    3633:2D20  [E2D20]  57              push    di
    3633:2D21  [E2D21]  9ae900cee2      lcall   wait_stable_measurement  ; 0xe2ce, 0xe9
    3633:2D26  [E2D26]  83c402          add     sp, 2
    3633:2D29  [E2D29]  8946f6          mov     word ptr [bp - 0xa], ax
    3633:2D2C  [E2D2C]  8b7ef8          mov     di, word ptr [bp - 8]
    3633:2D2F  [E2D2F]  2bf8            sub     di, ax
    3633:2D31  [E2D31]  897ef4          mov     word ptr [bp - 0xc], di
    3633:2D34  [E2D34]  3dffff          cmp     ax, 0xffff
    3633:2D37  [E2D37]  7406            je      L_E2D3F  ; 0x5f
    3633:2D39  [E2D39]  837ef8ff        cmp     word ptr [bp - 8], -1
    3633:2D3D  [E2D3D]  7505            jne     L_E2D44  ; 0x64
L_E2D3F:
    3633:2D3F  [E2D3F]  814ef20200      or      word ptr [bp - 0xe], 2
L_E2D44:
    3633:2D44  [E2D44]  837ef655        cmp     word ptr [bp - 0xa], 0x55
    3633:2D48  [E2D48]  7c06            jl      L_E2D50  ; 0x70
    3633:2D4A  [E2D4A]  837ef673        cmp     word ptr [bp - 0xa], 0x73
    3633:2D4E  [E2D4E]  7e2b            jle     L_E2D7B  ; 0x9b
L_E2D50:
    3633:2D50  [E2D50]  bfe200          mov     di, 0xe2
    3633:2D53  [E2D53]  57              push    di
    3633:2D54  [E2D54]  ff76f6          push    word ptr [bp - 0xa]
    3633:2D57  [E2D57]  9ac5011de3      lcall   format_decimal_word  ; 0xe31d, 0x1c5
    3633:2D5C  [E2D5C]  06              push    es
    3633:2D5D  [E2D5D]  53              push    bx
    3633:2D5E  [E2D5E]  bf7bff          mov     di, 0xff7b
    3633:2D61  [E2D61]  57              push    di
    3633:2D62  [E2D62]  ba9805          mov     dx, 0x598
    3633:2D65  [E2D65]  52              push    dx
    3633:2D66  [E2D66]  b87bff          mov     ax, 0xff7b
    3633:2D69  [E2D69]  50              push    ax
    3633:2D6A  [E2D6A]  bf9405          mov     di, 0x594
    3633:2D6D  [E2D6D]  57              push    di
    3633:2D6E  [E2D6E]  9a04016be0      lcall   print_selftest_report_line  ; 0xe06b, 0x104
    3633:2D73  [E2D73]  83c40a          add     sp, 0xa
    3633:2D76  [E2D76]  814ef20200      or      word ptr [bp - 0xe], 2
L_E2D7B:
    3633:2D7B  [E2D7B]  817ef4c800      cmp     word ptr [bp - 0xc], 0xc8
    3633:2D80  [E2D80]  7c07            jl      L_E2D89  ; 0xa9
    3633:2D82  [E2D82]  817ef4d200      cmp     word ptr [bp - 0xc], 0xd2
    3633:2D87  [E2D87]  7e2b            jle     L_E2DB4  ; 0xd4
L_E2D89:
    3633:2D89  [E2D89]  bfe100          mov     di, 0xe1
    3633:2D8C  [E2D8C]  57              push    di
    3633:2D8D  [E2D8D]  ff76f4          push    word ptr [bp - 0xc]
    3633:2D90  [E2D90]  9ac5011de3      lcall   format_decimal_word  ; 0xe31d, 0x1c5
    3633:2D95  [E2D95]  06              push    es
    3633:2D96  [E2D96]  53              push    bx
    3633:2D97  [E2D97]  bf7bff          mov     di, 0xff7b
    3633:2D9A  [E2D9A]  57              push    di
    3633:2D9B  [E2D9B]  baac05          mov     dx, 0x5ac
    3633:2D9E  [E2D9E]  52              push    dx
    3633:2D9F  [E2D9F]  b87bff          mov     ax, 0xff7b
    3633:2DA2  [E2DA2]  50              push    ax
    3633:2DA3  [E2DA3]  bfa805          mov     di, 0x5a8
    3633:2DA6  [E2DA6]  57              push    di
    3633:2DA7  [E2DA7]  9a04016be0      lcall   print_selftest_report_line  ; 0xe06b, 0x104
    3633:2DAC  [E2DAC]  83c40a          add     sp, 0xa
    3633:2DAF  [E2DAF]  814ef20200      or      word ptr [bp - 0xe], 2
L_E2DB4:
    3633:2DB4  [E2DB4]  8b46f2          mov     ax, word ptr [bp - 0xe]
    3633:2DB7  [E2DB7]  8be5            mov     sp, bp
    3633:2DB9  [E2DB9]  5d              pop     bp
    3633:2DBA  [E2DBA]  cb              retf    

wait_stable_measurement:
    3633:2DC9  [E2DC9]  55              push    bp
    3633:2DCA  [E2DCA]  8bec            mov     bp, sp
    3633:2DCC  [E2DCC]  83ec0e          sub     sp, 0xe
    3633:2DCF  [E2DCF]  c746f40002      mov     word ptr [bp - 0xc], 0x200
    3633:2DD4  [E2DD4]  c646f900        mov     byte ptr [bp - 7], 0
    3633:2DD8  [E2DD8]  c646f8ff        mov     byte ptr [bp - 8], 0xff
    3633:2DDC  [E2DDC]  c606570200      mov     byte ptr [0x257], 0
    3633:2DE1  [E2DE1]  c606580200      mov     byte ptr [0x258], 0
    3633:2DE6  [E2DE6]  c43e3603        les     di, ptr [0x336]
    3633:2DEA  [E2DEA]  26c60500        mov     byte ptr es:[di], 0
    3633:2DEE  [E2DEE]  9a2d046be0      lcall   wait_readout_tick  ; 0xe06b, 0x42d
    3633:2DF3  [E2DF3]  c6065f1b01      mov     byte ptr [0x1b5f], 1
    3633:2DF8  [E2DF8]  8b7e08          mov     di, word ptr [bp + 8]
    3633:2DFB  [E2DFB]  8bd7            mov     dx, di
    3633:2DFD  [E2DFD]  c43e2603        les     di, ptr [0x326]
    3633:2E01  [E2E01]  268815          mov     byte ptr es:[di], dl
    3633:2E04  [E2E04]  c606570200      mov     byte ptr [0x257], 0
    3633:2E09  [E2E09]  c606580200      mov     byte ptr [0x258], 0
    3633:2E0E  [E2E0E]  c41e3603        les     bx, ptr [0x336]
    3633:2E12  [E2E12]  26c60700        mov     byte ptr es:[bx], 0
    3633:2E16  [E2E16]  c43e2e03        les     di, ptr [0x32e]
    3633:2E1A  [E2E1A]  26c7050100      mov     word ptr es:[di], 1
    3633:2E1F  [E2E1F]  c43e1e03        les     di, ptr [0x31e]
    3633:2E23  [E2E23]  268a95fe0f      mov     dl, byte ptr es:[di + 0xffe]
    3633:2E28  [E2E28]  2af6            sub     dh, dh
    3633:2E2A  [E2E2A]  8956f2          mov     word ptr [bp - 0xe], dx
    3633:2E2D  [E2E2D]  8b5e06          mov     bx, word ptr [bp + 6]
    3633:2E30  [E2E30]  8bc3            mov     ax, bx
    3633:2E32  [E2E32]  a25702          mov     byte ptr [0x257], al
    3633:2E35  [E2E35]  c41e3603        les     bx, ptr [0x336]
    3633:2E39  [E2E39]  268807          mov     byte ptr es:[bx], al
    3633:2E3C  [E2E3C]  800e570210      or      byte ptr [0x257], 0x10
    3633:2E41  [E2E41]  a05702          mov     al, byte ptr [0x257]
    3633:2E44  [E2E44]  a25802          mov     byte ptr [0x258], al
    3633:2E47  [E2E47]  c43e3603        les     di, ptr [0x336]
    3633:2E4B  [E2E4B]  268805          mov     byte ptr es:[di], al
    3633:2E4E  [E2E4E]  e91700          jmp     L_E2E68  ; 0x188
L_E2E51:
    3633:2E51  [E2E51]  c43e2a03        les     di, ptr [0x32a]
    3633:2E55  [E2E55]  268a15          mov     dl, byte ptr es:[di]
    3633:2E58  [E2E58]  8856f9          mov     byte ptr [bp - 7], dl
    3633:2E5B  [E2E5B]  ff4ef4          dec     word ptr [bp - 0xc]
    3633:2E5E  [E2E5E]  c41e2a03        les     bx, ptr [0x32a]
    3633:2E62  [E2E62]  268a07          mov     al, byte ptr es:[bx]
    3633:2E65  [E2E65]  8846f8          mov     byte ptr [bp - 8], al
L_E2E68:
    3633:2E68  [E2E68]  8a56f8          mov     dl, byte ptr [bp - 8]
    3633:2E6B  [E2E6B]  3856f9          cmp     byte ptr [bp - 7], dl
    3633:2E6E  [E2E6E]  742f            je      L_E2E9F  ; 0x1bf
    3633:2E70  [E2E70]  803e7a1b01      cmp     byte ptr [0x1b7a], 1
    3633:2E75  [E2E75]  7410            je      L_E2E87  ; 0x1a7
    3633:2E77  [E2E77]  c43e2203        les     di, ptr [0x322]
    3633:2E7B  [E2E7B]  268b1d          mov     bx, word ptr es:[di]
    3633:2E7E  [E2E7E]  81e30080        and     bx, 0x8000
    3633:2E82  [E2E82]  83fb00          cmp     bx, 0
    3633:2E85  [E2E85]  7512            jne     L_E2E99  ; 0x1b9
L_E2E87:
    3633:2E87  [E2E87]  803e7a1b01      cmp     byte ptr [0x1b7a], 1
    3633:2E8C  [E2E8C]  7511            jne     L_E2E9F  ; 0x1bf
    3633:2E8E  [E2E8E]  a11e1b          mov     ax, word ptr [0x1b1e]
    3633:2E91  [E2E91]  250080          and     ax, 0x8000
    3633:2E94  [E2E94]  3d0000          cmp     ax, 0
    3633:2E97  [E2E97]  7406            je      L_E2E9F  ; 0x1bf
L_E2E99:
    3633:2E99  [E2E99]  837ef400        cmp     word ptr [bp - 0xc], 0
    3633:2E9D  [E2E9D]  75b2            jne     L_E2E51  ; 0x171
L_E2E9F:
    3633:2E9F  [E2E9F]  c43e2a03        les     di, ptr [0x32a]
    3633:2EA3  [E2EA3]  268a15          mov     dl, byte ptr es:[di]
    3633:2EA6  [E2EA6]  2af6            sub     dh, dh
    3633:2EA8  [E2EA8]  8956f6          mov     word ptr [bp - 0xa], dx
    3633:2EAB  [E2EAB]  c41e2203        les     bx, ptr [0x322]
    3633:2EAF  [E2EAF]  268b07          mov     ax, word ptr es:[bx]
    3633:2EB2  [E2EB2]  250040          and     ax, 0x4000
    3633:2EB5  [E2EB5]  3d0000          cmp     ax, 0
    3633:2EB8  [E2EB8]  7405            je      L_E2EBF  ; 0x1df
    3633:2EBA  [E2EBA]  814ef60001      or      word ptr [bp - 0xa], 0x100
L_E2EBF:
    3633:2EBF  [E2EBF]  9a2d046be0      lcall   wait_readout_tick  ; 0xe06b, 0x42d
    3633:2EC4  [E2EC4]  c43e2203        les     di, ptr [0x322]
    3633:2EC8  [E2EC8]  268b15          mov     dx, word ptr es:[di]
    3633:2ECB  [E2ECB]  81e20020        and     dx, 0x2000
    3633:2ECF  [E2ECF]  83fa00          cmp     dx, 0
    3633:2ED2  [E2ED2]  752b            jne     L_E2EFF  ; 0x21f
    3633:2ED4  [E2ED4]  bae400          mov     dx, 0xe4
    3633:2ED7  [E2ED7]  52              push    dx
    3633:2ED8  [E2ED8]  ff7608          push    word ptr [bp + 8]
    3633:2EDB  [E2EDB]  9aa2011de3      lcall   format_hex_word  ; 0xe31d, 0x1a2
    3633:2EE0  [E2EE0]  06              push    es
    3633:2EE1  [E2EE1]  53              push    bx
    3633:2EE2  [E2EE2]  bf7bff          mov     di, 0xff7b
    3633:2EE5  [E2EE5]  57              push    di
    3633:2EE6  [E2EE6]  bac205          mov     dx, 0x5c2
    3633:2EE9  [E2EE9]  52              push    dx
    3633:2EEA  [E2EEA]  b87bff          mov     ax, 0xff7b
    3633:2EED  [E2EED]  50              push    ax
    3633:2EEE  [E2EEE]  bfbe05          mov     di, 0x5be
    3633:2EF1  [E2EF1]  57              push    di
    3633:2EF2  [E2EF2]  9a04016be0      lcall   print_selftest_report_line  ; 0xe06b, 0x104
    3633:2EF7  [E2EF7]  83c40a          add     sp, 0xa
    3633:2EFA  [E2EFA]  c746f6ffff      mov     word ptr [bp - 0xa], 0xffff
L_E2EFF:
    3633:2EFF  [E2EFF]  c606570200      mov     byte ptr [0x257], 0
    3633:2F04  [E2F04]  c606580200      mov     byte ptr [0x258], 0
    3633:2F09  [E2F09]  c43e3603        les     di, ptr [0x336]
    3633:2F0D  [E2F0D]  26c60500        mov     byte ptr es:[di], 0
    3633:2F11  [E2F11]  837ef400        cmp     word ptr [bp - 0xc], 0
    3633:2F15  [E2F15]  7f2b            jg      L_E2F42  ; 0x262
    3633:2F17  [E2F17]  bae800          mov     dx, 0xe8
    3633:2F1A  [E2F1A]  52              push    dx
    3633:2F1B  [E2F1B]  ff7608          push    word ptr [bp + 8]
    3633:2F1E  [E2F1E]  9aa2011de3      lcall   format_hex_word  ; 0xe31d, 0x1a2
    3633:2F23  [E2F23]  06              push    es
    3633:2F24  [E2F24]  53              push    bx
    3633:2F25  [E2F25]  bf7bff          mov     di, 0xff7b
    3633:2F28  [E2F28]  57              push    di
    3633:2F29  [E2F29]  bad205          mov     dx, 0x5d2
    3633:2F2C  [E2F2C]  52              push    dx
    3633:2F2D  [E2F2D]  b87bff          mov     ax, 0xff7b
    3633:2F30  [E2F30]  50              push    ax
    3633:2F31  [E2F31]  bfce05          mov     di, 0x5ce
    3633:2F34  [E2F34]  57              push    di
    3633:2F35  [E2F35]  9a04016be0      lcall   print_selftest_report_line  ; 0xe06b, 0x104
    3633:2F3A  [E2F3A]  83c40a          add     sp, 0xa
    3633:2F3D  [E2F3D]  c746f6ffff      mov     word ptr [bp - 0xa], 0xffff
L_E2F42:
    3633:2F42  [E2F42]  8b46f6          mov     ax, word ptr [bp - 0xa]
    3633:2F45  [E2F45]  8be5            mov     sp, bp
    3633:2F47  [E2F47]  5d              pop     bp
    3633:2F48  [E2F48]  ca0200          retf    2

selftest_front_panel_switch_b:
    3633:2FC8  [E2FC8]  55              push    bp
    3633:2FC9  [E2FC9]  8bec            mov     bp, sp
    3633:2FCB  [E2FCB]  83ec08          sub     sp, 8
    3633:2FCE  [E2FCE]  bf0100          mov     di, 1
    3633:2FD1  [E2FD1]  57              push    di
    3633:2FD2  [E2FD2]  bf1500          mov     di, 0x15
    3633:2FD5  [E2FD5]  57              push    di
    3633:2FD6  [E2FD6]  2bff            sub     di, di
    3633:2FD8  [E2FD8]  57              push    di
    3633:2FD9  [E2FD9]  9a06006be0      lcall   update_menu_position  ; 0xe06b, 6
    3633:2FDE  [E2FDE]  83c404          add     sp, 4
L_E2FE1:
    3633:2FE1  [E2FE1]  bf0300          mov     di, 3
    3633:2FE4  [E2FE4]  57              push    di
    3633:2FE5  [E2FE5]  9abc00f4e2      lcall   SUB_E2FFC  ; 0xe2f4, 0xbc
    3633:2FEA  [E2FEA]  8946f8          mov     word ptr [bp - 8], ax
    3633:2FED  [E2FED]  258000          and     ax, 0x80
    3633:2FF0  [E2FF0]  3d0000          cmp     ax, 0
    3633:2FF3  [E2FF3]  74ec            je      L_E2FE1  ; 0xa1
    3633:2FF5  [E2FF5]  8b46f8          mov     ax, word ptr [bp - 8]
    3633:2FF8  [E2FF8]  8be5            mov     sp, bp
    3633:2FFA  [E2FFA]  5d              pop     bp
    3633:2FFB  [E2FFB]  cb              retf    
SUB_E2FFC:
    3633:2FFC  [E2FFC]  55              push    bp
    3633:2FFD  [E2FFD]  8bec            mov     bp, sp
    3633:2FFF  [E2FFF]  83ec0c          sub     sp, 0xc
    3633:3002  [E3002]  51              push    cx
    3633:3003  [E3003]  c606560200      mov     byte ptr [0x256], 0
    3633:3008  [E3008]  c43e2603        les     di, ptr [0x326]
    3633:300C  [E300C]  26c60500        mov     byte ptr es:[di], 0
    3633:3010  [E3010]  ff7606          push    word ptr [bp + 6]
    3633:3013  [E3013]  ba1500          mov     dx, 0x15
    3633:3016  [E3016]  52              push    dx
    3633:3017  [E3017]  2bdb            sub     bx, bx
    3633:3019  [E3019]  53              push    bx
    3633:301A  [E301A]  9a06006be0      lcall   update_menu_position  ; 0xe06b, 6
    3633:301F  [E301F]  83c404          add     sp, 4
    3633:3022  [E3022]  8946f4          mov     word ptr [bp - 0xc], ax
    3633:3025  [E3025]  3dfeff          cmp     ax, 0xfffe
    3633:3028  [E3028]  7477            je      L_E30A1  ; 0x161
    3633:302A  [E302A]  c746f6fe0f      mov     word ptr [bp - 0xa], 0xffe
    3633:302F  [E302F]  3d0b00          cmp     ax, 0xb
    3633:3032  [E3032]  7d11            jge     L_E3045  ; 0x105
    3633:3034  [E3034]  bf0b00          mov     di, 0xb
    3633:3037  [E3037]  2bf8            sub     di, ax
    3633:3039  [E3039]  8bcf            mov     cx, di
    3633:303B  [E303B]  bafe0f          mov     dx, 0xffe
    3633:303E  [E303E]  d3fa            sar     dx, cl
    3633:3040  [E3040]  8bfa            mov     di, dx
    3633:3042  [E3042]  e90f00          jmp     L_E3054  ; 0x114
L_E3045:
    3633:3045  [E3045]  8b7ef4          mov     di, word ptr [bp - 0xc]
    3633:3048  [E3048]  83c7f5          add     di, -0xb
    3633:304B  [E304B]  8bcf            mov     cx, di
    3633:304D  [E304D]  8b56f6          mov     dx, word ptr [bp - 0xa]
    3633:3050  [E3050]  d3e2            shl     dx, cl
    3633:3052  [E3052]  8bfa            mov     di, dx
L_E3054:
    3633:3054  [E3054]  897ef6          mov     word ptr [bp - 0xa], di
    3633:3057  [E3057]  8166f6fe0f      and     word ptr [bp - 0xa], 0xffe
    3633:305C  [E305C]  ff76f6          push    word ptr [bp - 0xa]
    3633:305F  [E305F]  9a7501f4e2      lcall   verify_adc_calibration  ; 0xe2f4, 0x175
    3633:3064  [E3064]  8946f8          mov     word ptr [bp - 8], ax
    3633:3067  [E3067]  bf0a00          mov     di, 0xa
    3633:306A  [E306A]  57              push    di
    3633:306B  [E306B]  2bff            sub     di, di
    3633:306D  [E306D]  57              push    di
    3633:306E  [E306E]  57              push    di
    3633:306F  [E306F]  ba0300          mov     dx, 3
    3633:3072  [E3072]  52              push    dx
    3633:3073  [E3073]  ba1000          mov     dx, 0x10
    3633:3076  [E3076]  52              push    dx
    3633:3077  [E3077]  ff76f6          push    word ptr [bp - 0xa]
    3633:307A  [E307A]  9aaf001de3      lcall   format_number  ; 0xe31d, 0xaf
    3633:307F  [E307F]  83c408          add     sp, 8
    3633:3082  [E3082]  06              push    es
    3633:3083  [E3083]  53              push    bx
    3633:3084  [E3084]  1e              push    ds
    3633:3085  [E3085]  bf7604          mov     di, 0x476
    3633:3088  [E3088]  57              push    di
    3633:3089  [E3089]  9a6f001de3      lcall   strncpy_far  ; 0xe31d, 0x6f
    3633:308E  [E308E]  83c406          add     sp, 6
    3633:3091  [E3091]  c7065a1b7604    mov     word ptr [0x1b5a], 0x476
    3633:3097  [E3097]  8c1e5c1b        mov     word ptr [0x1b5c], ds
    3633:309B  [E309B]  837ef415        cmp     word ptr [bp - 0xc], 0x15
    3633:309F  [E309F]  eb03            jmp     L_E30A4  ; 0x164
L_E30A1:
    3633:30A1  [E30A1]  e90700          jmp     L_E30AB  ; 0x16b
L_E30A4:
    3633:30A4  [E30A4]  7c05            jl      L_E30AB  ; 0x16b
    3633:30A6  [E30A6]  814ef88000      or      word ptr [bp - 8], 0x80
L_E30AB:
    3633:30AB  [E30AB]  8b46f8          mov     ax, word ptr [bp - 8]
    3633:30AE  [E30AE]  59              pop     cx
    3633:30AF  [E30AF]  8be5            mov     sp, bp
    3633:30B1  [E30B1]  5d              pop     bp
    3633:30B2  [E30B2]  ca0200          retf    2
verify_adc_calibration:
    3633:30B5  [E30B5]  55              push    bp
    3633:30B6  [E30B6]  8bec            mov     bp, sp
    3633:30B8  [E30B8]  83ec34          sub     sp, 0x34
    3633:30BB  [E30BB]  c746cc0100      mov     word ptr [bp - 0x34], 1
    3633:30C0  [E30C0]  9aa6076be0      lcall   clear_selftest_status_flags  ; 0xe06b, 0x7a6
    3633:30C5  [E30C5]  c43e1e03        les     di, ptr [0x31e]
    3633:30C9  [E30C9]  8b5e06          mov     bx, word ptr [bp + 6]
    3633:30CC  [E30CC]  268a11          mov     dl, byte ptr es:[bx + di]
    3633:30CF  [E30CF]  2af6            sub     dh, dh
    3633:30D1  [E30D1]  8956f8          mov     word ptr [bp - 8], dx
    3633:30D4  [E30D4]  c43e2203        les     di, ptr [0x322]
    3633:30D8  [E30D8]  268b1d          mov     bx, word ptr es:[di]
    3633:30DB  [E30DB]  81e3fe0f        and     bx, 0xffe
    3633:30DF  [E30DF]  895ef6          mov     word ptr [bp - 0xa], bx
    3633:30E2  [E30E2]  8b4606          mov     ax, word ptr [bp + 6]
    3633:30E5  [E30E5]  3bd8            cmp     bx, ax
    3633:30E7  [E30E7]  7475            je      L_E315E  ; 0x21e
    3633:30E9  [E30E9]  bf2800          mov     di, 0x28
    3633:30EC  [E30EC]  57              push    di
    3633:30ED  [E30ED]  bf7bff          mov     di, 0xff7b
    3633:30F0  [E30F0]  57              push    di
    3633:30F1  [E30F1]  bf7e05          mov     di, 0x57e
    3633:30F4  [E30F4]  57              push    di
    3633:30F5  [E30F5]  8d7ece          lea     di, [bp - 0x32]
    3633:30F8  [E30F8]  16              push    ss
    3633:30F9  [E30F9]  57              push    di
    3633:30FA  [E30FA]  9a6f001de3      lcall   strncpy_far  ; 0xe31d, 0x6f
    3633:30FF  [E30FF]  83c406          add     sp, 6
    3633:3102  [E3102]  bf2800          mov     di, 0x28
    3633:3105  [E3105]  57              push    di
    3633:3106  [E3106]  ff76f6          push    word ptr [bp - 0xa]
    3633:3109  [E3109]  9aa2011de3      lcall   format_hex_word  ; 0xe31d, 0x1a2
    3633:310E  [E310E]  06              push    es
    3633:310F  [E310F]  53              push    bx
    3633:3110  [E3110]  8d7ece          lea     di, [bp - 0x32]
    3633:3113  [E3113]  16              push    ss
    3633:3114  [E3114]  57              push    di
    3633:3115  [E3115]  9a0c001de3      lcall   strncat_far  ; 0xe31d, 0xc
    3633:311A  [E311A]  83c406          add     sp, 6
    3633:311D  [E311D]  bf2800          mov     di, 0x28
    3633:3120  [E3120]  57              push    di
    3633:3121  [E3121]  bf7bff          mov     di, 0xff7b
    3633:3124  [E3124]  57              push    di
    3633:3125  [E3125]  ba8805          mov     dx, 0x588
    3633:3128  [E3128]  52              push    dx
    3633:3129  [E3129]  8d5ece          lea     bx, [bp - 0x32]
    3633:312C  [E312C]  16              push    ss
    3633:312D  [E312D]  53              push    bx
    3633:312E  [E312E]  9a0c001de3      lcall   strncat_far  ; 0xe31d, 0xc
    3633:3133  [E3133]  83c406          add     sp, 6
    3633:3136  [E3136]  bf0900          mov     di, 9
    3633:3139  [E3139]  57              push    di
    3633:313A  [E313A]  ff7606          push    word ptr [bp + 6]
    3633:313D  [E313D]  9aa2011de3      lcall   format_hex_word  ; 0xe31d, 0x1a2
    3633:3142  [E3142]  06              push    es
    3633:3143  [E3143]  53              push    bx
    3633:3144  [E3144]  8d7ece          lea     di, [bp - 0x32]
    3633:3147  [E3147]  16              push    ss
    3633:3148  [E3148]  57              push    di
    3633:3149  [E3149]  ba7bff          mov     dx, 0xff7b
    3633:314C  [E314C]  52              push    dx
    3633:314D  [E314D]  b88c05          mov     ax, 0x58c
    3633:3150  [E3150]  50              push    ax
    3633:3151  [E3151]  9a04016be0      lcall   print_selftest_report_line  ; 0xe06b, 0x104
    3633:3156  [E3156]  83c40a          add     sp, 0xa
    3633:3159  [E3159]  814ecc0200      or      word ptr [bp - 0x34], 2
L_E315E:
    3633:315E  [E315E]  8b46cc          mov     ax, word ptr [bp - 0x34]
    3633:3161  [E3161]  8be5            mov     sp, bp
    3633:3163  [E3163]  5d              pop     bp
    3633:3164  [E3164]  ca0200          retf    2

strncat_far:
    3633:31DC  [E31DC]  55              push    bp
    3633:31DD  [E31DD]  8bec            mov     bp, sp
    3633:31DF  [E31DF]  83ec0a          sub     sp, 0xa
    3633:31E2  [E31E2]  c47e06          les     di, ptr [bp + 6]
    3633:31E5  [E31E5]  897ef6          mov     word ptr [bp - 0xa], di
    3633:31E8  [E31E8]  8c46f8          mov     word ptr [bp - 8], es
    3633:31EB  [E31EB]  e90300          jmp     L_E31F1  ; 0x21
L_E31EE:
    3633:31EE  [E31EE]  ff46f6          inc     word ptr [bp - 0xa]
L_E31F1:
    3633:31F1  [E31F1]  c47ef6          les     di, ptr [bp - 0xa]
    3633:31F4  [E31F4]  26803d00        cmp     byte ptr es:[di], 0
    3633:31F8  [E31F8]  740b            je      L_E3205  ; 0x35
    3633:31FA  [E31FA]  8b560e          mov     dx, word ptr [bp + 0xe]
    3633:31FD  [E31FD]  ff4e0e          dec     word ptr [bp + 0xe]
    3633:3200  [E3200]  83fa00          cmp     dx, 0
    3633:3203  [E3203]  7fe9            jg      L_E31EE  ; 0x1e
L_E3205:
    3633:3205  [E3205]  e91600          jmp     L_E321E  ; 0x4e
L_E3208:
    3633:3208  [E3208]  c47ef6          les     di, ptr [bp - 0xa]
    3633:320B  [E320B]  8cc2            mov     dx, es
    3633:320D  [E320D]  c45e0a          les     bx, ptr [bp + 0xa]
    3633:3210  [E3210]  268a07          mov     al, byte ptr es:[bx]
    3633:3213  [E3213]  8ec2            mov     es, dx
    3633:3215  [E3215]  268805          mov     byte ptr es:[di], al
    3633:3218  [E3218]  ff46f6          inc     word ptr [bp - 0xa]
    3633:321B  [E321B]  ff460a          inc     word ptr [bp + 0xa]
L_E321E:
    3633:321E  [E321E]  c47e0a          les     di, ptr [bp + 0xa]
    3633:3221  [E3221]  26803d00        cmp     byte ptr es:[di], 0
    3633:3225  [E3225]  740b            je      L_E3232  ; 0x62
    3633:3227  [E3227]  8b560e          mov     dx, word ptr [bp + 0xe]
    3633:322A  [E322A]  ff4e0e          dec     word ptr [bp + 0xe]
    3633:322D  [E322D]  83fa00          cmp     dx, 0
    3633:3230  [E3230]  7fd6            jg      L_E3208  ; 0x38
L_E3232:
    3633:3232  [E3232]  c47ef6          les     di, ptr [bp - 0xa]
    3633:3235  [E3235]  26c60500        mov     byte ptr es:[di], 0
    3633:3239  [E3239]  8be5            mov     sp, bp
    3633:323B  [E323B]  5d              pop     bp
    3633:323C  [E323C]  ca0400          retf    4
strncpy_far:
    3633:323F  [E323F]  55              push    bp
    3633:3240  [E3240]  8bec            mov     bp, sp
    3633:3242  [E3242]  83ec06          sub     sp, 6
    3633:3245  [E3245]  e91600          jmp     L_E325E  ; 0x8e
L_E3248:
    3633:3248  [E3248]  c47e06          les     di, ptr [bp + 6]
    3633:324B  [E324B]  ff4606          inc     word ptr [bp + 6]
    3633:324E  [E324E]  8cc2            mov     dx, es
    3633:3250  [E3250]  c45e0a          les     bx, ptr [bp + 0xa]
    3633:3253  [E3253]  ff460a          inc     word ptr [bp + 0xa]
    3633:3256  [E3256]  268a07          mov     al, byte ptr es:[bx]
    3633:3259  [E3259]  8ec2            mov     es, dx
    3633:325B  [E325B]  268805          mov     byte ptr es:[di], al
L_E325E:
    3633:325E  [E325E]  c47e0a          les     di, ptr [bp + 0xa]
    3633:3261  [E3261]  26803d00        cmp     byte ptr es:[di], 0
    3633:3265  [E3265]  740b            je      L_E3272  ; 0xa2
    3633:3267  [E3267]  8b560e          mov     dx, word ptr [bp + 0xe]
    3633:326A  [E326A]  ff4e0e          dec     word ptr [bp + 0xe]
    3633:326D  [E326D]  83fa00          cmp     dx, 0
    3633:3270  [E3270]  7fd6            jg      L_E3248  ; 0x78
L_E3272:
    3633:3272  [E3272]  c47e06          les     di, ptr [bp + 6]
    3633:3275  [E3275]  26c60500        mov     byte ptr es:[di], 0
    3633:3279  [E3279]  8be5            mov     sp, bp
    3633:327B  [E327B]  5d              pop     bp
    3633:327C  [E327C]  ca0400          retf    4
format_number:
    3633:327F  [E327F]  55              push    bp
    3633:3280  [E3280]  8bec            mov     bp, sp
    3633:3282  [E3282]  83ec0c          sub     sp, 0xc
    3633:3285  [E3285]  c746f60000      mov     word ptr [bp - 0xa], 0
    3633:328A  [E328A]  8b7e0a          mov     di, word ptr [bp + 0xa]
    3633:328D  [E328D]  47              inc     di
    3633:328E  [E328E]  897ef8          mov     word ptr [bp - 8], di
    3633:3291  [E3291]  8b5606          mov     dx, word ptr [bp + 6]
    3633:3294  [E3294]  81e20080        and     dx, 0x8000
    3633:3298  [E3298]  83fa00          cmp     dx, 0
    3633:329B  [E329B]  7410            je      L_E32AD  ; 0xdd
    3633:329D  [E329D]  807e0c01        cmp     byte ptr [bp + 0xc], 1
    3633:32A1  [E32A1]  750a            jne     L_E32AD  ; 0xdd
    3633:32A3  [E32A3]  8146060080      add     word ptr [bp + 6], 0x8000
    3633:32A8  [E32A8]  c746f6ffff      mov     word ptr [bp - 0xa], 0xffff
L_E32AD:
    3633:32AD  [E32AD]  8b7ef8          mov     di, word ptr [bp - 8]
    3633:32B0  [E32B0]  ff4ef8          dec     word ptr [bp - 8]
    3633:32B3  [E32B3]  c685341b00      mov     byte ptr [di + 0x1b34], 0
    3633:32B8  [E32B8]  837e0600        cmp     word ptr [bp + 6], 0
    3633:32BC  [E32BC]  754c            jne     L_E330A  ; 0x13a
    3633:32BE  [E32BE]  8b5ef8          mov     bx, word ptr [bp - 8]
    3633:32C1  [E32C1]  ff4ef8          dec     word ptr [bp - 8]
    3633:32C4  [E32C4]  c687341b30      mov     byte ptr [bx + 0x1b34], 0x30
    3633:32C9  [E32C9]  ff4e0e          dec     word ptr [bp + 0xe]
    3633:32CC  [E32CC]  e93b00          jmp     L_E330A  ; 0x13a
L_E32CF:
    3633:32CF  [E32CF]  8b4606          mov     ax, word ptr [bp + 6]
    3633:32D2  [E32D2]  2bd2            sub     dx, dx
    3633:32D4  [E32D4]  f77608          div     word ptr [bp + 8]
    3633:32D7  [E32D7]  8956f4          mov     word ptr [bp - 0xc], dx
    3633:32DA  [E32DA]  52              push    dx
    3633:32DB  [E32DB]  83fa09          cmp     dx, 9
    3633:32DE  [E32DE]  7e06            jle     L_E32E6  ; 0x116
    3633:32E0  [E32E0]  bf3700          mov     di, 0x37
    3633:32E3  [E32E3]  e90300          jmp     L_E32E9  ; 0x119
L_E32E6:
    3633:32E6  [E32E6]  bf3000          mov     di, 0x30
L_E32E9:
    3633:32E9  [E32E9]  5a              pop     dx
    3633:32EA  [E32EA]  03d7            add     dx, di
    3633:32EC  [E32EC]  8bda            mov     bx, dx
    3633:32EE  [E32EE]  8b7ef8          mov     di, word ptr [bp - 8]
    3633:32F1  [E32F1]  ff4ef8          dec     word ptr [bp - 8]
    3633:32F4  [E32F4]  889d341b        mov     byte ptr [di + 0x1b34], bl
    3633:32F8  [E32F8]  8b4608          mov     ax, word ptr [bp + 8]
    3633:32FB  [E32FB]  8bf8            mov     di, ax
    3633:32FD  [E32FD]  8b4606          mov     ax, word ptr [bp + 6]
    3633:3300  [E3300]  2bd2            sub     dx, dx
    3633:3302  [E3302]  f7f7            div     di
    3633:3304  [E3304]  894606          mov     word ptr [bp + 6], ax
    3633:3307  [E3307]  ff4e0e          dec     word ptr [bp + 0xe]
L_E330A:
    3633:330A  [E330A]  837e0600        cmp     word ptr [bp + 6], 0
    3633:330E  [E330E]  7606            jbe     L_E3316  ; 0x146
    3633:3310  [E3310]  837ef800        cmp     word ptr [bp - 8], 0
    3633:3314  [E3314]  7db9            jge     L_E32CF  ; 0xff
L_E3316:
    3633:3316  [E3316]  e90e00          jmp     L_E3327  ; 0x157
L_E3319:
    3633:3319  [E3319]  8b7ef8          mov     di, word ptr [bp - 8]
    3633:331C  [E331C]  ff4ef8          dec     word ptr [bp - 8]
    3633:331F  [E331F]  c685341b30      mov     byte ptr [di + 0x1b34], 0x30
    3633:3324  [E3324]  ff4e0e          dec     word ptr [bp + 0xe]
L_E3327:
    3633:3327  [E3327]  837ef800        cmp     word ptr [bp - 8], 0
    3633:332B  [E332B]  7c06            jl      L_E3333  ; 0x163
    3633:332D  [E332D]  837e0e00        cmp     word ptr [bp + 0xe], 0
    3633:3331  [E3331]  7fe6            jg      L_E3319  ; 0x149
L_E3333:
    3633:3333  [E3333]  e92000          jmp     L_E3356  ; 0x186
L_E3336:
    3633:3336  [E3336]  8b7ef6          mov     di, word ptr [bp - 0xa]
    3633:3339  [E3339]  ff46f6          inc     word ptr [bp - 0xa]
    3633:333C  [E333C]  83ffff          cmp     di, -1
    3633:333F  [E333F]  7506            jne     L_E3347  ; 0x177
    3633:3341  [E3341]  bf2d00          mov     di, 0x2d
    3633:3344  [E3344]  e90300          jmp     L_E334A  ; 0x17a
L_E3347:
    3633:3347  [E3347]  bf2000          mov     di, 0x20
L_E334A:
    3633:334A  [E334A]  8bd7            mov     dx, di
    3633:334C  [E334C]  8b7ef8          mov     di, word ptr [bp - 8]
    3633:334F  [E334F]  ff4ef8          dec     word ptr [bp - 8]
    3633:3352  [E3352]  8895341b        mov     byte ptr [di + 0x1b34], dl
L_E3356:
    3633:3356  [E3356]  837ef800        cmp     word ptr [bp - 8], 0
    3633:335A  [E335A]  7dda            jge     L_E3336  ; 0x166
    3633:335C  [E335C]  837e0600        cmp     word ptr [bp + 6], 0
    3633:3360  [E3360]  7405            je      L_E3367  ; 0x197
    3633:3362  [E3362]  c606341b2a      mov     byte ptr [0x1b34], 0x2a
L_E3367:
    3633:3367  [E3367]  bb341b          mov     bx, 0x1b34
    3633:336A  [E336A]  1e              push    ds
    3633:336B  [E336B]  07              pop     es
    3633:336C  [E336C]  8be5            mov     sp, bp
    3633:336E  [E336E]  5d              pop     bp
    3633:336F  [E336F]  ca0200          retf    2
format_hex_word:
    3633:3372  [E3372]  55              push    bp
    3633:3373  [E3373]  8bec            mov     bp, sp
    3633:3375  [E3375]  83ec06          sub     sp, 6
    3633:3378  [E3378]  2bff            sub     di, di
    3633:337A  [E337A]  57              push    di
    3633:337B  [E337B]  57              push    di
    3633:337C  [E337C]  ba0500          mov     dx, 5
    3633:337F  [E337F]  52              push    dx
    3633:3380  [E3380]  ba1000          mov     dx, 0x10
    3633:3383  [E3383]  52              push    dx
    3633:3384  [E3384]  ff7606          push    word ptr [bp + 6]
    3633:3387  [E3387]  9aaf001de3      lcall   format_number  ; 0xe31d, 0xaf
    3633:338C  [E338C]  83c408          add     sp, 8
    3633:338F  [E338F]  8be5            mov     sp, bp
    3633:3391  [E3391]  5d              pop     bp
    3633:3392  [E3392]  ca0200          retf    2
format_decimal_word:
    3633:3395  [E3395]  55              push    bp
    3633:3396  [E3396]  8bec            mov     bp, sp
    3633:3398  [E3398]  83ec06          sub     sp, 6
    3633:339B  [E339B]  2bff            sub     di, di
    3633:339D  [E339D]  57              push    di
    3633:339E  [E339E]  57              push    di
    3633:339F  [E339F]  ba0600          mov     dx, 6
    3633:33A2  [E33A2]  52              push    dx
    3633:33A3  [E33A3]  ba0a00          mov     dx, 0xa
    3633:33A6  [E33A6]  52              push    dx
    3633:33A7  [E33A7]  ff7606          push    word ptr [bp + 6]
    3633:33AA  [E33AA]  9aaf001de3      lcall   format_number  ; 0xe31d, 0xaf
    3633:33AF  [E33AF]  83c408          add     sp, 8
    3633:33B2  [E33B2]  8be5            mov     sp, bp
    3633:33B4  [E33B4]  5d              pop     bp
    3633:33B5  [E33B5]  ca0200          retf    2
format_word_radix:
    3633:33B8  [E33B8]  55              push    bp
    3633:33B9  [E33B9]  8bec            mov     bp, sp
    3633:33BB  [E33BB]  83ec06          sub     sp, 6
    3633:33BE  [E33BE]  ff7608          push    word ptr [bp + 8]
    3633:33C1  [E33C1]  2bff            sub     di, di
    3633:33C3  [E33C3]  57              push    di
    3633:33C4  [E33C4]  ba0500          mov     dx, 5
    3633:33C7  [E33C7]  52              push    dx
    3633:33C8  [E33C8]  bb1000          mov     bx, 0x10
    3633:33CB  [E33CB]  53              push    bx
    3633:33CC  [E33CC]  ff7606          push    word ptr [bp + 6]
    3633:33CF  [E33CF]  9aaf001de3      lcall   format_number  ; 0xe31d, 0xaf
    3633:33D4  [E33D4]  83c408          add     sp, 8
    3633:33D7  [E33D7]  8be5            mov     sp, bp
    3633:33D9  [E33D9]  5d              pop     bp
    3633:33DA  [E33DA]  ca0200          retf    2

format_byte_hex:
    3633:34CB  [E34CB]  55              push    bp
    3633:34CC  [E34CC]  8bec            mov     bp, sp
    3633:34CE  [E34CE]  83ec06          sub     sp, 6
    3633:34D1  [E34D1]  8a5606          mov     dl, byte ptr [bp + 6]
    3633:34D4  [E34D4]  2af6            sub     dh, dh
    3633:34D6  [E34D6]  81e2f000        and     dx, 0xf0
    3633:34DA  [E34DA]  d1fa            sar     dx, 1
    3633:34DC  [E34DC]  d1fa            sar     dx, 1
    3633:34DE  [E34DE]  d1fa            sar     dx, 1
    3633:34E0  [E34E0]  d1fa            sar     dx, 1
    3633:34E2  [E34E2]  83c230          add     dx, 0x30
    3633:34E5  [E34E5]  8bda            mov     bx, dx
    3633:34E7  [E34E7]  881e4a1b        mov     byte ptr [0x1b4a], bl
    3633:34EB  [E34EB]  803e4a1b39      cmp     byte ptr [0x1b4a], 0x39
    3633:34F0  [E34F0]  7605            jbe     L_E34F7  ; 0x327
    3633:34F2  [E34F2]  80064a1b07      add     byte ptr [0x1b4a], 7
L_E34F7:
    3633:34F7  [E34F7]  8a5606          mov     dl, byte ptr [bp + 6]
    3633:34FA  [E34FA]  80e20f          and     dl, 0xf
    3633:34FD  [E34FD]  80c230          add     dl, 0x30
    3633:3500  [E3500]  88164b1b        mov     byte ptr [0x1b4b], dl
    3633:3504  [E3504]  803e4b1b39      cmp     byte ptr [0x1b4b], 0x39
    3633:3509  [E3509]  7605            jbe     L_E3510  ; 0x340
    3633:350B  [E350B]  80064b1b07      add     byte ptr [0x1b4b], 7
L_E3510:
    3633:3510  [E3510]  c6064c1b00      mov     byte ptr [0x1b4c], 0
    3633:3515  [E3515]  bb4a1b          mov     bx, 0x1b4a
    3633:3518  [E3518]  1e              push    ds
    3633:3519  [E3519]  07              pop     es
    3633:351A  [E351A]  8be5            mov     sp, bp
    3633:351C  [E351C]  5d              pop     bp
    3633:351D  [E351D]  ca0200          retf    2
build_print_record:
    3633:3520  [E3520]  55              push    bp
    3633:3521  [E3521]  8bec            mov     bp, sp
    3633:3523  [E3523]  83ec06          sub     sp, 6
    3633:3526  [E3526]  c47e14          les     di, ptr [bp + 0x14]
    3633:3529  [E3529]  06              push    es
    3633:352A  [E352A]  57              push    di
    3633:352B  [E352B]  ff7612          push    word ptr [bp + 0x12]
    3633:352E  [E352E]  c45606          les     dx, ptr [bp + 6]
    3633:3531  [E3531]  06              push    es
    3633:3532  [E3532]  52              push    dx
    3633:3533  [E3533]  9acf0052e3      lcall   init_print_record  ; 0xe352, 0xcf
    3633:3538  [E3538]  83c406          add     sp, 6
    3633:353B  [E353B]  ff760e          push    word ptr [bp + 0xe]
    3633:353E  [E353E]  ff760a          push    word ptr [bp + 0xa]
    3633:3541  [E3541]  c47e06          les     di, ptr [bp + 6]
    3633:3544  [E3544]  06              push    es
    3633:3545  [E3545]  57              push    di
    3633:3546  [E3546]  9a850152e3      lcall   set_position_record  ; 0xe352, 0x185
    3633:354B  [E354B]  83c404          add     sp, 4
    3633:354E  [E354E]  ff7610          push    word ptr [bp + 0x10]
    3633:3551  [E3551]  ff760c          push    word ptr [bp + 0xc]
    3633:3554  [E3554]  c47e06          les     di, ptr [bp + 6]
    3633:3557  [E3557]  06              push    es
    3633:3558  [E3558]  57              push    di
    3633:3559  [E3559]  9a420152e3      lcall   pack_row_col_bits  ; 0xe352, 0x142
    3633:355E  [E355E]  83c404          add     sp, 4
    3633:3561  [E3561]  8be5            mov     sp, bp
    3633:3563  [E3563]  5d              pop     bp
    3633:3564  [E3564]  ca0400          retf    4
init_print_region:
    3633:3567  [E3567]  55              push    bp
    3633:3568  [E3568]  8bec            mov     bp, sp
    3633:356A  [E356A]  83ec06          sub     sp, 6
    3633:356D  [E356D]  2bff            sub     di, di
    3633:356F  [E356F]  8ec7            mov     es, di
    3633:3571  [E3571]  06              push    es
    3633:3572  [E3572]  2bd2            sub     dx, dx
    3633:3574  [E3574]  52              push    dx
    3633:3575  [E3575]  2bdb            sub     bx, bx
    3633:3577  [E3577]  53              push    bx
    3633:3578  [E3578]  b81000          mov     ax, 0x10
    3633:357B  [E357B]  50              push    ax
    3633:357C  [E357C]  ff760c          push    word ptr [bp + 0xc]
    3633:357F  [E357F]  b81000          mov     ax, 0x10
    3633:3582  [E3582]  50              push    ax
    3633:3583  [E3583]  ff760a          push    word ptr [bp + 0xa]
    3633:3586  [E3586]  c44606          les     ax, ptr [bp + 6]
    3633:3589  [E3589]  06              push    es
    3633:358A  [E358A]  50              push    ax
    3633:358B  [E358B]  9a000052e3      lcall   build_print_record  ; 0xe352, 0
    3633:3590  [E3590]  83c40e          add     sp, 0xe
    3633:3593  [E3593]  8be5            mov     sp, bp
    3633:3595  [E3595]  5d              pop     bp
    3633:3596  [E3596]  ca0400          retf    4
init_print_region_home:
    3633:3599  [E3599]  55              push    bp
    3633:359A  [E359A]  8bec            mov     bp, sp
    3633:359C  [E359C]  83ec06          sub     sp, 6
    3633:359F  [E359F]  c43e5e04        les     di, ptr [0x45e]
    3633:35A3  [E35A3]  06              push    es
    3633:35A4  [E35A4]  57              push    di
    3633:35A5  [E35A5]  2bd2            sub     dx, dx
    3633:35A7  [E35A7]  52              push    dx
    3633:35A8  [E35A8]  bb1000          mov     bx, 0x10
    3633:35AB  [E35AB]  53              push    bx
    3633:35AC  [E35AC]  52              push    dx
    3633:35AD  [E35AD]  53              push    bx
    3633:35AE  [E35AE]  52              push    dx
    3633:35AF  [E35AF]  c45e06          les     bx, ptr [bp + 6]
    3633:35B2  [E35B2]  06              push    es
    3633:35B3  [E35B3]  53              push    bx
    3633:35B4  [E35B4]  9a000052e3      lcall   build_print_record  ; 0xe352, 0
    3633:35B9  [E35B9]  83c40e          add     sp, 0xe
    3633:35BC  [E35BC]  8be5            mov     sp, bp
    3633:35BE  [E35BE]  5d              pop     bp
    3633:35BF  [E35BF]  ca0400          retf    4
build_print_region:
    3633:35C2  [E35C2]  55              push    bp
    3633:35C3  [E35C3]  8bec            mov     bp, sp
    3633:35C5  [E35C5]  83ec06          sub     sp, 6
    3633:35C8  [E35C8]  c47e12          les     di, ptr [bp + 0x12]
    3633:35CB  [E35CB]  06              push    es
    3633:35CC  [E35CC]  57              push    di
    3633:35CD  [E35CD]  2bd2            sub     dx, dx
    3633:35CF  [E35CF]  52              push    dx
    3633:35D0  [E35D0]  ff7610          push    word ptr [bp + 0x10]
    3633:35D3  [E35D3]  ff760e          push    word ptr [bp + 0xe]
    3633:35D6  [E35D6]  ff760c          push    word ptr [bp + 0xc]
    3633:35D9  [E35D9]  ff760a          push    word ptr [bp + 0xa]
    3633:35DC  [E35DC]  c45e06          les     bx, ptr [bp + 6]
    3633:35DF  [E35DF]  06              push    es
    3633:35E0  [E35E0]  53              push    bx
    3633:35E1  [E35E1]  9a000052e3      lcall   build_print_record  ; 0xe352, 0
    3633:35E6  [E35E6]  83c40e          add     sp, 0xe
    3633:35E9  [E35E9]  8be5            mov     sp, bp
    3633:35EB  [E35EB]  5d              pop     bp
    3633:35EC  [E35EC]  ca0400          retf    4
init_print_record:
    3633:35EF  [E35EF]  55              push    bp
    3633:35F0  [E35F0]  8bec            mov     bp, sp
    3633:35F2  [E35F2]  83ec0a          sub     sp, 0xa
    3633:35F5  [E35F5]  c47e06          les     di, ptr [bp + 6]
    3633:35F8  [E35F8]  8a560a          mov     dl, byte ptr [bp + 0xa]
    3633:35FB  [E35FB]  268815          mov     byte ptr es:[di], dl
    3633:35FE  [E35FE]  8b5e0c          mov     bx, word ptr [bp + 0xc]
    3633:3601  [E3601]  0b5e0e          or      bx, word ptr [bp + 0xe]
    3633:3604  [E3604]  750d            jne     L_E3613  ; 0xf3
    3633:3606  [E3606]  c416f41a        les     dx, ptr [0x1af4]
    3633:360A  [E360A]  89560c          mov     word ptr [bp + 0xc], dx
    3633:360D  [E360D]  8c460e          mov     word ptr [bp + 0xe], es
    3633:3610  [E3610]  e90b00          jmp     L_E361E  ; 0xfe
L_E3613:
    3633:3613  [E3613]  c47e0c          les     di, ptr [bp + 0xc]
    3633:3616  [E3616]  893ef41a        mov     word ptr [0x1af4], di
    3633:361A  [E361A]  8c06f61a        mov     word ptr [0x1af6], es
L_E361E:
    3633:361E  [E361E]  c47e0c          les     di, ptr [bp + 0xc]
    3633:3621  [E3621]  897ef6          mov     word ptr [bp - 0xa], di
    3633:3624  [E3624]  8c46f8          mov     word ptr [bp - 8], es
    3633:3627  [E3627]  8b56f6          mov     dx, word ptr [bp - 0xa]
    3633:362A  [E362A]  8b5ef8          mov     bx, word ptr [bp - 8]
    3633:362D  [E362D]  d1e3            shl     bx, 1
    3633:362F  [E362F]  d1e3            shl     bx, 1
    3633:3631  [E3631]  d1e3            shl     bx, 1
    3633:3633  [E3633]  d1e3            shl     bx, 1
    3633:3635  [E3635]  03d3            add     dx, bx
    3633:3637  [E3637]  8956f6          mov     word ptr [bp - 0xa], dx
    3633:363A  [E363A]  8a46f6          mov     al, byte ptr [bp - 0xa]
    3633:363D  [E363D]  c47e06          les     di, ptr [bp + 6]
    3633:3640  [E3640]  26884505        mov     byte ptr es:[di + 5], al
    3633:3644  [E3644]  8a5ef7          mov     bl, byte ptr [bp - 9]
    3633:3647  [E3647]  26885d06        mov     byte ptr es:[di + 6], bl
    3633:364B  [E364B]  8a56f6          mov     dl, byte ptr [bp - 0xa]
    3633:364E  [E364E]  c45e06          les     bx, ptr [bp + 6]
    3633:3651  [E3651]  26885707        mov     byte ptr es:[bx + 7], dl
    3633:3655  [E3655]  8a46f7          mov     al, byte ptr [bp - 9]
    3633:3658  [E3658]  26884708        mov     byte ptr es:[bx + 8], al
    3633:365C  [E365C]  8be5            mov     sp, bp
    3633:365E  [E365E]  5d              pop     bp
    3633:365F  [E365F]  ca0400          retf    4
pack_row_col_bits:
    3633:3662  [E3662]  55              push    bp
    3633:3663  [E3663]  8bec            mov     bp, sp
    3633:3665  [E3665]  83ec06          sub     sp, 6
    3633:3668  [E3668]  c47e06          les     di, ptr [bp + 6]
    3633:366B  [E366B]  268a5503        mov     dl, byte ptr es:[di + 3]
    3633:366F  [E366F]  2af6            sub     dh, dh
    3633:3671  [E3671]  81e2e000        and     dx, 0xe0
    3633:3675  [E3675]  8b5e0a          mov     bx, word ptr [bp + 0xa]
    3633:3678  [E3678]  81e31f00        and     bx, 0x1f
    3633:367C  [E367C]  0bda            or      bx, dx
    3633:367E  [E367E]  8bd3            mov     dx, bx
    3633:3680  [E3680]  26885503        mov     byte ptr es:[di + 3], dl
    3633:3684  [E3684]  c45e06          les     bx, ptr [bp + 6]
    3633:3687  [E3687]  268a4703        mov     al, byte ptr es:[bx + 3]
    3633:368B  [E368B]  2ae4            sub     ah, ah
    3633:368D  [E368D]  25e000          and     ax, 0xe0
    3633:3690  [E3690]  8b7e0c          mov     di, word ptr [bp + 0xc]
    3633:3693  [E3693]  81e71f00        and     di, 0x1f
    3633:3697  [E3697]  0bf8            or      di, ax
    3633:3699  [E3699]  8bc7            mov     ax, di
    3633:369B  [E369B]  26884701        mov     byte ptr es:[bx + 1], al
    3633:369F  [E369F]  8be5            mov     sp, bp
    3633:36A1  [E36A1]  5d              pop     bp
    3633:36A2  [E36A2]  ca0400          retf    4
set_position_record:
    3633:36A5  [E36A5]  55              push    bp
    3633:36A6  [E36A6]  8bec            mov     bp, sp
    3633:36A8  [E36A8]  83ec06          sub     sp, 6
    3633:36AB  [E36AB]  8b7e0a          mov     di, word ptr [bp + 0xa]
    3633:36AE  [E36AE]  d1ff            sar     di, 1
    3633:36B0  [E36B0]  d1ff            sar     di, 1
    3633:36B2  [E36B2]  d1ff            sar     di, 1
    3633:36B4  [E36B4]  81e7ff00        and     di, 0xff
    3633:36B8  [E36B8]  8bd7            mov     dx, di
    3633:36BA  [E36BA]  c47e06          les     di, ptr [bp + 6]
    3633:36BD  [E36BD]  26885504        mov     byte ptr es:[di + 4], dl
    3633:36C1  [E36C1]  8b5e0a          mov     bx, word ptr [bp + 0xa]
    3633:36C4  [E36C4]  d1e3            shl     bx, 1
    3633:36C6  [E36C6]  d1e3            shl     bx, 1
    3633:36C8  [E36C8]  d1e3            shl     bx, 1
    3633:36CA  [E36CA]  d1e3            shl     bx, 1
    3633:36CC  [E36CC]  d1e3            shl     bx, 1
    3633:36CE  [E36CE]  81e3e000        and     bx, 0xe0
    3633:36D2  [E36D2]  268a4503        mov     al, byte ptr es:[di + 3]
    3633:36D6  [E36D6]  2ae4            sub     ah, ah
    3633:36D8  [E36D8]  251f00          and     ax, 0x1f
    3633:36DB  [E36DB]  0bc3            or      ax, bx
    3633:36DD  [E36DD]  8bd8            mov     bx, ax
    3633:36DF  [E36DF]  26885d03        mov     byte ptr es:[di + 3], bl
    3633:36E3  [E36E3]  8b460c          mov     ax, word ptr [bp + 0xc]
    3633:36E6  [E36E6]  d1f8            sar     ax, 1
    3633:36E8  [E36E8]  d1f8            sar     ax, 1
    3633:36EA  [E36EA]  d1f8            sar     ax, 1
    3633:36EC  [E36EC]  25ff00          and     ax, 0xff
    3633:36EF  [E36EF]  8bd0            mov     dx, ax
    3633:36F1  [E36F1]  c45e06          les     bx, ptr [bp + 6]
    3633:36F4  [E36F4]  26885702        mov     byte ptr es:[bx + 2], dl
    3633:36F8  [E36F8]  8b460c          mov     ax, word ptr [bp + 0xc]
    3633:36FB  [E36FB]  d1e0            shl     ax, 1
    3633:36FD  [E36FD]  d1e0            shl     ax, 1
    3633:36FF  [E36FF]  d1e0            shl     ax, 1
    3633:3701  [E3701]  d1e0            shl     ax, 1
    3633:3703  [E3703]  d1e0            shl     ax, 1
    3633:3705  [E3705]  25e000          and     ax, 0xe0
    3633:3708  [E3708]  268a5701        mov     dl, byte ptr es:[bx + 1]
    3633:370C  [E370C]  2af6            sub     dh, dh
    3633:370E  [E370E]  81e21f00        and     dx, 0x1f
    3633:3712  [E3712]  0bd0            or      dx, ax
    3633:3714  [E3714]  26885701        mov     byte ptr es:[bx + 1], dl
    3633:3718  [E3718]  8be5            mov     sp, bp
    3633:371A  [E371A]  5d              pop     bp
    3633:371B  [E371B]  ca0400          retf    4

close_print_record_b:
    3633:3736  [E3736]  55              push    bp
    3633:3737  [E3737]  8bec            mov     bp, sp
    3633:3739  [E3739]  83ec06          sub     sp, 6
    3633:373C  [E373C]  9a460252e3      lcall   mark_readout_delimiter  ; 0xe352, 0x246
    3633:3741  [E3741]  c47e06          les     di, ptr [bp + 6]
    3633:3744  [E3744]  26c60539        mov     byte ptr es:[di], 0x39
    3633:3748  [E3748]  8be5            mov     sp, bp
    3633:374A  [E374A]  5d              pop     bp
    3633:374B  [E374B]  ca0400          retf    4
close_print_record:
    3633:374E  [E374E]  55              push    bp
    3633:374F  [E374F]  8bec            mov     bp, sp
    3633:3751  [E3751]  83ec06          sub     sp, 6
    3633:3754  [E3754]  9a460252e3      lcall   mark_readout_delimiter  ; 0xe352, 0x246
    3633:3759  [E3759]  c47e06          les     di, ptr [bp + 6]
    3633:375C  [E375C]  26c60511        mov     byte ptr es:[di], 0x11
    3633:3760  [E3760]  8be5            mov     sp, bp
    3633:3762  [E3762]  5d              pop     bp
    3633:3763  [E3763]  ca0400          retf    4
mark_readout_delimiter:
    3633:3766  [E3766]  55              push    bp
    3633:3767  [E3767]  8bec            mov     bp, sp
    3633:3769  [E3769]  83ec06          sub     sp, 6
    3633:376C  [E376C]  c43ef41a        les     di, ptr [0x1af4]
    3633:3770  [E3770]  8b1e021c        mov     bx, word ptr [0x1c02]
    3633:3774  [E3774]  26c6410102      mov     byte ptr es:[bx + di + 1], 2
    3633:3779  [E3779]  c43ef41a        les     di, ptr [0x1af4]
    3633:377D  [E377D]  8b1e021c        mov     bx, word ptr [0x1c02]
    3633:3781  [E3781]  26c6410202      mov     byte ptr es:[bx + di + 2], 2
    3633:3786  [E3786]  ff06f41a        inc     word ptr [0x1af4]
    3633:378A  [E378A]  ff06f41a        inc     word ptr [0x1af4]
    3633:378E  [E378E]  8be5            mov     sp, bp
    3633:3790  [E3790]  5d              pop     bp
    3633:3791  [E3791]  cb              retf    

plot_readout_point_scaled:
    3633:37B1  [E37B1]  55              push    bp
    3633:37B2  [E37B2]  8bec            mov     bp, sp
    3633:37B4  [E37B4]  83ec0a          sub     sp, 0xa
    3633:37B7  [E37B7]  c746f60100      mov     word ptr [bp - 0xa], 1
    3633:37BC  [E37BC]  c746f80000      mov     word ptr [bp - 8], 0
    3633:37C1  [E37C1]  e92c00          jmp     L_E37F0  ; 0x2d0
L_E37C4:
    3633:37C4  [E37C4]  a0fc1a          mov     al, byte ptr [0x1afc]
    3633:37C7  [E37C7]  2ae4            sub     ah, ah
    3633:37C9  [E37C9]  0d0900          or      ax, 9
    3633:37CC  [E37CC]  50              push    ax
    3633:37CD  [E37CD]  8a5608          mov     dl, byte ptr [bp + 8]
    3633:37D0  [E37D0]  2af6            sub     dh, dh
    3633:37D2  [E37D2]  8bc2            mov     ax, dx
    3633:37D4  [E37D4]  99              cdq     
    3633:37D5  [E37D5]  f77ef6          idiv    word ptr [bp - 0xa]
    3633:37D8  [E37D8]  50              push    ax
    3633:37D9  [E37D9]  8a5606          mov     dl, byte ptr [bp + 6]
    3633:37DC  [E37DC]  2af6            sub     dh, dh
    3633:37DE  [E37DE]  8bc2            mov     ax, dx
    3633:37E0  [E37E0]  99              cdq     
    3633:37E1  [E37E1]  f77ef6          idiv    word ptr [bp - 0xa]
    3633:37E4  [E37E4]  50              push    ax
    3633:37E5  [E37E5]  9ae00352e3      lcall   plot_readout_point_relative  ; 0xe352, 0x3e0
    3633:37EA  [E37EA]  83c404          add     sp, 4
    3633:37ED  [E37ED]  ff46f8          inc     word ptr [bp - 8]
L_E37F0:
    3633:37F0  [E37F0]  8b7ef6          mov     di, word ptr [bp - 0xa]
    3633:37F3  [E37F3]  397ef8          cmp     word ptr [bp - 8], di
    3633:37F6  [E37F6]  7ccc            jl      L_E37C4  ; 0x2a4
    3633:37F8  [E37F8]  8be5            mov     sp, bp
    3633:37FA  [E37FA]  5d              pop     bp
    3633:37FB  [E37FB]  ca0200          retf    2

print_readout_string:
    3633:3821  [E3821]  55              push    bp
    3633:3822  [E3822]  8bec            mov     bp, sp
    3633:3824  [E3824]  83ec0a          sub     sp, 0xa
    3633:3827  [E3827]  c746f80000      mov     word ptr [bp - 8], 0
    3633:382C  [E382C]  e90b00          jmp     L_E383A  ; 0x31a
L_E382F:
    3633:382F  [E382F]  8a56f7          mov     dl, byte ptr [bp - 9]
    3633:3832  [E3832]  2af6            sub     dh, dh
    3633:3834  [E3834]  52              push    dx
    3633:3835  [E3835]  9a340352e3      lcall   draw_readout_char  ; 0xe352, 0x334
L_E383A:
    3633:383A  [E383A]  c47e06          les     di, ptr [bp + 6]
    3633:383D  [E383D]  8b5ef8          mov     bx, word ptr [bp - 8]
    3633:3840  [E3840]  ff46f8          inc     word ptr [bp - 8]
    3633:3843  [E3843]  268a11          mov     dl, byte ptr es:[bx + di]
    3633:3846  [E3846]  8856f7          mov     byte ptr [bp - 9], dl
    3633:3849  [E3849]  80fa00          cmp     dl, 0
    3633:384C  [E384C]  75e1            jne     L_E382F  ; 0x30f
    3633:384E  [E384E]  8be5            mov     sp, bp
    3633:3850  [E3850]  5d              pop     bp
    3633:3851  [E3851]  ca0400          retf    4
draw_readout_char:
    3633:3854  [E3854]  55              push    bp
    3633:3855  [E3855]  8bec            mov     bp, sp
    3633:3857  [E3857]  83ec0e          sub     sp, 0xe
    3633:385A  [E385A]  803e831b14      cmp     byte ptr [0x1b83], 0x14
    3633:385F  [E385F]  7478            je      L_E38D9  ; 0x3b9
    3633:3861  [E3861]  8a5606          mov     dl, byte ptr [bp + 6]
    3633:3864  [E3864]  2af6            sub     dh, dh
    3633:3866  [E3866]  81e27f00        and     dx, 0x7f
    3633:386A  [E386A]  d1e2            shl     dx, 1
    3633:386C  [E386C]  d1e2            shl     dx, 1
    3633:386E  [E386E]  c43eb01d        les     di, ptr [0x1db0]
    3633:3872  [E3872]  8bda            mov     bx, dx
    3633:3874  [E3874]  26c401          les     ax, ptr es:[bx + di]
    3633:3877  [E3877]  8946f4          mov     word ptr [bp - 0xc], ax
    3633:387A  [E387A]  8c46f6          mov     word ptr [bp - 0xa], es
    3633:387D  [E387D]  a0f81a          mov     al, byte ptr [0x1af8]
    3633:3880  [E3880]  8846f3          mov     byte ptr [bp - 0xd], al
    3633:3883  [E3883]  8a5606          mov     dl, byte ptr [bp + 6]
    3633:3886  [E3886]  2af6            sub     dh, dh
    3633:3888  [E3888]  81e28000        and     dx, 0x80
    3633:388C  [E388C]  83fa00          cmp     dx, 0
    3633:388F  [E388F]  7506            jne     L_E3897  ; 0x377
    3633:3891  [E3891]  bf0100          mov     di, 1
    3633:3894  [E3894]  e90300          jmp     L_E389A  ; 0x37a
L_E3897:
    3633:3897  [E3897]  bf0300          mov     di, 3
L_E389A:
    3633:389A  [E389A]  8bd7            mov     dx, di
    3633:389C  [E389C]  8856f2          mov     byte ptr [bp - 0xe], dl
    3633:389F  [E389F]  e94500          jmp     L_E38E7  ; 0x3c7
L_E38A2:
    3633:38A2  [E38A2]  8b7ef8          mov     di, word ptr [bp - 8]
    3633:38A5  [E38A5]  81e78000        and     di, 0x80
    3633:38A9  [E38A9]  83ff00          cmp     di, 0
    3633:38AC  [E38AC]  740a            je      L_E38B8  ; 0x398
    3633:38AE  [E38AE]  8a56f2          mov     dl, byte ptr [bp - 0xe]
    3633:38B1  [E38B1]  2af6            sub     dh, dh
    3633:38B3  [E38B3]  8bfa            mov     di, dx
    3633:38B5  [E38B5]  e90200          jmp     L_E38BA  ; 0x39a
L_E38B8:
    3633:38B8  [E38B8]  2bff            sub     di, di
L_E38BA:
    3633:38BA  [E38BA]  57              push    di
    3633:38BB  [E38BB]  8b7ef8          mov     di, word ptr [bp - 8]
    3633:38BE  [E38BE]  81e70f00        and     di, 0xf
    3633:38C2  [E38C2]  57              push    di
    3633:38C3  [E38C3]  8b7ef8          mov     di, word ptr [bp - 8]
    3633:38C6  [E38C6]  81e77000        and     di, 0x70
    3633:38CA  [E38CA]  d1ff            sar     di, 1
    3633:38CC  [E38CC]  d1ff            sar     di, 1
    3633:38CE  [E38CE]  d1ff            sar     di, 1
    3633:38D0  [E38D0]  d1ff            sar     di, 1
    3633:38D2  [E38D2]  8a56f3          mov     dl, byte ptr [bp - 0xd]
    3633:38D5  [E38D5]  2af6            sub     dh, dh
    3633:38D7  [E38D7]  eb03            jmp     L_E38DC  ; 0x3bc
L_E38D9:
    3633:38D9  [E38D9]  e91e00          jmp     L_E38FA  ; 0x3da
L_E38DC:
    3633:38DC  [E38DC]  03fa            add     di, dx
    3633:38DE  [E38DE]  57              push    di
    3633:38DF  [E38DF]  9a100452e3      lcall   plot_readout_point  ; 0xe352, 0x410
    3633:38E4  [E38E4]  83c404          add     sp, 4
L_E38E7:
    3633:38E7  [E38E7]  c47ef4          les     di, ptr [bp - 0xc]
    3633:38EA  [E38EA]  ff46f4          inc     word ptr [bp - 0xc]
    3633:38ED  [E38ED]  268a15          mov     dl, byte ptr es:[di]
    3633:38F0  [E38F0]  2af6            sub     dh, dh
    3633:38F2  [E38F2]  8956f8          mov     word ptr [bp - 8], dx
    3633:38F5  [E38F5]  83fa00          cmp     dx, 0
    3633:38F8  [E38F8]  75a8            jne     L_E38A2  ; 0x382
L_E38FA:
    3633:38FA  [E38FA]  8be5            mov     sp, bp
    3633:38FC  [E38FC]  5d              pop     bp
    3633:38FD  [E38FD]  ca0200          retf    2
plot_readout_point_relative:
    3633:3900  [E3900]  55              push    bp
    3633:3901  [E3901]  8bec            mov     bp, sp
    3633:3903  [E3903]  83ec06          sub     sp, 6
    3633:3906  [E3906]  8a560a          mov     dl, byte ptr [bp + 0xa]
    3633:3909  [E3909]  2af6            sub     dh, dh
    3633:390B  [E390B]  52              push    dx
    3633:390C  [E390C]  a1fa1a          mov     ax, word ptr [0x1afa]
    3633:390F  [E390F]  8a5e08          mov     bl, byte ptr [bp + 8]
    3633:3912  [E3912]  2aff            sub     bh, bh
    3633:3914  [E3914]  03c3            add     ax, bx
    3633:3916  [E3916]  50              push    ax
    3633:3917  [E3917]  a1f81a          mov     ax, word ptr [0x1af8]
    3633:391A  [E391A]  8a5606          mov     dl, byte ptr [bp + 6]
    3633:391D  [E391D]  2af6            sub     dh, dh
    3633:391F  [E391F]  03c2            add     ax, dx
    3633:3921  [E3921]  50              push    ax
    3633:3922  [E3922]  9a100452e3      lcall   plot_readout_point  ; 0xe352, 0x410
    3633:3927  [E3927]  83c404          add     sp, 4
    3633:392A  [E392A]  8be5            mov     sp, bp
    3633:392C  [E392C]  5d              pop     bp
    3633:392D  [E392D]  ca0200          retf    2
plot_readout_point:
    3633:3930  [E3930]  55              push    bp
    3633:3931  [E3931]  8bec            mov     bp, sp
    3633:3933  [E3933]  83ec06          sub     sp, 6
    3633:3936  [E3936]  8a5606          mov     dl, byte ptr [bp + 6]
    3633:3939  [E3939]  2af6            sub     dh, dh
    3633:393B  [E393B]  8916f81a        mov     word ptr [0x1af8], dx
    3633:393F  [E393F]  8a5e08          mov     bl, byte ptr [bp + 8]
    3633:3942  [E3942]  2aff            sub     bh, bh
    3633:3944  [E3944]  891efa1a        mov     word ptr [0x1afa], bx
    3633:3948  [E3948]  c43ef41a        les     di, ptr [0x1af4]
    3633:394C  [E394C]  26881d          mov     byte ptr es:[di], bl
    3633:394F  [E394F]  8a460a          mov     al, byte ptr [bp + 0xa]
    3633:3952  [E3952]  c43ef41a        les     di, ptr [0x1af4]
    3633:3956  [E3956]  ff06f41a        inc     word ptr [0x1af4]
    3633:395A  [E395A]  8b1e021c        mov     bx, word ptr [0x1c02]
    3633:395E  [E395E]  268801          mov     byte ptr es:[bx + di], al
    3633:3961  [E3961]  c43ef41a        les     di, ptr [0x1af4]
    3633:3965  [E3965]  8a5606          mov     dl, byte ptr [bp + 6]
    3633:3968  [E3968]  268815          mov     byte ptr es:[di], dl
    3633:396B  [E396B]  8a460a          mov     al, byte ptr [bp + 0xa]
    3633:396E  [E396E]  c43ef41a        les     di, ptr [0x1af4]
    3633:3972  [E3972]  ff06f41a        inc     word ptr [0x1af4]
    3633:3976  [E3976]  8b1e021c        mov     bx, word ptr [0x1c02]
    3633:397A  [E397A]  268801          mov     byte ptr es:[bx + di], al
    3633:397D  [E397D]  803e7a1b01      cmp     byte ptr [0x1b7a], 1
    3633:3982  [E3982]  753e            jne     L_E39C2  ; 0x4a2
    3633:3984  [E3984]  c416f41a        les     dx, ptr [0x1af4]
    3633:3988  [E3988]  c43ec41c        les     di, ptr [0x1cc4]
    3633:398C  [E398C]  8d850014        lea     ax, [di + 0x1400]
    3633:3990  [E3990]  3bd0            cmp     dx, ax
    3633:3992  [E3992]  762e            jbe     L_E39C2  ; 0x4a2
    3633:3994  [E3994]  c416c41c        les     dx, ptr [0x1cc4]
    3633:3998  [E3998]  8bda            mov     bx, dx
    3633:399A  [E399A]  81c3ff13        add     bx, 0x13ff
    3633:399E  [E399E]  891ef41a        mov     word ptr [0x1af4], bx
    3633:39A2  [E39A2]  8c06f61a        mov     word ptr [0x1af6], es
    3633:39A6  [E39A6]  8bda            mov     bx, dx
    3633:39A8  [E39A8]  8b3e021c        mov     di, word ptr [0x1c02]
    3633:39AC  [E39AC]  26c681ff1302    mov     byte ptr es:[bx + di + 0x13ff], 2
    3633:39B2  [E39B2]  c43ef41a        les     di, ptr [0x1af4]
    3633:39B6  [E39B6]  ff06f41a        inc     word ptr [0x1af4]
    3633:39BA  [E39BA]  8b1e021c        mov     bx, word ptr [0x1c02]
    3633:39BE  [E39BE]  26c60102        mov     byte ptr es:[bx + di], 2
L_E39C2:
    3633:39C2  [E39C2]  8be5            mov     sp, bp
    3633:39C4  [E39C4]  5d              pop     bp
    3633:39C5  [E39C5]  ca0200          retf    2

append_readout_char:
    3633:39F0  [E39F0]  55              push    bp
    3633:39F1  [E39F1]  8bec            mov     bp, sp
    3633:39F3  [E39F3]  83ec06          sub     sp, 6
    3633:39F6  [E39F6]  c43ef41a        les     di, ptr [0x1af4]
    3633:39FA  [E39FA]  8a5606          mov     dl, byte ptr [bp + 6]
    3633:39FD  [E39FD]  268815          mov     byte ptr es:[di], dl
    3633:3A00  [E3A00]  8b5e08          mov     bx, word ptr [bp + 8]
    3633:3A03  [E3A03]  8bc3            mov     ax, bx
    3633:3A05  [E3A05]  c41ef41a        les     bx, ptr [0x1af4]
    3633:3A09  [E3A09]  ff06f41a        inc     word ptr [0x1af4]
    3633:3A0D  [E3A0D]  8b3e021c        mov     di, word ptr [0x1c02]
    3633:3A11  [E3A11]  268801          mov     byte ptr es:[bx + di], al
    3633:3A14  [E3A14]  8be5            mov     sp, bp
    3633:3A16  [E3A16]  5d              pop     bp
    3633:3A17  [E3A17]  ca0200          retf    2

run_selftest_sequence:
    3633:3B12  [E3B12]  55              push    bp
    3633:3B13  [E3B13]  8bec            mov     bp, sp
    3633:3B15  [E3B15]  83ec16          sub     sp, 0x16
    3633:3B18  [E3B18]  c746f80000      mov     word ptr [bp - 8], 0
    3633:3B1D  [E3B1D]  c746f60002      mov     word ptr [bp - 0xa], 0x200
    3633:3B22  [E3B22]  c746f40100      mov     word ptr [bp - 0xc], 1
    3633:3B27  [E3B27]  c746f20000      mov     word ptr [bp - 0xe], 0
    3633:3B2C  [E3B2C]  c746f00000      mov     word ptr [bp - 0x10], 0
    3633:3B31  [E3B31]  c746ec0000      mov     word ptr [bp - 0x14], 0
    3633:3B36  [E3B36]  c746ee0000      mov     word ptr [bp - 0x12], 0
    3633:3B3B  [E3B3B]  2bff            sub     di, di
    3633:3B3D  [E3B3D]  2bd2            sub     dx, dx
    3633:3B3F  [E3B3F]  8ec2            mov     es, dx
    3633:3B41  [E3B41]  26c605cb        mov     byte ptr es:[di], 0xcb
    3633:3B45  [E3B45]  c41ec41c        les     bx, ptr [0x1cc4]
    3633:3B49  [E3B49]  891ef41a        mov     word ptr [0x1af4], bx
    3633:3B4D  [E3B4D]  8c06f61a        mov     word ptr [0x1af6], es
    3633:3B51  [E3B51]  c706021c0080    mov     word ptr [0x1c02], 0x8000
    3633:3B57  [E3B57]  b80100          mov     ax, 1
    3633:3B5A  [E3B5A]  50              push    ax
    3633:3B5B  [E3B5B]  9a3309b1e3      lcall   SUB_E4443  ; 0xe3b1, 0x933
    3633:3B60  [E3B60]  9a00005ce7      lcall   detect_comm_option_hw  ; 0xe75c, 0
    3633:3B65  [E3B65]  9a0d04e8e0      lcall   SUB_E128D  ; 0xe0e8, 0x40d
    3633:3B6A  [E3B6A]  a05807          mov     al, byte ptr [0x758]
    3633:3B6D  [E3B6D]  2ae4            sub     ah, ah
    3633:3B6F  [E3B6F]  256300          and     ax, 0x63
    3633:3B72  [E3B72]  3d0000          cmp     ax, 0
    3633:3B75  [E3B75]  750d            jne     L_E3B84  ; 0x74
    3633:3B77  [E3B77]  a05807          mov     al, byte ptr [0x758]
    3633:3B7A  [E3B7A]  2ae4            sub     ah, ah
    3633:3B7C  [E3B7C]  258000          and     ax, 0x80
    3633:3B7F  [E3B7F]  3d0000          cmp     ax, 0
    3633:3B82  [E3B82]  7508            jne     L_E3B8C  ; 0x7c
L_E3B84:
    3633:3B84  [E3B84]  c606481b03      mov     byte ptr [0x1b48], 3
    3633:3B89  [E3B89]  e90500          jmp     L_E3B91  ; 0x81
L_E3B8C:
    3633:3B8C  [E3B8C]  c606481b00      mov     byte ptr [0x1b48], 0
L_E3B91:
    3633:3B91  [E3B91]  a05807          mov     al, byte ptr [0x758]
    3633:3B94  [E3B94]  2ae4            sub     ah, ah
    3633:3B96  [E3B96]  256300          and     ax, 0x63
    3633:3B99  [E3B99]  3d0000          cmp     ax, 0
    3633:3B9C  [E3B9C]  7475            je      L_E3C13  ; 0x103
    3633:3B9E  [E3B9E]  c706e61aff3f    mov     word ptr [0x1ae6], 0x3fff
    3633:3BA4  [E3BA4]  c606481b01      mov     byte ptr [0x1b48], 1
    3633:3BA9  [E3BA9]  c746f20100      mov     word ptr [bp - 0xe], 1
L_E3BAE:
    3633:3BAE  [E3BAE]  837ef401        cmp     word ptr [bp - 0xc], 1
    3633:3BB2  [E3BB2]  7512            jne     L_E3BC6  ; 0xb6
    3633:3BB4  [E3BB4]  ff76f4          push    word ptr [bp - 0xc]
    3633:3BB7  [E3BB7]  9ab0005de4      lcall   refresh_report_display  ; 0xe45d, 0xb0
    3633:3BBC  [E3BBC]  9a9008b1e3      lcall   init_selftest_report_screen  ; 0xe3b1, 0x890
    3633:3BC1  [E3BC1]  c746f40300      mov     word ptr [bp - 0xc], 3
L_E3BC6:
    3633:3BC6  [E3BC6]  8b7ef6          mov     di, word ptr [bp - 0xa]
    3633:3BC9  [E3BC9]  ff46f6          inc     word ptr [bp - 0xa]
    3633:3BCC  [E3BCC]  81ff0002        cmp     di, 0x200
    3633:3BD0  [E3BD0]  7c2f            jl      L_E3C01  ; 0xf1
    3633:3BD2  [E3BD2]  c746f60000      mov     word ptr [bp - 0xa], 0
    3633:3BD7  [E3BD7]  837ef001        cmp     word ptr [bp - 0x10], 1
    3633:3BDB  [E3BDB]  750d            jne     L_E3BEA  ; 0xda
    3633:3BDD  [E3BDD]  a05807          mov     al, byte ptr [0x758]
    3633:3BE0  [E3BE0]  2ae4            sub     ah, ah
    3633:3BE2  [E3BE2]  256300          and     ax, 0x63
    3633:3BE5  [E3BE5]  3d0000          cmp     ax, 0
    3633:3BE8  [E3BE8]  753c            jne     L_E3C26  ; 0x116
L_E3BEA:
    3633:3BEA  [E3BEA]  a05807          mov     al, byte ptr [0x758]
    3633:3BED  [E3BED]  2ae4            sub     ah, ah
    3633:3BEF  [E3BEF]  256300          and     ax, 0x63
    3633:3BF2  [E3BF2]  3d0000          cmp     ax, 0
    3633:3BF5  [E3BF5]  7505            jne     L_E3BFC  ; 0xec
    3633:3BF7  [E3BF7]  c746f00100      mov     word ptr [bp - 0x10], 1
L_E3BFC:
    3633:3BFC  [E3BFC]  9afa08b1e3      lcall   read_channel2_status  ; 0xe3b1, 0x8fa
L_E3C01:
    3633:3C01  [E3C01]  a1e61a          mov     ax, word ptr [0x1ae6]
    3633:3C04  [E3C04]  8b7ef8          mov     di, word ptr [bp - 8]
    3633:3C07  [E3C07]  ff46f8          inc     word ptr [bp - 8]
    3633:3C0A  [E3C0A]  3bf8            cmp     di, ax
    3633:3C0C  [E3C0C]  7515            jne     L_E3C23  ; 0x113
    3633:3C0E  [E3C0E]  ff46f6          inc     word ptr [bp - 0xa]
    3633:3C11  [E3C11]  eb03            jmp     L_E3C16  ; 0x106
L_E3C13:
    3633:3C13  [E3C13]  e91500          jmp     L_E3C2B  ; 0x11b
L_E3C16:
    3633:3C16  [E3C16]  c746f80000      mov     word ptr [bp - 8], 0
    3633:3C1B  [E3C1B]  ff76f4          push    word ptr [bp - 0xc]
    3633:3C1E  [E3C1E]  9ab0005de4      lcall   refresh_report_display  ; 0xe45d, 0xb0
L_E3C23:
    3633:3C23  [E3C23]  e988ff          jmp     L_E3BAE  ; 0x9e
L_E3C26:
    3633:3C26  [E3C26]  9ae208b1e3      lcall   SUB_E43F2  ; 0xe3b1, 0x8e2
L_E3C2B:
    3633:3C2B  [E3C2B]  bf0200          mov     di, 2
    3633:3C2E  [E3C2E]  57              push    di
    3633:3C2F  [E3C2F]  9ab0005de4      lcall   refresh_report_display  ; 0xe45d, 0xb0
    3633:3C34  [E3C34]  837ef201        cmp     word ptr [bp - 0xe], 1
    3633:3C38  [E3C38]  756d            jne     L_E3CA7  ; 0x197
    3633:3C3A  [E3C3A]  c746f00000      mov     word ptr [bp - 0x10], 0
    3633:3C3F  [E3C3F]  c746f60002      mov     word ptr [bp - 0xa], 0x200
    3633:3C44  [E3C44]  bf0100          mov     di, 1
    3633:3C47  [E3C47]  57              push    di
    3633:3C48  [E3C48]  9a64155de4      lcall   selftest_display_result_mode  ; 0xe45d, 0x1564
L_E3C4D:
    3633:3C4D  [E3C4D]  c746f60900      mov     word ptr [bp - 0xa], 9
    3633:3C52  [E3C52]  e90800          jmp     L_E3C5D  ; 0x14d
L_E3C55:
    3633:3C55  [E3C55]  9a2d046be0      lcall   wait_readout_tick  ; 0xe06b, 0x42d
    3633:3C5A  [E3C5A]  ff4ef6          dec     word ptr [bp - 0xa]
L_E3C5D:
    3633:3C5D  [E3C5D]  837ef600        cmp     word ptr [bp - 0xa], 0
    3633:3C61  [E3C61]  7ff2            jg      L_E3C55  ; 0x145
    3633:3C63  [E3C63]  c746f60000      mov     word ptr [bp - 0xa], 0
    3633:3C68  [E3C68]  837ef001        cmp     word ptr [bp - 0x10], 1
    3633:3C6C  [E3C6C]  750d            jne     L_E3C7B  ; 0x16b
    3633:3C6E  [E3C6E]  a05807          mov     al, byte ptr [0x758]
    3633:3C71  [E3C71]  2ae4            sub     ah, ah
    3633:3C73  [E3C73]  256300          and     ax, 0x63
    3633:3C76  [E3C76]  3d0000          cmp     ax, 0
    3633:3C79  [E3C79]  752f            jne     L_E3CAA  ; 0x19a
L_E3C7B:
    3633:3C7B  [E3C7B]  a05807          mov     al, byte ptr [0x758]
    3633:3C7E  [E3C7E]  2ae4            sub     ah, ah
    3633:3C80  [E3C80]  256300          and     ax, 0x63
    3633:3C83  [E3C83]  3d0000          cmp     ax, 0
    3633:3C86  [E3C86]  7505            jne     L_E3C8D  ; 0x17d
    3633:3C88  [E3C88]  c746f00100      mov     word ptr [bp - 0x10], 1
L_E3C8D:
    3633:3C8D  [E3C8D]  bf0300          mov     di, 3
    3633:3C90  [E3C90]  57              push    di
    3633:3C91  [E3C91]  9a64155de4      lcall   selftest_display_result_mode  ; 0xe45d, 0x1564
    3633:3C96  [E3C96]  bf0400          mov     di, 4
    3633:3C99  [E3C99]  57              push    di
    3633:3C9A  [E3C9A]  9a64155de4      lcall   selftest_display_result_mode  ; 0xe45d, 0x1564
    3633:3C9F  [E3C9F]  9afa08b1e3      lcall   read_channel2_status  ; 0xe3b1, 0x8fa
    3633:3CA4  [E3CA4]  e9a6ff          jmp     L_E3C4D  ; 0x13d
L_E3CA7:
    3633:3CA7  [E3CA7]  e9d400          jmp     L_E3D7E  ; 0x26e
L_E3CAA:
    3633:3CAA  [E3CAA]  bf0200          mov     di, 2
    3633:3CAD  [E3CAD]  57              push    di
    3633:3CAE  [E3CAE]  9a64155de4      lcall   selftest_display_result_mode  ; 0xe45d, 0x1564
    3633:3CB3  [E3CB3]  9a1909b1e3      lcall   read_channel1_status  ; 0xe3b1, 0x919
    3633:3CB8  [E3CB8]  c746f00000      mov     word ptr [bp - 0x10], 0
    3633:3CBD  [E3CBD]  c43edc1d        les     di, ptr [0x1ddc]
    3633:3CC1  [E3CC1]  26808d130280    or      byte ptr es:[di + 0x213], 0x80
    3633:3CC7  [E3CC7]  c416dc1d        les     dx, ptr [0x1ddc]
    3633:3CCB  [E3CCB]  8bda            mov     bx, dx
    3633:3CCD  [E3CCD]  81c30a02        add     bx, 0x20a
    3633:3CD1  [E3CD1]  891efe1b        mov     word ptr [0x1bfe], bx
    3633:3CD5  [E3CD5]  8c06001c        mov     word ptr [0x1c00], es
    3633:3CD9  [E3CD9]  06              push    es
    3633:3CDA  [E3CDA]  53              push    bx
    3633:3CDB  [E3CDB]  9aaf02a8e6      lcall   seg_off_to_linear  ; 0xe6a8, 0x2af
    3633:3CE0  [E3CE0]  c43ee01d        les     di, ptr [0x1de0]
    3633:3CE4  [E3CE4]  268905          mov     word ptr es:[di], ax
    3633:3CE7  [E3CE7]  c746f60002      mov     word ptr [bp - 0xa], 0x200
    3633:3CEC  [E3CEC]  ba0100          mov     dx, 1
    3633:3CEF  [E3CEF]  52              push    dx
    3633:3CF0  [E3CF0]  9a4d135de4      lcall   print_report_frame_mode  ; 0xe45d, 0x134d
L_E3CF5:
    3633:3CF5  [E3CF5]  c746f60900      mov     word ptr [bp - 0xa], 9
    3633:3CFA  [E3CFA]  e90800          jmp     L_E3D05  ; 0x1f5
L_E3CFD:
    3633:3CFD  [E3CFD]  9a2d046be0      lcall   wait_readout_tick  ; 0xe06b, 0x42d
    3633:3D02  [E3D02]  ff4ef6          dec     word ptr [bp - 0xa]
L_E3D05:
    3633:3D05  [E3D05]  837ef600        cmp     word ptr [bp - 0xa], 0
    3633:3D09  [E3D09]  7ff2            jg      L_E3CFD  ; 0x1ed
    3633:3D0B  [E3D0B]  837ef001        cmp     word ptr [bp - 0x10], 1
    3633:3D0F  [E3D0F]  750d            jne     L_E3D1E  ; 0x20e
    3633:3D11  [E3D11]  a05807          mov     al, byte ptr [0x758]
    3633:3D14  [E3D14]  2ae4            sub     ah, ah
    3633:3D16  [E3D16]  252300          and     ax, 0x23
    3633:3D19  [E3D19]  3d0000          cmp     ax, 0
    3633:3D1C  [E3D1C]  7546            jne     L_E3D64  ; 0x254
L_E3D1E:
    3633:3D1E  [E3D1E]  837ef001        cmp     word ptr [bp - 0x10], 1
    3633:3D22  [E3D22]  7514            jne     L_E3D38  ; 0x228
    3633:3D24  [E3D24]  a05807          mov     al, byte ptr [0x758]
    3633:3D27  [E3D27]  2ae4            sub     ah, ah
    3633:3D29  [E3D29]  254000          and     ax, 0x40
    3633:3D2C  [E3D2C]  3d0000          cmp     ax, 0
    3633:3D2F  [E3D2F]  7407            je      L_E3D38  ; 0x228
    3633:3D31  [E3D31]  803e831b1e      cmp     byte ptr [0x1b83], 0x1e
    3633:3D36  [E3D36]  742c            je      L_E3D64  ; 0x254
L_E3D38:
    3633:3D38  [E3D38]  a05807          mov     al, byte ptr [0x758]
    3633:3D3B  [E3D3B]  2ae4            sub     ah, ah
    3633:3D3D  [E3D3D]  256300          and     ax, 0x63
    3633:3D40  [E3D40]  3d0000          cmp     ax, 0
    3633:3D43  [E3D43]  7505            jne     L_E3D4A  ; 0x23a
    3633:3D45  [E3D45]  c746f00100      mov     word ptr [bp - 0x10], 1
L_E3D4A:
    3633:3D4A  [E3D4A]  bf0300          mov     di, 3
    3633:3D4D  [E3D4D]  57              push    di
    3633:3D4E  [E3D4E]  9a4d135de4      lcall   print_report_frame_mode  ; 0xe45d, 0x134d
    3633:3D53  [E3D53]  bf0400          mov     di, 4
    3633:3D56  [E3D56]  57              push    di
    3633:3D57  [E3D57]  9a4d135de4      lcall   print_report_frame_mode  ; 0xe45d, 0x134d
    3633:3D5C  [E3D5C]  9afa08b1e3      lcall   read_channel2_status  ; 0xe3b1, 0x8fa
    3633:3D61  [E3D61]  e991ff          jmp     L_E3CF5  ; 0x1e5
L_E3D64:
    3633:3D64  [E3D64]  bf0200          mov     di, 2
    3633:3D67  [E3D67]  57              push    di
    3633:3D68  [E3D68]  9a4d135de4      lcall   print_report_frame_mode  ; 0xe45d, 0x134d
    3633:3D6D  [E3D6D]  9a1909b1e3      lcall   read_channel1_status  ; 0xe3b1, 0x919
    3633:3D72  [E3D72]  803e831b15      cmp     byte ptr [0x1b83], 0x15
    3633:3D77  [E3D77]  7505            jne     L_E3D7E  ; 0x26e
    3633:3D79  [E3D79]  9a4500b6ef      lcall   SUB_EFBA5  ; 0xefb6, 0x45
L_E3D7E:
    3633:3D7E  [E3D7E]  c706101b0000    mov     word ptr [0x1b10], 0
    3633:3D84  [E3D84]  c43edc1d        les     di, ptr [0x1ddc]
    3633:3D88  [E3D88]  26808d910280    or      byte ptr es:[di + 0x291], 0x80
    3633:3D8E  [E3D8E]  c416dc1d        les     dx, ptr [0x1ddc]
    3633:3D92  [E3D92]  8bda            mov     bx, dx
    3633:3D94  [E3D94]  81c30a02        add     bx, 0x20a
    3633:3D98  [E3D98]  891efe1b        mov     word ptr [0x1bfe], bx
    3633:3D9C  [E3D9C]  8c06001c        mov     word ptr [0x1c00], es
    3633:3DA0  [E3DA0]  06              push    es
    3633:3DA1  [E3DA1]  53              push    bx
    3633:3DA2  [E3DA2]  9aaf02a8e6      lcall   seg_off_to_linear  ; 0xe6a8, 0x2af
    3633:3DA7  [E3DA7]  c43ee01d        les     di, ptr [0x1de0]
    3633:3DAB  [E3DAB]  268905          mov     word ptr es:[di], ax
    3633:3DAE  [E3DAE]  9abe05b1e3      lcall   print_boot_rom_id_banner  ; 0xe3b1, 0x5be
    3633:3DB3  [E3DB3]  833ee41a00      cmp     word ptr [0x1ae4], 0
    3633:3DB8  [E3DB8]  7434            je      L_E3DEE  ; 0x2de
    3633:3DBA  [E3DBA]  c706181b0100    mov     word ptr [0x1b18], 1
    3633:3DC0  [E3DC0]  bf0f00          mov     di, 0xf
    3633:3DC3  [E3DC3]  57              push    di
    3633:3DC4  [E3DC4]  bf0400          mov     di, 4
    3633:3DC7  [E3DC7]  57              push    di
    3633:3DC8  [E3DC8]  ff36e41a        push    word ptr [0x1ae4]
    3633:3DCC  [E3DCC]  9ae8011de3      lcall   format_word_radix  ; 0xe31d, 0x1e8
    3633:3DD1  [E3DD1]  83c402          add     sp, 2
    3633:3DD4  [E3DD4]  06              push    es
    3633:3DD5  [E3DD5]  53              push    bx
    3633:3DD6  [E3DD6]  bf7bff          mov     di, 0xff7b
    3633:3DD9  [E3DD9]  57              push    di
    3633:3DDA  [E3DDA]  ba8904          mov     dx, 0x489
    3633:3DDD  [E3DDD]  52              push    dx
    3633:3DDE  [E3DDE]  b87bff          mov     ax, 0xff7b
    3633:3DE1  [E3DE1]  50              push    ax
    3633:3DE2  [E3DE2]  bf8604          mov     di, 0x486
    3633:3DE5  [E3DE5]  57              push    di
    3633:3DE6  [E3DE6]  9a04016be0      lcall   print_selftest_report_line  ; 0xe06b, 0x104
    3633:3DEB  [E3DEB]  83c40a          add     sp, 0xa
L_E3DEE:
    3633:3DEE  [E3DEE]  9a3407b1e3      lcall   self_test_dispatcher  ; 0xe3b1, 0x734
    3633:3DF3  [E3DF3]  250200          and     ax, 2
    3633:3DF6  [E3DF6]  3d0000          cmp     ax, 0
    3633:3DF9  [E3DF9]  7406            je      L_E3E01  ; 0x2f1
    3633:3DFB  [E3DFB]  bf0040          mov     di, 0x4000
    3633:3DFE  [E3DFE]  e90200          jmp     L_E3E03  ; 0x2f3
L_E3E01:
    3633:3E01  [E3E01]  2bff            sub     di, di
L_E3E03:
    3633:3E03  [E3E03]  093ee41a        or      word ptr [0x1ae4], di
    3633:3E07  [E3E07]  bf7bff          mov     di, 0xff7b
    3633:3E0A  [E3E0A]  57              push    di
    3633:3E0B  [E3E0B]  ba9704          mov     dx, 0x497
    3633:3E0E  [E3E0E]  52              push    dx
    3633:3E0F  [E3E0F]  9a45046be0      lcall   print_string_far  ; 0xe06b, 0x445
    3633:3E14  [E3E14]  c43edc1d        les     di, ptr [0x1ddc]
    3633:3E18  [E3E18]  26808d910280    or      byte ptr es:[di + 0x291], 0x80
    3633:3E1E  [E3E1E]  c416dc1d        les     dx, ptr [0x1ddc]
    3633:3E22  [E3E22]  8bda            mov     bx, dx
    3633:3E24  [E3E24]  81c30a02        add     bx, 0x20a
    3633:3E28  [E3E28]  891efe1b        mov     word ptr [0x1bfe], bx
    3633:3E2C  [E3E2C]  8c06001c        mov     word ptr [0x1c00], es
    3633:3E30  [E3E30]  06              push    es
    3633:3E31  [E3E31]  53              push    bx
    3633:3E32  [E3E32]  9aaf02a8e6      lcall   seg_off_to_linear  ; 0xe6a8, 0x2af
    3633:3E37  [E3E37]  c43ee01d        les     di, ptr [0x1de0]
    3633:3E3B  [E3E3B]  268905          mov     word ptr es:[di], ax
    3633:3E3E  [E3E3E]  833ee41a00      cmp     word ptr [0x1ae4], 0
    3633:3E43  [E3E43]  7449            je      L_E3E8E  ; 0x37e
    3633:3E45  [E3E45]  c746f60002      mov     word ptr [bp - 0xa], 0x200
    3633:3E4A  [E3E4A]  a05807          mov     al, byte ptr [0x758]
    3633:3E4D  [E3E4D]  2ae4            sub     ah, ah
    3633:3E4F  [E3E4F]  256300          and     ax, 0x63
    3633:3E52  [E3E52]  8946ea          mov     word ptr [bp - 0x16], ax
    3633:3E55  [E3E55]  803e831b14      cmp     byte ptr [0x1b83], 0x14
    3633:3E5A  [E3E5A]  7505            jne     L_E3E61  ; 0x351
    3633:3E5C  [E3E5C]  9a8703b1e3      lcall   SUB_E3E97  ; 0xe3b1, 0x387
L_E3E61:
    3633:3E61  [E3E61]  8b7ef6          mov     di, word ptr [bp - 0xa]
    3633:3E64  [E3E64]  ff46f6          inc     word ptr [bp - 0xa]
    3633:3E67  [E3E67]  81ff0002        cmp     di, 0x200
    3633:3E6B  [E3E6B]  7c1e            jl      L_E3E8B  ; 0x37b
    3633:3E6D  [E3E6D]  c746f60000      mov     word ptr [bp - 0xa], 0
    3633:3E72  [E3E72]  a05807          mov     al, byte ptr [0x758]
    3633:3E75  [E3E75]  2ae4            sub     ah, ah
    3633:3E77  [E3E77]  256300          and     ax, 0x63
    3633:3E7A  [E3E7A]  8b7eea          mov     di, word ptr [bp - 0x16]
    3633:3E7D  [E3E7D]  3bc7            cmp     ax, di
    3633:3E7F  [E3E7F]  750d            jne     L_E3E8E  ; 0x37e
    3633:3E81  [E3E81]  9afa08b1e3      lcall   read_channel2_status  ; 0xe3b1, 0x8fa
    3633:3E86  [E3E86]  9a73036be0      lcall   scroll_selftest_report_display  ; 0xe06b, 0x373
L_E3E8B:
    3633:3E8B  [E3E8B]  e9d3ff          jmp     L_E3E61  ; 0x351
L_E3E8E:
    3633:3E8E  [E3E8E]  9a1909b1e3      lcall   read_channel1_status  ; 0xe3b1, 0x919
    3633:3E93  [E3E93]  8be5            mov     sp, bp
    3633:3E95  [E3E95]  5d              pop     bp
    3633:3E96  [E3E96]  cb              retf    
SUB_E3E97:
    3633:3E97  [E3E97]  55              push    bp
    3633:3E98  [E3E98]  8bec            mov     bp, sp
    3633:3E9A  [E3E9A]  83ec08          sub     sp, 8
    3633:3E9D  [E3E9D]  2bff            sub     di, di
    3633:3E9F  [E3E9F]  57              push    di
    3633:3EA0  [E3EA0]  57              push    di
    3633:3EA1  [E3EA1]  c416dc1d        les     dx, ptr [0x1ddc]
    3633:3EA5  [E3EA5]  8bda            mov     bx, dx
    3633:3EA7  [E3EA7]  81c30a02        add     bx, 0x20a
    3633:3EAB  [E3EAB]  06              push    es
    3633:3EAC  [E3EAC]  53              push    bx
    3633:3EAD  [E3EAD]  9a470052e3      lcall   init_print_region  ; 0xe352, 0x47
    3633:3EB2  [E3EB2]  83c404          add     sp, 4
    3633:3EB5  [E3EB5]  2bff            sub     di, di
    3633:3EB7  [E3EB7]  57              push    di
    3633:3EB8  [E3EB8]  57              push    di
    3633:3EB9  [E3EB9]  57              push    di
    3633:3EBA  [E3EBA]  9a100452e3      lcall   plot_readout_point  ; 0xe352, 0x410
    3633:3EBF  [E3EBF]  83c404          add     sp, 4
    3633:3EC2  [E3EC2]  c746f80000      mov     word ptr [bp - 8], 0
    3633:3EC7  [E3EC7]  e91b00          jmp     L_E3EE5  ; 0x3d5
L_E3ECA:
    3633:3ECA  [E3ECA]  8b7ef8          mov     di, word ptr [bp - 8]
    3633:3ECD  [E3ECD]  2b3efa1a        sub     di, word ptr [0x1afa]
    3633:3ED1  [E3ED1]  57              push    di
    3633:3ED2  [E3ED2]  8b7ef8          mov     di, word ptr [bp - 8]
    3633:3ED5  [E3ED5]  2b3ef81a        sub     di, word ptr [0x1af8]
    3633:3ED9  [E3ED9]  57              push    di
    3633:3EDA  [E3EDA]  9a910252e3      lcall   plot_readout_point_scaled  ; 0xe352, 0x291
    3633:3EDF  [E3EDF]  83c402          add     sp, 2
    3633:3EE2  [E3EE2]  ff46f8          inc     word ptr [bp - 8]
L_E3EE5:
    3633:3EE5  [E3EE5]  817ef8fa00      cmp     word ptr [bp - 8], 0xfa
    3633:3EEA  [E3EEA]  7cde            jl      L_E3ECA  ; 0x3ba
    3633:3EEC  [E3EEC]  c746f80000      mov     word ptr [bp - 8], 0
    3633:3EF1  [E3EF1]  e91e00          jmp     L_E3F12  ; 0x402
L_E3EF4:
    3633:3EF4  [E3EF4]  bffa00          mov     di, 0xfa
    3633:3EF7  [E3EF7]  2b7ef8          sub     di, word ptr [bp - 8]
    3633:3EFA  [E3EFA]  2b3efa1a        sub     di, word ptr [0x1afa]
    3633:3EFE  [E3EFE]  57              push    di
    3633:3EFF  [E3EFF]  8b7ef8          mov     di, word ptr [bp - 8]
    3633:3F02  [E3F02]  2b3ef81a        sub     di, word ptr [0x1af8]
    3633:3F06  [E3F06]  57              push    di
    3633:3F07  [E3F07]  9a910252e3      lcall   plot_readout_point_scaled  ; 0xe352, 0x291
    3633:3F0C  [E3F0C]  83c402          add     sp, 2
    3633:3F0F  [E3F0F]  ff46f8          inc     word ptr [bp - 8]
L_E3F12:
    3633:3F12  [E3F12]  817ef8fa00      cmp     word ptr [bp - 8], 0xfa
    3633:3F17  [E3F17]  7cdb            jl      L_E3EF4  ; 0x3e4
    3633:3F19  [E3F19]  c43edc1d        les     di, ptr [0x1ddc]
    3633:3F1D  [E3F1D]  8d950a02        lea     dx, [di + 0x20a]
    3633:3F21  [E3F21]  06              push    es
    3633:3F22  [E3F22]  52              push    dx
    3633:3F23  [E3F23]  9a2e0252e3      lcall   close_print_record  ; 0xe352, 0x22e
    3633:3F28  [E3F28]  8be5            mov     sp, bp
    3633:3F2A  [E3F2A]  5d              pop     bp
    3633:3F2B  [E3F2B]  cb              retf    
selftest_display_irq_idle:
    3633:3F2C  [E3F2C]  55              push    bp
    3633:3F2D  [E3F2D]  8bec            mov     bp, sp
    3633:3F2F  [E3F2F]  83ec08          sub     sp, 8
    3633:3F32  [E3F32]  c746f80100      mov     word ptr [bp - 8], 1
    3633:3F37  [E3F37]  9a1909b1e3      lcall   read_channel1_status  ; 0xe3b1, 0x919
    3633:3F3C  [E3F3C]  9aa6076be0      lcall   clear_selftest_status_flags  ; 0xe06b, 0x7a6
    3633:3F41  [E3F41]  9a730396e2      lcall   SUB_E2CD3  ; 0xe296, 0x373
    3633:3F46  [E3F46]  c706f01a0100    mov     word ptr [0x1af0], 1
    3633:3F4C  [E3F4C]  c706f21a0000    mov     word ptr [0x1af2], 0
    3633:3F52  [E3F52]  c706ee1a0000    mov     word ptr [0x1aee], 0
    3633:3F58  [E3F58]  9a1d00d1e5      lcall   enable_interrupts  ; 0xe5d1, 0x1d
    3633:3F5D  [E3F5D]  9a1f00d1e5      lcall   disable_interrupts  ; 0xe5d1, 0x1f
    3633:3F62  [E3F62]  833eee1a00      cmp     word ptr [0x1aee], 0
    3633:3F67  [E3F67]  7429            je      L_E3F92  ; 0x482
    3633:3F69  [E3F69]  bf1200          mov     di, 0x12
    3633:3F6C  [E3F6C]  57              push    di
    3633:3F6D  [E3F6D]  bf7bff          mov     di, 0xff7b
    3633:3F70  [E3F70]  57              push    di
    3633:3F71  [E3F71]  bad004          mov     dx, 0x4d0
    3633:3F74  [E3F74]  52              push    dx
    3633:3F75  [E3F75]  bb7bff          mov     bx, 0xff7b
    3633:3F78  [E3F78]  53              push    bx
    3633:3F79  [E3F79]  b8c004          mov     ax, 0x4c0
    3633:3F7C  [E3F7C]  50              push    ax
    3633:3F7D  [E3F7D]  bf7bff          mov     di, 0xff7b
    3633:3F80  [E3F80]  57              push    di
    3633:3F81  [E3F81]  bfbd04          mov     di, 0x4bd
    3633:3F84  [E3F84]  57              push    di
    3633:3F85  [E3F85]  9a04016be0      lcall   print_selftest_report_line  ; 0xe06b, 0x104
    3633:3F8A  [E3F8A]  83c40a          add     sp, 0xa
    3633:3F8D  [E3F8D]  814ef80200      or      word ptr [bp - 8], 2
L_E3F92:
    3633:3F92  [E3F92]  8b46f8          mov     ax, word ptr [bp - 8]
    3633:3F95  [E3F95]  8be5            mov     sp, bp
    3633:3F97  [E3F97]  5d              pop     bp
    3633:3F98  [E3F98]  cb              retf    
selftest_display_irq_active:
    3633:3F99  [E3F99]  55              push    bp
    3633:3F9A  [E3F9A]  8bec            mov     bp, sp
    3633:3F9C  [E3F9C]  83ec0a          sub     sp, 0xa
    3633:3F9F  [E3F9F]  c746f86400      mov     word ptr [bp - 8], 0x64
    3633:3FA4  [E3FA4]  c746f60100      mov     word ptr [bp - 0xa], 1
    3633:3FA9  [E3FA9]  c43edc1d        les     di, ptr [0x1ddc]
    3633:3FAD  [E3FAD]  26808d010280    or      byte ptr es:[di + 0x201], 0x80
    3633:3FB3  [E3FB3]  c416dc1d        les     dx, ptr [0x1ddc]
    3633:3FB7  [E3FB7]  8bda            mov     bx, dx
    3633:3FB9  [E3FB9]  81c3f801        add     bx, 0x1f8
    3633:3FBD  [E3FBD]  891efe1b        mov     word ptr [0x1bfe], bx
    3633:3FC1  [E3FC1]  8c06001c        mov     word ptr [0x1c00], es
    3633:3FC5  [E3FC5]  06              push    es
    3633:3FC6  [E3FC6]  53              push    bx
    3633:3FC7  [E3FC7]  9aaf02a8e6      lcall   seg_off_to_linear  ; 0xe6a8, 0x2af
    3633:3FCC  [E3FCC]  c43ee01d        les     di, ptr [0x1de0]
    3633:3FD0  [E3FD0]  268905          mov     word ptr es:[di], ax
    3633:3FD3  [E3FD3]  2bd2            sub     dx, dx
    3633:3FD5  [E3FD5]  52              push    dx
    3633:3FD6  [E3FD6]  52              push    dx
    3633:3FD7  [E3FD7]  c41edc1d        les     bx, ptr [0x1ddc]
    3633:3FDB  [E3FDB]  8dbff801        lea     di, [bx + 0x1f8]
    3633:3FDF  [E3FDF]  06              push    es
    3633:3FE0  [E3FE0]  57              push    di
    3633:3FE1  [E3FE1]  9a470052e3      lcall   init_print_region  ; 0xe352, 0x47
    3633:3FE6  [E3FE6]  83c404          add     sp, 4
    3633:3FE9  [E3FE9]  2bff            sub     di, di
    3633:3FEB  [E3FEB]  57              push    di
    3633:3FEC  [E3FEC]  57              push    di
    3633:3FED  [E3FED]  57              push    di
    3633:3FEE  [E3FEE]  9a100452e3      lcall   plot_readout_point  ; 0xe352, 0x410
    3633:3FF3  [E3FF3]  83c404          add     sp, 4
    3633:3FF6  [E3FF6]  bf6400          mov     di, 0x64
    3633:3FF9  [E3FF9]  2b3efa1a        sub     di, word ptr [0x1afa]
    3633:3FFD  [E3FFD]  57              push    di
    3633:3FFE  [E3FFE]  bf6400          mov     di, 0x64
    3633:4001  [E4001]  2b3ef81a        sub     di, word ptr [0x1af8]
    3633:4005  [E4005]  57              push    di
    3633:4006  [E4006]  9a910252e3      lcall   plot_readout_point_scaled  ; 0xe352, 0x291
    3633:400B  [E400B]  83c402          add     sp, 2
    3633:400E  [E400E]  c43edc1d        les     di, ptr [0x1ddc]
    3633:4012  [E4012]  8d95f801        lea     dx, [di + 0x1f8]
    3633:4016  [E4016]  06              push    es
    3633:4017  [E4017]  52              push    dx
    3633:4018  [E4018]  9a2e0252e3      lcall   close_print_record  ; 0xe352, 0x22e
    3633:401D  [E401D]  c706f01a0100    mov     word ptr [0x1af0], 1
    3633:4023  [E4023]  c706f21a0000    mov     word ptr [0x1af2], 0
    3633:4029  [E4029]  c706ee1a0000    mov     word ptr [0x1aee], 0
    3633:402F  [E402F]  9a1d00d1e5      lcall   enable_interrupts  ; 0xe5d1, 0x1d
    3633:4034  [E4034]  9afa08b1e3      lcall   read_channel2_status  ; 0xe3b1, 0x8fa
L_E4039:
    3633:4039  [E4039]  ff4ef8          dec     word ptr [bp - 8]
    3633:403C  [E403C]  837ef800        cmp     word ptr [bp - 8], 0
    3633:4040  [E4040]  7e07            jle     L_E4049  ; 0x539
    3633:4042  [E4042]  833eee1a00      cmp     word ptr [0x1aee], 0
    3633:4047  [E4047]  74f0            je      L_E4039  ; 0x529
L_E4049:
    3633:4049  [E4049]  837ef800        cmp     word ptr [bp - 8], 0
    3633:404D  [E404D]  7f29            jg      L_E4078  ; 0x568
    3633:404F  [E404F]  bf1800          mov     di, 0x18
    3633:4052  [E4052]  57              push    di
    3633:4053  [E4053]  bf7bff          mov     di, 0xff7b
    3633:4056  [E4056]  57              push    di
    3633:4057  [E4057]  bae904          mov     dx, 0x4e9
    3633:405A  [E405A]  52              push    dx
    3633:405B  [E405B]  bb7bff          mov     bx, 0xff7b
    3633:405E  [E405E]  53              push    bx
    3633:405F  [E405F]  b8d404          mov     ax, 0x4d4
    3633:4062  [E4062]  50              push    ax
    3633:4063  [E4063]  bf7bff          mov     di, 0xff7b
    3633:4066  [E4066]  57              push    di
    3633:4067  [E4067]  bfd104          mov     di, 0x4d1
    3633:406A  [E406A]  57              push    di
    3633:406B  [E406B]  9a04016be0      lcall   print_selftest_report_line  ; 0xe06b, 0x104
    3633:4070  [E4070]  83c40a          add     sp, 0xa
    3633:4073  [E4073]  814ef60200      or      word ptr [bp - 0xa], 2
L_E4078:
    3633:4078  [E4078]  9a1909b1e3      lcall   read_channel1_status  ; 0xe3b1, 0x919
    3633:407D  [E407D]  c706ee1a0000    mov     word ptr [0x1aee], 0
    3633:4083  [E4083]  9a1d00d1e5      lcall   enable_interrupts  ; 0xe5d1, 0x1d
    3633:4088  [E4088]  9a1f00d1e5      lcall   disable_interrupts  ; 0xe5d1, 0x1f
    3633:408D  [E408D]  833eee1a00      cmp     word ptr [0x1aee], 0
    3633:4092  [E4092]  7429            je      L_E40BD  ; 0x5ad
    3633:4094  [E4094]  bf1400          mov     di, 0x14
    3633:4097  [E4097]  57              push    di
    3633:4098  [E4098]  bf7bff          mov     di, 0xff7b
    3633:409B  [E409B]  57              push    di
    3633:409C  [E409C]  ba0a05          mov     dx, 0x50a
    3633:409F  [E409F]  52              push    dx
    3633:40A0  [E40A0]  bb7bff          mov     bx, 0xff7b
    3633:40A3  [E40A3]  53              push    bx
    3633:40A4  [E40A4]  b8f504          mov     ax, 0x4f5
    3633:40A7  [E40A7]  50              push    ax
    3633:40A8  [E40A8]  bf7bff          mov     di, 0xff7b
    3633:40AB  [E40AB]  57              push    di
    3633:40AC  [E40AC]  bff204          mov     di, 0x4f2
    3633:40AF  [E40AF]  57              push    di
    3633:40B0  [E40B0]  9a04016be0      lcall   print_selftest_report_line  ; 0xe06b, 0x104
    3633:40B5  [E40B5]  83c40a          add     sp, 0xa
    3633:40B8  [E40B8]  814ef60200      or      word ptr [bp - 0xa], 2
L_E40BD:
    3633:40BD  [E40BD]  c43edc1d        les     di, ptr [0x1ddc]
    3633:40C1  [E40C1]  26c685f80113    mov     byte ptr es:[di + 0x1f8], 0x13
    3633:40C7  [E40C7]  8b46f6          mov     ax, word ptr [bp - 0xa]
    3633:40CA  [E40CA]  8be5            mov     sp, bp
    3633:40CC  [E40CC]  5d              pop     bp
    3633:40CD  [E40CD]  cb              retf    
print_boot_rom_id_banner:
    3633:40CE  [E40CE]  55              push    bp
    3633:40CF  [E40CF]  8bec            mov     bp, sp
    3633:40D1  [E40D1]  83ec06          sub     sp, 6
    3633:40D4  [E40D4]  803e481b00      cmp     byte ptr [0x1b48], 0
    3633:40D9  [E40D9]  7474            je      L_E414F  ; 0x63f
    3633:40DB  [E40DB]  9a91046be0      lcall   SUB_E0B41  ; 0xe06b, 0x491
    3633:40E0  [E40E0]  bf7bff          mov     di, 0xff7b
    3633:40E3  [E40E3]  57              push    di
    3633:40E4  [E40E4]  ba1e05          mov     dx, 0x51e
    3633:40E7  [E40E7]  52              push    dx
    3633:40E8  [E40E8]  9a45046be0      lcall   print_string_far  ; 0xe06b, 0x445
    3633:40ED  [E40ED]  bf7bff          mov     di, 0xff7b
    3633:40F0  [E40F0]  57              push    di
    3633:40F1  [E40F1]  ba2005          mov     dx, 0x520
    3633:40F4  [E40F4]  52              push    dx
    3633:40F5  [E40F5]  9a45046be0      lcall   print_string_far  ; 0xe06b, 0x445
    3633:40FA  [E40FA]  bf7bff          mov     di, 0xff7b
    3633:40FD  [E40FD]  57              push    di
    3633:40FE  [E40FE]  ba2305          mov     dx, 0x523
    3633:4101  [E4101]  52              push    dx
    3633:4102  [E4102]  9a45046be0      lcall   print_string_far  ; 0xe06b, 0x445
    3633:4107  [E4107]  c43ed41d        les     di, ptr [0x1dd4]
    3633:410B  [E410B]  268a5502        mov     dl, byte ptr es:[di + 2]
    3633:410F  [E410F]  2af6            sub     dh, dh
    3633:4111  [E4111]  52              push    dx
    3633:4112  [E4112]  9afb021de3      lcall   format_byte_hex  ; 0xe31d, 0x2fb
    3633:4117  [E4117]  06              push    es
    3633:4118  [E4118]  53              push    bx
    3633:4119  [E4119]  9a45046be0      lcall   print_string_far  ; 0xe06b, 0x445
    3633:411E  [E411E]  c43ed41d        les     di, ptr [0x1dd4]
    3633:4122  [E4122]  268a5503        mov     dl, byte ptr es:[di + 3]
    3633:4126  [E4126]  2af6            sub     dh, dh
    3633:4128  [E4128]  52              push    dx
    3633:4129  [E4129]  9afb021de3      lcall   format_byte_hex  ; 0xe31d, 0x2fb
    3633:412E  [E412E]  06              push    es
    3633:412F  [E412F]  53              push    bx
    3633:4130  [E4130]  9a45046be0      lcall   print_string_far  ; 0xe06b, 0x445
    3633:4135  [E4135]  bf7bff          mov     di, 0xff7b
    3633:4138  [E4138]  57              push    di
    3633:4139  [E4139]  ba3905          mov     dx, 0x539
    3633:413C  [E413C]  52              push    dx
    3633:413D  [E413D]  9a45046be0      lcall   print_string_far  ; 0xe06b, 0x445
    3633:4142  [E4142]  c43ed41d        les     di, ptr [0x1dd4]
    3633:4146  [E4146]  268a5504        mov     dl, byte ptr es:[di + 4]
    3633:414A  [E414A]  2af6            sub     dh, dh
    3633:414C  [E414C]  52              push    dx
    3633:414D  [E414D]  eb03            jmp     L_E4152  ; 0x642
L_E414F:
    3633:414F  [E414F]  e91900          jmp     L_E416B  ; 0x65b
L_E4152:
    3633:4152  [E4152]  9afb021de3      lcall   format_byte_hex  ; 0xe31d, 0x2fb
    3633:4157  [E4157]  06              push    es
    3633:4158  [E4158]  53              push    bx
    3633:4159  [E4159]  9a45046be0      lcall   print_string_far  ; 0xe06b, 0x445
    3633:415E  [E415E]  bf7bff          mov     di, 0xff7b
    3633:4161  [E4161]  57              push    di
    3633:4162  [E4162]  ba3b05          mov     dx, 0x53b
    3633:4165  [E4165]  52              push    dx
    3633:4166  [E4166]  9a45046be0      lcall   print_string_far  ; 0xe06b, 0x445
L_E416B:
    3633:416B  [E416B]  8be5            mov     sp, bp
    3633:416D  [E416D]  5d              pop     bp
    3633:416E  [E416E]  cb              retf    
print_selftest_banner:
    3633:416F  [E416F]  55              push    bp
    3633:4170  [E4170]  8bec            mov     bp, sp
    3633:4172  [E4172]  83ec06          sub     sp, 6
    3633:4175  [E4175]  bf3903          mov     di, 0x339
    3633:4178  [E4178]  57              push    di
    3633:4179  [E4179]  bafa00          mov     dx, 0xfa
    3633:417C  [E417C]  52              push    dx
    3633:417D  [E417D]  c43edc1d        les     di, ptr [0x1ddc]
    3633:4181  [E4181]  8d950a02        lea     dx, [di + 0x20a]
    3633:4185  [E4185]  06              push    es
    3633:4186  [E4186]  52              push    dx
    3633:4187  [E4187]  9a470052e3      lcall   init_print_region  ; 0xe352, 0x47
    3633:418C  [E418C]  83c404          add     sp, 4
    3633:418F  [E418F]  2bff            sub     di, di
    3633:4191  [E4191]  57              push    di
    3633:4192  [E4192]  57              push    di
    3633:4193  [E4193]  57              push    di
    3633:4194  [E4194]  9a100452e3      lcall   plot_readout_point  ; 0xe352, 0x410
    3633:4199  [E4199]  83c404          add     sp, 4
    3633:419C  [E419C]  bf2000          mov     di, 0x20
    3633:419F  [E419F]  57              push    di
    3633:41A0  [E41A0]  9a340352e3      lcall   draw_readout_char  ; 0xe352, 0x334
    3633:41A5  [E41A5]  bf7bff          mov     di, 0xff7b
    3633:41A8  [E41A8]  57              push    di
    3633:41A9  [E41A9]  ba3e05          mov     dx, 0x53e
    3633:41AC  [E41AC]  52              push    dx
    3633:41AD  [E41AD]  9a0707b1e3      lcall   print_banner_line  ; 0xe3b1, 0x707
    3633:41B2  [E41B2]  c43edc1d        les     di, ptr [0x1ddc]
    3633:41B6  [E41B6]  8d950a02        lea     dx, [di + 0x20a]
    3633:41BA  [E41BA]  06              push    es
    3633:41BB  [E41BB]  52              push    dx
    3633:41BC  [E41BC]  9a2e0252e3      lcall   close_print_record  ; 0xe352, 0x22e
    3633:41C1  [E41C1]  bf0703          mov     di, 0x307
    3633:41C4  [E41C4]  57              push    di
    3633:41C5  [E41C5]  bf7d00          mov     di, 0x7d
    3633:41C8  [E41C8]  57              push    di
    3633:41C9  [E41C9]  c43edc1d        les     di, ptr [0x1ddc]
    3633:41CD  [E41CD]  8d951302        lea     dx, [di + 0x213]
    3633:41D1  [E41D1]  06              push    es
    3633:41D2  [E41D2]  52              push    dx
    3633:41D3  [E41D3]  9a470052e3      lcall   init_print_region  ; 0xe352, 0x47
    3633:41D8  [E41D8]  83c404          add     sp, 4
    3633:41DB  [E41DB]  2bff            sub     di, di
    3633:41DD  [E41DD]  57              push    di
    3633:41DE  [E41DE]  57              push    di
    3633:41DF  [E41DF]  57              push    di
    3633:41E0  [E41E0]  9a100452e3      lcall   plot_readout_point  ; 0xe352, 0x410
    3633:41E5  [E41E5]  83c404          add     sp, 4
    3633:41E8  [E41E8]  bf2000          mov     di, 0x20
    3633:41EB  [E41EB]  57              push    di
    3633:41EC  [E41EC]  9a340352e3      lcall   draw_readout_char  ; 0xe352, 0x334
    3633:41F1  [E41F1]  bf7bff          mov     di, 0xff7b
    3633:41F4  [E41F4]  57              push    di
    3633:41F5  [E41F5]  ba5005          mov     dx, 0x550
    3633:41F8  [E41F8]  52              push    dx
    3633:41F9  [E41F9]  9a0707b1e3      lcall   print_banner_line  ; 0xe3b1, 0x707
    3633:41FE  [E41FE]  c43edc1d        les     di, ptr [0x1ddc]
    3633:4202  [E4202]  8d951302        lea     dx, [di + 0x213]
    3633:4206  [E4206]  06              push    es
    3633:4207  [E4207]  52              push    dx
    3633:4208  [E4208]  9a2e0252e3      lcall   close_print_record  ; 0xe352, 0x22e
    3633:420D  [E420D]  c706101b0300    mov     word ptr [0x1b10], 3
    3633:4213  [E4213]  8be5            mov     sp, bp
    3633:4215  [E4215]  5d              pop     bp
    3633:4216  [E4216]  cb              retf    
print_banner_line:
    3633:4217  [E4217]  55              push    bp
    3633:4218  [E4218]  8bec            mov     bp, sp
    3633:421A  [E421A]  83ec06          sub     sp, 6
    3633:421D  [E421D]  c47e06          les     di, ptr [bp + 6]
    3633:4220  [E4220]  06              push    es
    3633:4221  [E4221]  57              push    di
    3633:4222  [E4222]  9a010352e3      lcall   print_readout_string  ; 0xe352, 0x301
    3633:4227  [E4227]  c47e06          les     di, ptr [bp + 6]
    3633:422A  [E422A]  06              push    es
    3633:422B  [E422B]  57              push    di
    3633:422C  [E422C]  9a45046be0      lcall   print_string_far  ; 0xe06b, 0x445
    3633:4231  [E4231]  bf7bff          mov     di, 0xff7b
    3633:4234  [E4234]  57              push    di
    3633:4235  [E4235]  ba6c05          mov     dx, 0x56c
    3633:4238  [E4238]  52              push    dx
    3633:4239  [E4239]  9a45046be0      lcall   print_string_far  ; 0xe06b, 0x445
    3633:423E  [E423E]  8be5            mov     sp, bp
    3633:4240  [E4240]  5d              pop     bp
    3633:4241  [E4241]  ca0400          retf    4
self_test_dispatcher:
    3633:4244  [E4244]  55              push    bp
    3633:4245  [E4245]  8bec            mov     bp, sp
    3633:4247  [E4247]  83ec0a          sub     sp, 0xa
    3633:424A  [E424A]  c746f86400      mov     word ptr [bp - 8], 0x64
    3633:424F  [E424F]  c746f60000      mov     word ptr [bp - 0xa], 0
    3633:4254  [E4254]  803e7a1b01      cmp     byte ptr [0x1b7a], 1
    3633:4259  [E4259]  741c            je      L_E4277  ; 0x767
    3633:425B  [E425B]  c706181b0100    mov     word ptr [0x1b18], 1
    3633:4261  [E4261]  9a1c04b1e3      lcall   selftest_display_irq_idle  ; 0xe3b1, 0x41c
    3633:4266  [E4266]  0946f6          or      word ptr [bp - 0xa], ax
    3633:4269  [E4269]  c706181b0100    mov     word ptr [0x1b18], 1
    3633:426F  [E426F]  9a8904b1e3      lcall   selftest_display_irq_active  ; 0xe3b1, 0x489
    3633:4274  [E4274]  0946f6          or      word ptr [bp - 0xa], ax
L_E4277:
    3633:4277  [E4277]  c706181b0100    mov     word ptr [0x1b18], 1
    3633:427D  [E427D]  9a8800f4e2      lcall   selftest_front_panel_switch_b  ; 0xe2f4, 0x88
    3633:4282  [E4282]  0946f6          or      word ptr [bp - 0xa], ax
    3633:4285  [E4285]  c706181b0100    mov     word ptr [0x1b18], 1
    3633:428B  [E428B]  9aa60197e1      lcall   selftest_acq_ram  ; 0xe197, 0x1a6
    3633:4290  [E4290]  0946f6          or      word ptr [bp - 0xa], ax
    3633:4293  [E4293]  803e831b1e      cmp     byte ptr [0x1b83], 0x1e
    3633:4298  [E4298]  750e            jne     L_E42A8  ; 0x798
    3633:429A  [E429A]  c706181b0100    mov     word ptr [0x1b18], 1
    3633:42A0  [E42A0]  9aaa0048e2      lcall   selftest_comm_option_switch  ; 0xe248, 0xaa
    3633:42A5  [E42A5]  0946f6          or      word ptr [bp - 0xa], ax
L_E42A8:
    3633:42A8  [E42A8]  803e7a1b01      cmp     byte ptr [0x1b7a], 1
    3633:42AD  [E42AD]  743d            je      L_E42EC  ; 0x7dc
    3633:42AF  [E42AF]  9a2d046be0      lcall   wait_readout_tick  ; 0xe06b, 0x42d
    3633:42B4  [E42B4]  2bff            sub     di, di
    3633:42B6  [E42B6]  57              push    di
    3633:42B7  [E42B7]  ba0e00          mov     dx, 0xe
    3633:42BA  [E42BA]  52              push    dx
    3633:42BB  [E42BB]  ba8900          mov     dx, 0x89
    3633:42BE  [E42BE]  52              push    dx
    3633:42BF  [E42BF]  ba0400          mov     dx, 4
    3633:42C2  [E42C2]  52              push    dx
    3633:42C3  [E42C3]  52              push    dx
    3633:42C4  [E42C4]  9a1c076be0      lcall   configure_measurement_hw  ; 0xe06b, 0x71c
    3633:42C9  [E42C9]  83c408          add     sp, 8
L_E42CC:
    3633:42CC  [E42CC]  c43e2203        les     di, ptr [0x322]
    3633:42D0  [E42D0]  268b15          mov     dx, word ptr es:[di]
    3633:42D3  [E42D3]  81e20080        and     dx, 0x8000
    3633:42D7  [E42D7]  83fa00          cmp     dx, 0
    3633:42DA  [E42DA]  740b            je      L_E42E7  ; 0x7d7
    3633:42DC  [E42DC]  8b56f8          mov     dx, word ptr [bp - 8]
    3633:42DF  [E42DF]  ff4ef8          dec     word ptr [bp - 8]
    3633:42E2  [E42E2]  83fa00          cmp     dx, 0
    3633:42E5  [E42E5]  7fe5            jg      L_E42CC  ; 0x7bc
L_E42E7:
    3633:42E7  [E42E7]  9aa6076be0      lcall   clear_selftest_status_flags  ; 0xe06b, 0x7a6
L_E42EC:
    3633:42EC  [E42EC]  c706181b0100    mov     word ptr [0x1b18], 1
    3633:42F2  [E42F2]  9a0e008fe2      lcall   selftest_hs_acq  ; 0xe28f, 0xe
    3633:42F7  [E42F7]  0946f6          or      word ptr [bp - 0xa], ax
    3633:42FA  [E42FA]  c706181b0100    mov     word ptr [0x1b18], 1
    3633:4300  [E4300]  9a7e0020e2      lcall   selftest_front_panel_switch_a  ; 0xe220, 0x7e
    3633:4305  [E4305]  0946f6          or      word ptr [bp - 0xa], ax
    3633:4308  [E4308]  c706181b0100    mov     word ptr [0x1b18], 1
    3633:430E  [E430E]  9a06006de2      lcall   selftest_mm_acq  ; 0xe26d, 6
    3633:4313  [E4313]  0946f6          or      word ptr [bp - 0xa], ax
    3633:4316  [E4316]  c706181b0100    mov     word ptr [0x1b18], 1
    3633:431C  [E431C]  9a9c016de2      lcall   selftest_xy_acq  ; 0xe26d, 0x19c
    3633:4321  [E4321]  0946f6          or      word ptr [bp - 0xa], ax
    3633:4324  [E4324]  c706181b0100    mov     word ptr [0x1b18], 1
    3633:432A  [E432A]  9a0c00cee2      lcall   selftest_cursor_delta_time  ; 0xe2ce, 0xc
    3633:432F  [E432F]  0946f6          or      word ptr [bp - 0xa], ax
    3633:4332  [E4332]  c706181b0100    mov     word ptr [0x1b18], 1
    3633:4338  [E4338]  9a5001e8e0      lcall   selftest_measure_and_report  ; 0xe0e8, 0x150
    3633:433D  [E433D]  0946f6          or      word ptr [bp - 0xa], ax
    3633:4340  [E4340]  9ae109b1e3      lcall   check_comm_option_installed  ; 0xe3b1, 0x9e1
    3633:4345  [E4345]  c706181b0100    mov     word ptr [0x1b18], 1
    3633:434B  [E434B]  9aaa0154e1      lcall   selftest_rom_checksum  ; 0xe154, 0x1aa
    3633:4350  [E4350]  0946f6          or      word ptr [bp - 0xa], ax
    3633:4353  [E4353]  c706181b0100    mov     word ptr [0x1b18], 1
    3633:4359  [E4359]  9a8e01cbe1      lcall   selftest_comm_rom  ; 0xe1cb, 0x18e
    3633:435E  [E435E]  0946f6          or      word ptr [bp - 0xa], ax
    3633:4361  [E4361]  c706181b0100    mov     word ptr [0x1b18], 1
    3633:4367  [E4367]  9a7800cbe1      lcall   selftest_comm_loopback_a  ; 0xe1cb, 0x78
    3633:436C  [E436C]  0946f6          or      word ptr [bp - 0xa], ax
    3633:436F  [E436F]  c706181b0100    mov     word ptr [0x1b18], 1
    3633:4375  [E4375]  9a0301cbe1      lcall   selftest_comm_loopback_b  ; 0xe1cb, 0x103
    3633:437A  [E437A]  0946f6          or      word ptr [bp - 0xa], ax
    3633:437D  [E437D]  c706181b0100    mov     word ptr [0x1b18], 1
    3633:4383  [E4383]  9ae001cbe1      lcall   selftest_comm_ram  ; 0xe1cb, 0x1e0
    3633:4388  [E4388]  0946f6          or      word ptr [bp - 0xa], ax
    3633:438B  [E438B]  c706181b0100    mov     word ptr [0x1b18], 1
    3633:4391  [E4391]  9a6802cbe1      lcall   selftest_cmos  ; 0xe1cb, 0x268
    3633:4396  [E4396]  0946f6          or      word ptr [bp - 0xa], ax
    3633:4399  [E4399]  8b46f6          mov     ax, word ptr [bp - 0xa]
    3633:439C  [E439C]  8be5            mov     sp, bp
    3633:439E  [E439E]  5d              pop     bp
    3633:439F  [E439F]  cb              retf    
init_selftest_report_screen:
    3633:43A0  [E43A0]  55              push    bp
    3633:43A1  [E43A1]  8bec            mov     bp, sp
    3633:43A3  [E43A3]  83ec06          sub     sp, 6
    3633:43A6  [E43A6]  c43ec41c        les     di, ptr [0x1cc4]
    3633:43AA  [E43AA]  893e5e04        mov     word ptr [0x45e], di
    3633:43AE  [E43AE]  8c066004        mov     word ptr [0x460], es
    3633:43B2  [E43B2]  ba0100          mov     dx, 1
    3633:43B5  [E43B5]  52              push    dx
    3633:43B6  [E43B6]  9a6b0f5de4      lcall   report_screen_mode  ; 0xe45d, 0xf6b
    3633:43BB  [E43BB]  bf0400          mov     di, 4
    3633:43BE  [E43BE]  57              push    di
    3633:43BF  [E43BF]  9a6b0f5de4      lcall   report_screen_mode  ; 0xe45d, 0xf6b
    3633:43C4  [E43C4]  c43edc1d        les     di, ptr [0x1ddc]
    3633:43C8  [E43C8]  26808d5b0280    or      byte ptr es:[di + 0x25b], 0x80
    3633:43CE  [E43CE]  c416dc1d        les     dx, ptr [0x1ddc]
    3633:43D2  [E43D2]  8bda            mov     bx, dx
    3633:43D4  [E43D4]  81c30a02        add     bx, 0x20a
    3633:43D8  [E43D8]  891efe1b        mov     word ptr [0x1bfe], bx
    3633:43DC  [E43DC]  8c06001c        mov     word ptr [0x1c00], es
    3633:43E0  [E43E0]  06              push    es
    3633:43E1  [E43E1]  53              push    bx
    3633:43E2  [E43E2]  9aaf02a8e6      lcall   seg_off_to_linear  ; 0xe6a8, 0x2af
    3633:43E7  [E43E7]  c43ee01d        les     di, ptr [0x1de0]
    3633:43EB  [E43EB]  268905          mov     word ptr es:[di], ax
    3633:43EE  [E43EE]  8be5            mov     sp, bp
    3633:43F0  [E43F0]  5d              pop     bp
    3633:43F1  [E43F1]  cb              retf    
SUB_E43F2:
    3633:43F2  [E43F2]  55              push    bp
    3633:43F3  [E43F3]  8bec            mov     bp, sp
    3633:43F5  [E43F5]  83ec06          sub     sp, 6
    3633:43F8  [E43F8]  bf0200          mov     di, 2
    3633:43FB  [E43FB]  57              push    di
    3633:43FC  [E43FC]  9a6b0f5de4      lcall   report_screen_mode  ; 0xe45d, 0xf6b
    3633:4401  [E4401]  9a1909b1e3      lcall   read_channel1_status  ; 0xe3b1, 0x919
    3633:4406  [E4406]  8be5            mov     sp, bp
    3633:4408  [E4408]  5d              pop     bp
    3633:4409  [E4409]  cb              retf    
read_channel2_status:
    3633:440A  [E440A]  55              push    bp
    3633:440B  [E440B]  8bec            mov     bp, sp
    3633:440D  [E440D]  83ec08          sub     sp, 8
    3633:4410  [E4410]  9a1909b1e3      lcall   read_channel1_status  ; 0xe3b1, 0x919
    3633:4415  [E4415]  b80000          mov     ax, 0
    3633:4418  [E4418]  ba0042          mov     dx, 0x4200
    3633:441B  [E441B]  8bf8            mov     di, ax
    3633:441D  [E441D]  8ec2            mov     es, dx
    3633:441F  [E441F]  268a1d          mov     bl, byte ptr es:[di]
    3633:4422  [E4422]  885ef9          mov     byte ptr [bp - 7], bl
    3633:4425  [E4425]  8be5            mov     sp, bp
    3633:4427  [E4427]  5d              pop     bp
    3633:4428  [E4428]  cb              retf    
read_channel1_status:
    3633:4429  [E4429]  55              push    bp
    3633:442A  [E442A]  8bec            mov     bp, sp
    3633:442C  [E442C]  83ec08          sub     sp, 8
    3633:442F  [E442F]  b80000          mov     ax, 0
    3633:4432  [E4432]  ba0041          mov     dx, 0x4100
    3633:4435  [E4435]  8bf8            mov     di, ax
    3633:4437  [E4437]  8ec2            mov     es, dx
    3633:4439  [E4439]  268a1d          mov     bl, byte ptr es:[di]
    3633:443C  [E443C]  885ef9          mov     byte ptr [bp - 7], bl
    3633:443F  [E443F]  8be5            mov     sp, bp
    3633:4441  [E4441]  5d              pop     bp
    3633:4442  [E4442]  cb              retf    
SUB_E4443:
    3633:4443  [E4443]  55              push    bp
    3633:4444  [E4444]  8bec            mov     bp, sp
    3633:4446  [E4446]  83ec06          sub     sp, 6
    3633:4449  [E4449]  837e0601        cmp     word ptr [bp + 6], 1
    3633:444D  [E444D]  7568            jne     L_E44B7  ; 0x9a7
    3633:444F  [E444F]  b80080          mov     ax, 0x8000
    3633:4452  [E4452]  ba0040          mov     dx, 0x4000
    3633:4455  [E4455]  a31e03          mov     word ptr [0x31e], ax
    3633:4458  [E4458]  89162003        mov     word ptr [0x320], dx
    3633:445C  [E445C]  b8be37          mov     ax, 0x37be
    3633:445F  [E445F]  ba0040          mov     dx, 0x4000
    3633:4462  [E4462]  a32603          mov     word ptr [0x326], ax
    3633:4465  [E4465]  89162803        mov     word ptr [0x328], dx
    3633:4469  [E4469]  b8de07          mov     ax, 0x7de
    3633:446C  [E446C]  ba0040          mov     dx, 0x4000
    3633:446F  [E446F]  a33603          mov     word ptr [0x336], ax
    3633:4472  [E4472]  89163803        mov     word ptr [0x338], dx
    3633:4476  [E4476]  b8ee07          mov     ax, 0x7ee
    3633:4479  [E4479]  ba0040          mov     dx, 0x4000
    3633:447C  [E447C]  a33a03          mov     word ptr [0x33a], ax
    3633:447F  [E447F]  89163c03        mov     word ptr [0x33c], dx
    3633:4483  [E4483]  b8de37          mov     ax, 0x37de
    3633:4486  [E4486]  ba0040          mov     dx, 0x4000
    3633:4489  [E4489]  a33203          mov     word ptr [0x332], ax
    3633:448C  [E448C]  89163403        mov     word ptr [0x334], dx
    3633:4490  [E4490]  b87e37          mov     ax, 0x377e
    3633:4493  [E4493]  ba0040          mov     dx, 0x4000
    3633:4496  [E4496]  a32203          mov     word ptr [0x322], ax
    3633:4499  [E4499]  89162403        mov     word ptr [0x324], dx
    3633:449D  [E449D]  b8ee37          mov     ax, 0x37ee
    3633:44A0  [E44A0]  ba0040          mov     dx, 0x4000
    3633:44A3  [E44A3]  a32e03          mov     word ptr [0x32e], ax
    3633:44A6  [E44A6]  89163003        mov     word ptr [0x330], dx
    3633:44AA  [E44AA]  b8f737          mov     ax, 0x37f7
    3633:44AD  [E44AD]  ba0040          mov     dx, 0x4000
    3633:44B0  [E44B0]  a32a03          mov     word ptr [0x32a], ax
    3633:44B3  [E44B3]  89162c03        mov     word ptr [0x32c], dx
L_E44B7:
    3633:44B7  [E44B7]  b8f006          mov     ax, 0x6f0
    3633:44BA  [E44BA]  ba0040          mov     dx, 0x4000
    3633:44BD  [E44BD]  a3d01a          mov     word ptr [0x1ad0], ax
    3633:44C0  [E44C0]  8916d21a        mov     word ptr [0x1ad2], dx
    3633:44C4  [E44C4]  b8f806          mov     ax, 0x6f8
    3633:44C7  [E44C7]  ba0040          mov     dx, 0x4000
    3633:44CA  [E44CA]  a3d81a          mov     word ptr [0x1ad8], ax
    3633:44CD  [E44CD]  8916da1a        mov     word ptr [0x1ada], dx
    3633:44D1  [E44D1]  b87c06          mov     ax, 0x67c
    3633:44D4  [E44D4]  ba0040          mov     dx, 0x4000
    3633:44D7  [E44D7]  a3d41a          mov     word ptr [0x1ad4], ax
    3633:44DA  [E44DA]  8916d61a        mov     word ptr [0x1ad6], dx
    3633:44DE  [E44DE]  b8bc06          mov     ax, 0x6bc
    3633:44E1  [E44E1]  ba0040          mov     dx, 0x4000
    3633:44E4  [E44E4]  a3dc1a          mov     word ptr [0x1adc], ax
    3633:44E7  [E44E7]  8916de1a        mov     word ptr [0x1ade], dx
    3633:44EB  [E44EB]  8be5            mov     sp, bp
    3633:44ED  [E44ED]  5d              pop     bp
    3633:44EE  [E44EE]  ca0200          retf    2
check_comm_option_installed:
    3633:44F1  [E44F1]  55              push    bp
    3633:44F2  [E44F2]  8bec            mov     bp, sp
    3633:44F4  [E44F4]  83ec0a          sub     sp, 0xa
    3633:44F7  [E44F7]  56              push    si
    3633:44F8  [E44F8]  51              push    cx
    3633:44F9  [E44F9]  b80400          mov     ax, 4
    3633:44FC  [E44FC]  ba0080          mov     dx, 0x8000
    3633:44FF  [E44FF]  8946f6          mov     word ptr [bp - 0xa], ax
    3633:4502  [E4502]  8956f8          mov     word ptr [bp - 8], dx
    3633:4505  [E4505]  c606f91bff      mov     byte ptr [0x1bf9], 0xff
    3633:450A  [E450A]  8bf8            mov     di, ax
    3633:450C  [E450C]  8ec2            mov     es, dx
    3633:450E  [E450E]  268b0d          mov     cx, word ptr es:[di]
    3633:4511  [E4511]  c606f91b00      mov     byte ptr [0x1bf9], 0
    3633:4516  [E4516]  8bd9            mov     bx, cx
    3633:4518  [E4518]  d1fb            sar     bx, 1
    3633:451A  [E451A]  d1fb            sar     bx, 1
    3633:451C  [E451C]  d1fb            sar     bx, 1
    3633:451E  [E451E]  d1fb            sar     bx, 1
    3633:4520  [E4520]  d1fb            sar     bx, 1
    3633:4522  [E4522]  d1fb            sar     bx, 1
    3633:4524  [E4524]  d1fb            sar     bx, 1
    3633:4526  [E4526]  d1fb            sar     bx, 1
    3633:4528  [E4528]  81e3ff00        and     bx, 0xff
    3633:452C  [E452C]  8bd1            mov     dx, cx
    3633:452E  [E452E]  81e2ff00        and     dx, 0xff
    3633:4532  [E4532]  03da            add     bx, dx
    3633:4534  [E4534]  81fbff00        cmp     bx, 0xff
    3633:4538  [E4538]  7531            jne     L_E456B  ; 0xa5b
    3633:453A  [E453A]  c606f91b01      mov     byte ptr [0x1bf9], 1
    3633:453F  [E453F]  268bb500a0      mov     si, word ptr es:[di - 0x6000]
    3633:4544  [E4544]  26c78500a055aa  mov     word ptr es:[di - 0x6000], 0xaa55
    3633:454B  [E454B]  c47ef6          les     di, ptr [bp - 0xa]
    3633:454E  [E454E]  2681bd00a055aa  cmp     word ptr es:[di - 0x6000], 0xaa55
    3633:4555  [E4555]  750c            jne     L_E4563  ; 0xa53
    3633:4557  [E4557]  803e831b1e      cmp     byte ptr [0x1b83], 0x1e
    3633:455C  [E455C]  7505            jne     L_E4563  ; 0xa53
    3633:455E  [E455E]  800ef91b02      or      byte ptr [0x1bf9], 2
L_E4563:
    3633:4563  [E4563]  c47ef6          les     di, ptr [bp - 0xa]
    3633:4566  [E4566]  2689b500a0      mov     word ptr es:[di - 0x6000], si
L_E456B:
    3633:456B  [E456B]  59              pop     cx
    3633:456C  [E456C]  5e              pop     si
    3633:456D  [E456D]  8be5            mov     sp, bp
    3633:456F  [E456F]  5d              pop     bp
    3633:4570  [E4570]  cb              retf    
check_comm_installed_gate:
    3633:4571  [E4571]  55              push    bp
    3633:4572  [E4572]  8bec            mov     bp, sp
    3633:4574  [E4574]  83ec06          sub     sp, 6
    3633:4577  [E4577]  a0f91b          mov     al, byte ptr [0x1bf9]
    3633:457A  [E457A]  2401            and     al, 1
    3633:457C  [E457C]  3c00            cmp     al, 0
    3633:457E  [E457E]  7405            je      L_E4585  ; 0xa75
    3633:4580  [E4580]  2bc0            sub     ax, ax
    3633:4582  [E4582]  e91c00          jmp     L_E45A1  ; 0xa91
L_E4585:
    3633:4585  [E4585]  bf2800          mov     di, 0x28
    3633:4588  [E4588]  57              push    di
    3633:4589  [E4589]  bf7bff          mov     di, 0xff7b
    3633:458C  [E458C]  57              push    di
    3633:458D  [E458D]  ba6f05          mov     dx, 0x56f
    3633:4590  [E4590]  52              push    dx
    3633:4591  [E4591]  1e              push    ds
    3633:4592  [E4592]  bb7604          mov     bx, 0x476
    3633:4595  [E4595]  53              push    bx
    3633:4596  [E4596]  9a6f001de3      lcall   strncpy_far  ; 0xe31d, 0x6f
    3633:459B  [E459B]  83c406          add     sp, 6
    3633:459E  [E459E]  b80100          mov     ax, 1
L_E45A1:
    3633:45A1  [E45A1]  8be5            mov     sp, bp
    3633:45A3  [E45A3]  5d              pop     bp
    3633:45A4  [E45A4]  cb              retf    

compute_range_checksum:
    3633:45A6  [E45A6]  55              push    bp
    3633:45A7  [E45A7]  8bec            mov     bp, sp
    3633:45A9  [E45A9]  83ec06          sub     sp, 6
    3633:45AC  [E45AC]  56              push    si
    3633:45AD  [E45AD]  57              push    di
    3633:45AE  [E45AE]  c47608          les     si, ptr [bp + 8]
    3633:45B1  [E45B1]  c47e0c          les     di, ptr [bp + 0xc]
    3633:45B4  [E45B4]  8b4e06          mov     cx, word ptr [bp + 6]
L_E45B7:
    3633:45B7  [E45B7]  268a04          mov     al, byte ptr es:[si]
    3633:45BA  [E45BA]  2ae4            sub     ah, ah
    3633:45BC  [E45BC]  d1e1            shl     cx, 1
    3633:45BE  [E45BE]  13c8            adc     cx, ax
    3633:45C0  [E45C0]  3bf7            cmp     si, di
    3633:45C2  [E45C2]  7403            je      L_E45C7  ; 0x27
    3633:45C4  [E45C4]  46              inc     si
    3633:45C5  [E45C5]  ebf0            jmp     L_E45B7  ; 0x17
L_E45C7:
    3633:45C7  [E45C7]  8bc1            mov     ax, cx
    3633:45C9  [E45C9]  5f              pop     di
    3633:45CA  [E45CA]  5e              pop     si
    3633:45CB  [E45CB]  8be5            mov     sp, bp
    3633:45CD  [E45CD]  5d              pop     bp
    3633:45CE  [E45CE]  ca0200          retf    2

refresh_report_display:
    3633:4680  [E4680]  55              push    bp
    3633:4681  [E4681]  8bec            mov     bp, sp
    3633:4683  [E4683]  83ec06          sub     sp, 6
    3633:4686  [E4686]  ff7606          push    word ptr [bp + 6]
    3633:4689  [E4689]  9af3005de4      lcall   SUB_E46C3  ; 0xe45d, 0xf3
    3633:468E  [E468E]  ff7606          push    word ptr [bp + 6]
    3633:4691  [E4691]  9a3b015de4      lcall   SUB_E470B  ; 0xe45d, 0x13b
    3633:4696  [E4696]  ff7606          push    word ptr [bp + 6]
    3633:4699  [E4699]  9a92015de4      lcall   SUB_E4762  ; 0xe45d, 0x192
    3633:469E  [E469E]  ff7606          push    word ptr [bp + 6]
    3633:46A1  [E46A1]  9af5015de4      lcall   SUB_E47C5  ; 0xe45d, 0x1f5
    3633:46A6  [E46A6]  ff7606          push    word ptr [bp + 6]
    3633:46A9  [E46A9]  9a3e025de4      lcall   SUB_E480E  ; 0xe45d, 0x23e
    3633:46AE  [E46AE]  803e7a1b01      cmp     byte ptr [0x1b7a], 1
    3633:46B3  [E46B3]  7408            je      L_E46BD  ; 0xed
    3633:46B5  [E46B5]  ff7606          push    word ptr [bp + 6]
    3633:46B8  [E46B8]  9a88025de4      lcall   SUB_E4858  ; 0xe45d, 0x288
L_E46BD:
    3633:46BD  [E46BD]  8be5            mov     sp, bp
    3633:46BF  [E46BF]  5d              pop     bp
    3633:46C0  [E46C0]  ca0200          retf    2
SUB_E46C3:
    3633:46C3  [E46C3]  55              push    bp
    3633:46C4  [E46C4]  8bec            mov     bp, sp
    3633:46C6  [E46C6]  83ec06          sub     sp, 6
    3633:46C9  [E46C9]  837e0602        cmp     word ptr [bp + 6], 2
    3633:46CD  [E46CD]  750b            jne     L_E46DA  ; 0x10a
    3633:46CF  [E46CF]  c43e1e03        les     di, ptr [0x31e]
    3633:46D3  [E46D3]  26c60500        mov     byte ptr es:[di], 0
    3633:46D7  [E46D7]  e92b00          jmp     L_E4705  ; 0x135
L_E46DA:
    3633:46DA  [E46DA]  a10c1b          mov     ax, word ptr [0x1b0c]
    3633:46DD  [E46DD]  d1e0            shl     ax, 1
    3633:46DF  [E46DF]  a30c1b          mov     word ptr [0x1b0c], ax
    3633:46E2  [E46E2]  837e0601        cmp     word ptr [bp + 6], 1
    3633:46E6  [E46E6]  740b            je      L_E46F3  ; 0x123
    3633:46E8  [E46E8]  a10c1b          mov     ax, word ptr [0x1b0c]
    3633:46EB  [E46EB]  25ff0f          and     ax, 0xfff
    3633:46EE  [E46EE]  3d0000          cmp     ax, 0
    3633:46F1  [E46F1]  7506            jne     L_E46F9  ; 0x129
L_E46F3:
    3633:46F3  [E46F3]  c7060c1b0100    mov     word ptr [0x1b0c], 1
L_E46F9:
    3633:46F9  [E46F9]  c43e1e03        les     di, ptr [0x31e]
    3633:46FD  [E46FD]  8b1e0c1b        mov     bx, word ptr [0x1b0c]
    3633:4701  [E4701]  26c60100        mov     byte ptr es:[bx + di], 0
L_E4705:
    3633:4705  [E4705]  8be5            mov     sp, bp
    3633:4707  [E4707]  5d              pop     bp
    3633:4708  [E4708]  ca0200          retf    2
SUB_E470B:
    3633:470B  [E470B]  55              push    bp
    3633:470C  [E470C]  8bec            mov     bp, sp
    3633:470E  [E470E]  83ec06          sub     sp, 6
    3633:4711  [E4711]  837e0602        cmp     word ptr [bp + 6], 2
    3633:4715  [E4715]  750b            jne     L_E4722  ; 0x152
    3633:4717  [E4717]  c43e2603        les     di, ptr [0x326]
    3633:471B  [E471B]  26c60500        mov     byte ptr es:[di], 0
    3633:471F  [E471F]  e93a00          jmp     L_E475C  ; 0x18c
L_E4722:
    3633:4722  [E4722]  a10e1b          mov     ax, word ptr [0x1b0e]
    3633:4725  [E4725]  99              cdq     
    3633:4726  [E4726]  bf0200          mov     di, 2
    3633:4729  [E4729]  f7ff            idiv    di
    3633:472B  [E472B]  a30e1b          mov     word ptr [0x1b0e], ax
    3633:472E  [E472E]  833e0e1b00      cmp     word ptr [0x1b0e], 0
    3633:4733  [E4733]  7506            jne     L_E473B  ; 0x16b
    3633:4735  [E4735]  c7060e1b8800    mov     word ptr [0x1b0e], 0x88
L_E473B:
    3633:473B  [E473B]  837e0601        cmp     word ptr [bp + 6], 1
    3633:473F  [E473F]  740b            je      L_E474C  ; 0x17c
    3633:4741  [E4741]  a10e1b          mov     ax, word ptr [0x1b0e]
    3633:4744  [E4744]  25f000          and     ax, 0xf0
    3633:4747  [E4747]  3d0000          cmp     ax, 0
    3633:474A  [E474A]  7506            jne     L_E4752  ; 0x182
L_E474C:
    3633:474C  [E474C]  c7060e1b0000    mov     word ptr [0x1b0e], 0
L_E4752:
    3633:4752  [E4752]  a00e1b          mov     al, byte ptr [0x1b0e]
    3633:4755  [E4755]  c43e2603        les     di, ptr [0x326]
    3633:4759  [E4759]  268805          mov     byte ptr es:[di], al
L_E475C:
    3633:475C  [E475C]  8be5            mov     sp, bp
    3633:475E  [E475E]  5d              pop     bp
    3633:475F  [E475F]  ca0200          retf    2
SUB_E4762:
    3633:4762  [E4762]  55              push    bp
    3633:4763  [E4763]  8bec            mov     bp, sp
    3633:4765  [E4765]  83ec06          sub     sp, 6
    3633:4768  [E4768]  837e0602        cmp     word ptr [bp + 6], 2
    3633:476C  [E476C]  7515            jne     L_E4783  ; 0x1b3
    3633:476E  [E476E]  c606580200      mov     byte ptr [0x258], 0
    3633:4773  [E4773]  c606570200      mov     byte ptr [0x257], 0
    3633:4778  [E4778]  c43e3603        les     di, ptr [0x336]
    3633:477C  [E477C]  26c60500        mov     byte ptr es:[di], 0
    3633:4780  [E4780]  e93c00          jmp     L_E47BF  ; 0x1ef
L_E4783:
    3633:4783  [E4783]  a1101b          mov     ax, word ptr [0x1b10]
    3633:4786  [E4786]  d1e0            shl     ax, 1
    3633:4788  [E4788]  a3101b          mov     word ptr [0x1b10], ax
    3633:478B  [E478B]  833e101b00      cmp     word ptr [0x1b10], 0
    3633:4790  [E4790]  7506            jne     L_E4798  ; 0x1c8
    3633:4792  [E4792]  c706101b1100    mov     word ptr [0x1b10], 0x11
L_E4798:
    3633:4798  [E4798]  837e0601        cmp     word ptr [bp + 6], 1
    3633:479C  [E479C]  740b            je      L_E47A9  ; 0x1d9
    3633:479E  [E479E]  a1101b          mov     ax, word ptr [0x1b10]
    3633:47A1  [E47A1]  250f00          and     ax, 0xf
    3633:47A4  [E47A4]  3d0000          cmp     ax, 0
    3633:47A7  [E47A7]  7506            jne     L_E47AF  ; 0x1df
L_E47A9:
    3633:47A9  [E47A9]  c706101b0000    mov     word ptr [0x1b10], 0
L_E47AF:
    3633:47AF  [E47AF]  a0101b          mov     al, byte ptr [0x1b10]
    3633:47B2  [E47B2]  a25802          mov     byte ptr [0x258], al
    3633:47B5  [E47B5]  a25702          mov     byte ptr [0x257], al
    3633:47B8  [E47B8]  c43e3603        les     di, ptr [0x336]
    3633:47BC  [E47BC]  268805          mov     byte ptr es:[di], al
L_E47BF:
    3633:47BF  [E47BF]  8be5            mov     sp, bp
    3633:47C1  [E47C1]  5d              pop     bp
    3633:47C2  [E47C2]  ca0200          retf    2
SUB_E47C5:
    3633:47C5  [E47C5]  55              push    bp
    3633:47C6  [E47C6]  8bec            mov     bp, sp
    3633:47C8  [E47C8]  83ec06          sub     sp, 6
    3633:47CB  [E47CB]  837e0602        cmp     word ptr [bp + 6], 2
    3633:47CF  [E47CF]  750b            jne     L_E47DC  ; 0x20c
    3633:47D1  [E47D1]  c43e3a03        les     di, ptr [0x33a]
    3633:47D5  [E47D5]  26c60500        mov     byte ptr es:[di], 0
    3633:47D9  [E47D9]  e92c00          jmp     L_E4808  ; 0x238
L_E47DC:
    3633:47DC  [E47DC]  a1121b          mov     ax, word ptr [0x1b12]
    3633:47DF  [E47DF]  d1e0            shl     ax, 1
    3633:47E1  [E47E1]  0d1100          or      ax, 0x11
    3633:47E4  [E47E4]  a3121b          mov     word ptr [0x1b12], ax
    3633:47E7  [E47E7]  837e0601        cmp     word ptr [bp + 6], 1
    3633:47EB  [E47EB]  740b            je      L_E47F8  ; 0x228
    3633:47ED  [E47ED]  a1121b          mov     ax, word ptr [0x1b12]
    3633:47F0  [E47F0]  25f001          and     ax, 0x1f0
    3633:47F3  [E47F3]  3df001          cmp     ax, 0x1f0
    3633:47F6  [E47F6]  7506            jne     L_E47FE  ; 0x22e
L_E47F8:
    3633:47F8  [E47F8]  c706121b0000    mov     word ptr [0x1b12], 0
L_E47FE:
    3633:47FE  [E47FE]  a0121b          mov     al, byte ptr [0x1b12]
    3633:4801  [E4801]  c43e3a03        les     di, ptr [0x33a]
    3633:4805  [E4805]  268805          mov     byte ptr es:[di], al
L_E4808:
    3633:4808  [E4808]  8be5            mov     sp, bp
    3633:480A  [E480A]  5d              pop     bp
    3633:480B  [E480B]  ca0200          retf    2
SUB_E480E:
    3633:480E  [E480E]  55              push    bp
    3633:480F  [E480F]  8bec            mov     bp, sp
    3633:4811  [E4811]  83ec06          sub     sp, 6
    3633:4814  [E4814]  837e0602        cmp     word ptr [bp + 6], 2
    3633:4818  [E4818]  750b            jne     L_E4825  ; 0x255
    3633:481A  [E481A]  c43e201d        les     di, ptr [0x1d20]
    3633:481E  [E481E]  26c60500        mov     byte ptr es:[di], 0
    3633:4822  [E4822]  e92d00          jmp     L_E4852  ; 0x282
L_E4825:
    3633:4825  [E4825]  837e0601        cmp     word ptr [bp + 6], 1
    3633:4829  [E4829]  740b            je      L_E4836  ; 0x266
    3633:482B  [E482B]  a1141b          mov     ax, word ptr [0x1b14]
    3633:482E  [E482E]  25ff00          and     ax, 0xff
    3633:4831  [E4831]  3d0000          cmp     ax, 0
    3633:4834  [E4834]  7506            jne     L_E483C  ; 0x26c
L_E4836:
    3633:4836  [E4836]  c706141bff01    mov     word ptr [0x1b14], 0x1ff
L_E483C:
    3633:483C  [E483C]  a1141b          mov     ax, word ptr [0x1b14]
    3633:483F  [E483F]  99              cdq     
    3633:4840  [E4840]  bf0200          mov     di, 2
    3633:4843  [E4843]  f7ff            idiv    di
    3633:4845  [E4845]  a3141b          mov     word ptr [0x1b14], ax
    3633:4848  [E4848]  c41e201d        les     bx, ptr [0x1d20]
    3633:484C  [E484C]  a0141b          mov     al, byte ptr [0x1b14]
    3633:484F  [E484F]  268807          mov     byte ptr es:[bx], al
L_E4852:
    3633:4852  [E4852]  8be5            mov     sp, bp
    3633:4854  [E4854]  5d              pop     bp
    3633:4855  [E4855]  ca0200          retf    2
SUB_E4858:
    3633:4858  [E4858]  55              push    bp
    3633:4859  [E4859]  8bec            mov     bp, sp
    3633:485B  [E485B]  83ec06          sub     sp, 6
    3633:485E  [E485E]  56              push    si
    3633:485F  [E485F]  837e0601        cmp     word ptr [bp + 6], 1
    3633:4863  [E4863]  7407            je      L_E486C  ; 0x29c
    3633:4865  [E4865]  833e161b0f      cmp     word ptr [0x1b16], 0xf
    3633:486A  [E486A]  7506            jne     L_E4872  ; 0x2a2
L_E486C:
    3633:486C  [E486C]  c706161b0000    mov     word ptr [0x1b16], 0
L_E4872:
    3633:4872  [E4872]  a1161b          mov     ax, word ptr [0x1b16]
    3633:4875  [E4875]  d1f8            sar     ax, 1
    3633:4877  [E4877]  d1f8            sar     ax, 1
    3633:4879  [E4879]  d1f8            sar     ax, 1
    3633:487B  [E487B]  8bd0            mov     dx, ax
    3633:487D  [E487D]  8ada            mov     bl, dl
    3633:487F  [E487F]  b8f806          mov     ax, 0x6f8
    3633:4882  [E4882]  ba0040          mov     dx, 0x4000
    3633:4885  [E4885]  8b3e161b        mov     di, word ptr [0x1b16]
    3633:4889  [E4889]  81e70700        and     di, 7
    3633:488D  [E488D]  8ec2            mov     es, dx
    3633:488F  [E488F]  8bf0            mov     si, ax
    3633:4891  [E4891]  8ad3            mov     dl, bl
    3633:4893  [E4893]  8bdf            mov     bx, di
    3633:4895  [E4895]  268810          mov     byte ptr es:[bx + si], dl
    3633:4898  [E4898]  ff06161b        inc     word ptr [0x1b16]
    3633:489C  [E489C]  5e              pop     si
    3633:489D  [E489D]  8be5            mov     sp, bp
    3633:489F  [E489F]  5d              pop     bp
    3633:48A0  [E48A0]  ca0200          retf    2

report_screen_mode:
    3633:553B  [E553B]  55              push    bp
    3633:553C  [E553C]  8bec            mov     bp, sp
    3633:553E  [E553E]  83ec08          sub     sp, 8
    3633:5541  [E5541]  837e0601        cmp     word ptr [bp + 6], 1
    3633:5545  [E5545]  7505            jne     L_E554C  ; 0xf7c
    3633:5547  [E5547]  c606fd1a00      mov     byte ptr [0x1afd], 0
L_E554C:
    3633:554C  [E554C]  837e0602        cmp     word ptr [bp + 6], 2
    3633:5550  [E5550]  752f            jne     L_E5581  ; 0xfb1
    3633:5552  [E5552]  c746f80000      mov     word ptr [bp - 8], 0
    3633:5557  [E5557]  e91e00          jmp     L_E5578  ; 0xfa8
L_E555A:
    3633:555A  [E555A]  8b46f8          mov     ax, word ptr [bp - 8]
    3633:555D  [E555D]  ba0900          mov     dx, 9
    3633:5560  [E5560]  f7ea            imul    dx
    3633:5562  [E5562]  c43edc1d        les     di, ptr [0x1ddc]
    3633:5566  [E5566]  8bd7            mov     dx, di
    3633:5568  [E5568]  03d0            add     dx, ax
    3633:556A  [E556A]  81c20a02        add     dx, 0x20a
    3633:556E  [E556E]  06              push    es
    3633:556F  [E556F]  52              push    dx
    3633:5570  [E5570]  9a790052e3      lcall   init_print_region_home  ; 0xe352, 0x79
    3633:5575  [E5575]  ff46f8          inc     word ptr [bp - 8]
L_E5578:
    3633:5578  [E5578]  837ef808        cmp     word ptr [bp - 8], 8
    3633:557C  [E557C]  7cdc            jl      L_E555A  ; 0xf8a
    3633:557E  [E557E]  e9ef00          jmp     L_E5670  ; 0x10a0
L_E5581:
    3633:5581  [E5581]  837e0604        cmp     word ptr [bp + 6], 4
    3633:5585  [E5585]  7577            jne     L_E55FE  ; 0x102e
    3633:5587  [E5587]  803efd1a00      cmp     byte ptr [0x1afd], 0
    3633:558C  [E558C]  7570            jne     L_E55FE  ; 0x102e
    3633:558E  [E558E]  c606fd1a01      mov     byte ptr [0x1afd], 1
    3633:5593  [E5593]  c43edc1d        les     di, ptr [0x1ddc]
    3633:5597  [E5597]  8d950a02        lea     dx, [di + 0x20a]
    3633:559B  [E559B]  06              push    es
    3633:559C  [E559C]  52              push    dx
    3633:559D  [E559D]  9aa6105de4      lcall   SUB_E5676  ; 0xe45d, 0x10a6
    3633:55A2  [E55A2]  c43edc1d        les     di, ptr [0x1ddc]
    3633:55A6  [E55A6]  26c685250200    mov     byte ptr es:[di + 0x225], 0
    3633:55AC  [E55AC]  ba6400          mov     dx, 0x64
    3633:55AF  [E55AF]  52              push    dx
    3633:55B0  [E55B0]  bab603          mov     dx, 0x3b6
    3633:55B3  [E55B3]  52              push    dx
    3633:55B4  [E55B4]  c416dc1d        les     dx, ptr [0x1ddc]
    3633:55B8  [E55B8]  8bda            mov     bx, dx
    3633:55BA  [E55BA]  81c32e02        add     bx, 0x22e
    3633:55BE  [E55BE]  06              push    es
    3633:55BF  [E55BF]  53              push    bx
    3633:55C0  [E55C0]  9a470052e3      lcall   init_print_region  ; 0xe352, 0x47
    3633:55C5  [E55C5]  83c404          add     sp, 4
    3633:55C8  [E55C8]  bf2003          mov     di, 0x320
    3633:55CB  [E55CB]  57              push    di
    3633:55CC  [E55CC]  ba0a00          mov     dx, 0xa
    3633:55CF  [E55CF]  52              push    dx
    3633:55D0  [E55D0]  c43edc1d        les     di, ptr [0x1ddc]
    3633:55D4  [E55D4]  8d953702        lea     dx, [di + 0x237]
    3633:55D8  [E55D8]  06              push    es
    3633:55D9  [E55D9]  52              push    dx
    3633:55DA  [E55DA]  9a470052e3      lcall   init_print_region  ; 0xe352, 0x47
    3633:55DF  [E55DF]  83c404          add     sp, 4
    3633:55E2  [E55E2]  bf2003          mov     di, 0x320
    3633:55E5  [E55E5]  57              push    di
    3633:55E6  [E55E6]  bfb603          mov     di, 0x3b6
    3633:55E9  [E55E9]  57              push    di
    3633:55EA  [E55EA]  c43edc1d        les     di, ptr [0x1ddc]
    3633:55EE  [E55EE]  8d954002        lea     dx, [di + 0x240]
    3633:55F2  [E55F2]  06              push    es
    3633:55F3  [E55F3]  52              push    dx
    3633:55F4  [E55F4]  9a470052e3      lcall   init_print_region  ; 0xe352, 0x47
    3633:55F9  [E55F9]  83c404          add     sp, 4
    3633:55FC  [E55FC]  eb03            jmp     L_E5601  ; 0x1031
L_E55FE:
    3633:55FE  [E55FE]  e96f00          jmp     L_E5670  ; 0x10a0
L_E5601:
    3633:5601  [E5601]  bf6400          mov     di, 0x64
    3633:5604  [E5604]  57              push    di
    3633:5605  [E5605]  ba0a00          mov     dx, 0xa
    3633:5608  [E5608]  52              push    dx
    3633:5609  [E5609]  c43edc1d        les     di, ptr [0x1ddc]
    3633:560D  [E560D]  8d954902        lea     dx, [di + 0x249]
    3633:5611  [E5611]  06              push    es
    3633:5612  [E5612]  52              push    dx
    3633:5613  [E5613]  9a470052e3      lcall   init_print_region  ; 0xe352, 0x47
    3633:5618  [E5618]  83c404          add     sp, 4
    3633:561B  [E561B]  2bff            sub     di, di
    3633:561D  [E561D]  57              push    di
    3633:561E  [E561E]  ba0700          mov     dx, 7
    3633:5621  [E5621]  52              push    dx
    3633:5622  [E5622]  57              push    di
    3633:5623  [E5623]  9a100452e3      lcall   plot_readout_point  ; 0xe352, 0x410
    3633:5628  [E5628]  83c404          add     sp, 4
    3633:562B  [E562B]  bf0400          mov     di, 4
    3633:562E  [E562E]  57              push    di
    3633:562F  [E562F]  9a340352e3      lcall   draw_readout_char  ; 0xe352, 0x334
    3633:5634  [E5634]  c43edc1d        les     di, ptr [0x1ddc]
    3633:5638  [E5638]  8d952e02        lea     dx, [di + 0x22e]
    3633:563C  [E563C]  06              push    es
    3633:563D  [E563D]  52              push    dx
    3633:563E  [E563E]  9a2e0252e3      lcall   close_print_record  ; 0xe352, 0x22e
    3633:5643  [E5643]  c43edc1d        les     di, ptr [0x1ddc]
    3633:5647  [E5647]  8d953702        lea     dx, [di + 0x237]
    3633:564B  [E564B]  06              push    es
    3633:564C  [E564C]  52              push    dx
    3633:564D  [E564D]  9a2e0252e3      lcall   close_print_record  ; 0xe352, 0x22e
    3633:5652  [E5652]  c43edc1d        les     di, ptr [0x1ddc]
    3633:5656  [E5656]  8d954002        lea     dx, [di + 0x240]
    3633:565A  [E565A]  06              push    es
    3633:565B  [E565B]  52              push    dx
    3633:565C  [E565C]  9a2e0252e3      lcall   close_print_record  ; 0xe352, 0x22e
    3633:5661  [E5661]  c43edc1d        les     di, ptr [0x1ddc]
    3633:5665  [E5665]  8d954902        lea     dx, [di + 0x249]
    3633:5669  [E5669]  06              push    es
    3633:566A  [E566A]  52              push    dx
    3633:566B  [E566B]  9a2e0252e3      lcall   close_print_record  ; 0xe352, 0x22e
L_E5670:
    3633:5670  [E5670]  8be5            mov     sp, bp
    3633:5672  [E5672]  5d              pop     bp
    3633:5673  [E5673]  ca0200          retf    2
SUB_E5676:
    3633:5676  [E5676]  55              push    bp
    3633:5677  [E5677]  8bec            mov     bp, sp
    3633:5679  [E5679]  83ec0a          sub     sp, 0xa
    3633:567C  [E567C]  c47e06          les     di, ptr [bp + 6]
    3633:567F  [E567F]  06              push    es
    3633:5680  [E5680]  57              push    di
    3633:5681  [E5681]  9a790052e3      lcall   init_print_region_home  ; 0xe352, 0x79
    3633:5686  [E5686]  bf0200          mov     di, 2
    3633:5689  [E5689]  57              push    di
    3633:568A  [E568A]  bfe100          mov     di, 0xe1
    3633:568D  [E568D]  57              push    di
    3633:568E  [E568E]  bffa00          mov     di, 0xfa
    3633:5691  [E5691]  57              push    di
    3633:5692  [E5692]  bf1900          mov     di, 0x19
    3633:5695  [E5695]  57              push    di
    3633:5696  [E5696]  2bff            sub     di, di
    3633:5698  [E5698]  57              push    di
    3633:5699  [E5699]  9a69125de4      lcall   draw_box_outline  ; 0xe45d, 0x1269
    3633:569E  [E569E]  83c408          add     sp, 8
    3633:56A1  [E56A1]  c47e06          les     di, ptr [bp + 6]
    3633:56A4  [E56A4]  06              push    es
    3633:56A5  [E56A5]  57              push    di
    3633:56A6  [E56A6]  9a2e0252e3      lcall   close_print_record  ; 0xe352, 0x22e
    3633:56AB  [E56AB]  2bff            sub     di, di
    3633:56AD  [E56AD]  57              push    di
    3633:56AE  [E56AE]  57              push    di
    3633:56AF  [E56AF]  c45606          les     dx, ptr [bp + 6]
    3633:56B2  [E56B2]  8bda            mov     bx, dx
    3633:56B4  [E56B4]  83c309          add     bx, 9
    3633:56B7  [E56B7]  06              push    es
    3633:56B8  [E56B8]  53              push    bx
    3633:56B9  [E56B9]  9a470052e3      lcall   init_print_region  ; 0xe352, 0x47
    3633:56BE  [E56BE]  83c404          add     sp, 4
    3633:56C1  [E56C1]  bf0200          mov     di, 2
    3633:56C4  [E56C4]  57              push    di
    3633:56C5  [E56C5]  bfc800          mov     di, 0xc8
    3633:56C8  [E56C8]  57              push    di
    3633:56C9  [E56C9]  bfe100          mov     di, 0xe1
    3633:56CC  [E56CC]  57              push    di
    3633:56CD  [E56CD]  bf3200          mov     di, 0x32
    3633:56D0  [E56D0]  57              push    di
    3633:56D1  [E56D1]  bf1900          mov     di, 0x19
    3633:56D4  [E56D4]  57              push    di
    3633:56D5  [E56D5]  9a69125de4      lcall   draw_box_outline  ; 0xe45d, 0x1269
    3633:56DA  [E56DA]  83c408          add     sp, 8
    3633:56DD  [E56DD]  c47e06          les     di, ptr [bp + 6]
    3633:56E0  [E56E0]  8d5509          lea     dx, [di + 9]
    3633:56E3  [E56E3]  06              push    es
    3633:56E4  [E56E4]  52              push    dx
    3633:56E5  [E56E5]  9a2e0252e3      lcall   close_print_record  ; 0xe352, 0x22e
    3633:56EA  [E56EA]  c47e06          les     di, ptr [bp + 6]
    3633:56ED  [E56ED]  26c6450931      mov     byte ptr es:[di + 9], 0x31
    3633:56F2  [E56F2]  2bd2            sub     dx, dx
    3633:56F4  [E56F4]  52              push    dx
    3633:56F5  [E56F5]  52              push    dx
    3633:56F6  [E56F6]  8d5d12          lea     bx, [di + 0x12]
    3633:56F9  [E56F9]  06              push    es
    3633:56FA  [E56FA]  53              push    bx
    3633:56FB  [E56FB]  9a470052e3      lcall   init_print_region  ; 0xe352, 0x47
    3633:5700  [E5700]  83c404          add     sp, 4
    3633:5703  [E5703]  2bff            sub     di, di
    3633:5705  [E5705]  57              push    di
    3633:5706  [E5706]  897ef6          mov     word ptr [bp - 0xa], di
    3633:5709  [E5709]  57              push    di
    3633:570A  [E570A]  c746f87d00      mov     word ptr [bp - 8], 0x7d
    3633:570F  [E570F]  ba7d00          mov     dx, 0x7d
    3633:5712  [E5712]  52              push    dx
    3633:5713  [E5713]  9a100452e3      lcall   plot_readout_point  ; 0xe352, 0x410
    3633:5718  [E5718]  83c404          add     sp, 4
    3633:571B  [E571B]  e91c00          jmp     L_E573A  ; 0x116a
L_E571E:
    3633:571E  [E571E]  8b7ef6          mov     di, word ptr [bp - 0xa]
    3633:5721  [E5721]  2b3efa1a        sub     di, word ptr [0x1afa]
    3633:5725  [E5725]  57              push    di
    3633:5726  [E5726]  8b7ef8          mov     di, word ptr [bp - 8]
    3633:5729  [E5729]  2b3ef81a        sub     di, word ptr [0x1af8]
    3633:572D  [E572D]  57              push    di
    3633:572E  [E572E]  9a910252e3      lcall   plot_readout_point_scaled  ; 0xe352, 0x291
    3633:5733  [E5733]  83c402          add     sp, 2
    3633:5736  [E5736]  8346f606        add     word ptr [bp - 0xa], 6
L_E573A:
    3633:573A  [E573A]  817ef6fa00      cmp     word ptr [bp - 0xa], 0xfa
    3633:573F  [E573F]  7edd            jle     L_E571E  ; 0x114e
    3633:5741  [E5741]  2bff            sub     di, di
    3633:5743  [E5743]  57              push    di
    3633:5744  [E5744]  c746f67d00      mov     word ptr [bp - 0xa], 0x7d
    3633:5749  [E5749]  ba7d00          mov     dx, 0x7d
    3633:574C  [E574C]  52              push    dx
    3633:574D  [E574D]  897ef8          mov     word ptr [bp - 8], di
    3633:5750  [E5750]  57              push    di
    3633:5751  [E5751]  9a100452e3      lcall   plot_readout_point  ; 0xe352, 0x410
    3633:5756  [E5756]  83c404          add     sp, 4
    3633:5759  [E5759]  e91c00          jmp     L_E5778  ; 0x11a8
L_E575C:
    3633:575C  [E575C]  8b7ef6          mov     di, word ptr [bp - 0xa]
    3633:575F  [E575F]  2b3efa1a        sub     di, word ptr [0x1afa]
    3633:5763  [E5763]  57              push    di
    3633:5764  [E5764]  8b7ef8          mov     di, word ptr [bp - 8]
    3633:5767  [E5767]  2b3ef81a        sub     di, word ptr [0x1af8]
    3633:576B  [E576B]  57              push    di
    3633:576C  [E576C]  9a910252e3      lcall   plot_readout_point_scaled  ; 0xe352, 0x291
    3633:5771  [E5771]  83c402          add     sp, 2
    3633:5774  [E5774]  8346f806        add     word ptr [bp - 8], 6
L_E5778:
    3633:5778  [E5778]  817ef8fa00      cmp     word ptr [bp - 8], 0xfa
    3633:577D  [E577D]  7edd            jle     L_E575C  ; 0x118c
    3633:577F  [E577F]  c47e06          les     di, ptr [bp + 6]
    3633:5782  [E5782]  8d5512          lea     dx, [di + 0x12]
    3633:5785  [E5785]  06              push    es
    3633:5786  [E5786]  52              push    dx
    3633:5787  [E5787]  9a2e0252e3      lcall   close_print_record  ; 0xe352, 0x22e
    3633:578C  [E578C]  2bff            sub     di, di
    3633:578E  [E578E]  57              push    di
    3633:578F  [E578F]  57              push    di
    3633:5790  [E5790]  c45606          les     dx, ptr [bp + 6]
    3633:5793  [E5793]  8bda            mov     bx, dx
    3633:5795  [E5795]  83c31b          add     bx, 0x1b
    3633:5798  [E5798]  06              push    es
    3633:5799  [E5799]  53              push    bx
    3633:579A  [E579A]  9a470052e3      lcall   init_print_region  ; 0xe352, 0x47
    3633:579F  [E579F]  83c404          add     sp, 4
    3633:57A2  [E57A2]  2bff            sub     di, di
    3633:57A4  [E57A4]  57              push    di
    3633:57A5  [E57A5]  ba4b00          mov     dx, 0x4b
    3633:57A8  [E57A8]  52              push    dx
    3633:57A9  [E57A9]  bb3200          mov     bx, 0x32
    3633:57AC  [E57AC]  53              push    bx
    3633:57AD  [E57AD]  9a100452e3      lcall   plot_readout_point  ; 0xe352, 0x410
    3633:57B2  [E57B2]  83c404          add     sp, 4
    3633:57B5  [E57B5]  c746f80000      mov     word ptr [bp - 8], 0
    3633:57BA  [E57BA]  e96300          jmp     L_E5820  ; 0x1250
L_E57BD:
    3633:57BD  [E57BD]  bfaf00          mov     di, 0xaf
    3633:57C0  [E57C0]  2b3efa1a        sub     di, word ptr [0x1afa]
    3633:57C4  [E57C4]  57              push    di
    3633:57C5  [E57C5]  bf3200          mov     di, 0x32
    3633:57C8  [E57C8]  2b3ef81a        sub     di, word ptr [0x1af8]
    3633:57CC  [E57CC]  57              push    di
    3633:57CD  [E57CD]  9a910252e3      lcall   plot_readout_point_scaled  ; 0xe352, 0x291
    3633:57D2  [E57D2]  83c402          add     sp, 2
    3633:57D5  [E57D5]  bfaf00          mov     di, 0xaf
    3633:57D8  [E57D8]  2b3efa1a        sub     di, word ptr [0x1afa]
    3633:57DC  [E57DC]  57              push    di
    3633:57DD  [E57DD]  bfc800          mov     di, 0xc8
    3633:57E0  [E57E0]  2b3ef81a        sub     di, word ptr [0x1af8]
    3633:57E4  [E57E4]  57              push    di
    3633:57E5  [E57E5]  9a910252e3      lcall   plot_readout_point_scaled  ; 0xe352, 0x291
    3633:57EA  [E57EA]  83c402          add     sp, 2
    3633:57ED  [E57ED]  bf4b00          mov     di, 0x4b
    3633:57F0  [E57F0]  2b3efa1a        sub     di, word ptr [0x1afa]
    3633:57F4  [E57F4]  57              push    di
    3633:57F5  [E57F5]  bfc800          mov     di, 0xc8
    3633:57F8  [E57F8]  2b3ef81a        sub     di, word ptr [0x1af8]
    3633:57FC  [E57FC]  57              push    di
    3633:57FD  [E57FD]  9a910252e3      lcall   plot_readout_point_scaled  ; 0xe352, 0x291
    3633:5802  [E5802]  83c402          add     sp, 2
    3633:5805  [E5805]  bf4b00          mov     di, 0x4b
    3633:5808  [E5808]  2b3efa1a        sub     di, word ptr [0x1afa]
    3633:580C  [E580C]  57              push    di
    3633:580D  [E580D]  bf3200          mov     di, 0x32
    3633:5810  [E5810]  2b3ef81a        sub     di, word ptr [0x1af8]
    3633:5814  [E5814]  57              push    di
    3633:5815  [E5815]  9a910252e3      lcall   plot_readout_point_scaled  ; 0xe352, 0x291
    3633:581A  [E581A]  83c402          add     sp, 2
    3633:581D  [E581D]  ff46f8          inc     word ptr [bp - 8]
L_E5820:
    3633:5820  [E5820]  837ef819        cmp     word ptr [bp - 8], 0x19
    3633:5824  [E5824]  7c97            jl      L_E57BD  ; 0x11ed
    3633:5826  [E5826]  c47e06          les     di, ptr [bp + 6]
    3633:5829  [E5829]  8d551b          lea     dx, [di + 0x1b]
    3633:582C  [E582C]  06              push    es
    3633:582D  [E582D]  52              push    dx
    3633:582E  [E582E]  9a2e0252e3      lcall   close_print_record  ; 0xe352, 0x22e
    3633:5833  [E5833]  8be5            mov     sp, bp
    3633:5835  [E5835]  5d              pop     bp
    3633:5836  [E5836]  ca0400          retf    4
draw_box_outline:
    3633:5839  [E5839]  55              push    bp
    3633:583A  [E583A]  8bec            mov     bp, sp
    3633:583C  [E583C]  83ec06          sub     sp, 6
    3633:583F  [E583F]  ff760e          push    word ptr [bp + 0xe]
    3633:5842  [E5842]  2bff            sub     di, di
    3633:5844  [E5844]  57              push    di
    3633:5845  [E5845]  ff760c          push    word ptr [bp + 0xc]
    3633:5848  [E5848]  ff7606          push    word ptr [bp + 6]
    3633:584B  [E584B]  ff7608          push    word ptr [bp + 8]
    3633:584E  [E584E]  ff7606          push    word ptr [bp + 6]
    3633:5851  [E5851]  9add125de4      lcall   draw_readout_line  ; 0xe45d, 0x12dd
    3633:5856  [E5856]  83c40a          add     sp, 0xa
    3633:5859  [E5859]  2bff            sub     di, di
    3633:585B  [E585B]  57              push    di
    3633:585C  [E585C]  ff760e          push    word ptr [bp + 0xe]
    3633:585F  [E585F]  ff760c          push    word ptr [bp + 0xc]
    3633:5862  [E5862]  ff760a          push    word ptr [bp + 0xa]
    3633:5865  [E5865]  ff760c          push    word ptr [bp + 0xc]
    3633:5868  [E5868]  ff7606          push    word ptr [bp + 6]
    3633:586B  [E586B]  9add125de4      lcall   draw_readout_line  ; 0xe45d, 0x12dd
    3633:5870  [E5870]  83c40a          add     sp, 0xa
    3633:5873  [E5873]  ff760e          push    word ptr [bp + 0xe]
    3633:5876  [E5876]  2bff            sub     di, di
    3633:5878  [E5878]  57              push    di
    3633:5879  [E5879]  ff760c          push    word ptr [bp + 0xc]
    3633:587C  [E587C]  ff760a          push    word ptr [bp + 0xa]
    3633:587F  [E587F]  ff7608          push    word ptr [bp + 8]
    3633:5882  [E5882]  ff760a          push    word ptr [bp + 0xa]
    3633:5885  [E5885]  9add125de4      lcall   draw_readout_line  ; 0xe45d, 0x12dd
    3633:588A  [E588A]  83c40a          add     sp, 0xa
    3633:588D  [E588D]  2bff            sub     di, di
    3633:588F  [E588F]  57              push    di
    3633:5890  [E5890]  ff760e          push    word ptr [bp + 0xe]
    3633:5893  [E5893]  ff7608          push    word ptr [bp + 8]
    3633:5896  [E5896]  ff760a          push    word ptr [bp + 0xa]
    3633:5899  [E5899]  ff7608          push    word ptr [bp + 8]
    3633:589C  [E589C]  ff7606          push    word ptr [bp + 6]
    3633:589F  [E589F]  9add125de4      lcall   draw_readout_line  ; 0xe45d, 0x12dd
    3633:58A4  [E58A4]  83c40a          add     sp, 0xa
    3633:58A7  [E58A7]  8be5            mov     sp, bp
    3633:58A9  [E58A9]  5d              pop     bp
    3633:58AA  [E58AA]  ca0200          retf    2
draw_readout_line:
    3633:58AD  [E58AD]  55              push    bp
    3633:58AE  [E58AE]  8bec            mov     bp, sp
    3633:58B0  [E58B0]  83ec0a          sub     sp, 0xa
    3633:58B3  [E58B3]  2bff            sub     di, di
    3633:58B5  [E58B5]  57              push    di
    3633:58B6  [E58B6]  8b5608          mov     dx, word ptr [bp + 8]
    3633:58B9  [E58B9]  8956f6          mov     word ptr [bp - 0xa], dx
    3633:58BC  [E58BC]  52              push    dx
    3633:58BD  [E58BD]  8b5e06          mov     bx, word ptr [bp + 6]
    3633:58C0  [E58C0]  895ef8          mov     word ptr [bp - 8], bx
    3633:58C3  [E58C3]  53              push    bx
    3633:58C4  [E58C4]  9a100452e3      lcall   plot_readout_point  ; 0xe352, 0x410
    3633:58C9  [E58C9]  83c404          add     sp, 4
    3633:58CC  [E58CC]  e92400          jmp     L_E58F3  ; 0x1323
L_E58CF:
    3633:58CF  [E58CF]  8b7ef6          mov     di, word ptr [bp - 0xa]
    3633:58D2  [E58D2]  2b3efa1a        sub     di, word ptr [0x1afa]
    3633:58D6  [E58D6]  57              push    di
    3633:58D7  [E58D7]  8b7ef8          mov     di, word ptr [bp - 8]
    3633:58DA  [E58DA]  2b3ef81a        sub     di, word ptr [0x1af8]
    3633:58DE  [E58DE]  57              push    di
    3633:58DF  [E58DF]  9a910252e3      lcall   plot_readout_point_scaled  ; 0xe352, 0x291
    3633:58E4  [E58E4]  83c402          add     sp, 2
    3633:58E7  [E58E7]  8b7e0e          mov     di, word ptr [bp + 0xe]
    3633:58EA  [E58EA]  017ef8          add     word ptr [bp - 8], di
    3633:58ED  [E58ED]  8b5610          mov     dx, word ptr [bp + 0x10]
    3633:58F0  [E58F0]  0156f6          add     word ptr [bp - 0xa], dx
L_E58F3:
    3633:58F3  [E58F3]  8b7e0a          mov     di, word ptr [bp + 0xa]
    3633:58F6  [E58F6]  397ef8          cmp     word ptr [bp - 8], di
    3633:58F9  [E58F9]  7f08            jg      L_E5903  ; 0x1333
    3633:58FB  [E58FB]  8b560c          mov     dx, word ptr [bp + 0xc]
    3633:58FE  [E58FE]  3956f6          cmp     word ptr [bp - 0xa], dx
    3633:5901  [E5901]  7ecc            jle     L_E58CF  ; 0x12ff
L_E5903:
    3633:5903  [E5903]  8be5            mov     sp, bp
    3633:5905  [E5905]  5d              pop     bp
    3633:5906  [E5906]  ca0200          retf    2

print_report_frame_mode:
    3633:591D  [E591D]  55              push    bp
    3633:591E  [E591E]  8bec            mov     bp, sp
    3633:5920  [E5920]  83ec10          sub     sp, 0x10
    3633:5923  [E5923]  803e7a1b01      cmp     byte ptr [0x1b7a], 1
    3633:5928  [E5928]  740d            je      L_E5937  ; 0x1367
    3633:592A  [E592A]  c43edc1d        les     di, ptr [0x1ddc]
    3633:592E  [E592E]  8bd7            mov     dx, di
    3633:5930  [E5930]  8dbd1c02        lea     di, [di + 0x21c]
    3633:5934  [E5934]  e90a00          jmp     L_E5941  ; 0x1371
L_E5937:
    3633:5937  [E5937]  c43edc1d        les     di, ptr [0x1ddc]
    3633:593B  [E593B]  8bd7            mov     dx, di
    3633:593D  [E593D]  8dbd9102        lea     di, [di + 0x291]
L_E5941:
    3633:5941  [E5941]  897ef0          mov     word ptr [bp - 0x10], di
    3633:5944  [E5944]  8c46f2          mov     word ptr [bp - 0xe], es
    3633:5947  [E5947]  837e0601        cmp     word ptr [bp + 6], 1
    3633:594B  [E594B]  750a            jne     L_E5957  ; 0x1387
    3633:594D  [E594D]  c606fd1a00      mov     byte ptr [0x1afd], 0
    3633:5952  [E5952]  2bc0            sub     ax, ax
    3633:5954  [E5954]  e9d701          jmp     L_E5B2E  ; 0x155e
L_E5957:
    3633:5957  [E5957]  837e0604        cmp     word ptr [bp + 6], 4
    3633:595B  [E595B]  7566            jne     L_E59C3  ; 0x13f3
    3633:595D  [E595D]  803efd1a00      cmp     byte ptr [0x1afd], 0
    3633:5962  [E5962]  755f            jne     L_E59C3  ; 0x13f3
    3633:5964  [E5964]  c606fd1a01      mov     byte ptr [0x1afd], 1
    3633:5969  [E5969]  c43edc1d        les     di, ptr [0x1ddc]
    3633:596D  [E596D]  8d950a02        lea     dx, [di + 0x20a]
    3633:5971  [E5971]  06              push    es
    3633:5972  [E5972]  52              push    dx
    3633:5973  [E5973]  9a790052e3      lcall   init_print_region_home  ; 0xe352, 0x79
    3633:5978  [E5978]  2bff            sub     di, di
    3633:597A  [E597A]  57              push    di
    3633:597B  [E597B]  57              push    di
    3633:597C  [E597C]  c416dc1d        les     dx, ptr [0x1ddc]
    3633:5980  [E5980]  8bda            mov     bx, dx
    3633:5982  [E5982]  81c31302        add     bx, 0x213
    3633:5986  [E5986]  06              push    es
    3633:5987  [E5987]  53              push    bx
    3633:5988  [E5988]  9a470052e3      lcall   init_print_region  ; 0xe352, 0x47
    3633:598D  [E598D]  83c404          add     sp, 4
    3633:5990  [E5990]  2bff            sub     di, di
    3633:5992  [E5992]  57              push    di
    3633:5993  [E5993]  57              push    di
    3633:5994  [E5994]  c456f0          les     dx, ptr [bp - 0x10]
    3633:5997  [E5997]  06              push    es
    3633:5998  [E5998]  52              push    dx
    3633:5999  [E5999]  9a470052e3      lcall   init_print_region  ; 0xe352, 0x47
    3633:599E  [E599E]  83c404          add     sp, 4
    3633:59A1  [E59A1]  c47ef0          les     di, ptr [bp - 0x10]
    3633:59A4  [E59A4]  26c60593        mov     byte ptr es:[di], 0x93
    3633:59A8  [E59A8]  2bd2            sub     dx, dx
    3633:59AA  [E59AA]  52              push    dx
    3633:59AB  [E59AB]  bb8000          mov     bx, 0x80
    3633:59AE  [E59AE]  53              push    bx
    3633:59AF  [E59AF]  c746f46400      mov     word ptr [bp - 0xc], 0x64
    3633:59B4  [E59B4]  bb6400          mov     bx, 0x64
    3633:59B7  [E59B7]  53              push    bx
    3633:59B8  [E59B8]  9a100452e3      lcall   plot_readout_point  ; 0xe352, 0x410
    3633:59BD  [E59BD]  83c404          add     sp, 4
    3633:59C0  [E59C0]  e91e00          jmp     L_E59E1  ; 0x1411
L_E59C3:
    3633:59C3  [E59C3]  e94c00          jmp     L_E5A12  ; 0x1442
L_E59C6:
    3633:59C6  [E59C6]  bf8000          mov     di, 0x80
    3633:59C9  [E59C9]  2b3efa1a        sub     di, word ptr [0x1afa]
    3633:59CD  [E59CD]  57              push    di
    3633:59CE  [E59CE]  8b7ef4          mov     di, word ptr [bp - 0xc]
    3633:59D1  [E59D1]  2b3ef81a        sub     di, word ptr [0x1af8]
    3633:59D5  [E59D5]  57              push    di
    3633:59D6  [E59D6]  9a910252e3      lcall   plot_readout_point_scaled  ; 0xe352, 0x291
    3633:59DB  [E59DB]  83c402          add     sp, 2
    3633:59DE  [E59DE]  ff46f4          inc     word ptr [bp - 0xc]
L_E59E1:
    3633:59E1  [E59E1]  817ef49600      cmp     word ptr [bp - 0xc], 0x96
    3633:59E6  [E59E6]  7cde            jl      L_E59C6  ; 0x13f6
    3633:59E8  [E59E8]  c43edc1d        les     di, ptr [0x1ddc]
    3633:59EC  [E59EC]  8d950a02        lea     dx, [di + 0x20a]
    3633:59F0  [E59F0]  06              push    es
    3633:59F1  [E59F1]  52              push    dx
    3633:59F2  [E59F2]  9a2e0252e3      lcall   close_print_record  ; 0xe352, 0x22e
    3633:59F7  [E59F7]  c43edc1d        les     di, ptr [0x1ddc]
    3633:59FB  [E59FB]  8d951302        lea     dx, [di + 0x213]
    3633:59FF  [E59FF]  06              push    es
    3633:5A00  [E5A00]  52              push    dx
    3633:5A01  [E5A01]  9a2e0252e3      lcall   close_print_record  ; 0xe352, 0x22e
    3633:5A06  [E5A06]  c706201b0002    mov     word ptr [0x1b20], 0x200
    3633:5A0C  [E5A0C]  c706221b0002    mov     word ptr [0x1b22], 0x200
L_E5A12:
    3633:5A12  [E5A12]  837e0604        cmp     word ptr [bp + 6], 4
    3633:5A16  [E5A16]  7570            jne     L_E5A88  ; 0x14b8
    3633:5A18  [E5A18]  a05807          mov     al, byte ptr [0x758]
    3633:5A1B  [E5A1B]  2ae4            sub     ah, ah
    3633:5A1D  [E5A1D]  258000          and     ax, 0x80
    3633:5A20  [E5A20]  3d0000          cmp     ax, 0
    3633:5A23  [E5A23]  7414            je      L_E5A39  ; 0x1469
    3633:5A25  [E5A25]  803e831b14      cmp     byte ptr [0x1b83], 0x14
    3633:5A2A  [E5A2A]  7547            jne     L_E5A73  ; 0x14a3
    3633:5A2C  [E5A2C]  a05807          mov     al, byte ptr [0x758]
    3633:5A2F  [E5A2F]  2ae4            sub     ah, ah
    3633:5A31  [E5A31]  254000          and     ax, 0x40
    3633:5A34  [E5A34]  3d0000          cmp     ax, 0
    3633:5A37  [E5A37]  743a            je      L_E5A73  ; 0x14a3
L_E5A39:
    3633:5A39  [E5A39]  803e7a1b01      cmp     byte ptr [0x1b7a], 1
    3633:5A3E  [E5A3E]  740e            je      L_E5A4E  ; 0x147e
    3633:5A40  [E5A40]  bf8200          mov     di, 0x82
    3633:5A43  [E5A43]  57              push    di
    3633:5A44  [E5A44]  9a500196e2      lcall   selftest_init_channel_hw  ; 0xe296, 0x150
    3633:5A49  [E5A49]  8bf8            mov     di, ax
    3633:5A4B  [E5A4B]  e90400          jmp     L_E5A52  ; 0x1482
L_E5A4E:
    3633:5A4E  [E5A4E]  8b3e0e05        mov     di, word ptr [0x50e]
L_E5A52:
    3633:5A52  [E5A52]  893e201b        mov     word ptr [0x1b20], di
    3633:5A56  [E5A56]  803e7a1b01      cmp     byte ptr [0x1b7a], 1
    3633:5A5B  [E5A5B]  740e            je      L_E5A6B  ; 0x149b
    3633:5A5D  [E5A5D]  baa200          mov     dx, 0xa2
    3633:5A60  [E5A60]  52              push    dx
    3633:5A61  [E5A61]  9a500196e2      lcall   selftest_init_channel_hw  ; 0xe296, 0x150
    3633:5A66  [E5A66]  8bd0            mov     dx, ax
    3633:5A68  [E5A68]  e90400          jmp     L_E5A6F  ; 0x149f
L_E5A6B:
    3633:5A6B  [E5A6B]  8b161605        mov     dx, word ptr [0x516]
L_E5A6F:
    3633:5A6F  [E5A6F]  8916221b        mov     word ptr [0x1b22], dx
L_E5A73:
    3633:5A73  [E5A73]  803e7a1b01      cmp     byte ptr [0x1b7a], 1
    3633:5A78  [E5A78]  7411            je      L_E5A8B  ; 0x14bb
    3633:5A7A  [E5A7A]  bf8200          mov     di, 0x82
    3633:5A7D  [E5A7D]  57              push    di
    3633:5A7E  [E5A7E]  9a500196e2      lcall   selftest_init_channel_hw  ; 0xe296, 0x150
    3633:5A83  [E5A83]  8bf8            mov     di, ax
    3633:5A85  [E5A85]  e90700          jmp     L_E5A8F  ; 0x14bf
L_E5A88:
    3633:5A88  [E5A88]  e96c00          jmp     L_E5AF7  ; 0x1527
L_E5A8B:
    3633:5A8B  [E5A8B]  8b3e0e05        mov     di, word ptr [0x50e]
L_E5A8F:
    3633:5A8F  [E5A8F]  a1201b          mov     ax, word ptr [0x1b20]
    3633:5A92  [E5A92]  2bc7            sub     ax, di
    3633:5A94  [E5A94]  8946f8          mov     word ptr [bp - 8], ax
    3633:5A97  [E5A97]  803e7a1b01      cmp     byte ptr [0x1b7a], 1
    3633:5A9C  [E5A9C]  740e            je      L_E5AAC  ; 0x14dc
    3633:5A9E  [E5A9E]  bfa200          mov     di, 0xa2
    3633:5AA1  [E5AA1]  57              push    di
    3633:5AA2  [E5AA2]  9a500196e2      lcall   selftest_init_channel_hw  ; 0xe296, 0x150
    3633:5AA7  [E5AA7]  8bf8            mov     di, ax
    3633:5AA9  [E5AA9]  e90400          jmp     L_E5AB0  ; 0x14e0
L_E5AAC:
    3633:5AAC  [E5AAC]  8b3e1605        mov     di, word ptr [0x516]
L_E5AB0:
    3633:5AB0  [E5AB0]  a1221b          mov     ax, word ptr [0x1b22]
    3633:5AB3  [E5AB3]  2bc7            sub     ax, di
    3633:5AB5  [E5AB5]  8946f6          mov     word ptr [bp - 0xa], ax
    3633:5AB8  [E5AB8]  8b7ef8          mov     di, word ptr [bp - 8]
    3633:5ABB  [E5ABB]  d1e7            shl     di, 1
    3633:5ABD  [E5ABD]  d1e7            shl     di, 1
    3633:5ABF  [E5ABF]  57              push    di
    3633:5AC0  [E5AC0]  2bd2            sub     dx, dx
    3633:5AC2  [E5AC2]  52              push    dx
    3633:5AC3  [E5AC3]  c41edc1d        les     bx, ptr [0x1ddc]
    3633:5AC7  [E5AC7]  8d870a02        lea     ax, [bx + 0x20a]
    3633:5ACB  [E5ACB]  06              push    es
    3633:5ACC  [E5ACC]  50              push    ax
    3633:5ACD  [E5ACD]  9a850152e3      lcall   set_position_record  ; 0xe352, 0x185
    3633:5AD2  [E5AD2]  83c404          add     sp, 4
    3633:5AD5  [E5AD5]  8b7ef6          mov     di, word ptr [bp - 0xa]
    3633:5AD8  [E5AD8]  d1e7            shl     di, 1
    3633:5ADA  [E5ADA]  d1e7            shl     di, 1
    3633:5ADC  [E5ADC]  57              push    di
    3633:5ADD  [E5ADD]  2bd2            sub     dx, dx
    3633:5ADF  [E5ADF]  52              push    dx
    3633:5AE0  [E5AE0]  c41edc1d        les     bx, ptr [0x1ddc]
    3633:5AE4  [E5AE4]  8d871302        lea     ax, [bx + 0x213]
    3633:5AE8  [E5AE8]  06              push    es
    3633:5AE9  [E5AE9]  50              push    ax
    3633:5AEA  [E5AEA]  9a850152e3      lcall   set_position_record  ; 0xe352, 0x185
    3633:5AEF  [E5AEF]  83c404          add     sp, 4
    3633:5AF2  [E5AF2]  2bc0            sub     ax, ax
    3633:5AF4  [E5AF4]  e93700          jmp     L_E5B2E  ; 0x155e
L_E5AF7:
    3633:5AF7  [E5AF7]  837e0602        cmp     word ptr [bp + 6], 2
    3633:5AFB  [E5AFB]  752f            jne     L_E5B2C  ; 0x155c
    3633:5AFD  [E5AFD]  c43edc1d        les     di, ptr [0x1ddc]
    3633:5B01  [E5B01]  8d950a02        lea     dx, [di + 0x20a]
    3633:5B05  [E5B05]  06              push    es
    3633:5B06  [E5B06]  52              push    dx
    3633:5B07  [E5B07]  9a790052e3      lcall   init_print_region_home  ; 0xe352, 0x79
    3633:5B0C  [E5B0C]  c43edc1d        les     di, ptr [0x1ddc]
    3633:5B10  [E5B10]  8d951302        lea     dx, [di + 0x213]
    3633:5B14  [E5B14]  06              push    es
    3633:5B15  [E5B15]  52              push    dx
    3633:5B16  [E5B16]  9a790052e3      lcall   init_print_region_home  ; 0xe352, 0x79
    3633:5B1B  [E5B1B]  2bff            sub     di, di
    3633:5B1D  [E5B1D]  57              push    di
    3633:5B1E  [E5B1E]  57              push    di
    3633:5B1F  [E5B1F]  c456f0          les     dx, ptr [bp - 0x10]
    3633:5B22  [E5B22]  06              push    es
    3633:5B23  [E5B23]  52              push    dx
    3633:5B24  [E5B24]  9a790052e3      lcall   init_print_region_home  ; 0xe352, 0x79
    3633:5B29  [E5B29]  83c404          add     sp, 4
L_E5B2C:
    3633:5B2C  [E5B2C]  2bc0            sub     ax, ax
L_E5B2E:
    3633:5B2E  [E5B2E]  8be5            mov     sp, bp
    3633:5B30  [E5B30]  5d              pop     bp
    3633:5B31  [E5B31]  ca0200          retf    2
selftest_display_result_mode:
    3633:5B34  [E5B34]  55              push    bp
    3633:5B35  [E5B35]  8bec            mov     bp, sp
    3633:5B37  [E5B37]  83ec0c          sub     sp, 0xc
    3633:5B3A  [E5B3A]  837e0601        cmp     word ptr [bp + 6], 1
    3633:5B3E  [E5B3E]  750d            jne     L_E5B4D  ; 0x157d
    3633:5B40  [E5B40]  c606fd1a00      mov     byte ptr [0x1afd], 0
    3633:5B45  [E5B45]  c6065e1b01      mov     byte ptr [0x1b5e], 1
    3633:5B4A  [E5B4A]  e91101          jmp     L_E5C5E  ; 0x168e
L_E5B4D:
    3633:5B4D  [E5B4D]  837e0602        cmp     word ptr [bp + 6], 2
    3633:5B51  [E5B51]  7508            jne     L_E5B5B  ; 0x158b
    3633:5B53  [E5B53]  c6065e1b00      mov     byte ptr [0x1b5e], 0
    3633:5B58  [E5B58]  e90301          jmp     L_E5C5E  ; 0x168e
L_E5B5B:
    3633:5B5B  [E5B5B]  837e0604        cmp     word ptr [bp + 6], 4
    3633:5B5F  [E5B5F]  7500            jne     L_E5B61  ; 0x1591
L_E5B61:
    3633:5B61  [E5B61]  803efd1a00      cmp     byte ptr [0x1afd], 0
    3633:5B66  [E5B66]  755e            jne     L_E5BC6  ; 0x15f6
    3633:5B68  [E5B68]  c606fd1a01      mov     byte ptr [0x1afd], 1
    3633:5B6D  [E5B6D]  c43edc1d        les     di, ptr [0x1ddc]
    3633:5B71  [E5B71]  8d950a02        lea     dx, [di + 0x20a]
    3633:5B75  [E5B75]  06              push    es
    3633:5B76  [E5B76]  52              push    dx
    3633:5B77  [E5B77]  9aa6105de4      lcall   SUB_E5676  ; 0xe45d, 0x10a6
    3633:5B7C  [E5B7C]  c43edc1d        les     di, ptr [0x1ddc]
    3633:5B80  [E5B80]  26c685130200    mov     byte ptr es:[di + 0x213], 0
    3633:5B86  [E5B86]  c41edc1d        les     bx, ptr [0x1ddc]
    3633:5B8A  [E5B8A]  26c687250200    mov     byte ptr es:[bx + 0x225], 0
    3633:5B90  [E5B90]  ba0800          mov     dx, 8
    3633:5B93  [E5B93]  52              push    dx
    3633:5B94  [E5B94]  b80200          mov     ax, 2
    3633:5B97  [E5B97]  50              push    ax
    3633:5B98  [E5B98]  c416dc1d        les     dx, ptr [0x1ddc]
    3633:5B9C  [E5B9C]  8bfa            mov     di, dx
    3633:5B9E  [E5B9E]  81c70a02        add     di, 0x20a
    3633:5BA2  [E5BA2]  06              push    es
    3633:5BA3  [E5BA3]  57              push    di
    3633:5BA4  [E5BA4]  9a420152e3      lcall   pack_row_col_bits  ; 0xe352, 0x142
    3633:5BA9  [E5BA9]  83c404          add     sp, 4
    3633:5BAC  [E5BAC]  bf7701          mov     di, 0x177
    3633:5BAF  [E5BAF]  57              push    di
    3633:5BB0  [E5BB0]  bf9001          mov     di, 0x190
    3633:5BB3  [E5BB3]  57              push    di
    3633:5BB4  [E5BB4]  c43edc1d        les     di, ptr [0x1ddc]
    3633:5BB8  [E5BB8]  8d950a02        lea     dx, [di + 0x20a]
    3633:5BBC  [E5BBC]  06              push    es
    3633:5BBD  [E5BBD]  52              push    dx
    3633:5BBE  [E5BBE]  9a850152e3      lcall   set_position_record  ; 0xe352, 0x185
    3633:5BC3  [E5BC3]  83c404          add     sp, 4
L_E5BC6:
    3633:5BC6  [E5BC6]  bf9a00          mov     di, 0x9a
    3633:5BC9  [E5BC9]  57              push    di
    3633:5BCA  [E5BCA]  bf8f00          mov     di, 0x8f
    3633:5BCD  [E5BCD]  57              push    di
    3633:5BCE  [E5BCE]  9ae900cee2      lcall   wait_stable_measurement  ; 0xe2ce, 0xe9
    3633:5BD3  [E5BD3]  83c402          add     sp, 2
    3633:5BD6  [E5BD6]  8946f8          mov     word ptr [bp - 8], ax
    3633:5BD9  [E5BD9]  bf8a00          mov     di, 0x8a
    3633:5BDC  [E5BDC]  57              push    di
    3633:5BDD  [E5BDD]  bf8e00          mov     di, 0x8e
    3633:5BE0  [E5BE0]  57              push    di
    3633:5BE1  [E5BE1]  9ae900cee2      lcall   wait_stable_measurement  ; 0xe2ce, 0xe9
    3633:5BE6  [E5BE6]  83c402          add     sp, 2
    3633:5BE9  [E5BE9]  8946f6          mov     word ptr [bp - 0xa], ax
    3633:5BEC  [E5BEC]  8b7ef8          mov     di, word ptr [bp - 8]
    3633:5BEF  [E5BEF]  2bf8            sub     di, ax
    3633:5BF1  [E5BF1]  897ef4          mov     word ptr [bp - 0xc], di
    3633:5BF4  [E5BF4]  8d9533ff        lea     dx, [di - 0xcd]
    3633:5BF8  [E5BF8]  8bc2            mov     ax, dx
    3633:5BFA  [E5BFA]  bac800          mov     dx, 0xc8
    3633:5BFD  [E5BFD]  f7ea            imul    dx
    3633:5BFF  [E5BFF]  99              cdq     
    3633:5C00  [E5C00]  bb0a00          mov     bx, 0xa
    3633:5C03  [E5C03]  f7fb            idiv    bx
    3633:5C05  [E5C05]  50              push    ax
    3633:5C06  [E5C06]  8b56f6          mov     dx, word ptr [bp - 0xa]
    3633:5C09  [E5C09]  83c29c          add     dx, -0x64
    3633:5C0C  [E5C0C]  8bc2            mov     ax, dx
    3633:5C0E  [E5C0E]  bac800          mov     dx, 0xc8
    3633:5C11  [E5C11]  f7ea            imul    dx
    3633:5C13  [E5C13]  99              cdq     
    3633:5C14  [E5C14]  bf1e00          mov     di, 0x1e
    3633:5C17  [E5C17]  f7ff            idiv    di
    3633:5C19  [E5C19]  50              push    ax
    3633:5C1A  [E5C1A]  c416dc1d        les     dx, ptr [0x1ddc]
    3633:5C1E  [E5C1E]  8bc2            mov     ax, dx
    3633:5C20  [E5C20]  051c02          add     ax, 0x21c
    3633:5C23  [E5C23]  06              push    es
    3633:5C24  [E5C24]  50              push    ax
    3633:5C25  [E5C25]  9a850152e3      lcall   set_position_record  ; 0xe352, 0x185
    3633:5C2A  [E5C2A]  83c404          add     sp, 4
    3633:5C2D  [E5C2D]  817ef4c800      cmp     word ptr [bp - 0xc], 0xc8
    3633:5C32  [E5C32]  7e20            jle     L_E5C54  ; 0x1684
    3633:5C34  [E5C34]  817ef4d200      cmp     word ptr [bp - 0xc], 0xd2
    3633:5C39  [E5C39]  7d19            jge     L_E5C54  ; 0x1684
    3633:5C3B  [E5C3B]  837ef655        cmp     word ptr [bp - 0xa], 0x55
    3633:5C3F  [E5C3F]  7e13            jle     L_E5C54  ; 0x1684
    3633:5C41  [E5C41]  837ef673        cmp     word ptr [bp - 0xa], 0x73
    3633:5C45  [E5C45]  7d0d            jge     L_E5C54  ; 0x1684
    3633:5C47  [E5C47]  c43edc1d        les     di, ptr [0x1ddc]
    3633:5C4B  [E5C4B]  26c685250211    mov     byte ptr es:[di + 0x225], 0x11
    3633:5C51  [E5C51]  e90a00          jmp     L_E5C5E  ; 0x168e
L_E5C54:
    3633:5C54  [E5C54]  c43edc1d        les     di, ptr [0x1ddc]
    3633:5C58  [E5C58]  26c685250200    mov     byte ptr es:[di + 0x225], 0
L_E5C5E:
    3633:5C5E  [E5C5E]  8be5            mov     sp, bp
    3633:5C60  [E5C60]  5d              pop     bp
    3633:5C61  [E5C61]  ca0200          retf    2

SUB_E5C65:
    3633:5C65  [E5C65]  55              push    bp
    3633:5C66  [E5C66]  8bec            mov     bp, sp
    3633:5C68  [E5C68]  51              push    cx
    3633:5C69  [E5C69]  803e761b00      cmp     byte ptr [0x1b76], 0
    3633:5C6E  [E5C6E]  7419            je      L_E5C89  ; 0x29
    3633:5C70  [E5C70]  c7069a070300    mov     word ptr [0x79a], 3
    3633:5C76  [E5C76]  eb27            jmp     L_E5C9F  ; 0x3f

L_E5C89:
    3633:5C89  [E5C89]  803e600700      cmp     byte ptr [0x760], 0
    3633:5C8E  [E5C8E]  7409            je      L_E5C99  ; 0x39
    3633:5C90  [E5C90]  c7069a070000    mov     word ptr [0x79a], 0
    3633:5C96  [E5C96]  eb07            jmp     L_E5C9F  ; 0x3f

L_E5C99:
    3633:5C99  [E5C99]  c7069a070100    mov     word ptr [0x79a], 1
L_E5C9F:
    3633:5C9F  [E5C9F]  a19a07          mov     ax, word ptr [0x79a]
    3633:5CA2  [E5CA2]  ba0c00          mov     dx, 0xc
    3633:5CA5  [E5CA5]  f7ea            imul    dx
    3633:5CA7  [E5CA7]  bff2e6          mov     di, 0xe6f2
    3633:5CAA  [E5CAA]  8ec7            mov     es, di
    3633:5CAC  [E5CAC]  bf0c00          mov     di, 0xc
    3633:5CAF  [E5CAF]  03f8            add     di, ax
    3633:5CB1  [E5CB1]  83c70b          add     di, 0xb
    3633:5CB4  [E5CB4]  c70698070b00    mov     word ptr [0x798], 0xb
    3633:5CBA  [E5CBA]  eb47            jmp     L_E5D03  ; 0xa3

L_E5CBD:
    3633:5CBD  [E5CBD]  268a1d          mov     bl, byte ptr es:[di]
    3633:5CC0  [E5CC0]  2aff            sub     bh, bh
    3633:5CC2  [E5CC2]  8a8f911a        mov     cl, byte ptr [bx + 0x1a91]
    3633:5CC6  [E5CC6]  8ae9            mov     ch, cl
    3633:5CC8  [E5CC8]  80e5b0          and     ch, 0xb0
    3633:5CCB  [E5CCB]  80fd00          cmp     ch, 0
    3633:5CCE  [E5CCE]  7409            je      L_E5CD9  ; 0x79
    3633:5CD0  [E5CD0]  80a7911a4f      and     byte ptr [bx + 0x1a91], 0x4f
    3633:5CD5  [E5CD5]  8a8f911a        mov     cl, byte ptr [bx + 0x1a91]
L_E5CD9:
    3633:5CD9  [E5CD9]  8ad1            mov     dl, cl
    3633:5CDB  [E5CDB]  80e20f          and     dl, 0xf
    3633:5CDE  [E5CDE]  80fa00          cmp     dl, 0
    3633:5CE1  [E5CE1]  741b            je      L_E5CFE  ; 0x9e
    3633:5CE3  [E5CE3]  891ecd1a        mov     word ptr [0x1acd], bx
    3633:5CE7  [E5CE7]  83fb08          cmp     bx, 8
    3633:5CEA  [E5CEA]  7509            jne     L_E5CF5  ; 0x95
    3633:5CEC  [E5CEC]  c7068f1a0000    mov     word ptr [0x1a8f], 0
    3633:5CF2  [E5CF2]  eb1c            jmp     L_E5D10  ; 0xb0

L_E5CF5:
    3633:5CF5  [E5CF5]  c7068f1a0002    mov     word ptr [0x1a8f], 0x200
    3633:5CFB  [E5CFB]  eb13            jmp     L_E5D10  ; 0xb0

L_E5CFE:
    3633:5CFE  [E5CFE]  ff0e9807        dec     word ptr [0x798]
    3633:5D02  [E5D02]  4f              dec     di
L_E5D03:
    3633:5D03  [E5D03]  833e980700      cmp     word ptr [0x798], 0
    3633:5D08  [E5D08]  7db3            jge     L_E5CBD  ; 0x5d
    3633:5D0A  [E5D0A]  c706cd1a0000    mov     word ptr [0x1acd], 0
L_E5D10:
    3633:5D10  [E5D10]  59              pop     cx
    3633:5D11  [E5D11]  8be5            mov     sp, bp
    3633:5D13  [E5D13]  5d              pop     bp
    3633:5D14  [E5D14]  cb              retf    

sync_and_enable_interrupts:
    3633:5D28  [E5D28]  9a4301b3fd      lcall   sync_status_byte_to_hw  ; 0xfdb3, 0x143
enable_interrupts:
    3633:5D2D  [E5D2D]  fb              sti     
    3633:5D2E  [E5D2E]  cb              retf    
disable_interrupts:
    3633:5D2F  [E5D2F]  fa              cli     
    3633:5D30  [E5D30]  cb              retf    
delay_read_128w:
    3633:5D31  [E5D31]  fc              cld     
    3633:5D32  [E5D32]  be0000          mov     si, 0
    3633:5D35  [E5D35]  8ec6            mov     es, si
    3633:5D37  [E5D37]  b98000          mov     cx, 0x80
    3633:5D3A  [E5D3A]  f3ad            rep lodsw ax, word ptr [si]
    3633:5D3C  [E5D3C]  cb              retf    
scan_low_ram_chunk0:
    3633:5D3D  [E5D3D]  fc              cld     
    3633:5D3E  [E5D3E]  be0000          mov     si, 0
    3633:5D41  [E5D41]  8ec6            mov     es, si
    3633:5D43  [E5D43]  b93000          mov     cx, 0x30
    3633:5D46  [E5D46]  f3ad            rep lodsw ax, word ptr [si]
    3633:5D48  [E5D48]  cb              retf    
scan_low_ram_chunk1:
    3633:5D49  [E5D49]  fc              cld     
    3633:5D4A  [E5D4A]  be0000          mov     si, 0
    3633:5D4D  [E5D4D]  8ec6            mov     es, si
    3633:5D4F  [E5D4F]  be6000          mov     si, 0x60
    3633:5D52  [E5D52]  b93000          mov     cx, 0x30
    3633:5D55  [E5D55]  f3ad            rep lodsw ax, word ptr [si]
    3633:5D57  [E5D57]  cb              retf    
scan_low_ram_chunk2:
    3633:5D58  [E5D58]  fc              cld     
    3633:5D59  [E5D59]  be0000          mov     si, 0
    3633:5D5C  [E5D5C]  8ec6            mov     es, si
    3633:5D5E  [E5D5E]  bec000          mov     si, 0xc0
    3633:5D61  [E5D61]  b92000          mov     cx, 0x20
    3633:5D64  [E5D64]  f3ad            rep lodsw ax, word ptr [si]
    3633:5D66  [E5D66]  cb              retf    
SUB_E5D67:
    3633:5D67  [E5D67]  56              push    si
    3633:5D68  [E5D68]  1e              push    ds
    3633:5D69  [E5D69]  06              push    es
    3633:5D6A  [E5D6A]  52              push    dx
    3633:5D6B  [E5D6B]  51              push    cx
    3633:5D6C  [E5D6C]  53              push    bx
    3633:5D6D  [E5D6D]  50              push    ax
    3633:5D6E  [E5D6E]  b84100          mov     ax, 0x41
    3633:5D71  [E5D71]  8ed8            mov     ds, ax
    3633:5D73  [E5D73]  ba0040          mov     dx, 0x4000
    3633:5D76  [E5D76]  8ec2            mov     es, dx
    3633:5D78  [E5D78]  bbfa3f          mov     bx, 0x3ffa
    3633:5D7B  [E5D7B]  268a07          mov     al, byte ptr es:[bx]
    3633:5D7E  [E5D7E]  a25807          mov     byte ptr [0x758], al
    3633:5D81  [E5D81]  268a4701        mov     al, byte ptr es:[bx + 1]
    3633:5D85  [E5D85]  a25907          mov     byte ptr [0x759], al
    3633:5D88  [E5D88]  ff065207        inc     word ptr [0x752]
    3633:5D8C  [E5D8C]  a1f21a          mov     ax, word ptr [0x1af2]
    3633:5D8F  [E5D8F]  0906ee1a        or      word ptr [0x1aee], ax
    3633:5D93  [E5D93]  9a2100d1e5      lcall   delay_read_128w  ; 0xe5d1, 0x21
    3633:5D98  [E5D98]  58              pop     ax
    3633:5D99  [E5D99]  5b              pop     bx
    3633:5D9A  [E5D9A]  59              pop     cx
    3633:5D9B  [E5D9B]  5a              pop     dx
    3633:5D9C  [E5D9C]  07              pop     es
    3633:5D9D  [E5D9D]  1f              pop     ds
    3633:5D9E  [E5D9E]  5e              pop     si
    3633:5D9F  [E5D9F]  cf              iret    
INT255_HANDLER_EARLY:
    3633:5DA0  [E5DA0]  56              push    si
    3633:5DA1  [E5DA1]  1e              push    ds
    3633:5DA2  [E5DA2]  06              push    es
    3633:5DA3  [E5DA3]  52              push    dx
    3633:5DA4  [E5DA4]  51              push    cx
    3633:5DA5  [E5DA5]  53              push    bx
    3633:5DA6  [E5DA6]  50              push    ax
    3633:5DA7  [E5DA7]  55              push    bp
    3633:5DA8  [E5DA8]  8bec            mov     bp, sp
    3633:5DAA  [E5DAA]  816614fffd      and     word ptr [bp + 0x14], 0xfdff
    3633:5DAF  [E5DAF]  b84100          mov     ax, 0x41
    3633:5DB2  [E5DB2]  8ed8            mov     ds, ax
    3633:5DB4  [E5DB4]  a1f01a          mov     ax, word ptr [0x1af0]
    3633:5DB7  [E5DB7]  0906ee1a        or      word ptr [0x1aee], ax
    3633:5DBB  [E5DBB]  5d              pop     bp
    3633:5DBC  [E5DBC]  58              pop     ax
    3633:5DBD  [E5DBD]  5b              pop     bx
    3633:5DBE  [E5DBE]  59              pop     cx
    3633:5DBF  [E5DBF]  5a              pop     dx
    3633:5DC0  [E5DC0]  07              pop     es
    3633:5DC1  [E5DC1]  1f              pop     ds
    3633:5DC2  [E5DC2]  5e              pop     si
    3633:5DC3  [E5DC3]  cf              iret    
ENTRY_E5D1_B4:
    3633:5DC4  [E5DC4]  fc              cld     
    3633:5DC5  [E5DC5]  bb0040          mov     bx, 0x4000
    3633:5DC8  [E5DC8]  8ec3            mov     es, bx
    3633:5DCA  [E5DCA]  8edb            mov     ds, bx
    3633:5DCC  [E5DCC]  bb0010          mov     bx, 0x1000
    3633:5DCF  [E5DCF]  26891f          mov     word ptr es:[bx], bx
    3633:5DD2  [E5DD2]  bbfa3f          mov     bx, 0x3ffa
    3633:5DD5  [E5DD5]  8b37            mov     si, word ptr [bx]
ENTRY_E5D1_C7:
    3633:5DD7  [E5DD7]  bbfa3f          mov     bx, 0x3ffa
    3633:5DDA  [E5DDA]  8b37            mov     si, word ptr [bx]
    3633:5DDC  [E5DDC]  ba0000          mov     dx, 0
    3633:5DDF  [E5DDF]  8ec2            mov     es, dx
    3633:5DE1  [E5DE1]  8eda            mov     ds, dx
    3633:5DE3  [E5DE3]  bf0000          mov     di, 0
    3633:5DE6  [E5DE6]  be0000          mov     si, 0
    3633:5DE9  [E5DE9]  b9ff00          mov     cx, 0xff
    3633:5DEC  [E5DEC]  f3ad            rep lodsw ax, word ptr [si]
    3633:5DEE  [E5DEE]  bb0000          mov     bx, 0
    3633:5DF1  [E5DF1]  8ec3            mov     es, bx
    3633:5DF3  [E5DF3]  b95700          mov     cx, 0x57
    3633:5DF6  [E5DF6]  bb0800          mov     bx, 8
    3633:5DF9  [E5DF9]  26890f          mov     word ptr es:[bx], cx
    3633:5DFC  [E5DFC]  b9d1e5          mov     cx, 0xe5d1
    3633:5DFF  [E5DFF]  26894f02        mov     word ptr es:[bx + 2], cx
    3633:5E03  [E5E03]  b99d01          mov     cx, 0x19d
    3633:5E06  [E5E06]  26894ffc        mov     word ptr es:[bx - 4], cx
    3633:5E0A  [E5E0A]  b9d1e5          mov     cx, 0xe5d1
    3633:5E0D  [E5E0D]  26894ffe        mov     word ptr es:[bx - 2], cx
    3633:5E11  [E5E11]  bb3f00          mov     bx, 0x3f
    3633:5E14  [E5E14]  8ec3            mov     es, bx
    3633:5E16  [E5E16]  b99000          mov     cx, 0x90
    3633:5E19  [E5E19]  bb0c00          mov     bx, 0xc
    3633:5E1C  [E5E1C]  26890f          mov     word ptr es:[bx], cx
    3633:5E1F  [E5E1F]  b9d1e5          mov     cx, 0xe5d1
    3633:5E22  [E5E22]  26894f02        mov     word ptr es:[bx + 2], cx
    3633:5E26  [E5E26]  ba8d1a          mov     dx, 0x1a8d
    3633:5E29  [E5E29]  b84100          mov     ax, 0x41
    3633:5E2C  [E5E2C]  8ed8            mov     ds, ax
    3633:5E2E  [E5E2E]  8ed0            mov     ss, ax
    3633:5E30  [E5E30]  8be2            mov     sp, dx
    3633:5E32  [E5E32]  9a9e01d1e5      lcall   SUB_E5EAE  ; 0xe5d1, 0x19e
    3633:5E37  [E5E37]  b84100          mov     ax, 0x41
    3633:5E3A  [E5E3A]  8ed8            mov     ds, ax
    3633:5E3C  [E5E3C]  8ed0            mov     ss, ax
    3633:5E3E  [E5E3E]  ba0040          mov     dx, 0x4000
    3633:5E41  [E5E41]  8ec2            mov     es, dx
    3633:5E43  [E5E43]  bbfa3f          mov     bx, 0x3ffa
    3633:5E46  [E5E46]  268b37          mov     si, word ptr es:[bx]
    3633:5E49  [E5E49]  9a5700d1e5      lcall   SUB_E5D67  ; 0xe5d1, 0x57
    3633:5E4E  [E5E4E]  ea2b00a8e6      ljmp    L_E6AAB  ; 0xe6a8:0x2b
install_late_interrupt_vectors:
    3633:5E53  [E5E53]  fa              cli     
    3633:5E54  [E5E54]  9a2100d1e5      lcall   delay_read_128w  ; 0xe5d1, 0x21
    3633:5E59  [E5E59]  ba0040          mov     dx, 0x4000
    3633:5E5C  [E5E5C]  8ec2            mov     es, dx
    3633:5E5E  [E5E5E]  bbfa3f          mov     bx, 0x3ffa
    3633:5E61  [E5E61]  268b37          mov     si, word ptr es:[bx]
    3633:5E64  [E5E64]  bb3f00          mov     bx, 0x3f
    3633:5E67  [E5E67]  8ec3            mov     es, bx
    3633:5E69  [E5E69]  b90500          mov     cx, 5
    3633:5E6C  [E5E6C]  bb0c00          mov     bx, 0xc
    3633:5E6F  [E5E6F]  26890f          mov     word ptr es:[bx], cx
    3633:5E72  [E5E72]  b90be6          mov     cx, 0xe60b
    3633:5E75  [E5E75]  26894f02        mov     word ptr es:[bx + 2], cx
    3633:5E79  [E5E79]  bb0000          mov     bx, 0
    3633:5E7C  [E5E7C]  8ec3            mov     es, bx
    3633:5E7E  [E5E7E]  b93a00          mov     cx, 0x3a
    3633:5E81  [E5E81]  bb0800          mov     bx, 8
    3633:5E84  [E5E84]  26890f          mov     word ptr es:[bx], cx
    3633:5E87  [E5E87]  b90be6          mov     cx, 0xe60b
    3633:5E8A  [E5E8A]  26894f02        mov     word ptr es:[bx + 2], cx
    3633:5E8E  [E5E8E]  cb              retf    

L_E5E99:
    3633:5E99  [E5E99]  eab400d1e5      ljmp    ENTRY_E5D1_B4  ; 0xe5d1:0xb4

INT1_HANDLER:
    3633:5EAD  [E5EAD]  cf              iret    
SUB_E5EAE:
    3633:5EAE  [E5EAE]  fc              cld     
    3633:5EAF  [E5EAF]  b8d1e5          mov     ax, 0xe5d1
    3633:5EB2  [E5EB2]  8ed8            mov     ds, ax
    3633:5EB4  [E5EB4]  bebd01          mov     si, 0x1bd
    3633:5EB7  [E5EB7]  8b04            mov     ax, word ptr [si]
    3633:5EB9  [E5EB9]  8ec0            mov     es, ax
    3633:5EBB  [E5EBB]  83c602          add     si, 2
L_E5EBE:
    3633:5EBE  [E5EBE]  8b3c            mov     di, word ptr [si]
    3633:5EC0  [E5EC0]  83ffff          cmp     di, -1
    3633:5EC3  [E5EC3]  7407            je      L_E5ECC  ; 0x1bc
    3633:5EC5  [E5EC5]  83c602          add     si, 2
    3633:5EC8  [E5EC8]  a5              movsw   word ptr es:[di], word ptr [si]
    3633:5EC9  [E5EC9]  a5              movsw   word ptr es:[di], word ptr [si]
    3633:5ECA  [E5ECA]  ebf2            jmp     L_E5EBE  ; 0x1ae
L_E5ECC:
    3633:5ECC  [E5ECC]  cb              retf    

INT255_HANDLER_LATE:
    3633:60B5  [E60B5]  fa              cli     
    3633:60B6  [E60B6]  50              push    ax
    3633:60B7  [E60B7]  53              push    bx
    3633:60B8  [E60B8]  51              push    cx
    3633:60B9  [E60B9]  52              push    dx
    3633:60BA  [E60BA]  55              push    bp
    3633:60BB  [E60BB]  56              push    si
    3633:60BC  [E60BC]  57              push    di
    3633:60BD  [E60BD]  1e              push    ds
    3633:60BE  [E60BE]  06              push    es
    3633:60BF  [E60BF]  bb4100          mov     bx, 0x41
    3633:60C2  [E60C2]  8edb            mov     ds, bx
    3633:60C4  [E60C4]  bb9d1a          mov     bx, 0x1a9d
    3633:60C7  [E60C7]  a1cd1a          mov     ax, word ptr [0x1acd]
    3633:60CA  [E60CA]  d1e0            shl     ax, 1
    3633:60CC  [E60CC]  d1e0            shl     ax, 1
    3633:60CE  [E60CE]  03d8            add     bx, ax
    3633:60D0  [E60D0]  8bc4            mov     ax, sp
    3633:60D2  [E60D2]  8907            mov     word ptr [bx], ax
    3633:60D4  [E60D4]  8c5702          mov     word ptr [bx + 2], ss
    3633:60D7  [E60D7]  9a0e002ee6      lcall   SUB_E62EE  ; 0xe62e, 0xe
    3633:60DC  [E60DC]  bb911a          mov     bx, 0x1a91
    3633:60DF  [E60DF]  a1cd1a          mov     ax, word ptr [0x1acd]
    3633:60E2  [E60E2]  03d8            add     bx, ax
    3633:60E4  [E60E4]  800f40          or      byte ptr [bx], 0x40
    3633:60E7  [E60E7]  eb7d            jmp     switch_to_next_task  ; 0xb6

INT2_HANDLER_LATE:
    3633:60EA  [E60EA]  fa              cli     
    3633:60EB  [E60EB]  50              push    ax
    3633:60EC  [E60EC]  53              push    bx
    3633:60ED  [E60ED]  51              push    cx
    3633:60EE  [E60EE]  52              push    dx
    3633:60EF  [E60EF]  55              push    bp
    3633:60F0  [E60F0]  56              push    si
    3633:60F1  [E60F1]  57              push    di
    3633:60F2  [E60F2]  1e              push    ds
    3633:60F3  [E60F3]  06              push    es
    3633:60F4  [E60F4]  bb4100          mov     bx, 0x41
    3633:60F7  [E60F7]  8edb            mov     ds, bx
    3633:60F9  [E60F9]  8bec            mov     bp, sp
    3633:60FB  [E60FB]  8b4616          mov     ax, word ptr [bp + 0x16]
    3633:60FE  [E60FE]  250002          and     ax, 0x200
    3633:6101  [E6101]  7454            je      L_E6157  ; 0xa7
    3633:6103  [E6103]  8b1ecd1a        mov     bx, word ptr [0x1acd]
    3633:6107  [E6107]  d1e3            shl     bx, 1
    3633:6109  [E6109]  d1e3            shl     bx, 1
    3633:610B  [E610B]  81c39d1a        add     bx, 0x1a9d
    3633:610F  [E610F]  8927            mov     word ptr [bx], sp
    3633:6111  [E6111]  83c302          add     bx, 2
    3633:6114  [E6114]  8c17            mov     word ptr [bx], ss
    3633:6116  [E6116]  8b1ecd1a        mov     bx, word ptr [0x1acd]
    3633:611A  [E611A]  0bdb            or      bx, bx
    3633:611C  [E611C]  741b            je      L_E6139  ; 0x89
    3633:611E  [E611E]  4b              dec     bx
    3633:611F  [E611F]  b828e6          mov     ax, 0xe628
    3633:6122  [E6122]  8ec0            mov     es, ax
    3633:6124  [E6124]  b83e00          mov     ax, 0x3e
    3633:6127  [E6127]  d1e3            shl     bx, 1
    3633:6129  [E6129]  d1e3            shl     bx, 1
    3633:612B  [E612B]  03d8            add     bx, ax
    3633:612D  [E612D]  268b07          mov     ax, word ptr es:[bx]
    3633:6130  [E6130]  3be0            cmp     sp, ax
    3633:6132  [E6132]  7d10            jge     L_E6144  ; 0x94
    3633:6134  [E6134]  ea8901d1e5      ljmp    L_E5E99  ; 0xe5d1:0x189
L_E6139:
    3633:6139  [E6139]  81fcc407        cmp     sp, 0x7c4
    3633:613D  [E613D]  7d05            jge     L_E6144  ; 0x94
    3633:613F  [E613F]  ea8901d1e5      ljmp    L_E5E99  ; 0xe5d1:0x189
L_E6144:
    3633:6144  [E6144]  bb911a          mov     bx, 0x1a91
    3633:6147  [E6147]  a1cd1a          mov     ax, word ptr [0x1acd]
    3633:614A  [E614A]  03d8            add     bx, ax
    3633:614C  [E614C]  800f40          or      byte ptr [bx], 0x40
    3633:614F  [E614F]  9a040052e6      lcall   scheduler_tick_service  ; 0xe652, 4
    3633:6154  [E6154]  eb10            jmp     switch_to_next_task  ; 0xb6

L_E6157:
    3633:6157  [E6157]  9a040052e6      lcall   scheduler_tick_service  ; 0xe652, 4
    3633:615C  [E615C]  07              pop     es
    3633:615D  [E615D]  1f              pop     ds
    3633:615E  [E615E]  5f              pop     di
    3633:615F  [E615F]  5e              pop     si
    3633:6160  [E6160]  5d              pop     bp
    3633:6161  [E6161]  5a              pop     dx
    3633:6162  [E6162]  59              pop     cx
    3633:6163  [E6163]  5b              pop     bx
    3633:6164  [E6164]  58              pop     ax
    3633:6165  [E6165]  cf              iret    
switch_to_next_task:
    3633:6166  [E6166]  9a0500c6e5      lcall   SUB_E5C65  ; 0xe5c6, 5
    3633:616B  [E616B]  bb911a          mov     bx, 0x1a91
    3633:616E  [E616E]  a1cd1a          mov     ax, word ptr [0x1acd]
    3633:6171  [E6171]  03d8            add     bx, ax
    3633:6173  [E6173]  8a07            mov     al, byte ptr [bx]
    3633:6175  [E6175]  2440            and     al, 0x40
    3633:6177  [E6177]  0ac0            or      al, al
    3633:6179  [E6179]  742c            je      L_E61A7  ; 0xf7
    3633:617B  [E617B]  bb9d1a          mov     bx, 0x1a9d
    3633:617E  [E617E]  a1cd1a          mov     ax, word ptr [0x1acd]
    3633:6181  [E6181]  d1e0            shl     ax, 1
    3633:6183  [E6183]  d1e0            shl     ax, 1
    3633:6185  [E6185]  03d8            add     bx, ax
    3633:6187  [E6187]  8b0f            mov     cx, word ptr [bx]
    3633:6189  [E6189]  8b5702          mov     dx, word ptr [bx + 2]
    3633:618C  [E618C]  8ed2            mov     ss, dx
    3633:618E  [E618E]  8be1            mov     sp, cx
    3633:6190  [E6190]  8bec            mov     bp, sp
    3633:6192  [E6192]  a18f1a          mov     ax, word ptr [0x1a8f]
    3633:6195  [E6195]  094616          or      word ptr [bp + 0x16], ax
    3633:6198  [E6198]  9a4301b3fd      lcall   sync_status_byte_to_hw  ; 0xfdb3, 0x143
    3633:619D  [E619D]  07              pop     es
    3633:619E  [E619E]  1f              pop     ds
    3633:619F  [E619F]  5f              pop     di
    3633:61A0  [E61A0]  5e              pop     si
    3633:61A1  [E61A1]  5d              pop     bp
    3633:61A2  [E61A2]  5a              pop     dx
    3633:61A3  [E61A3]  59              pop     cx
    3633:61A4  [E61A4]  5b              pop     bx
    3633:61A5  [E61A5]  58              pop     ax
    3633:61A6  [E61A6]  cf              iret    
L_E61A7:
    3633:61A7  [E61A7]  b828e6          mov     ax, 0xe628
    3633:61AA  [E61AA]  8ec0            mov     es, ax
    3633:61AC  [E61AC]  bb3e00          mov     bx, 0x3e
    3633:61AF  [E61AF]  a1cd1a          mov     ax, word ptr [0x1acd]
    3633:61B2  [E61B2]  d1e0            shl     ax, 1
    3633:61B4  [E61B4]  d1e0            shl     ax, 1
    3633:61B6  [E61B6]  03d8            add     bx, ax
    3633:61B8  [E61B8]  268b4702        mov     ax, word ptr es:[bx + 2]
    3633:61BC  [E61BC]  8ed0            mov     ss, ax
    3633:61BE  [E61BE]  268b27          mov     sp, word ptr es:[bx]
    3633:61C1  [E61C1]  b828e6          mov     ax, 0xe628
    3633:61C4  [E61C4]  8ec0            mov     es, ax
    3633:61C6  [E61C6]  bb0e00          mov     bx, 0xe
    3633:61C9  [E61C9]  a1cd1a          mov     ax, word ptr [0x1acd]
    3633:61CC  [E61CC]  d1e0            shl     ax, 1
    3633:61CE  [E61CE]  d1e0            shl     ax, 1
    3633:61D0  [E61D0]  03d8            add     bx, ax
    3633:61D2  [E61D2]  06              push    es
    3633:61D3  [E61D3]  53              push    bx
    3633:61D4  [E61D4]  9a4301b3fd      lcall   sync_status_byte_to_hw  ; 0xfdb3, 0x143
    3633:61D9  [E61D9]  5b              pop     bx
    3633:61DA  [E61DA]  07              pop     es
    3633:61DB  [E61DB]  fb              sti     
    3633:61DC  [E61DC]  26ff1f          lcall   es:[bx]
    3633:61DF  [E61DF]  fa              cli     
    3633:61E0  [E61E0]  e99100          jmp     L_E6274  ; 0x1c4
create_task_b:
    3633:61E3  [E61E3]  9c              pushf   
    3633:61E4  [E61E4]  fa              cli     
    3633:61E5  [E61E5]  50              push    ax
    3633:61E6  [E61E6]  53              push    bx
    3633:61E7  [E61E7]  51              push    cx
    3633:61E8  [E61E8]  52              push    dx
    3633:61E9  [E61E9]  55              push    bp
    3633:61EA  [E61EA]  56              push    si
    3633:61EB  [E61EB]  57              push    di
    3633:61EC  [E61EC]  1e              push    ds
    3633:61ED  [E61ED]  06              push    es
    3633:61EE  [E61EE]  8bec            mov     bp, sp
    3633:61F0  [E61F0]  8b4612          mov     ax, word ptr [bp + 0x12]
    3633:61F3  [E61F3]  874616          xchg    word ptr [bp + 0x16], ax
    3633:61F6  [E61F6]  874614          xchg    word ptr [bp + 0x14], ax
    3633:61F9  [E61F9]  894612          mov     word ptr [bp + 0x12], ax
    3633:61FC  [E61FC]  bb4100          mov     bx, 0x41
    3633:61FF  [E61FF]  8edb            mov     ds, bx
    3633:6201  [E6201]  8b1ecd1a        mov     bx, word ptr [0x1acd]
    3633:6205  [E6205]  d1e3            shl     bx, 1
    3633:6207  [E6207]  d1e3            shl     bx, 1
    3633:6209  [E6209]  81c39d1a        add     bx, 0x1a9d
    3633:620D  [E620D]  8927            mov     word ptr [bx], sp
    3633:620F  [E620F]  83c302          add     bx, 2
    3633:6212  [E6212]  8c17            mov     word ptr [bx], ss
    3633:6214  [E6214]  bb911a          mov     bx, 0x1a91
    3633:6217  [E6217]  a1cd1a          mov     ax, word ptr [0x1acd]
    3633:621A  [E621A]  03d8            add     bx, ax
    3633:621C  [E621C]  800f40          or      byte ptr [bx], 0x40
    3633:621F  [E621F]  eab6000be6      ljmp    switch_to_next_task  ; 0xe60b:0xb6
create_task:
    3633:6224  [E6224]  9c              pushf   
    3633:6225  [E6225]  fa              cli     
    3633:6226  [E6226]  50              push    ax
    3633:6227  [E6227]  53              push    bx
    3633:6228  [E6228]  51              push    cx
    3633:6229  [E6229]  52              push    dx
    3633:622A  [E622A]  55              push    bp
    3633:622B  [E622B]  56              push    si
    3633:622C  [E622C]  57              push    di
    3633:622D  [E622D]  1e              push    ds
    3633:622E  [E622E]  06              push    es
    3633:622F  [E622F]  8bec            mov     bp, sp
    3633:6231  [E6231]  8b4612          mov     ax, word ptr [bp + 0x12]
    3633:6234  [E6234]  874616          xchg    word ptr [bp + 0x16], ax
    3633:6237  [E6237]  874614          xchg    word ptr [bp + 0x14], ax
    3633:623A  [E623A]  894612          mov     word ptr [bp + 0x12], ax
    3633:623D  [E623D]  bb4100          mov     bx, 0x41
    3633:6240  [E6240]  8edb            mov     ds, bx
    3633:6242  [E6242]  8b1ecd1a        mov     bx, word ptr [0x1acd]
    3633:6246  [E6246]  d1e3            shl     bx, 1
    3633:6248  [E6248]  d1e3            shl     bx, 1
    3633:624A  [E624A]  81c39d1a        add     bx, 0x1a9d
    3633:624E  [E624E]  8927            mov     word ptr [bx], sp
    3633:6250  [E6250]  83c302          add     bx, 2
    3633:6253  [E6253]  8c17            mov     word ptr [bx], ss
    3633:6255  [E6255]  8b4614          mov     ax, word ptr [bp + 0x14]
    3633:6258  [E6258]  a3c007          mov     word ptr [0x7c0], ax
    3633:625B  [E625B]  8b4612          mov     ax, word ptr [bp + 0x12]
    3633:625E  [E625E]  a3c207          mov     word ptr [0x7c2], ax
    3633:6261  [E6261]  bb911a          mov     bx, 0x1a91
    3633:6264  [E6264]  a1cd1a          mov     ax, word ptr [0x1acd]
    3633:6267  [E6267]  03d8            add     bx, ax
    3633:6269  [E6269]  800f40          or      byte ptr [bx], 0x40
    3633:626C  [E626C]  802f01          sub     byte ptr [bx], 1
    3633:626F  [E626F]  eab6000be6      ljmp    switch_to_next_task  ; 0xe60b:0xb6
L_E6274:
    3633:6274  [E6274]  fa              cli     
    3633:6275  [E6275]  b84100          mov     ax, 0x41
    3633:6278  [E6278]  8ed8            mov     ds, ax
    3633:627A  [E627A]  b8911a          mov     ax, 0x1a91
    3633:627D  [E627D]  50              push    ax
    3633:627E  [E627E]  8b1ecd1a        mov     bx, word ptr [0x1acd]
    3633:6282  [E6282]  03d8            add     bx, ax
    3633:6284  [E6284]  fe0f            dec     byte ptr [bx]
    3633:6286  [E6286]  80270f          and     byte ptr [bx], 0xf
    3633:6289  [E6289]  eab6000be6      ljmp    switch_to_next_task  ; 0xe60b:0xb6

SUB_E62EE:
    3633:62EE  [E62EE]  55              push    bp
    3633:62EF  [E62EF]  8bec            mov     bp, sp
    3633:62F1  [E62F1]  83ec08          sub     sp, 8
    3633:62F4  [E62F4]  803e5e1b00      cmp     byte ptr [0x1b5e], 0
    3633:62F9  [E62F9]  740b            je      L_E6306  ; 0x26
    3633:62FB  [E62FB]  9a0a0060e0      lcall   SUB_E060A  ; 0xe060, 0xa
    3633:6300  [E6300]  a29507          mov     byte ptr [0x795], al
    3633:6303  [E6303]  e90b00          jmp     L_E6311  ; 0x31
L_E6306:
    3633:6306  [E6306]  9a5f00b3fd      lcall   SUB_FDB8F  ; 0xfdb3, 0x5f
    3633:630B  [E630B]  8bd0            mov     dx, ax
    3633:630D  [E630D]  88169507        mov     byte ptr [0x795], dl
L_E6311:
    3633:6311  [E6311]  a09507          mov     al, byte ptr [0x795]
    3633:6314  [E6314]  2404            and     al, 4
    3633:6316  [E6316]  3c00            cmp     al, 0
    3633:6318  [E6318]  741b            je      L_E6335  ; 0x55
    3633:631A  [E631A]  fe069a1a        inc     byte ptr [0x1a9a]
    3633:631E  [E631E]  a09a1a          mov     al, byte ptr [0x1a9a]
    3633:6321  [E6321]  2ae4            sub     ah, ah
    3633:6323  [E6323]  25b000          and     ax, 0xb0
    3633:6326  [E6326]  3d0000          cmp     ax, 0
    3633:6329  [E6329]  740a            je      L_E6335  ; 0x55
    3633:632B  [E632B]  a09a1a          mov     al, byte ptr [0x1a9a]
    3633:632E  [E632E]  2440            and     al, 0x40
    3633:6330  [E6330]  fec0            inc     al
    3633:6332  [E6332]  a29a1a          mov     byte ptr [0x1a9a], al
L_E6335:
    3633:6335  [E6335]  a09507          mov     al, byte ptr [0x795]
    3633:6338  [E6338]  2403            and     al, 3
    3633:633A  [E633A]  3c00            cmp     al, 0
    3633:633C  [E633C]  741b            je      L_E6359  ; 0x79
    3633:633E  [E633E]  fe06991a        inc     byte ptr [0x1a99]
    3633:6342  [E6342]  a0991a          mov     al, byte ptr [0x1a99]
    3633:6345  [E6345]  2ae4            sub     ah, ah
    3633:6347  [E6347]  25b000          and     ax, 0xb0
    3633:634A  [E634A]  3d0000          cmp     ax, 0
    3633:634D  [E634D]  740a            je      L_E6359  ; 0x79
    3633:634F  [E634F]  a0991a          mov     al, byte ptr [0x1a99]
    3633:6352  [E6352]  2440            and     al, 0x40
    3633:6354  [E6354]  fec0            inc     al
    3633:6356  [E6356]  a2991a          mov     byte ptr [0x1a99], al
L_E6359:
    3633:6359  [E6359]  803e950700      cmp     byte ptr [0x795], 0
    3633:635E  [E635E]  7572            jne     L_E63D2  ; 0xf2
    3633:6360  [E6360]  ff1e4007        lcall   [0x740]
    3633:6364  [E6364]  3d0000          cmp     ax, 0
    3633:6367  [E6367]  746c            je      L_E63D5  ; 0xf5
    3633:6369  [E6369]  800e950710      or      byte ptr [0x795], 0x10
    3633:636E  [E636E]  803efa1b00      cmp     byte ptr [0x1bfa], 0
    3633:6373  [E6373]  741e            je      L_E6393  ; 0xb3
    3633:6375  [E6375]  fe06961a        inc     byte ptr [0x1a96]
    3633:6379  [E6379]  a0961a          mov     al, byte ptr [0x1a96]
    3633:637C  [E637C]  2ae4            sub     ah, ah
    3633:637E  [E637E]  25b000          and     ax, 0xb0
    3633:6381  [E6381]  3d0000          cmp     ax, 0
    3633:6384  [E6384]  7477            je      L_E63FD  ; 0x11d
    3633:6386  [E6386]  a0961a          mov     al, byte ptr [0x1a96]
    3633:6389  [E6389]  2440            and     al, 0x40
    3633:638B  [E638B]  fec0            inc     al
    3633:638D  [E638D]  a2961a          mov     byte ptr [0x1a96], al
    3633:6390  [E6390]  e96a00          jmp     L_E63FD  ; 0x11d
L_E6393:
    3633:6393  [E6393]  a0961a          mov     al, byte ptr [0x1a96]
    3633:6396  [E6396]  240f            and     al, 0xf
    3633:6398  [E6398]  8846f9          mov     byte ptr [bp - 7], al
    3633:639B  [E639B]  bf808f          mov     di, 0x8f80
    3633:639E  [E639E]  57              push    di
    3633:639F  [E639F]  9a0e007094      lcall   set_ds_return_old  ; 0x9470, 0xe
    3633:63A4  [E63A4]  803ea30500      cmp     byte ptr [0x5a3], 0
    3633:63A9  [E63A9]  742d            je      L_E63D8  ; 0xf8
    3633:63AB  [E63AB]  bf4100          mov     di, 0x41
    3633:63AE  [E63AE]  57              push    di
    3633:63AF  [E63AF]  9a0e007094      lcall   set_ds_return_old  ; 0x9470, 0xe
    3633:63B4  [E63B4]  fe06951a        inc     byte ptr [0x1a95]
    3633:63B8  [E63B8]  a0951a          mov     al, byte ptr [0x1a95]
    3633:63BB  [E63BB]  2ae4            sub     ah, ah
    3633:63BD  [E63BD]  25b000          and     ax, 0xb0
    3633:63C0  [E63C0]  3d0000          cmp     ax, 0
    3633:63C3  [E63C3]  7452            je      L_E6417  ; 0x137
    3633:63C5  [E63C5]  a0951a          mov     al, byte ptr [0x1a95]
    3633:63C8  [E63C8]  2440            and     al, 0x40
    3633:63CA  [E63CA]  fec0            inc     al
    3633:63CC  [E63CC]  a2951a          mov     byte ptr [0x1a95], al
    3633:63CF  [E63CF]  e94500          jmp     L_E6417  ; 0x137
L_E63D2:
    3633:63D2  [E63D2]  e9e700          jmp     L_E64BC  ; 0x1dc
L_E63D5:
    3633:63D5  [E63D5]  e96400          jmp     L_E643C  ; 0x15c
L_E63D8:
    3633:63D8  [E63D8]  807ef900        cmp     byte ptr [bp - 7], 0
    3633:63DC  [E63DC]  742c            je      L_E640A  ; 0x12a
    3633:63DE  [E63DE]  bf4100          mov     di, 0x41
    3633:63E1  [E63E1]  57              push    di
    3633:63E2  [E63E2]  9a0e007094      lcall   set_ds_return_old  ; 0x9470, 0xe
    3633:63E7  [E63E7]  fe06961a        inc     byte ptr [0x1a96]
    3633:63EB  [E63EB]  a0961a          mov     al, byte ptr [0x1a96]
    3633:63EE  [E63EE]  2ae4            sub     ah, ah
    3633:63F0  [E63F0]  25b000          and     ax, 0xb0
    3633:63F3  [E63F3]  3d0000          cmp     ax, 0
    3633:63F6  [E63F6]  740f            je      L_E6407  ; 0x127
    3633:63F8  [E63F8]  a0961a          mov     al, byte ptr [0x1a96]
    3633:63FB  [E63FB]  eb03            jmp     L_E6400  ; 0x120
L_E63FD:
    3633:63FD  [E63FD]  e91700          jmp     L_E6417  ; 0x137
L_E6400:
    3633:6400  [E6400]  2440            and     al, 0x40
    3633:6402  [E6402]  fec0            inc     al
    3633:6404  [E6404]  a2961a          mov     byte ptr [0x1a96], al
L_E6407:
    3633:6407  [E6407]  e90d00          jmp     L_E6417  ; 0x137
L_E640A:
    3633:640A  [E640A]  bf4100          mov     di, 0x41
    3633:640D  [E640D]  57              push    di
    3633:640E  [E640E]  9a0e007094      lcall   set_ds_return_old  ; 0x9470, 0xe
    3633:6413  [E6413]  ff1e3c07        lcall   [0x73c]
L_E6417:
    3633:6417  [E6417]  803eb80700      cmp     byte ptr [0x7b8], 0
    3633:641C  [E641C]  754f            jne     L_E646D  ; 0x18d
    3633:641E  [E641E]  fe06951a        inc     byte ptr [0x1a95]
    3633:6422  [E6422]  a0951a          mov     al, byte ptr [0x1a95]
    3633:6425  [E6425]  2ae4            sub     ah, ah
    3633:6427  [E6427]  25b000          and     ax, 0xb0
    3633:642A  [E642A]  3d0000          cmp     ax, 0
    3633:642D  [E642D]  740a            je      L_E6439  ; 0x159
    3633:642F  [E642F]  a0951a          mov     al, byte ptr [0x1a95]
    3633:6432  [E6432]  2440            and     al, 0x40
    3633:6434  [E6434]  fec0            inc     al
    3633:6436  [E6436]  a2951a          mov     byte ptr [0x1a95], al
L_E6439:
    3633:6439  [E6439]  e93100          jmp     L_E646D  ; 0x18d
L_E643C:
    3633:643C  [E643C]  803e5b0700      cmp     byte ptr [0x75b], 0
    3633:6441  [E6441]  752a            jne     L_E646D  ; 0x18d
    3633:6443  [E6443]  9a010058f1      lcall   SUB_F1581  ; 0xf158, 1
    3633:6448  [E6448]  3d0000          cmp     ax, 0
    3633:644B  [E644B]  7420            je      L_E646D  ; 0x18d
    3633:644D  [E644D]  800e950708      or      byte ptr [0x795], 8
    3633:6452  [E6452]  fe06941a        inc     byte ptr [0x1a94]
    3633:6456  [E6456]  a0941a          mov     al, byte ptr [0x1a94]
    3633:6459  [E6459]  2ae4            sub     ah, ah
    3633:645B  [E645B]  25b000          and     ax, 0xb0
    3633:645E  [E645E]  3d0000          cmp     ax, 0
    3633:6461  [E6461]  740a            je      L_E646D  ; 0x18d
    3633:6463  [E6463]  a0941a          mov     al, byte ptr [0x1a94]
    3633:6466  [E6466]  2440            and     al, 0x40
    3633:6468  [E6468]  fec0            inc     al
    3633:646A  [E646A]  a2941a          mov     byte ptr [0x1a94], al
L_E646D:
    3633:646D  [E646D]  803e950700      cmp     byte ptr [0x795], 0
    3633:6472  [E6472]  7548            jne     L_E64BC  ; 0x1dc
    3633:6474  [E6474]  9a2c00fef9      lcall   clear_channel1_status  ; 0xf9fe, 0x2c
    3633:6479  [E6479]  c606630700      mov     byte ptr [0x763], 0
    3633:647E  [E647E]  803ef71b00      cmp     byte ptr [0x1bf7], 0
    3633:6483  [E6483]  750e            jne     L_E6493  ; 0x1b3
    3633:6485  [E6485]  803e781b00      cmp     byte ptr [0x1b78], 0
    3633:648A  [E648A]  7507            jne     L_E6493  ; 0x1b3
    3633:648C  [E648C]  803e7a1b00      cmp     byte ptr [0x1b7a], 0
    3633:6491  [E6491]  7424            je      L_E64B7  ; 0x1d7
L_E6493:
    3633:6493  [E6493]  fe069b1a        inc     byte ptr [0x1a9b]
    3633:6497  [E6497]  a09b1a          mov     al, byte ptr [0x1a9b]
    3633:649A  [E649A]  2ae4            sub     ah, ah
    3633:649C  [E649C]  25b000          and     ax, 0xb0
    3633:649F  [E649F]  3d0000          cmp     ax, 0
    3633:64A2  [E64A2]  740a            je      L_E64AE  ; 0x1ce
    3633:64A4  [E64A4]  a09b1a          mov     al, byte ptr [0x1a9b]
    3633:64A7  [E64A7]  2440            and     al, 0x40
    3633:64A9  [E64A9]  fec0            inc     al
    3633:64AB  [E64AB]  a29b1a          mov     byte ptr [0x1a9b], al
L_E64AE:
    3633:64AE  [E64AE]  c70650070000    mov     word ptr [0x750], 0
    3633:64B4  [E64B4]  e90500          jmp     L_E64BC  ; 0x1dc
L_E64B7:
    3633:64B7  [E64B7]  c606620701      mov     byte ptr [0x762], 1
L_E64BC:
    3633:64BC  [E64BC]  8be5            mov     sp, bp
    3633:64BE  [E64BE]  5d              pop     bp
    3633:64BF  [E64BF]  cb              retf    
COMM_ROM_BOOTSTUB_TARGET:
    3633:64C0  [E64C0]  55              push    bp
    3633:64C1  [E64C1]  8bec            mov     bp, sp
    3633:64C3  [E64C3]  83ec0c          sub     sp, 0xc
    3633:64C6  [E64C6]  c606660700      mov     byte ptr [0x766], 0
    3633:64CB  [E64CB]  bf4100          mov     di, 0x41
    3633:64CE  [E64CE]  57              push    di
    3633:64CF  [E64CF]  9a080007f0      lcall   scale_and_plot_point_default  ; 0xf007, 8
    3633:64D4  [E64D4]  9a4301d1e5      lcall   install_late_interrupt_vectors  ; 0xe5d1, 0x143
    3633:64D9  [E64D9]  9a1f00d1e5      lcall   disable_interrupts  ; 0xe5d1, 0x1f
    3633:64DE  [E64DE]  9a0e00b3fd      lcall   clear_measurement_mode_bit  ; 0xfdb3, 0xe
    3633:64E3  [E64E3]  9a0e0056f1      lcall   SUB_F156E  ; 0xf156, 0xe
    3633:64E8  [E64E8]  c746f80000      mov     word ptr [bp - 8], 0
    3633:64ED  [E64ED]  e90b00          jmp     L_E64FB  ; 0x3b
L_E64F0:
    3633:64F0  [E64F0]  8b7ef8          mov     di, word ptr [bp - 8]
    3633:64F3  [E64F3]  c685911a00      mov     byte ptr [di + 0x1a91], 0
    3633:64F8  [E64F8]  ff46f8          inc     word ptr [bp - 8]
L_E64FB:
    3633:64FB  [E64FB]  837ef80c        cmp     word ptr [bp - 8], 0xc
    3633:64FF  [E64FF]  7cef            jl      L_E64F0  ; 0x30
    3633:6501  [E6501]  9a0300cffb      lcall   SUB_FBCF3  ; 0xfbcf, 3
    3633:6506  [E6506]  9a050025e9      lcall   assert_and_halt  ; 0xe925, 5
    3633:650B  [E650B]  9a4301d1e5      lcall   install_late_interrupt_vectors  ; 0xe5d1, 0x143
    3633:6510  [E6510]  b80000          mov     ax, 0
    3633:6513  [E6513]  baffff          mov     dx, 0xffff
    3633:6516  [E6516]  8946f4          mov     word ptr [bp - 0xc], ax
    3633:6519  [E6519]  8956f6          mov     word ptr [bp - 0xa], dx
    3633:651C  [E651C]  ff5ef4          lcall   [bp - 0xc]
    3633:651F  [E651F]  8be5            mov     sp, bp
    3633:6521  [E6521]  5d              pop     bp
    3633:6522  [E6522]  cb              retf    

scheduler_tick_service:
    3633:6524  [E6524]  55              push    bp
    3633:6525  [E6525]  8bec            mov     bp, sp
    3633:6527  [E6527]  83ec06          sub     sp, 6
    3633:652A  [E652A]  803e761b00      cmp     byte ptr [0x1b76], 0
    3633:652F  [E652F]  7507            jne     L_E6538  ; 0x18
    3633:6531  [E6531]  803e8c1b13      cmp     byte ptr [0x1b8c], 0x13
    3633:6536  [E6536]  7335            jae     L_E656D  ; 0x4d
L_E6538:
    3633:6538  [E6538]  e91e00          jmp     L_E6559  ; 0x39
L_E653B:
    3633:653B  [E653B]  9a2d00d1e5      lcall   scan_low_ram_chunk0  ; 0xe5d1, 0x2d
    3633:6540  [E6540]  e95000          jmp     L_E6593  ; 0x73
L_E6543:
    3633:6543  [E6543]  9a3900d1e5      lcall   scan_low_ram_chunk1  ; 0xe5d1, 0x39
    3633:6548  [E6548]  e94800          jmp     L_E6593  ; 0x73
L_E654B:
    3633:654B  [E654B]  9a4800d1e5      lcall   scan_low_ram_chunk2  ; 0xe5d1, 0x48
    3633:6550  [E6550]  c706b2070000    mov     word ptr [0x7b2], 0
    3633:6556  [E6556]  e93a00          jmp     L_E6593  ; 0x73
L_E6559:
    3633:6559  [E6559]  a1b207          mov     ax, word ptr [0x7b2]
    3633:655C  [E655C]  ff06b207        inc     word ptr [0x7b2]
    3633:6560  [E6560]  3d0000          cmp     ax, 0
    3633:6563  [E6563]  74d6            je      L_E653B  ; 0x1b
    3633:6565  [E6565]  3d0100          cmp     ax, 1
    3633:6568  [E6568]  74d9            je      L_E6543  ; 0x23
    3633:656A  [E656A]  e9deff          jmp     L_E654B  ; 0x2b
L_E656D:
    3633:656D  [E656D]  ff06b207        inc     word ptr [0x7b2]
    3633:6571  [E6571]  833eb20702      cmp     word ptr [0x7b2], 2
    3633:6576  [E6576]  7e1b            jle     L_E6593  ; 0x73
    3633:6578  [E6578]  c706b2070000    mov     word ptr [0x7b2], 0
    3633:657E  [E657E]  fe069c1a        inc     byte ptr [0x1a9c]
    3633:6582  [E6582]  803e9c1a02      cmp     byte ptr [0x1a9c], 2
    3633:6587  [E6587]  760a            jbe     L_E6593  ; 0x73
    3633:6589  [E6589]  c6069c1a00      mov     byte ptr [0x1a9c], 0
    3633:658E  [E658E]  9a2100d1e5      lcall   delay_read_128w  ; 0xe5d1, 0x21
L_E6593:
    3633:6593  [E6593]  b8fa3f          mov     ax, 0x3ffa
    3633:6596  [E6596]  ba0040          mov     dx, 0x4000
    3633:6599  [E6599]  8bf8            mov     di, ax
    3633:659B  [E659B]  8ec2            mov     es, dx
    3633:659D  [E659D]  268a1d          mov     bl, byte ptr es:[di]
    3633:65A0  [E65A0]  881e5807        mov     byte ptr [0x758], bl
    3633:65A4  [E65A4]  b8fb3f          mov     ax, 0x3ffb
    3633:65A7  [E65A7]  ba0040          mov     dx, 0x4000
    3633:65AA  [E65AA]  8bf8            mov     di, ax
    3633:65AC  [E65AC]  8ec2            mov     es, dx
    3633:65AE  [E65AE]  268a15          mov     dl, byte ptr es:[di]
    3633:65B1  [E65B1]  88165907        mov     byte ptr [0x759], dl
    3633:65B5  [E65B5]  a0b407          mov     al, byte ptr [0x7b4]
    3633:65B8  [E65B8]  30065807        xor     byte ptr [0x758], al
    3633:65BC  [E65BC]  803e5b0700      cmp     byte ptr [0x75b], 0
    3633:65C1  [E65C1]  7432            je      L_E65F5  ; 0xd5
    3633:65C3  [E65C3]  9a010058f1      lcall   SUB_F1581  ; 0xf158, 1
    3633:65C8  [E65C8]  3d0000          cmp     ax, 0
    3633:65CB  [E65CB]  7428            je      L_E65F5  ; 0xd5
    3633:65CD  [E65CD]  a0941a          mov     al, byte ptr [0x1a94]
    3633:65D0  [E65D0]  2ae4            sub     ah, ah
    3633:65D2  [E65D2]  250f00          and     ax, 0xf
    3633:65D5  [E65D5]  3d0000          cmp     ax, 0
    3633:65D8  [E65D8]  751b            jne     L_E65F5  ; 0xd5
    3633:65DA  [E65DA]  fe06941a        inc     byte ptr [0x1a94]
    3633:65DE  [E65DE]  a0941a          mov     al, byte ptr [0x1a94]
    3633:65E1  [E65E1]  2ae4            sub     ah, ah
    3633:65E3  [E65E3]  25b000          and     ax, 0xb0
    3633:65E6  [E65E6]  3d0000          cmp     ax, 0
    3633:65E9  [E65E9]  740a            je      L_E65F5  ; 0xd5
    3633:65EB  [E65EB]  a0941a          mov     al, byte ptr [0x1a94]
    3633:65EE  [E65EE]  2440            and     al, 0x40
    3633:65F0  [E65F0]  fec0            inc     al
    3633:65F2  [E65F2]  a2941a          mov     byte ptr [0x1a94], al
L_E65F5:
    3633:65F5  [E65F5]  ff065207        inc     word ptr [0x752]
    3633:65F9  [E65F9]  a0cd1a          mov     al, byte ptr [0x1acd]
    3633:65FC  [E65FC]  a25a07          mov     byte ptr [0x75a], al
    3633:65FF  [E65FF]  ff065607        inc     word ptr [0x756]
    3633:6603  [E6603]  a16407          mov     ax, word ptr [0x764]
    3633:6606  [E6606]  39065607        cmp     word ptr [0x756], ax
    3633:660A  [E660A]  7c2e            jl      L_E663A  ; 0x11a
    3633:660C  [E660C]  a0951a          mov     al, byte ptr [0x1a95]
    3633:660F  [E660F]  2ae4            sub     ah, ah
    3633:6611  [E6611]  250f00          and     ax, 0xf
    3633:6614  [E6614]  3d0000          cmp     ax, 0
    3633:6617  [E6617]  7521            jne     L_E663A  ; 0x11a
    3633:6619  [E6619]  fe06941a        inc     byte ptr [0x1a94]
    3633:661D  [E661D]  a0941a          mov     al, byte ptr [0x1a94]
    3633:6620  [E6620]  2ae4            sub     ah, ah
    3633:6622  [E6622]  25b000          and     ax, 0xb0
    3633:6625  [E6625]  3d0000          cmp     ax, 0
    3633:6628  [E6628]  740a            je      L_E6634  ; 0x114
    3633:662A  [E662A]  a0941a          mov     al, byte ptr [0x1a94]
    3633:662D  [E662D]  2440            and     al, 0x40
    3633:662F  [E662F]  fec0            inc     al
    3633:6631  [E6631]  a2941a          mov     byte ptr [0x1a94], al
L_E6634:
    3633:6634  [E6634]  c70656070000    mov     word ptr [0x756], 0
L_E663A:
    3633:663A  [E663A]  803e660700      cmp     byte ptr [0x766], 0
    3633:663F  [E663F]  7478            je      L_E66B9  ; 0x199
    3633:6641  [E6641]  803e8e0700      cmp     byte ptr [0x78e], 0
    3633:6646  [E6646]  7574            jne     L_E66BC  ; 0x19c
    3633:6648  [E6648]  803ef71b00      cmp     byte ptr [0x1bf7], 0
    3633:664D  [E664D]  741b            je      L_E666A  ; 0x14a
    3633:664F  [E664F]  fe069b1a        inc     byte ptr [0x1a9b]
    3633:6653  [E6653]  a09b1a          mov     al, byte ptr [0x1a9b]
    3633:6656  [E6656]  2ae4            sub     ah, ah
    3633:6658  [E6658]  25b000          and     ax, 0xb0
    3633:665B  [E665B]  3d0000          cmp     ax, 0
    3633:665E  [E665E]  740a            je      L_E666A  ; 0x14a
    3633:6660  [E6660]  a09b1a          mov     al, byte ptr [0x1a9b]
    3633:6663  [E6663]  2440            and     al, 0x40
    3633:6665  [E6665]  fec0            inc     al
    3633:6667  [E6667]  a29b1a          mov     byte ptr [0x1a9b], al
L_E666A:
    3633:666A  [E666A]  8006fc1bff      add     byte ptr [0x1bfc], 0xff
    3633:666F  [E666F]  803efc1b00      cmp     byte ptr [0x1bfc], 0
    3633:6674  [E6674]  752a            jne     L_E66A0  ; 0x180
    3633:6676  [E6676]  c606fc1b80      mov     byte ptr [0x1bfc], 0x80
    3633:667B  [E667B]  803ea40700      cmp     byte ptr [0x7a4], 0
    3633:6680  [E6680]  751e            jne     L_E66A0  ; 0x180
    3633:6682  [E6682]  a0761b          mov     al, byte ptr [0x1b76]
    3633:6685  [E6685]  2ae4            sub     ah, ah
    3633:6687  [E6687]  258000          and     ax, 0x80
    3633:668A  [E668A]  3d0000          cmp     ax, 0
    3633:668D  [E668D]  7511            jne     L_E66A0  ; 0x180
    3633:668F  [E668F]  a0981a          mov     al, byte ptr [0x1a98]
    3633:6692  [E6692]  2ae4            sub     ah, ah
    3633:6694  [E6694]  250f00          and     ax, 0xf
    3633:6697  [E6697]  3d0000          cmp     ax, 0
    3633:669A  [E669A]  7504            jne     L_E66A0  ; 0x180
    3633:669C  [E669C]  fe06981a        inc     byte ptr [0x1a98]
L_E66A0:
    3633:66A0  [E66A0]  803e7a1b00      cmp     byte ptr [0x1b7a], 0
    3633:66A5  [E66A5]  7576            jne     L_E671D  ; 0x1fd
    3633:66A7  [E66A7]  803e781b00      cmp     byte ptr [0x1b78], 0
    3633:66AC  [E66AC]  756f            jne     L_E671D  ; 0x1fd
    3633:66AE  [E66AE]  fe06b607        inc     byte ptr [0x7b6]
    3633:66B2  [E66B2]  803eb6070c      cmp     byte ptr [0x7b6], 0xc
    3633:66B7  [E66B7]  eb06            jmp     L_E66BF  ; 0x19f
L_E66B9:
    3633:66B9  [E66B9]  e98401          jmp     L_E6840  ; 0x320
L_E66BC:
    3633:66BC  [E66BC]  e9de00          jmp     L_E679D  ; 0x27d
L_E66BF:
    3633:66BF  [E66BF]  7205            jb      L_E66C6  ; 0x1a6
    3633:66C1  [E66C1]  c606b60700      mov     byte ptr [0x7b6], 0
L_E66C6:
    3633:66C6  [E66C6]  a0b607          mov     al, byte ptr [0x7b6]
    3633:66C9  [E66C9]  2ae4            sub     ah, ah
    3633:66CB  [E66CB]  8bf8            mov     di, ax
    3633:66CD  [E66CD]  80bd440700      cmp     byte ptr [di + 0x744], 0
    3633:66D2  [E66D2]  741e            je      L_E66F2  ; 0x1d2
    3633:66D4  [E66D4]  a0b607          mov     al, byte ptr [0x7b6]
    3633:66D7  [E66D7]  2ae4            sub     ah, ah
    3633:66D9  [E66D9]  8bd8            mov     bx, ax
    3633:66DB  [E66DB]  80874407ff      add     byte ptr [bx + 0x744], 0xff
    3633:66E0  [E66E0]  80bf440700      cmp     byte ptr [bx + 0x744], 0
    3633:66E5  [E66E5]  750b            jne     L_E66F2  ; 0x1d2
    3633:66E7  [E66E7]  a0b607          mov     al, byte ptr [0x7b6]
    3633:66EA  [E66EA]  2ae4            sub     ah, ah
    3633:66EC  [E66EC]  8bd8            mov     bx, ax
    3633:66EE  [E66EE]  fe87911a        inc     byte ptr [bx + 0x1a91]
L_E66F2:
    3633:66F2  [E66F2]  ff065407        inc     word ptr [0x754]
    3633:66F6  [E66F6]  a19007          mov     ax, word ptr [0x790]
    3633:66F9  [E66F9]  39065407        cmp     word ptr [0x754], ax
    3633:66FD  [E66FD]  7e3a            jle     L_E6739  ; 0x219
    3633:66FF  [E66FF]  fe069b1a        inc     byte ptr [0x1a9b]
    3633:6703  [E6703]  803e860600      cmp     byte ptr [0x686], 0
    3633:6708  [E6708]  7429            je      L_E6733  ; 0x213
    3633:670A  [E670A]  803e620700      cmp     byte ptr [0x762], 0
    3633:670F  [E670F]  7428            je      L_E6739  ; 0x219
    3633:6711  [E6711]  9a2c00fef9      lcall   clear_channel1_status  ; 0xf9fe, 0x2c
    3633:6716  [E6716]  9a0e00fef9      lcall   clear_channel2_status  ; 0xf9fe, 0xe
    3633:671B  [E671B]  eb03            jmp     L_E6720  ; 0x200
L_E671D:
    3633:671D  [E671D]  e93c00          jmp     L_E675C  ; 0x23c
L_E6720:
    3633:6720  [E6720]  c606630701      mov     byte ptr [0x763], 1
    3633:6725  [E6725]  c606620700      mov     byte ptr [0x762], 0
    3633:672A  [E672A]  c70654070000    mov     word ptr [0x754], 0
    3633:6730  [E6730]  e90600          jmp     L_E6739  ; 0x219
L_E6733:
    3633:6733  [E6733]  c70654070000    mov     word ptr [0x754], 0
L_E6739:
    3633:6739  [E6739]  803e860600      cmp     byte ptr [0x686], 0
    3633:673E  [E673E]  754a            jne     L_E678A  ; 0x26a
    3633:6740  [E6740]  9a0c009bed      lcall   SUB_ED9BC  ; 0xed9b, 0xc
    3633:6745  [E6745]  3d0000          cmp     ax, 0
    3633:6748  [E6748]  740f            je      L_E6759  ; 0x239
    3633:674A  [E674A]  9a0e00fef9      lcall   clear_channel2_status  ; 0xf9fe, 0xe
    3633:674F  [E674F]  c606630701      mov     byte ptr [0x763], 1
    3633:6754  [E6754]  c606620700      mov     byte ptr [0x762], 0
L_E6759:
    3633:6759  [E6759]  e92e00          jmp     L_E678A  ; 0x26a
L_E675C:
    3633:675C  [E675C]  ff065407        inc     word ptr [0x754]
    3633:6760  [E6760]  a19007          mov     ax, word ptr [0x790]
    3633:6763  [E6763]  39065407        cmp     word ptr [0x754], ax
    3633:6767  [E6767]  7e21            jle     L_E678A  ; 0x26a
    3633:6769  [E6769]  803e620700      cmp     byte ptr [0x762], 0
    3633:676E  [E676E]  741a            je      L_E678A  ; 0x26a
    3633:6770  [E6770]  9a2c00fef9      lcall   clear_channel1_status  ; 0xf9fe, 0x2c
    3633:6775  [E6775]  9a0e00fef9      lcall   clear_channel2_status  ; 0xf9fe, 0xe
    3633:677A  [E677A]  c606630701      mov     byte ptr [0x763], 1
    3633:677F  [E677F]  c70654070000    mov     word ptr [0x754], 0
    3633:6785  [E6785]  c606620700      mov     byte ptr [0x762], 0
L_E678A:
    3633:678A  [E678A]  a19007          mov     ax, word ptr [0x790]
    3633:678D  [E678D]  d1e0            shl     ax, 1
    3633:678F  [E678F]  39065407        cmp     word ptr [0x754], ax
    3633:6793  [E6793]  7e77            jle     L_E680C  ; 0x2ec
    3633:6795  [E6795]  9a240352e6      lcall   SUB_E6844  ; 0xe652, 0x324
    3633:679A  [E679A]  e96f00          jmp     L_E680C  ; 0x2ec
L_E679D:
    3633:679D  [E679D]  803e8d0700      cmp     byte ptr [0x78d], 0
    3633:67A2  [E67A2]  741b            je      L_E67BF  ; 0x29f
    3633:67A4  [E67A4]  fe069b1a        inc     byte ptr [0x1a9b]
    3633:67A8  [E67A8]  a09b1a          mov     al, byte ptr [0x1a9b]
    3633:67AB  [E67AB]  2ae4            sub     ah, ah
    3633:67AD  [E67AD]  25b000          and     ax, 0xb0
    3633:67B0  [E67B0]  3d0000          cmp     ax, 0
    3633:67B3  [E67B3]  740a            je      L_E67BF  ; 0x29f
    3633:67B5  [E67B5]  a09b1a          mov     al, byte ptr [0x1a9b]
    3633:67B8  [E67B8]  2440            and     al, 0x40
    3633:67BA  [E67BA]  fec0            inc     al
    3633:67BC  [E67BC]  a29b1a          mov     byte ptr [0x1a9b], al
L_E67BF:
    3633:67BF  [E67BF]  9a0300f0e7      lcall   SUB_E7F03  ; 0xe7f0, 3
    3633:67C4  [E67C4]  3d0000          cmp     ax, 0
    3633:67C7  [E67C7]  7408            je      L_E67D1  ; 0x2b1
    3633:67C9  [E67C9]  9a390109e7      lcall   update_plot_retry_counters  ; 0xe709, 0x139
    3633:67CE  [E67CE]  e96f00          jmp     L_E6840  ; 0x320
L_E67D1:
    3633:67D1  [E67D1]  ff065407        inc     word ptr [0x754]
    3633:67D5  [E67D5]  a19207          mov     ax, word ptr [0x792]
    3633:67D8  [E67D8]  39065407        cmp     word ptr [0x754], ax
    3633:67DC  [E67DC]  7e62            jle     L_E6840  ; 0x320
    3633:67DE  [E67DE]  9a390109e7      lcall   update_plot_retry_counters  ; 0xe709, 0x139
    3633:67E3  [E67E3]  c70692076400    mov     word ptr [0x792], 0x64
    3633:67E9  [E67E9]  c70654070000    mov     word ptr [0x754], 0
    3633:67EF  [E67EF]  c43edc1d        les     di, ptr [0x1ddc]
    3633:67F3  [E67F3]  8d95be02        lea     dx, [di + 0x2be]
    3633:67F7  [E67F7]  8916fe1b        mov     word ptr [0x1bfe], dx
    3633:67FB  [E67FB]  8c06001c        mov     word ptr [0x1c00], es
    3633:67FF  [E67FF]  c41efe1b        les     bx, ptr [0x1bfe]
    3633:6803  [E6803]  06              push    es
    3633:6804  [E6804]  53              push    bx
    3633:6805  [E6805]  9aaf02a8e6      lcall   seg_off_to_linear  ; 0xe6a8, 0x2af
    3633:680A  [E680A]  eb03            jmp     L_E680F  ; 0x2ef
L_E680C:
    3633:680C  [E680C]  e93100          jmp     L_E6840  ; 0x320
L_E680F:
    3633:680F  [E680F]  c43ee01d        les     di, ptr [0x1de0]
    3633:6813  [E6813]  268905          mov     word ptr es:[di], ax
    3633:6816  [E6816]  9a2c00fef9      lcall   clear_channel1_status  ; 0xf9fe, 0x2c
    3633:681B  [E681B]  9a0e00fef9      lcall   clear_channel2_status  ; 0xf9fe, 0xe
    3633:6820  [E6820]  c606630701      mov     byte ptr [0x763], 1
    3633:6825  [E6825]  fe06971a        inc     byte ptr [0x1a97]
    3633:6829  [E6829]  a0971a          mov     al, byte ptr [0x1a97]
    3633:682C  [E682C]  2ae4            sub     ah, ah
    3633:682E  [E682E]  25b000          and     ax, 0xb0
    3633:6831  [E6831]  3d0000          cmp     ax, 0
    3633:6834  [E6834]  740a            je      L_E6840  ; 0x320
    3633:6836  [E6836]  a0971a          mov     al, byte ptr [0x1a97]
    3633:6839  [E6839]  2440            and     al, 0x40
    3633:683B  [E683B]  fec0            inc     al
    3633:683D  [E683D]  a2971a          mov     byte ptr [0x1a97], al
L_E6840:
    3633:6840  [E6840]  8be5            mov     sp, bp
    3633:6842  [E6842]  5d              pop     bp
    3633:6843  [E6843]  cb              retf    
SUB_E6844:
    3633:6844  [E6844]  55              push    bp
    3633:6845  [E6845]  8bec            mov     bp, sp
    3633:6847  [E6847]  83ec06          sub     sp, 6
    3633:684A  [E684A]  a0b007          mov     al, byte ptr [0x7b0]
    3633:684D  [E684D]  fe06b007        inc     byte ptr [0x7b0]
    3633:6851  [E6851]  3c0a            cmp     al, 0xa
    3633:6853  [E6853]  7610            jbe     L_E6865  ; 0x345
    3633:6855  [E6855]  803e9b1a00      cmp     byte ptr [0x1a9b], 0
    3633:685A  [E685A]  7509            jne     L_E6865  ; 0x345
    3633:685C  [E685C]  fe069b1a        inc     byte ptr [0x1a9b]
    3633:6860  [E6860]  c606b00700      mov     byte ptr [0x7b0], 0
L_E6865:
    3633:6865  [E6865]  9a2c00fef9      lcall   clear_channel1_status  ; 0xf9fe, 0x2c
    3633:686A  [E686A]  9a0e00fef9      lcall   clear_channel2_status  ; 0xf9fe, 0xe
    3633:686F  [E686F]  c606630701      mov     byte ptr [0x763], 1
    3633:6874  [E6874]  c70654070000    mov     word ptr [0x754], 0
    3633:687A  [E687A]  c606620700      mov     byte ptr [0x762], 0
    3633:687F  [E687F]  8be5            mov     sp, bp
    3633:6881  [E6881]  5d              pop     bp
    3633:6882  [E6882]  cb              retf    

SUB_E6884:
    3633:6884  [E6884]  55              push    bp
    3633:6885  [E6885]  8bec            mov     bp, sp
    3633:6887  [E6887]  83ec08          sub     sp, 8
    3633:688A  [E688A]  803e8c1b13      cmp     byte ptr [0x1b8c], 0x13
    3633:688F  [E688F]  7734            ja      L_E68C5  ; 0x45
    3633:6891  [E6891]  803e8c1b08      cmp     byte ptr [0x1b8c], 8
    3633:6896  [E6896]  722d            jb      L_E68C5  ; 0x45
    3633:6898  [E6898]  a08c1b          mov     al, byte ptr [0x1b8c]
    3633:689B  [E689B]  2ae4            sub     ah, ah
    3633:689D  [E689D]  05f8ff          add     ax, 0xfff8
    3633:68A0  [E68A0]  99              cdq     
    3633:68A1  [E68A1]  bf0300          mov     di, 3
    3633:68A4  [E68A4]  f7ff            idiv    di
    3633:68A6  [E68A6]  8bd0            mov     dx, ax
    3633:68A8  [E68A8]  fec2            inc     dl
    3633:68AA  [E68AA]  8856f8          mov     byte ptr [bp - 8], dl
    3633:68AD  [E68AD]  a08c1b          mov     al, byte ptr [0x1b8c]
    3633:68B0  [E68B0]  2ae4            sub     ah, ah
    3633:68B2  [E68B2]  05f8ff          add     ax, 0xfff8
    3633:68B5  [E68B5]  99              cdq     
    3633:68B6  [E68B6]  bb0400          mov     bx, 4
    3633:68B9  [E68B9]  f7fb            idiv    bx
    3633:68BB  [E68BB]  8bd0            mov     dx, ax
    3633:68BD  [E68BD]  fec2            inc     dl
    3633:68BF  [E68BF]  8856f9          mov     byte ptr [bp - 7], dl
    3633:68C2  [E68C2]  e91a00          jmp     L_E68DF  ; 0x5f
L_E68C5:
    3633:68C5  [E68C5]  803e8c1b13      cmp     byte ptr [0x1b8c], 0x13
    3633:68CA  [E68CA]  760b            jbe     L_E68D7  ; 0x57
    3633:68CC  [E68CC]  c646f804        mov     byte ptr [bp - 8], 4
    3633:68D0  [E68D0]  c646f903        mov     byte ptr [bp - 7], 3
    3633:68D4  [E68D4]  e90800          jmp     L_E68DF  ; 0x5f
L_E68D7:
    3633:68D7  [E68D7]  c646f804        mov     byte ptr [bp - 8], 4
    3633:68DB  [E68DB]  c646f903        mov     byte ptr [bp - 7], 3
L_E68DF:
    3633:68DF  [E68DF]  8a56f9          mov     dl, byte ptr [bp - 7]
    3633:68E2  [E68E2]  8816ac07        mov     byte ptr [0x7ac], dl
    3633:68E6  [E68E6]  a0ac07          mov     al, byte ptr [0x7ac]
    3633:68E9  [E68E9]  a2ad07          mov     byte ptr [0x7ad], al
    3633:68EC  [E68EC]  803e6e1b02      cmp     byte ptr [0x1b6e], 2
    3633:68F1  [E68F1]  7508            jne     L_E68FB  ; 0x7b
    3633:68F3  [E68F3]  a0ad07          mov     al, byte ptr [0x7ad]
    3633:68F6  [E68F6]  d0e0            shl     al, 1
    3633:68F8  [E68F8]  a2ad07          mov     byte ptr [0x7ad], al
L_E68FB:
    3633:68FB  [E68FB]  803e6e1b01      cmp     byte ptr [0x1b6e], 1
    3633:6900  [E6900]  750a            jne     L_E690C  ; 0x8c
    3633:6902  [E6902]  a0ad07          mov     al, byte ptr [0x7ad]
    3633:6905  [E6905]  b403            mov     ah, 3
    3633:6907  [E6907]  f6e4            mul     ah
    3633:6909  [E6909]  a2ad07          mov     byte ptr [0x7ad], al
L_E690C:
    3633:690C  [E690C]  803e6a1b02      cmp     byte ptr [0x1b6a], 2
    3633:6911  [E6911]  7508            jne     L_E691B  ; 0x9b
    3633:6913  [E6913]  a0ac07          mov     al, byte ptr [0x7ac]
    3633:6916  [E6916]  d0e0            shl     al, 1
    3633:6918  [E6918]  a2ac07          mov     byte ptr [0x7ac], al
L_E691B:
    3633:691B  [E691B]  803e6a1b01      cmp     byte ptr [0x1b6a], 1
    3633:6920  [E6920]  750a            jne     L_E692C  ; 0xac
    3633:6922  [E6922]  a0ac07          mov     al, byte ptr [0x7ac]
    3633:6925  [E6925]  b403            mov     ah, 3
    3633:6927  [E6927]  f6e4            mul     ah
    3633:6929  [E6929]  a2ac07          mov     byte ptr [0x7ac], al
L_E692C:
    3633:692C  [E692C]  8a56f8          mov     dl, byte ptr [bp - 8]
    3633:692F  [E692F]  8816af07        mov     byte ptr [0x7af], dl
    3633:6933  [E6933]  8816ae07        mov     byte ptr [0x7ae], dl
    3633:6937  [E6937]  8be5            mov     sp, bp
    3633:6939  [E6939]  5d              pop     bp
    3633:693A  [E693A]  cb              retf    

restart_current_task:
    3633:693C  [E693C]  55              push    bp
    3633:693D  [E693D]  8bec            mov     bp, sp
    3633:693F  [E693F]  83ec06          sub     sp, 6
    3633:6942  [E6942]  833ecd1a00      cmp     word ptr [0x1acd], 0
    3633:6947  [E6947]  740e            je      L_E6957  ; 0x27
    3633:6949  [E6949]  8b3ecd1a        mov     di, word ptr [0x1acd]
    3633:694D  [E694D]  c685440701      mov     byte ptr [di + 0x744], 1
    3633:6952  [E6952]  9a74010be6      lcall   create_task  ; 0xe60b, 0x174
L_E6957:
    3633:6957  [E6957]  8be5            mov     sp, bp
    3633:6959  [E6959]  5d              pop     bp
    3633:695A  [E695A]  cb              retf    

mark_task_ready:
    3633:6A8E  [E6A8E]  55              push    bp
    3633:6A8F  [E6A8F]  8bec            mov     bp, sp
    3633:6A91  [E6A91]  83ec06          sub     sp, 6
    3633:6A94  [E6A94]  8b7e06          mov     di, word ptr [bp + 6]
    3633:6A97  [E6A97]  c685440700      mov     byte ptr [di + 0x744], 0
    3633:6A9C  [E6A9C]  fe85911a        inc     byte ptr [di + 0x1a91]
    3633:6AA0  [E6AA0]  9a33010be6      lcall   create_task_b  ; 0xe60b, 0x133
    3633:6AA5  [E6AA5]  8be5            mov     sp, bp
    3633:6AA7  [E6AA7]  5d              pop     bp
    3633:6AA8  [E6AA8]  ca0200          retf    2
L_E6AAB:
    3633:6AAB  [E6AAB]  55              push    bp
    3633:6AAC  [E6AAC]  8bec            mov     bp, sp
    3633:6AAE  [E6AAE]  83ec08          sub     sp, 8
    3633:6AB1  [E6AB1]  c43e801c        les     di, ptr [0x1c80]
    3633:6AB5  [E6AB5]  06              push    es
    3633:6AB6  [E6AB6]  57              push    di
    3633:6AB7  [E6AB7]  9aaf02a8e6      lcall   seg_off_to_linear  ; 0xe6a8, 0x2af
    3633:6ABC  [E6ABC]  50              push    ax
    3633:6ABD  [E6ABD]  c43e841c        les     di, ptr [0x1c84]
    3633:6AC1  [E6AC1]  06              push    es
    3633:6AC2  [E6AC2]  57              push    di
    3633:6AC3  [E6AC3]  9aaf02a8e6      lcall   seg_off_to_linear  ; 0xe6a8, 0x2af
    3633:6AC8  [E6AC8]  5f              pop     di
    3633:6AC9  [E6AC9]  2bc7            sub     ax, di
    3633:6ACB  [E6ACB]  a3021c          mov     word ptr [0x1c02], ax
    3633:6ACE  [E6ACE]  9a0200b1e3      lcall   run_selftest_sequence  ; 0xe3b1, 2
    3633:6AD3  [E6AD3]  c606660700      mov     byte ptr [0x766], 0
    3633:6AD8  [E6AD8]  c746f80000      mov     word ptr [bp - 8], 0
    3633:6ADD  [E6ADD]  e90e00          jmp     L_E6AEE  ; 0x6e
L_E6AE0:
    3633:6AE0  [E6AE0]  8b7ef8          mov     di, word ptr [bp - 8]
    3633:6AE3  [E6AE3]  d1e7            shl     di, 1
    3633:6AE5  [E6AE5]  c78568070000    mov     word ptr [di + 0x768], 0
    3633:6AEB  [E6AEB]  ff46f8          inc     word ptr [bp - 8]
L_E6AEE:
    3633:6AEE  [E6AEE]  837ef80c        cmp     word ptr [bp - 8], 0xc
    3633:6AF2  [E6AF2]  7cec            jl      L_E6AE0  ; 0x60
    3633:6AF4  [E6AF4]  9a0e00b3fd      lcall   clear_measurement_mode_bit  ; 0xfdb3, 0xe
    3633:6AF9  [E6AF9]  9a2c00fef9      lcall   clear_channel1_status  ; 0xf9fe, 0x2c
    3633:6AFE  [E6AFE]  9acd02a8e6      lcall   SUB_E6D4D  ; 0xe6a8, 0x2cd
    3633:6B03  [E6B03]  9a0e0056f1      lcall   SUB_F156E  ; 0xf156, 0xe
    3633:6B08  [E6B08]  c746f80000      mov     word ptr [bp - 8], 0
    3633:6B0D  [E6B0D]  e90b00          jmp     L_E6B1B  ; 0x9b
L_E6B10:
    3633:6B10  [E6B10]  8b7ef8          mov     di, word ptr [bp - 8]
    3633:6B13  [E6B13]  c685911a00      mov     byte ptr [di + 0x1a91], 0
    3633:6B18  [E6B18]  ff46f8          inc     word ptr [bp - 8]
L_E6B1B:
    3633:6B1B  [E6B1B]  837ef80c        cmp     word ptr [bp - 8], 0xc
    3633:6B1F  [E6B1F]  7cef            jl      L_E6B10  ; 0x90
    3633:6B21  [E6B21]  803e800700      cmp     byte ptr [0x780], 0
    3633:6B26  [E6B26]  7549            jne     L_E6B71  ; 0xf1
    3633:6B28  [E6B28]  c606800701      mov     byte ptr [0x780], 1
    3633:6B2D  [E6B2D]  c70690070700    mov     word ptr [0x790], 7
    3633:6B33  [E6B33]  c70692076400    mov     word ptr [0x792], 0x64
    3633:6B39  [E6B39]  c606940700      mov     byte ptr [0x794], 0
    3633:6B3E  [E6B3E]  c6068d0701      mov     byte ptr [0x78d], 1
    3633:6B43  [E6B43]  c6069c0701      mov     byte ptr [0x79c], 1
    3633:6B48  [E6B48]  c70664071800    mov     word ptr [0x764], 0x18
    3633:6B4E  [E6B4E]  c606960703      mov     byte ptr [0x796], 3
    3633:6B53  [E6B53]  c606600700      mov     byte ptr [0x760], 0
    3633:6B58  [E6B58]  c746f80000      mov     word ptr [bp - 8], 0
    3633:6B5D  [E6B5D]  e90b00          jmp     L_E6B6B  ; 0xeb
L_E6B60:
    3633:6B60  [E6B60]  8b7ef8          mov     di, word ptr [bp - 8]
    3633:6B63  [E6B63]  c685810701      mov     byte ptr [di + 0x781], 1
    3633:6B68  [E6B68]  ff46f8          inc     word ptr [bp - 8]
L_E6B6B:
    3633:6B6B  [E6B6B]  837ef80c        cmp     word ptr [bp - 8], 0xc
    3633:6B6F  [E6B6F]  7cef            jl      L_E6B60  ; 0xe0
L_E6B71:
    3633:6B71  [E6B71]  9a00005ce7      lcall   detect_comm_option_hw  ; 0xe75c, 0
    3633:6B76  [E6B76]  9a0300cffb      lcall   SUB_FBCF3  ; 0xfbcf, 3
    3633:6B7B  [E6B7B]  9a050025e9      lcall   assert_and_halt  ; 0xe925, 5
    3633:6B80  [E6B80]  9a080023e7      lcall   SUB_E7238  ; 0xe723, 8
    3633:6B85  [E6B85]  c6068d1b01      mov     byte ptr [0x1b8d], 1
    3633:6B8A  [E6B8A]  fe06911a        inc     byte ptr [0x1a91]
    3633:6B8E  [E6B8E]  a0911a          mov     al, byte ptr [0x1a91]
    3633:6B91  [E6B91]  2ae4            sub     ah, ah
    3633:6B93  [E6B93]  25b000          and     ax, 0xb0
    3633:6B96  [E6B96]  3d0000          cmp     ax, 0
    3633:6B99  [E6B99]  740a            je      L_E6BA5  ; 0x125
    3633:6B9B  [E6B9B]  a0911a          mov     al, byte ptr [0x1a91]
    3633:6B9E  [E6B9E]  2440            and     al, 0x40
    3633:6BA0  [E6BA0]  fec0            inc     al
    3633:6BA2  [E6BA2]  a2911a          mov     byte ptr [0x1a91], al
L_E6BA5:
    3633:6BA5  [E6BA5]  9a4301d1e5      lcall   install_late_interrupt_vectors  ; 0xe5d1, 0x143
    3633:6BAA  [E6BAA]  9ab6000be6      lcall   switch_to_next_task  ; 0xe60b, 0xb6
    3633:6BAF  [E6BAF]  8be5            mov     sp, bp
    3633:6BB1  [E6BB1]  5d              pop     bp
    3633:6BB2  [E6BB2]  cb              retf    

reset_display_and_notify_comm:
    3633:6C85  [E6C85]  55              push    bp
    3633:6C86  [E6C86]  8bec            mov     bp, sp
    3633:6C88  [E6C88]  83ec06          sub     sp, 6
    3633:6C8B  [E6C8B]  803e660700      cmp     byte ptr [0x766], 0
    3633:6C90  [E6C90]  7452            je      L_E6CE4  ; 0x264
    3633:6C92  [E6C92]  9a6004a8e6      lcall   notify_comm_rom_a  ; 0xe6a8, 0x460
    3633:6C97  [E6C97]  8026761bbf      and     byte ptr [0x1b76], 0xbf
    3633:6C9C  [E6C9C]  c606600700      mov     byte ptr [0x760], 0
    3633:6CA1  [E6CA1]  9a1f00d1e5      lcall   disable_interrupts  ; 0xe5d1, 0x1f
    3633:6CA6  [E6CA6]  800e8d1b01      or      byte ptr [0x1b8d], 1
    3633:6CAB  [E6CAB]  9aa002a8e6      lcall   clear_measurement_mode_relay  ; 0xe6a8, 0x2a0
    3633:6CB0  [E6CB0]  9a040088e6      lcall   SUB_E6884  ; 0xe688, 4
    3633:6CB5  [E6CB5]  9a060041e7      lcall   refresh_display_position_cache  ; 0xe741, 6
    3633:6CBA  [E6CBA]  c6068d1b01      mov     byte ptr [0x1b8d], 1
    3633:6CBF  [E6CBF]  800e761b80      or      byte ptr [0x1b76], 0x80
    3633:6CC4  [E6CC4]  9a6802a8e6      lcall   finish_acq_reset_and_clear_mode  ; 0xe6a8, 0x268
    3633:6CC9  [E6CC9]  9af20023e7      lcall   SUB_E7322  ; 0xe723, 0xf2
    3633:6CCE  [E6CCE]  9a1800d1e5      lcall   sync_and_enable_interrupts  ; 0xe5d1, 0x18
    3633:6CD3  [E6CD3]  9a7d04a8e6      lcall   notify_comm_rom_b  ; 0xe6a8, 0x47d
    3633:6CD8  [E6CD8]  803ef71b00      cmp     byte ptr [0x1bf7], 0
    3633:6CDD  [E6CDD]  7405            je      L_E6CE4  ; 0x264
    3633:6CDF  [E6CDF]  9a4403a8e6      lcall   reinit_system_state  ; 0xe6a8, 0x344
L_E6CE4:
    3633:6CE4  [E6CE4]  8be5            mov     sp, bp
    3633:6CE6  [E6CE6]  5d              pop     bp
    3633:6CE7  [E6CE7]  cb              retf    
finish_acq_reset_and_clear_mode:
    3633:6CE8  [E6CE8]  55              push    bp
    3633:6CE9  [E6CE9]  8bec            mov     bp, sp
    3633:6CEB  [E6CEB]  83ec06          sub     sp, 6
    3633:6CEE  [E6CEE]  c606610701      mov     byte ptr [0x761], 1
    3633:6CF3  [E6CF3]  9aa002a8e6      lcall   clear_measurement_mode_relay  ; 0xe6a8, 0x2a0
    3633:6CF8  [E6CF8]  2bff            sub     di, di
    3633:6CFA  [E6CFA]  57              push    di
    3633:6CFB  [E6CFB]  9a580359fb      lcall   SUB_FB8E8  ; 0xfb59, 0x358
    3633:6D00  [E6D00]  8be5            mov     sp, bp
    3633:6D02  [E6D02]  5d              pop     bp
    3633:6D03  [E6D03]  cb              retf    
reset_display_if_idle:
    3633:6D04  [E6D04]  55              push    bp
    3633:6D05  [E6D05]  8bec            mov     bp, sp
    3633:6D07  [E6D07]  83ec06          sub     sp, 6
    3633:6D0A  [E6D0A]  a0761b          mov     al, byte ptr [0x1b76]
    3633:6D0D  [E6D0D]  2ae4            sub     ah, ah
    3633:6D0F  [E6D0F]  25df00          and     ax, 0xdf
    3633:6D12  [E6D12]  3d0000          cmp     ax, 0
    3633:6D15  [E6D15]  7505            jne     L_E6D1C  ; 0x29c
    3633:6D17  [E6D17]  9a0502a8e6      lcall   reset_display_and_notify_comm  ; 0xe6a8, 0x205
L_E6D1C:
    3633:6D1C  [E6D1C]  8be5            mov     sp, bp
    3633:6D1E  [E6D1E]  5d              pop     bp
    3633:6D1F  [E6D1F]  cb              retf    
clear_measurement_mode_relay:
    3633:6D20  [E6D20]  55              push    bp
    3633:6D21  [E6D21]  8bec            mov     bp, sp
    3633:6D23  [E6D23]  83ec06          sub     sp, 6
    3633:6D26  [E6D26]  9a0e00b3fd      lcall   clear_measurement_mode_bit  ; 0xfdb3, 0xe
    3633:6D2B  [E6D2B]  8be5            mov     sp, bp
    3633:6D2D  [E6D2D]  5d              pop     bp
    3633:6D2E  [E6D2E]  cb              retf    
seg_off_to_linear:
    3633:6D2F  [E6D2F]  55              push    bp
    3633:6D30  [E6D30]  8bec            mov     bp, sp
    3633:6D32  [E6D32]  83ec06          sub     sp, 6
    3633:6D35  [E6D35]  8b7e06          mov     di, word ptr [bp + 6]
    3633:6D38  [E6D38]  8b5608          mov     dx, word ptr [bp + 8]
    3633:6D3B  [E6D3B]  d1e2            shl     dx, 1
    3633:6D3D  [E6D3D]  d1e2            shl     dx, 1
    3633:6D3F  [E6D3F]  d1e2            shl     dx, 1
    3633:6D41  [E6D41]  d1e2            shl     dx, 1
    3633:6D43  [E6D43]  03fa            add     di, dx
    3633:6D45  [E6D45]  8bc7            mov     ax, di
    3633:6D47  [E6D47]  8be5            mov     sp, bp
    3633:6D49  [E6D49]  5d              pop     bp
    3633:6D4A  [E6D4A]  ca0400          retf    4
SUB_E6D4D:
    3633:6D4D  [E6D4D]  55              push    bp
    3633:6D4E  [E6D4E]  8bec            mov     bp, sp
    3633:6D50  [E6D50]  83ec06          sub     sp, 6
    3633:6D53  [E6D53]  803ef91b00      cmp     byte ptr [0x1bf9], 0
    3633:6D58  [E6D58]  7442            je      L_E6D9C  ; 0x31c
    3633:6D5A  [E6D5A]  9a0c002896      lcall   comm_rom_boot_init  ; 0x9628, 0xc
    3633:6D5F  [E6D5F]  c70640070400    mov     word ptr [0x740], 4
    3633:6D65  [E6D65]  c7064207f596    mov     word ptr [0x742], 0x96f5
    3633:6D6B  [E6D6B]  c70638070500    mov     word ptr [0x738], 5
    3633:6D71  [E6D71]  c7063a079f83    mov     word ptr [0x73a], 0x839f
    3633:6D77  [E6D77]  803efa1b00      cmp     byte ptr [0x1bfa], 0
    3633:6D7C  [E6D7C]  740b            je      L_E6D89  ; 0x309
    3633:6D7E  [E6D7E]  bff596          mov     di, 0x96f5
    3633:6D81  [E6D81]  8ec7            mov     es, di
    3633:6D83  [E6D83]  bf5c06          mov     di, 0x65c
    3633:6D86  [E6D86]  e90800          jmp     L_E6D91  ; 0x311
L_E6D89:
    3633:6D89  [E6D89]  bff596          mov     di, 0x96f5
    3633:6D8C  [E6D8C]  8ec7            mov     es, di
    3633:6D8E  [E6D8E]  bfdb01          mov     di, 0x1db
L_E6D91:
    3633:6D91  [E6D91]  893e3c07        mov     word ptr [0x73c], di
    3633:6D95  [E6D95]  8c063e07        mov     word ptr [0x73e], es
    3633:6D99  [E6D99]  e92400          jmp     L_E6DC0  ; 0x340
L_E6D9C:
    3633:6D9C  [E6D9C]  c70638070200    mov     word ptr [0x738], 2
    3633:6DA2  [E6DA2]  c7063a07a8e6    mov     word ptr [0x73a], 0xe6a8
    3633:6DA8  [E6DA8]  c7063c070200    mov     word ptr [0x73c], 2
    3633:6DAE  [E6DAE]  c7063e07a8e6    mov     word ptr [0x73e], 0xe6a8
    3633:6DB4  [E6DB4]  c70640070200    mov     word ptr [0x740], 2
    3633:6DBA  [E6DBA]  c7064207a8e6    mov     word ptr [0x742], 0xe6a8
L_E6DC0:
    3633:6DC0  [E6DC0]  8be5            mov     sp, bp
    3633:6DC2  [E6DC2]  5d              pop     bp
    3633:6DC3  [E6DC3]  cb              retf    
reinit_system_state:
    3633:6DC4  [E6DC4]  55              push    bp
    3633:6DC5  [E6DC5]  8bec            mov     bp, sp
    3633:6DC7  [E6DC7]  83ec06          sub     sp, 6
    3633:6DCA  [E6DCA]  9a6004a8e6      lcall   notify_comm_rom_a  ; 0xe6a8, 0x460
    3633:6DCF  [E6DCF]  9a1f00d1e5      lcall   disable_interrupts  ; 0xe5d1, 0x1f
    3633:6DD4  [E6DD4]  c606f71b00      mov     byte ptr [0x1bf7], 0
    3633:6DD9  [E6DD9]  c6068e0700      mov     byte ptr [0x78e], 0
    3633:6DDE  [E6DDE]  803e831b1e      cmp     byte ptr [0x1b83], 0x1e
    3633:6DE3  [E6DE3]  7411            je      L_E6DF6  ; 0x376
    3633:6DE5  [E6DE5]  803e080600      cmp     byte ptr [0x608], 0
    3633:6DEA  [E6DEA]  740a            je      L_E6DF6  ; 0x376
    3633:6DEC  [E6DEC]  c606fd0300      mov     byte ptr [0x3fd], 0
    3633:6DF1  [E6DF1]  c606080600      mov     byte ptr [0x608], 0
L_E6DF6:
    3633:6DF6  [E6DF6]  c7064805ffff    mov     word ptr [0x548], 0xffff
    3633:6DFC  [E6DFC]  8026761bef      and     byte ptr [0x1b76], 0xef
    3633:6E01  [E6E01]  c606620701      mov     byte ptr [0x762], 1
    3633:6E06  [E6E06]  c6069c0701      mov     byte ptr [0x79c], 1
    3633:6E0B  [E6E0B]  9a060041e7      lcall   refresh_display_position_cache  ; 0xe741, 6
    3633:6E10  [E6E10]  803ef91b00      cmp     byte ptr [0x1bf9], 0
    3633:6E15  [E6E15]  7427            je      L_E6E3E  ; 0x3be
    3633:6E17  [E6E17]  bf808f          mov     di, 0x8f80
    3633:6E1A  [E6E1A]  57              push    di
    3633:6E1B  [E6E1B]  9a080007f0      lcall   scale_and_plot_point_default  ; 0xf007, 8
    3633:6E20  [E6E20]  803e3c0600      cmp     byte ptr [0x63c], 0
    3633:6E25  [E6E25]  7409            je      L_E6E30  ; 0x3b0
    3633:6E27  [E6E27]  bf0100          mov     di, 1
    3633:6E2A  [E6E2A]  57              push    di
    3633:6E2B  [E6E2B]  9a0f0004e0      lcall   plot_point_with_flag_update  ; 0xe004, 0xf
L_E6E30:
    3633:6E30  [E6E30]  c6063c0600      mov     byte ptr [0x63c], 0
    3633:6E35  [E6E35]  bf4100          mov     di, 0x41
    3633:6E38  [E6E38]  57              push    di
    3633:6E39  [E6E39]  9a080007f0      lcall   scale_and_plot_point_default  ; 0xf007, 8
L_E6E3E:
    3633:6E3E  [E6E3E]  9a8402a8e6      lcall   reset_display_if_idle  ; 0xe6a8, 0x284
    3633:6E43  [E6E43]  c6068d0701      mov     byte ptr [0x78d], 1
    3633:6E48  [E6E48]  9a0e04f5f5      lcall   SUB_F635E  ; 0xf5f5, 0x40e
    3633:6E4D  [E6E4D]  c606971a00      mov     byte ptr [0x1a97], 0
    3633:6E52  [E6E52]  9a1800d1e5      lcall   sync_and_enable_interrupts  ; 0xe5d1, 0x18
    3633:6E57  [E6E57]  9a7d04a8e6      lcall   notify_comm_rom_b  ; 0xe6a8, 0x47d
    3633:6E5C  [E6E5C]  8be5            mov     sp, bp
    3633:6E5E  [E6E5E]  5d              pop     bp
    3633:6E5F  [E6E5F]  cb              retf    

notify_comm_rom_a:
    3633:6EE0  [E6EE0]  55              push    bp
    3633:6EE1  [E6EE1]  8bec            mov     bp, sp
    3633:6EE3  [E6EE3]  83ec06          sub     sp, 6
    3633:6EE6  [E6EE6]  803ef91b00      cmp     byte ptr [0x1bf9], 0
    3633:6EEB  [E6EEB]  740c            je      L_E6EF9  ; 0x479
    3633:6EED  [E6EED]  803efa1b00      cmp     byte ptr [0x1bfa], 0
    3633:6EF2  [E6EF2]  7505            jne     L_E6EF9  ; 0x479
    3633:6EF4  [E6EF4]  9a9d068796      lcall   engage_comm_hold_critical  ; 0x9687, 0x69d
L_E6EF9:
    3633:6EF9  [E6EF9]  8be5            mov     sp, bp
    3633:6EFB  [E6EFB]  5d              pop     bp
    3633:6EFC  [E6EFC]  cb              retf    
notify_comm_rom_b:
    3633:6EFD  [E6EFD]  55              push    bp
    3633:6EFE  [E6EFE]  8bec            mov     bp, sp
    3633:6F00  [E6F00]  83ec06          sub     sp, 6
    3633:6F03  [E6F03]  803ef91b00      cmp     byte ptr [0x1bf9], 0
    3633:6F08  [E6F08]  741d            je      L_E6F27  ; 0x4a7
    3633:6F0A  [E6F0A]  803efa1b00      cmp     byte ptr [0x1bfa], 0
    3633:6F0F  [E6F0F]  7516            jne     L_E6F27  ; 0x4a7
    3633:6F11  [E6F11]  9a56068796      lcall   release_comm_hold_critical  ; 0x9687, 0x656
    3633:6F16  [E6F16]  833ecd1a0a      cmp     word ptr [0x1acd], 0xa
    3633:6F1B  [E6F1B]  740a            je      L_E6F27  ; 0x4a7
    3633:6F1D  [E6F1D]  9a0c0093e6      lcall   restart_current_task  ; 0xe693, 0xc
    3633:6F22  [E6F22]  9a0c0093e6      lcall   restart_current_task  ; 0xe693, 0xc
L_E6F27:
    3633:6F27  [E6F27]  8be5            mov     sp, bp
    3633:6F29  [E6F29]  5d              pop     bp
    3633:6F2A  [E6F2A]  cb              retf    

update_plot_retry_counters:
    3633:71C9  [E71C9]  55              push    bp
    3633:71CA  [E71CA]  8bec            mov     bp, sp
    3633:71CC  [E71CC]  83ec08          sub     sp, 8
    3633:71CF  [E71CF]  c746f80000      mov     word ptr [bp - 8], 0
    3633:71D4  [E71D4]  e93900          jmp     L_E7210  ; 0x180
L_E71D7:
    3633:71D7  [E71D7]  8b7ef8          mov     di, word ptr [bp - 8]
    3633:71DA  [E71DA]  80bd440700      cmp     byte ptr [di + 0x744], 0
    3633:71DF  [E71DF]  742c            je      L_E720D  ; 0x17d
    3633:71E1  [E71E1]  80854407ff      add     byte ptr [di + 0x744], 0xff
    3633:71E6  [E71E6]  80bd440700      cmp     byte ptr [di + 0x744], 0
    3633:71EB  [E71EB]  7520            jne     L_E720D  ; 0x17d
    3633:71ED  [E71ED]  fe85911a        inc     byte ptr [di + 0x1a91]
    3633:71F1  [E71F1]  8a95911a        mov     dl, byte ptr [di + 0x1a91]
    3633:71F5  [E71F5]  2af6            sub     dh, dh
    3633:71F7  [E71F7]  81e2b000        and     dx, 0xb0
    3633:71FB  [E71FB]  83fa00          cmp     dx, 0
    3633:71FE  [E71FE]  740d            je      L_E720D  ; 0x17d
    3633:7200  [E7200]  8a95911a        mov     dl, byte ptr [di + 0x1a91]
    3633:7204  [E7204]  80e240          and     dl, 0x40
    3633:7207  [E7207]  fec2            inc     dl
    3633:7209  [E7209]  8895911a        mov     byte ptr [di + 0x1a91], dl
L_E720D:
    3633:720D  [E720D]  ff46f8          inc     word ptr [bp - 8]
L_E7210:
    3633:7210  [E7210]  837ef80c        cmp     word ptr [bp - 8], 0xc
    3633:7214  [E7214]  7cc1            jl      L_E71D7  ; 0x147
    3633:7216  [E7216]  8be5            mov     sp, bp
    3633:7218  [E7218]  5d              pop     bp
    3633:7219  [E7219]  cb              retf    

SUB_E7238:
    3633:7238  [E7238]  55              push    bp
    3633:7239  [E7239]  8bec            mov     bp, sp
    3633:723B  [E723B]  83ec08          sub     sp, 8
    3633:723E  [E723E]  c746f80000      mov     word ptr [bp - 8], 0
    3633:7243  [E7243]  e90b00          jmp     L_E7251  ; 0x21
L_E7246:
    3633:7246  [E7246]  8b7ef8          mov     di, word ptr [bp - 8]
    3633:7249  [E7249]  c6859d0700      mov     byte ptr [di + 0x79d], 0
    3633:724E  [E724E]  ff46f8          inc     word ptr [bp - 8]
L_E7251:
    3633:7251  [E7251]  837ef80c        cmp     word ptr [bp - 8], 0xc
    3633:7255  [E7255]  7cef            jl      L_E7246  ; 0x16
    3633:7257  [E7257]  c606340701      mov     byte ptr [0x734], 1
    3633:725C  [E725C]  c606320700      mov     byte ptr [0x732], 0
    3633:7261  [E7261]  c606330700      mov     byte ptr [0x733], 0
    3633:7266  [E7266]  8be5            mov     sp, bp
    3633:7268  [E7268]  5d              pop     bp
    3633:7269  [E7269]  cb              retf    

SUB_E7322:
    3633:7322  [E7322]  55              push    bp
    3633:7323  [E7323]  8bec            mov     bp, sp
    3633:7325  [E7325]  83ec06          sub     sp, 6
    3633:7328  [E7328]  9a1f00d1e5      lcall   disable_interrupts  ; 0xe5d1, 0x1f
    3633:732D  [E732D]  803e340700      cmp     byte ptr [0x734], 0
    3633:7332  [E7332]  7504            jne     L_E7338  ; 0x108
    3633:7334  [E7334]  fe063407        inc     byte ptr [0x734]
L_E7338:
    3633:7338  [E7338]  a0a507          mov     al, byte ptr [0x7a5]
    3633:733B  [E733B]  2401            and     al, 1
    3633:733D  [E733D]  3c00            cmp     al, 0
    3633:733F  [E733F]  7427            je      L_E7368  ; 0x138
    3633:7341  [E7341]  803ea50700      cmp     byte ptr [0x7a5], 0
    3633:7346  [E7346]  7420            je      L_E7368  ; 0x138
    3633:7348  [E7348]  fe06991a        inc     byte ptr [0x1a99]
    3633:734C  [E734C]  a0991a          mov     al, byte ptr [0x1a99]
    3633:734F  [E734F]  2ae4            sub     ah, ah
    3633:7351  [E7351]  25b000          and     ax, 0xb0
    3633:7354  [E7354]  3d0000          cmp     ax, 0
    3633:7357  [E7357]  740a            je      L_E7363  ; 0x133
    3633:7359  [E7359]  a0991a          mov     al, byte ptr [0x1a99]
    3633:735C  [E735C]  2440            and     al, 0x40
    3633:735E  [E735E]  fec0            inc     al
    3633:7360  [E7360]  a2991a          mov     byte ptr [0x1a99], al
L_E7363:
    3633:7363  [E7363]  c606a50700      mov     byte ptr [0x7a5], 0
L_E7368:
    3633:7368  [E7368]  9a1800d1e5      lcall   sync_and_enable_interrupts  ; 0xe5d1, 0x18
    3633:736D  [E736D]  8be5            mov     sp, bp
    3633:736F  [E736F]  5d              pop     bp
    3633:7370  [E7370]  cb              retf    

refresh_display_position_cache:
    3633:7416  [E7416]  55              push    bp
    3633:7417  [E7417]  8bec            mov     bp, sp
    3633:7419  [E7419]  83ec08          sub     sp, 8
    3633:741C  [E741C]  803ef71b00      cmp     byte ptr [0x1bf7], 0
    3633:7421  [E7421]  752c            jne     L_E744F  ; 0x3f
    3633:7423  [E7423]  a12c07          mov     ax, word ptr [0x72c]
    3633:7426  [E7426]  8a167a1b        mov     dl, byte ptr [0x1b7a]
    3633:742A  [E742A]  2af6            sub     dh, dh
    3633:742C  [E742C]  3bc2            cmp     ax, dx
    3633:742E  [E742E]  751f            jne     L_E744F  ; 0x3f
    3633:7430  [E7430]  a13007          mov     ax, word ptr [0x730]
    3633:7433  [E7433]  8a1e781b        mov     bl, byte ptr [0x1b78]
    3633:7437  [E7437]  2aff            sub     bh, bh
    3633:7439  [E7439]  3bc3            cmp     ax, bx
    3633:743B  [E743B]  7512            jne     L_E744F  ; 0x3f
    3633:743D  [E743D]  803e9c0700      cmp     byte ptr [0x79c], 0
    3633:7442  [E7442]  750b            jne     L_E744F  ; 0x3f
    3633:7444  [E7444]  a08606          mov     al, byte ptr [0x686]
    3633:7447  [E7447]  2ae4            sub     ah, ah
    3633:7449  [E7449]  39062e07        cmp     word ptr [0x72e], ax
    3633:744D  [E744D]  7476            je      L_E74C5  ; 0xb5
L_E744F:
    3633:744F  [E744F]  c6069c0700      mov     byte ptr [0x79c], 0
    3633:7454  [E7454]  a07a1b          mov     al, byte ptr [0x1b7a]
    3633:7457  [E7457]  2ae4            sub     ah, ah
    3633:7459  [E7459]  a32c07          mov     word ptr [0x72c], ax
    3633:745C  [E745C]  a0781b          mov     al, byte ptr [0x1b78]
    3633:745F  [E745F]  2ae4            sub     ah, ah
    3633:7461  [E7461]  a33007          mov     word ptr [0x730], ax
    3633:7464  [E7464]  a08606          mov     al, byte ptr [0x686]
    3633:7467  [E7467]  2ae4            sub     ah, ah
    3633:7469  [E7469]  a32e07          mov     word ptr [0x72e], ax
    3633:746C  [E746C]  803e7a1b00      cmp     byte ptr [0x1b7a], 0
    3633:7471  [E7471]  742a            je      L_E749D  ; 0x8d
    3633:7473  [E7473]  c43edc1d        les     di, ptr [0x1ddc]
    3633:7477  [E7477]  8d950102        lea     dx, [di + 0x201]
    3633:747B  [E747B]  8916fe1b        mov     word ptr [0x1bfe], dx
    3633:747F  [E747F]  8c06001c        mov     word ptr [0x1c00], es
    3633:7483  [E7483]  c41efe1b        les     bx, ptr [0x1bfe]
    3633:7487  [E7487]  06              push    es
    3633:7488  [E7488]  53              push    bx
    3633:7489  [E7489]  9aaf02a8e6      lcall   seg_off_to_linear  ; 0xe6a8, 0x2af
    3633:748E  [E748E]  c43ee01d        les     di, ptr [0x1de0]
    3633:7492  [E7492]  268905          mov     word ptr es:[di], ax
    3633:7495  [E7495]  c606921a00      mov     byte ptr [0x1a92], 0
    3633:749A  [E749A]  e91401          jmp     L_E75B1  ; 0x1a1
L_E749D:
    3633:749D  [E749D]  803e860611      cmp     byte ptr [0x686], 0x11
    3633:74A2  [E74A2]  752a            jne     L_E74CE  ; 0xbe
    3633:74A4  [E74A4]  c43edc1d        les     di, ptr [0x1ddc]
    3633:74A8  [E74A8]  8d95ab00        lea     dx, [di + 0xab]
    3633:74AC  [E74AC]  8916fe1b        mov     word ptr [0x1bfe], dx
    3633:74B0  [E74B0]  8c06001c        mov     word ptr [0x1c00], es
    3633:74B4  [E74B4]  c41efe1b        les     bx, ptr [0x1bfe]
    3633:74B8  [E74B8]  06              push    es
    3633:74B9  [E74B9]  53              push    bx
    3633:74BA  [E74BA]  9aaf02a8e6      lcall   seg_off_to_linear  ; 0xe6a8, 0x2af
    3633:74BF  [E74BF]  c43ee01d        les     di, ptr [0x1de0]
    3633:74C3  [E74C3]  eb03            jmp     L_E74C8  ; 0xb8
L_E74C5:
    3633:74C5  [E74C5]  e9f300          jmp     L_E75BB  ; 0x1ab
L_E74C8:
    3633:74C8  [E74C8]  268905          mov     word ptr es:[di], ax
    3633:74CB  [E74CB]  e9e300          jmp     L_E75B1  ; 0x1a1
L_E74CE:
    3633:74CE  [E74CE]  803e781b00      cmp     byte ptr [0x1b78], 0
    3633:74D3  [E74D3]  752c            jne     L_E7501  ; 0xf1
    3633:74D5  [E74D5]  803e860600      cmp     byte ptr [0x686], 0
    3633:74DA  [E74DA]  7425            je      L_E7501  ; 0xf1
    3633:74DC  [E74DC]  c43edc1d        les     di, ptr [0x1ddc]
    3633:74E0  [E74E0]  8d95ab00        lea     dx, [di + 0xab]
    3633:74E4  [E74E4]  8916fe1b        mov     word ptr [0x1bfe], dx
    3633:74E8  [E74E8]  8c06001c        mov     word ptr [0x1c00], es
    3633:74EC  [E74EC]  c41efe1b        les     bx, ptr [0x1bfe]
    3633:74F0  [E74F0]  06              push    es
    3633:74F1  [E74F1]  53              push    bx
    3633:74F2  [E74F2]  9aaf02a8e6      lcall   seg_off_to_linear  ; 0xe6a8, 0x2af
    3633:74F7  [E74F7]  c43ee01d        les     di, ptr [0x1de0]
    3633:74FB  [E74FB]  268905          mov     word ptr es:[di], ax
    3633:74FE  [E74FE]  e9b000          jmp     L_E75B1  ; 0x1a1
L_E7501:
    3633:7501  [E7501]  803e781b00      cmp     byte ptr [0x1b78], 0
    3633:7506  [E7506]  755f            jne     L_E7567  ; 0x157
    3633:7508  [E7508]  9a3500b3fd      lcall   SUB_FDB65  ; 0xfdb3, 0x35
    3633:750D  [E750D]  c746f82400      mov     word ptr [bp - 8], 0x24
    3633:7512  [E7512]  e91500          jmp     L_E752A  ; 0x11a
L_E7515:
    3633:7515  [E7515]  8b46f8          mov     ax, word ptr [bp - 8]
    3633:7518  [E7518]  ba0900          mov     dx, 9
    3633:751B  [E751B]  f7ea            imul    dx
    3633:751D  [E751D]  c43edc1d        les     di, ptr [0x1ddc]
    3633:7521  [E7521]  8bd8            mov     bx, ax
    3633:7523  [E7523]  268021fe        and     byte ptr es:[bx + di], 0xfe
    3633:7527  [E7527]  ff46f8          inc     word ptr [bp - 8]
L_E752A:
    3633:752A  [E752A]  837ef837        cmp     word ptr [bp - 8], 0x37
    3633:752E  [E752E]  7ce5            jl      L_E7515  ; 0x105
    3633:7530  [E7530]  c43edc1d        les     di, ptr [0x1ddc]
    3633:7534  [E7534]  26808df80101    or      byte ptr es:[di + 0x1f8], 1
    3633:753A  [E753A]  c7064805ffff    mov     word ptr [0x548], 0xffff
    3633:7540  [E7540]  c416dc1d        les     dx, ptr [0x1ddc]
    3633:7544  [E7544]  8bda            mov     bx, dx
    3633:7546  [E7546]  81c3f801        add     bx, 0x1f8
    3633:754A  [E754A]  891efe1b        mov     word ptr [0x1bfe], bx
    3633:754E  [E754E]  8c06001c        mov     word ptr [0x1c00], es
    3633:7552  [E7552]  c406fe1b        les     ax, ptr [0x1bfe]
    3633:7556  [E7556]  06              push    es
    3633:7557  [E7557]  50              push    ax
    3633:7558  [E7558]  9aaf02a8e6      lcall   seg_off_to_linear  ; 0xe6a8, 0x2af
    3633:755D  [E755D]  c43ee01d        les     di, ptr [0x1de0]
    3633:7561  [E7561]  268905          mov     word ptr es:[di], ax
    3633:7564  [E7564]  e94a00          jmp     L_E75B1  ; 0x1a1
L_E7567:
    3633:7567  [E7567]  e90000          jmp     L_E756A  ; 0x15a
L_E756A:
    3633:756A  [E756A]  c746f82400      mov     word ptr [bp - 8], 0x24
    3633:756F  [E756F]  e91500          jmp     L_E7587  ; 0x177
L_E7572:
    3633:7572  [E7572]  8b46f8          mov     ax, word ptr [bp - 8]
    3633:7575  [E7575]  ba0900          mov     dx, 9
    3633:7578  [E7578]  f7ea            imul    dx
    3633:757A  [E757A]  c43edc1d        les     di, ptr [0x1ddc]
    3633:757E  [E757E]  8bd8            mov     bx, ax
    3633:7580  [E7580]  268021fe        and     byte ptr es:[bx + di], 0xfe
    3633:7584  [E7584]  ff46f8          inc     word ptr [bp - 8]
L_E7587:
    3633:7587  [E7587]  837ef837        cmp     word ptr [bp - 8], 0x37
    3633:758B  [E758B]  7ee5            jle     L_E7572  ; 0x162
    3633:758D  [E758D]  c7064805ffff    mov     word ptr [0x548], 0xffff
    3633:7593  [E7593]  c43edc1d        les     di, ptr [0x1ddc]
    3633:7597  [E7597]  893efe1b        mov     word ptr [0x1bfe], di
    3633:759B  [E759B]  8c06001c        mov     word ptr [0x1c00], es
    3633:759F  [E759F]  c416fe1b        les     dx, ptr [0x1bfe]
    3633:75A3  [E75A3]  06              push    es
    3633:75A4  [E75A4]  52              push    dx
    3633:75A5  [E75A5]  9aaf02a8e6      lcall   seg_off_to_linear  ; 0xe6a8, 0x2af
    3633:75AA  [E75AA]  c43ee01d        les     di, ptr [0x1de0]
    3633:75AE  [E75AE]  268905          mov     word ptr es:[di], ax
L_E75B1:
    3633:75B1  [E75B1]  9a2c00fef9      lcall   clear_channel1_status  ; 0xf9fe, 0x2c
    3633:75B6  [E75B6]  9a0e00fef9      lcall   clear_channel2_status  ; 0xf9fe, 0xe
L_E75BB:
    3633:75BB  [E75BB]  8be5            mov     sp, bp
    3633:75BD  [E75BD]  5d              pop     bp
    3633:75BE  [E75BE]  cb              retf    

detect_comm_option_hw:
    3633:75C0  [E75C0]  55              push    bp
    3633:75C1  [E75C1]  8bec            mov     bp, sp
    3633:75C3  [E75C3]  83ec0e          sub     sp, 0xe
    3633:75C6  [E75C6]  b8de07          mov     ax, 0x7de
    3633:75C9  [E75C9]  ba0040          mov     dx, 0x4000
    3633:75CC  [E75CC]  8946f6          mov     word ptr [bp - 0xa], ax
    3633:75CF  [E75CF]  8956f8          mov     word ptr [bp - 8], dx
    3633:75D2  [E75D2]  8bf8            mov     di, ax
    3633:75D4  [E75D4]  8ec2            mov     es, dx
    3633:75D6  [E75D6]  26c60500        mov     byte ptr es:[di], 0
    3633:75DA  [E75DA]  b87e37          mov     ax, 0x377e
    3633:75DD  [E75DD]  ba0040          mov     dx, 0x4000
    3633:75E0  [E75E0]  8946f2          mov     word ptr [bp - 0xe], ax
    3633:75E3  [E75E3]  8956f4          mov     word ptr [bp - 0xc], dx
    3633:75E6  [E75E6]  8bd8            mov     bx, ax
    3633:75E8  [E75E8]  8ec2            mov     es, dx
    3633:75EA  [E75EA]  268b3f          mov     di, word ptr es:[bx]
    3633:75ED  [E75ED]  81e70010        and     di, 0x1000
    3633:75F1  [E75F1]  83ff00          cmp     di, 0
    3633:75F4  [E75F4]  7408            je      L_E75FE  ; 0x3e
    3633:75F6  [E75F6]  c606831b1e      mov     byte ptr [0x1b83], 0x1e
    3633:75FB  [E75FB]  e92300          jmp     L_E7621  ; 0x61
L_E75FE:
    3633:75FE  [E75FE]  c47ef6          les     di, ptr [bp - 0xa]
    3633:7601  [E7601]  26c60501        mov     byte ptr es:[di], 1
    3633:7605  [E7605]  c45ef2          les     bx, ptr [bp - 0xe]
    3633:7608  [E7608]  268b17          mov     dx, word ptr es:[bx]
    3633:760B  [E760B]  81e20010        and     dx, 0x1000
    3633:760F  [E760F]  83fa00          cmp     dx, 0
    3633:7612  [E7612]  7408            je      L_E761C  ; 0x5c
    3633:7614  [E7614]  c606831b14      mov     byte ptr [0x1b83], 0x14
    3633:7619  [E7619]  e90500          jmp     L_E7621  ; 0x61
L_E761C:
    3633:761C  [E761C]  c606831b1e      mov     byte ptr [0x1b83], 0x1e
L_E7621:
    3633:7621  [E7621]  8be5            mov     sp, bp
    3633:7623  [E7623]  5d              pop     bp
    3633:7624  [E7624]  cb              retf    

ashr32:
    3633:7764  [E7764]  55              push    bp
    3633:7765  [E7765]  51              push    cx
    3633:7766  [E7766]  8bec            mov     bp, sp
    3633:7768  [E7768]  8b4e08          mov     cx, word ptr [bp + 8]
    3633:776B  [E776B]  83f900          cmp     cx, 0
    3633:776E  [E776E]  7e06            jle     L_E7776  ; 0x56
    3633:7770  [E7770]  d1fa            sar     dx, 1
    3633:7772  [E7772]  d1d8            rcr     ax, 1
    3633:7774  [E7774]  e2fa            loop    0x50
L_E7776:
    3633:7776  [E7776]  8be5            mov     sp, bp
    3633:7778  [E7778]  59              pop     cx
    3633:7779  [E7779]  5d              pop     bp
    3633:777A  [E777A]  ca0400          retf    4
mul32:
    3633:777D  [E777D]  55              push    bp
    3633:777E  [E777E]  8bec            mov     bp, sp
    3633:7780  [E7780]  83ec04          sub     sp, 4
    3633:7783  [E7783]  53              push    bx
    3633:7784  [E7784]  57              push    di
    3633:7785  [E7785]  8956fe          mov     word ptr [bp - 2], dx
    3633:7788  [E7788]  8946fc          mov     word ptr [bp - 4], ax
    3633:778B  [E778B]  f76606          mul     word ptr [bp + 6]
    3633:778E  [E778E]  8bd8            mov     bx, ax
    3633:7790  [E7790]  8bfa            mov     di, dx
    3633:7792  [E7792]  8b4608          mov     ax, word ptr [bp + 8]
    3633:7795  [E7795]  f766fc          mul     word ptr [bp - 4]
    3633:7798  [E7798]  03f8            add     di, ax
    3633:779A  [E779A]  8b4606          mov     ax, word ptr [bp + 6]
    3633:779D  [E779D]  f766fe          mul     word ptr [bp - 2]
    3633:77A0  [E77A0]  03f8            add     di, ax
    3633:77A2  [E77A2]  8bc3            mov     ax, bx
    3633:77A4  [E77A4]  8bd7            mov     dx, di
    3633:77A6  [E77A6]  5f              pop     di
    3633:77A7  [E77A7]  5b              pop     bx
    3633:77A8  [E77A8]  8be5            mov     sp, bp
    3633:77AA  [E77AA]  5d              pop     bp
    3633:77AB  [E77AB]  ca0400          retf    4
sdiv32:
    3633:77AE  [E77AE]  55              push    bp
    3633:77AF  [E77AF]  53              push    bx
    3633:77B0  [E77B0]  51              push    cx
    3633:77B1  [E77B1]  8bec            mov     bp, sp
    3633:77B3  [E77B3]  83ec02          sub     sp, 2
    3633:77B6  [E77B6]  8bda            mov     bx, dx
    3633:77B8  [E77B8]  335e0c          xor     bx, word ptr [bp + 0xc]
    3633:77BB  [E77BB]  895efe          mov     word ptr [bp - 2], bx
    3633:77BE  [E77BE]  83fa00          cmp     dx, 0
    3633:77C1  [E77C1]  7d07            jge     L_E77CA  ; 0xaa
    3633:77C3  [E77C3]  f7da            neg     dx
    3633:77C5  [E77C5]  f7d8            neg     ax
    3633:77C7  [E77C7]  83da00          sbb     dx, 0
L_E77CA:
    3633:77CA  [E77CA]  8b5e0a          mov     bx, word ptr [bp + 0xa]
    3633:77CD  [E77CD]  8b4e0c          mov     cx, word ptr [bp + 0xc]
    3633:77D0  [E77D0]  83f900          cmp     cx, 0
    3633:77D3  [E77D3]  7d07            jge     L_E77DC  ; 0xbc
    3633:77D5  [E77D5]  f7d9            neg     cx
    3633:77D7  [E77D7]  f7db            neg     bx
    3633:77D9  [E77D9]  83d900          sbb     cx, 0
L_E77DC:
    3633:77DC  [E77DC]  51              push    cx
    3633:77DD  [E77DD]  53              push    bx
    3633:77DE  [E77DE]  9a1d0172e7      lcall   SUB_E783D  ; 0xe772, 0x11d
    3633:77E3  [E77E3]  837efe00        cmp     word ptr [bp - 2], 0
    3633:77E7  [E77E7]  7d07            jge     L_E77F0  ; 0xd0
    3633:77E9  [E77E9]  f7da            neg     dx
    3633:77EB  [E77EB]  f7d8            neg     ax
    3633:77ED  [E77ED]  83da00          sbb     dx, 0
L_E77F0:
    3633:77F0  [E77F0]  8be5            mov     sp, bp
    3633:77F2  [E77F2]  59              pop     cx
    3633:77F3  [E77F3]  5b              pop     bx
    3633:77F4  [E77F4]  5d              pop     bp
    3633:77F5  [E77F5]  ca0400          retf    4

SUB_E783D:
    3633:783D  [E783D]  55              push    bp
    3633:783E  [E783E]  06              push    es
    3633:783F  [E783F]  57              push    di
    3633:7840  [E7840]  8bec            mov     bp, sp
    3633:7842  [E7842]  ff760a          push    word ptr [bp + 0xa]
    3633:7845  [E7845]  ff760c          push    word ptr [bp + 0xc]
    3633:7848  [E7848]  50              push    ax
    3633:7849  [E7849]  52              push    dx
    3633:784A  [E784A]  8cd7            mov     di, ss
    3633:784C  [E784C]  8ec7            mov     es, di
    3633:784E  [E784E]  8bfc            mov     di, sp
    3633:7850  [E7850]  83c708          add     di, 8
    3633:7853  [E7853]  e83900          call    SUB_E788F  ; 0x16f
    3633:7856  [E7856]  268b45fe        mov     ax, word ptr es:[di - 2]
    3633:785A  [E785A]  268b55fc        mov     dx, word ptr es:[di - 4]
    3633:785E  [E785E]  8be5            mov     sp, bp
    3633:7860  [E7860]  5f              pop     di
    3633:7861  [E7861]  07              pop     es
    3633:7862  [E7862]  5d              pop     bp
    3633:7863  [E7863]  ca0400          retf    4

SUB_E788F:
    3633:788F  [E788F]  55              push    bp
    3633:7890  [E7890]  2bed            sub     bp, bp
    3633:7892  [E7892]  eb05            jmp     L_E7899  ; 0x179

L_E7899:
    3633:7899  [E7899]  50              push    ax
    3633:789A  [E789A]  53              push    bx
    3633:789B  [E789B]  51              push    cx
    3633:789C  [E789C]  52              push    dx
    3633:789D  [E789D]  56              push    si
    3633:789E  [E789E]  268b55fe        mov     dx, word ptr es:[di - 2]
    3633:78A2  [E78A2]  268b4dfc        mov     cx, word ptr es:[di - 4]
    3633:78A6  [E78A6]  3bca            cmp     cx, dx
    3633:78A8  [E78A8]  7508            jne     L_E78B2  ; 0x192
    3633:78AA  [E78AA]  83f900          cmp     cx, 0
    3633:78AD  [E78AD]  7503            jne     L_E78B2  ; 0x192
    3633:78AF  [E78AF]  eb55            jmp     L_E7906  ; 0x1e6

L_E78B2:
    3633:78B2  [E78B2]  268b5dfa        mov     bx, word ptr es:[di - 6]
    3633:78B6  [E78B6]  268b45f8        mov     ax, word ptr es:[di - 8]
    3633:78BA  [E78BA]  83ef04          sub     di, 4
    3633:78BD  [E78BD]  57              push    di
    3633:78BE  [E78BE]  2bff            sub     di, di
    3633:78C0  [E78C0]  8bf7            mov     si, di
    3633:78C2  [E78C2]  55              push    bp
    3633:78C3  [E78C3]  2bed            sub     bp, bp
L_E78C5:
    3633:78C5  [E78C5]  d1e2            shl     dx, 1
    3633:78C7  [E78C7]  d1d1            rcl     cx, 1
    3633:78C9  [E78C9]  7203            jb      L_E78CE  ; 0x1ae
    3633:78CB  [E78CB]  45              inc     bp
    3633:78CC  [E78CC]  ebf7            jmp     L_E78C5  ; 0x1a5
L_E78CE:
    3633:78CE  [E78CE]  d1d9            rcr     cx, 1
    3633:78D0  [E78D0]  d1da            rcr     dx, 1
L_E78D2:
    3633:78D2  [E78D2]  2bda            sub     bx, dx
    3633:78D4  [E78D4]  1bc1            sbb     ax, cx
    3633:78D6  [E78D6]  7308            jae     L_E78E0  ; 0x1c0
    3633:78D8  [E78D8]  03da            add     bx, dx
    3633:78DA  [E78DA]  13c1            adc     ax, cx
    3633:78DC  [E78DC]  f8              clc     
    3633:78DD  [E78DD]  eb02            jmp     L_E78E1  ; 0x1c1

L_E78E0:
    3633:78E0  [E78E0]  f9              stc     
L_E78E1:
    3633:78E1  [E78E1]  d1d6            rcl     si, 1
    3633:78E3  [E78E3]  d1d7            rcl     di, 1
    3633:78E5  [E78E5]  d1e9            shr     cx, 1
    3633:78E7  [E78E7]  d1da            rcr     dx, 1
    3633:78E9  [E78E9]  4d              dec     bp
    3633:78EA  [E78EA]  7de6            jge     L_E78D2  ; 0x1b2
    3633:78EC  [E78EC]  5d              pop     bp
    3633:78ED  [E78ED]  83fd01          cmp     bp, 1
    3633:78F0  [E78F0]  7404            je      L_E78F6  ; 0x1d6
    3633:78F2  [E78F2]  8bde            mov     bx, si
    3633:78F4  [E78F4]  8bc7            mov     ax, di
L_E78F6:
    3633:78F6  [E78F6]  5f              pop     di
    3633:78F7  [E78F7]  26895dfe        mov     word ptr es:[di - 2], bx
    3633:78FB  [E78FB]  268945fc        mov     word ptr es:[di - 4], ax
L_E78FF:
    3633:78FF  [E78FF]  5e              pop     si
    3633:7900  [E7900]  5a              pop     dx
    3633:7901  [E7901]  59              pop     cx
    3633:7902  [E7902]  5b              pop     bx
    3633:7903  [E7903]  58              pop     ax
    3633:7904  [E7904]  5d              pop     bp
    3633:7905  [E7905]  c3              ret     
L_E7906:
    3633:7906  [E7906]  b8ffff          mov     ax, 0xffff
    3633:7909  [E7909]  bbffff          mov     bx, 0xffff
    3633:790C  [E790C]  83ef04          sub     di, 4
    3633:790F  [E790F]  ebee            jmp     L_E78FF  ; 0x1df
format_string_va:
    3633:7911  [E7911]  55              push    bp
    3633:7912  [E7912]  8bec            mov     bp, sp
    3633:7914  [E7914]  83ec0c          sub     sp, 0xc
    3633:7917  [E7917]  8d7e0a          lea     di, [bp + 0xa]
    3633:791A  [E791A]  897ef4          mov     word ptr [bp - 0xc], di
    3633:791D  [E791D]  8c56f6          mov     word ptr [bp - 0xa], ss
    3633:7920  [E7920]  e99400          jmp     L_E79B7  ; 0xa7
L_E7923:
    3633:7923  [E7923]  837ef825        cmp     word ptr [bp - 8], 0x25
    3633:7927  [E7927]  7464            je      L_E798D  ; 0x7d
    3633:7929  [E7929]  ff76f8          push    word ptr [bp - 8]
    3633:792C  [E792C]  9ac30091e7      lcall   putchar_serial_with_newline_handling  ; 0xe791, 0xc3
    3633:7931  [E7931]  e98300          jmp     L_E79B7  ; 0xa7
L_E7934:
    3633:7934  [E7934]  c47ef4          les     di, ptr [bp - 0xc]
    3633:7937  [E7937]  8346f402        add     word ptr [bp - 0xc], 2
    3633:793B  [E793B]  26ff35          push    word ptr es:[di]
    3633:793E  [E793E]  9ac905c982      lcall   putchar_serial_seg  ; 0x82c9, 0x5c9
    3633:7943  [E7943]  e97100          jmp     L_E79B7  ; 0xa7
L_E7946:
    3633:7946  [E7946]  c47ef4          les     di, ptr [bp - 0xc]
    3633:7949  [E7949]  26c415          les     dx, ptr es:[di]
    3633:794C  [E794C]  06              push    es
    3633:794D  [E794D]  52              push    dx
    3633:794E  [E794E]  9afa0091e7      lcall   SUB_E7A0A  ; 0xe791, 0xfa
    3633:7953  [E7953]  8346f402        add     word ptr [bp - 0xc], 2
    3633:7957  [E7957]  8346f402        add     word ptr [bp - 0xc], 2
    3633:795B  [E795B]  e95900          jmp     L_E79B7  ; 0xa7
L_E795E:
    3633:795E  [E795E]  bf808f          mov     di, 0x8f80
    3633:7961  [E7961]  57              push    di
    3633:7962  [E7962]  9a0e007094      lcall   set_ds_return_old  ; 0x9470, 0xe
    3633:7967  [E7967]  c47ef4          les     di, ptr [bp - 0xc]
    3633:796A  [E796A]  26ff35          push    word ptr es:[di]
    3633:796D  [E796D]  9a44112c80      lcall   print_signed_decimal_serial  ; 0x802c, 0x1144
    3633:7972  [E7972]  bf4100          mov     di, 0x41
    3633:7975  [E7975]  57              push    di
    3633:7976  [E7976]  9a0e007094      lcall   set_ds_return_old  ; 0x9470, 0xe
    3633:797B  [E797B]  8346f402        add     word ptr [bp - 0xc], 2
    3633:797F  [E797F]  e93500          jmp     L_E79B7  ; 0xa7
L_E7982:
    3633:7982  [E7982]  ff76f8          push    word ptr [bp - 8]
    3633:7985  [E7985]  9ac30091e7      lcall   putchar_serial_with_newline_handling  ; 0xe791, 0xc3
    3633:798A  [E798A]  e92a00          jmp     L_E79B7  ; 0xa7
L_E798D:
    3633:798D  [E798D]  e90000          jmp     L_E7990  ; 0x80
L_E7990:
    3633:7990  [E7990]  c47e06          les     di, ptr [bp + 6]
    3633:7993  [E7993]  ff4606          inc     word ptr [bp + 6]
    3633:7996  [E7996]  268a15          mov     dl, byte ptr es:[di]
    3633:7999  [E7999]  2af6            sub     dh, dh
    3633:799B  [E799B]  8956f8          mov     word ptr [bp - 8], dx
    3633:799E  [E799E]  8bc2            mov     ax, dx
    3633:79A0  [E79A0]  3d0000          cmp     ax, 0
    3633:79A3  [E79A3]  7428            je      L_E79CD  ; 0xbd
    3633:79A5  [E79A5]  3d6300          cmp     ax, 0x63
    3633:79A8  [E79A8]  748a            je      L_E7934  ; 0x24
    3633:79AA  [E79AA]  3d6400          cmp     ax, 0x64
    3633:79AD  [E79AD]  74af            je      L_E795E  ; 0x4e
    3633:79AF  [E79AF]  3d7300          cmp     ax, 0x73
    3633:79B2  [E79B2]  7492            je      L_E7946  ; 0x36
    3633:79B4  [E79B4]  e9cbff          jmp     L_E7982  ; 0x72
L_E79B7:
    3633:79B7  [E79B7]  c47e06          les     di, ptr [bp + 6]
    3633:79BA  [E79BA]  ff4606          inc     word ptr [bp + 6]
    3633:79BD  [E79BD]  268a15          mov     dl, byte ptr es:[di]
    3633:79C0  [E79C0]  2af6            sub     dh, dh
    3633:79C2  [E79C2]  8956f8          mov     word ptr [bp - 8], dx
    3633:79C5  [E79C5]  83fa00          cmp     dx, 0
    3633:79C8  [E79C8]  7403            je      L_E79CD  ; 0xbd
    3633:79CA  [E79CA]  e956ff          jmp     L_E7923  ; 0x13
L_E79CD:
    3633:79CD  [E79CD]  8be5            mov     sp, bp
    3633:79CF  [E79CF]  5d              pop     bp
    3633:79D0  [E79D0]  ca0400          retf    4
putchar_serial_with_newline_handling:
    3633:79D3  [E79D3]  55              push    bp
    3633:79D4  [E79D4]  8bec            mov     bp, sp
    3633:79D6  [E79D6]  83ec06          sub     sp, 6
    3633:79D9  [E79D9]  807e060a        cmp     byte ptr [bp + 6], 0xa
    3633:79DD  [E79DD]  751a            jne     L_E79F9  ; 0xe9
    3633:79DF  [E79DF]  bf808f          mov     di, 0x8f80
    3633:79E2  [E79E2]  57              push    di
    3633:79E3  [E79E3]  9a0e007094      lcall   set_ds_return_old  ; 0x9470, 0xe
    3633:79E8  [E79E8]  9a45048796      lcall   send_serial_newline  ; 0x9687, 0x445
    3633:79ED  [E79ED]  bf4100          mov     di, 0x41
    3633:79F0  [E79F0]  57              push    di
    3633:79F1  [E79F1]  9a0e007094      lcall   set_ds_return_old  ; 0x9470, 0xe
    3633:79F6  [E79F6]  e90b00          jmp     L_E7A04  ; 0xf4
L_E79F9:
    3633:79F9  [E79F9]  8a5606          mov     dl, byte ptr [bp + 6]
    3633:79FC  [E79FC]  2af6            sub     dh, dh
    3633:79FE  [E79FE]  52              push    dx
    3633:79FF  [E79FF]  9ac905c982      lcall   putchar_serial_seg  ; 0x82c9, 0x5c9
L_E7A04:
    3633:7A04  [E7A04]  8be5            mov     sp, bp
    3633:7A06  [E7A06]  5d              pop     bp
    3633:7A07  [E7A07]  ca0200          retf    2
SUB_E7A0A:
    3633:7A0A  [E7A0A]  55              push    bp
    3633:7A0B  [E7A0B]  8bec            mov     bp, sp
    3633:7A0D  [E7A0D]  83ec06          sub     sp, 6
    3633:7A10  [E7A10]  e91100          jmp     L_E7A24  ; 0x114
L_E7A13:
    3633:7A13  [E7A13]  c47e06          les     di, ptr [bp + 6]
    3633:7A16  [E7A16]  ff4606          inc     word ptr [bp + 6]
    3633:7A19  [E7A19]  268a15          mov     dl, byte ptr es:[di]
    3633:7A1C  [E7A1C]  2af6            sub     dh, dh
    3633:7A1E  [E7A1E]  52              push    dx
    3633:7A1F  [E7A1F]  9ac905c982      lcall   putchar_serial_seg  ; 0x82c9, 0x5c9
L_E7A24:
    3633:7A24  [E7A24]  c47e06          les     di, ptr [bp + 6]
    3633:7A27  [E7A27]  26803d00        cmp     byte ptr es:[di], 0
    3633:7A2B  [E7A2B]  75e6            jne     L_E7A13  ; 0x103
    3633:7A2D  [E7A2D]  8be5            mov     sp, bp
    3633:7A2F  [E7A2F]  5d              pop     bp
    3633:7A30  [E7A30]  ca0400          retf    4

update_plot_position:
    3633:7D7D  [E7D7D]  55              push    bp
    3633:7D7E  [E7D7E]  8bec            mov     bp, sp
    3633:7D80  [E7D80]  83ec0a          sub     sp, 0xa
    3633:7D83  [E7D83]  8b7e06          mov     di, word ptr [bp + 6]
    3633:7D86  [E7D86]  d1e7            shl     di, 1
    3633:7D88  [E7D88]  d1e7            shl     di, 1
    3633:7D8A  [E7D8A]  897ef8          mov     word ptr [bp - 8], di
    3633:7D8D  [E7D8D]  8b5608          mov     dx, word ptr [bp + 8]
    3633:7D90  [E7D90]  d1e2            shl     dx, 1
    3633:7D92  [E7D92]  d1e2            shl     dx, 1
    3633:7D94  [E7D94]  8956f6          mov     word ptr [bp - 0xa], dx
    3633:7D97  [E7D97]  e94900          jmp     L_E7DE3  ; 0x73
L_E7D9A:
    3633:7D9A  [E7D9A]  ff7608          push    word ptr [bp + 8]
    3633:7D9D  [E7D9D]  ff7606          push    word ptr [bp + 6]
    3633:7DA0  [E7DA0]  bf7bff          mov     di, 0xff7b
    3633:7DA3  [E7DA3]  57              push    di
    3633:7DA4  [E7DA4]  baaa03          mov     dx, 0x3aa
    3633:7DA7  [E7DA7]  52              push    dx
    3633:7DA8  [E7DA8]  9a010091e7      lcall   format_string_va  ; 0xe791, 1
    3633:7DAD  [E7DAD]  83c404          add     sp, 4
    3633:7DB0  [E7DB0]  e95400          jmp     L_E7E07  ; 0x97
L_E7DB3:
    3633:7DB3  [E7DB3]  8b7ef8          mov     di, word ptr [bp - 8]
    3633:7DB6  [E7DB6]  893eb206        mov     word ptr [0x6b2], di
    3633:7DBA  [E7DBA]  8b56f6          mov     dx, word ptr [bp - 0xa]
    3633:7DBD  [E7DBD]  8916b406        mov     word ptr [0x6b4], dx
    3633:7DC1  [E7DC1]  e94300          jmp     L_E7E07  ; 0x97
L_E7DC4:
    3633:7DC4  [E7DC4]  ff76f6          push    word ptr [bp - 0xa]
    3633:7DC7  [E7DC7]  ff76f8          push    word ptr [bp - 8]
    3633:7DCA  [E7DCA]  9aa40004e8      lcall   handle_acq_mode_change  ; 0xe804, 0xa4
    3633:7DCF  [E7DCF]  83c402          add     sp, 2
    3633:7DD2  [E7DD2]  8b7ef8          mov     di, word ptr [bp - 8]
    3633:7DD5  [E7DD5]  893eb206        mov     word ptr [0x6b2], di
    3633:7DD9  [E7DD9]  8b56f6          mov     dx, word ptr [bp - 0xa]
    3633:7DDC  [E7DDC]  8916b406        mov     word ptr [0x6b4], dx
L_E7DE0:
    3633:7DE0  [E7DE0]  e92400          jmp     L_E7E07  ; 0x97
L_E7DE3:
    3633:7DE3  [E7DE3]  a1ca06          mov     ax, word ptr [0x6ca]
    3633:7DE6  [E7DE6]  3d0000          cmp     ax, 0
    3633:7DE9  [E7DE9]  74d9            je      L_E7DC4  ; 0x54
    3633:7DEB  [E7DEB]  3d0100          cmp     ax, 1
    3633:7DEE  [E7DEE]  74aa            je      L_E7D9A  ; 0x2a
    3633:7DF0  [E7DF0]  3d0200          cmp     ax, 2
    3633:7DF3  [E7DF3]  74be            je      L_E7DB3  ; 0x43
    3633:7DF5  [E7DF5]  3d0300          cmp     ax, 3
    3633:7DF8  [E7DF8]  74b9            je      L_E7DB3  ; 0x43
    3633:7DFA  [E7DFA]  3d0400          cmp     ax, 4
    3633:7DFD  [E7DFD]  74b4            je      L_E7DB3  ; 0x43
    3633:7DFF  [E7DFF]  3d0800          cmp     ax, 8
    3633:7E02  [E7E02]  74af            je      L_E7DB3  ; 0x43
    3633:7E04  [E7E04]  e9d9ff          jmp     L_E7DE0  ; 0x70
L_E7E07:
    3633:7E07  [E7E07]  8be5            mov     sp, bp
    3633:7E09  [E7E09]  5d              pop     bp
    3633:7E0A  [E7E0A]  ca0200          retf    2
plot_line_to:
    3633:7E0D  [E7E0D]  55              push    bp
    3633:7E0E  [E7E0E]  8bec            mov     bp, sp
    3633:7E10  [E7E10]  83ec0a          sub     sp, 0xa
    3633:7E13  [E7E13]  8b7e06          mov     di, word ptr [bp + 6]
    3633:7E16  [E7E16]  d1e7            shl     di, 1
    3633:7E18  [E7E18]  d1e7            shl     di, 1
    3633:7E1A  [E7E1A]  897ef8          mov     word ptr [bp - 8], di
    3633:7E1D  [E7E1D]  8b5608          mov     dx, word ptr [bp + 8]
    3633:7E20  [E7E20]  d1e2            shl     dx, 1
    3633:7E22  [E7E22]  d1e2            shl     dx, 1
    3633:7E24  [E7E24]  8956f6          mov     word ptr [bp - 0xa], dx
    3633:7E27  [E7E27]  e96b00          jmp     L_E7E95  ; 0x125
L_E7E2A:
    3633:7E2A  [E7E2A]  ff7608          push    word ptr [bp + 8]
    3633:7E2D  [E7E2D]  ff7606          push    word ptr [bp + 6]
    3633:7E30  [E7E30]  bf7bff          mov     di, 0xff7b
    3633:7E33  [E7E33]  57              push    di
    3633:7E34  [E7E34]  bab303          mov     dx, 0x3b3
    3633:7E37  [E7E37]  52              push    dx
    3633:7E38  [E7E38]  9a010091e7      lcall   format_string_va  ; 0xe791, 1
    3633:7E3D  [E7E3D]  83c404          add     sp, 4
    3633:7E40  [E7E40]  e97600          jmp     L_E7EB9  ; 0x149
L_E7E43:
    3633:7E43  [E7E43]  a1c406          mov     ax, word ptr [0x6c4]
    3633:7E46  [E7E46]  0306d606        add     ax, word ptr [0x6d6]
    3633:7E4A  [E7E4A]  50              push    ax
    3633:7E4B  [E7E4B]  ff36c406        push    word ptr [0x6c4]
    3633:7E4F  [E7E4F]  ff36b406        push    word ptr [0x6b4]
    3633:7E53  [E7E53]  ff36b206        push    word ptr [0x6b2]
    3633:7E57  [E7E57]  ff76f6          push    word ptr [bp - 0xa]
    3633:7E5A  [E7E5A]  ff76f8          push    word ptr [bp - 8]
    3633:7E5D  [E7E5D]  9a0900e2e8      lcall   SUB_E8E29  ; 0xe8e2, 9
    3633:7E62  [E7E62]  83c40a          add     sp, 0xa
    3633:7E65  [E7E65]  8b7ef8          mov     di, word ptr [bp - 8]
    3633:7E68  [E7E68]  893eb206        mov     word ptr [0x6b2], di
    3633:7E6C  [E7E6C]  8b56f6          mov     dx, word ptr [bp - 0xa]
    3633:7E6F  [E7E6F]  8916b406        mov     word ptr [0x6b4], dx
    3633:7E73  [E7E73]  e94300          jmp     L_E7EB9  ; 0x149
L_E7E76:
    3633:7E76  [E7E76]  ff76f6          push    word ptr [bp - 0xa]
    3633:7E79  [E7E79]  ff76f8          push    word ptr [bp - 8]
    3633:7E7C  [E7E7C]  9a0f0004e8      lcall   SUB_E804F  ; 0xe804, 0xf
    3633:7E81  [E7E81]  83c402          add     sp, 2
    3633:7E84  [E7E84]  8b7ef8          mov     di, word ptr [bp - 8]
    3633:7E87  [E7E87]  893eb206        mov     word ptr [0x6b2], di
    3633:7E8B  [E7E8B]  8b56f6          mov     dx, word ptr [bp - 0xa]
    3633:7E8E  [E7E8E]  8916b406        mov     word ptr [0x6b4], dx
L_E7E92:
    3633:7E92  [E7E92]  e92400          jmp     L_E7EB9  ; 0x149
L_E7E95:
    3633:7E95  [E7E95]  a1ca06          mov     ax, word ptr [0x6ca]
    3633:7E98  [E7E98]  3d0000          cmp     ax, 0
    3633:7E9B  [E7E9B]  74d9            je      L_E7E76  ; 0x106
    3633:7E9D  [E7E9D]  3d0100          cmp     ax, 1
    3633:7EA0  [E7EA0]  7488            je      L_E7E2A  ; 0xba
    3633:7EA2  [E7EA2]  3d0200          cmp     ax, 2
    3633:7EA5  [E7EA5]  749c            je      L_E7E43  ; 0xd3
    3633:7EA7  [E7EA7]  3d0300          cmp     ax, 3
    3633:7EAA  [E7EAA]  7497            je      L_E7E43  ; 0xd3
    3633:7EAC  [E7EAC]  3d0400          cmp     ax, 4
    3633:7EAF  [E7EAF]  7492            je      L_E7E43  ; 0xd3
    3633:7EB1  [E7EB1]  3d0800          cmp     ax, 8
    3633:7EB4  [E7EB4]  748d            je      L_E7E43  ; 0xd3
    3633:7EB6  [E7EB6]  e9d9ff          jmp     L_E7E92  ; 0x122
L_E7EB9:
    3633:7EB9  [E7EB9]  8be5            mov     sp, bp
    3633:7EBB  [E7EBB]  5d              pop     bp
    3633:7EBC  [E7EBC]  ca0200          retf    2

SUB_E7F03:
    3633:7F03  [E7F03]  55              push    bp
    3633:7F04  [E7F04]  8bec            mov     bp, sp
    3633:7F06  [E7F06]  83ec06          sub     sp, 6
    3633:7F09  [E7F09]  803e030400      cmp     byte ptr [0x403], 0
    3633:7F0E  [E7F0E]  7422            je      L_E7F32  ; 0x32
    3633:7F10  [E7F10]  ff062807        inc     word ptr [0x728]
    3633:7F14  [E7F14]  813e2807f401    cmp     word ptr [0x728], 0x1f4
    3633:7F1A  [E7F1A]  7e10            jle     L_E7F2C  ; 0x2c
    3633:7F1C  [E7F1C]  9a2c00fef9      lcall   clear_channel1_status  ; 0xf9fe, 0x2c
    3633:7F21  [E7F21]  9a0e00fef9      lcall   clear_channel2_status  ; 0xf9fe, 0xe
    3633:7F26  [E7F26]  c70628070000    mov     word ptr [0x728], 0
L_E7F2C:
    3633:7F2C  [E7F2C]  b80100          mov     ax, 1
    3633:7F2F  [E7F2F]  e90200          jmp     L_E7F34  ; 0x34
L_E7F32:
    3633:7F32  [E7F32]  2bc0            sub     ax, ax
L_E7F34:
    3633:7F34  [E7F34]  8be5            mov     sp, bp
    3633:7F36  [E7F36]  5d              pop     bp
    3633:7F37  [E7F37]  cb              retf    

plot_scaled_point:
    3633:7F39  [E7F39]  55              push    bp
    3633:7F3A  [E7F3A]  8bec            mov     bp, sp
    3633:7F3C  [E7F3C]  83ec06          sub     sp, 6
    3633:7F3F  [E7F3F]  837e0e00        cmp     word ptr [bp + 0xe], 0
    3633:7F43  [E7F43]  7454            je      L_E7F99  ; 0x69
    3633:7F45  [E7F45]  833e0e0700      cmp     word ptr [0x70e], 0
    3633:7F4A  [E7F4A]  7527            jne     L_E7F73  ; 0x43
    3633:7F4C  [E7F4C]  833eca0600      cmp     word ptr [0x6ca], 0
    3633:7F51  [E7F51]  7407            je      L_E7F5A  ; 0x2a
    3633:7F53  [E7F53]  833eca0601      cmp     word ptr [0x6ca], 1
    3633:7F58  [E7F58]  7519            jne     L_E7F73  ; 0x43
L_E7F5A:
    3633:7F5A  [E7F5A]  2bff            sub     di, di
    3633:7F5C  [E7F5C]  57              push    di
    3633:7F5D  [E7F5D]  ff7608          push    word ptr [bp + 8]
    3633:7F60  [E7F60]  ff7606          push    word ptr [bp + 6]
    3633:7F63  [E7F63]  ff360c07        push    word ptr [0x70c]
    3633:7F67  [E7F67]  ff360a07        push    word ptr [0x70a]
    3633:7F6B  [E7F6B]  9a05000ae9      lcall   SUB_E90A5  ; 0xe90a, 5
    3633:7F70  [E7F70]  83c408          add     sp, 8
L_E7F73:
    3633:7F73  [E7F73]  bf0100          mov     di, 1
    3633:7F76  [E7F76]  57              push    di
    3633:7F77  [E7F77]  ff760c          push    word ptr [bp + 0xc]
    3633:7F7A  [E7F7A]  ff760a          push    word ptr [bp + 0xa]
    3633:7F7D  [E7F7D]  ff7608          push    word ptr [bp + 8]
    3633:7F80  [E7F80]  ff7606          push    word ptr [bp + 6]
    3633:7F83  [E7F83]  9a05000ae9      lcall   SUB_E90A5  ; 0xe90a, 5
    3633:7F88  [E7F88]  83c408          add     sp, 8
    3633:7F8B  [E7F8B]  8b7e0a          mov     di, word ptr [bp + 0xa]
    3633:7F8E  [E7F8E]  893e0a07        mov     word ptr [0x70a], di
    3633:7F92  [E7F92]  8b560c          mov     dx, word ptr [bp + 0xc]
    3633:7F95  [E7F95]  89160c07        mov     word ptr [0x70c], dx
L_E7F99:
    3633:7F99  [E7F99]  8b7e0e          mov     di, word ptr [bp + 0xe]
    3633:7F9C  [E7F9C]  893e0e07        mov     word ptr [0x70e], di
    3633:7FA0  [E7FA0]  8be5            mov     sp, bp
    3633:7FA2  [E7FA2]  5d              pop     bp
    3633:7FA3  [E7FA3]  ca0200          retf    2

SUB_E804F:
    3633:804F  [E804F]  1c1d            sbb     al, 0x1d
    3633:8051  [E8051]  8bd8            mov     bx, ax
    3633:8053  [E8053]  263910          cmp     word ptr es:[bx + si], dx
    3633:8056  [E8056]  7419            je      L_E8071  ; 0x31
    3633:8058  [E8058]  c43e1c1d        les     di, ptr [0x1d1c]
    3633:805C  [E805C]  26c6410401      mov     byte ptr es:[bx + di + 4], 1
    3633:8061  [E8061]  8b56f8          mov     dx, word ptr [bp - 8]
    3633:8064  [E8064]  c43e1c1d        les     di, ptr [0x1d1c]
    3633:8068  [E8068]  268911          mov     word ptr es:[bx + di], dx
    3633:806B  [E806B]  c70632050100    mov     word ptr [0x532], 1
L_E8071:
    3633:8071  [E8071]  5e              pop     si
    3633:8072  [E8072]  8be5            mov     sp, bp
    3633:8074  [E8074]  5d              pop     bp
    3633:8075  [E8075]  ca0200          retf    2

handle_acq_mode_change:
    3633:80E4  [E80E4]  0e              push    cs
    3633:80E5  [E80E5]  3a05            cmp     al, byte ptr [di]
    3633:80E7  [E80E7]  0002            add     byte ptr [bp + si], al
    3633:80E9  [E80E9]  8b7ef8          mov     di, word ptr [bp - 8]
    3633:80EC  [E80EC]  81e74000        and     di, 0x40
    3633:80F0  [E80F0]  83ff00          cmp     di, 0
    3633:80F3  [E80F3]  7443            je      L_E8138  ; 0xf8
    3633:80F5  [E80F5]  833e4a0500      cmp     word ptr [0x54a], 0
    3633:80FA  [E80FA]  7e10            jle     L_E810C  ; 0xcc
    3633:80FC  [E80FC]  9a740308f0      lcall   reset_acq_buffers_stub  ; 0xf008, 0x374
    3633:8101  [E8101]  c746f80000      mov     word ptr [bp - 8], 0
    3633:8106  [E8106]  e92f00          jmp     L_E8138  ; 0xf8

L_E810C:
    3633:810C  [E810C]  c7064a056400    mov     word ptr [0x54a], 0x64
    3633:8112  [E8112]  a15207          mov     ax, word ptr [0x752]
    3633:8115  [E8115]  a34405          mov     word ptr [0x544], ax
    3633:8118  [E8118]  a14405          mov     ax, word ptr [0x544]
    3633:811B  [E811B]  058307          add     ax, 0x783
    3633:811E  [E811E]  a34605          mov     word ptr [0x546], ax
    3633:8121  [E8121]  c7064c050000    mov     word ptr [0x54c], 0
    3633:8127  [E8127]  800e761b08      or      byte ptr [0x1b76], 8
    3633:812C  [E812C]  803e761b08      cmp     byte ptr [0x1b76], 8
    3633:8131  [E8131]  7505            jne     L_E8138  ; 0xf8
    3633:8133  [E8133]  9a6802a8e6      lcall   finish_acq_reset_and_clear_mode  ; 0xe6a8, 0x268
L_E8138:
    3633:8138  [E8138]  8b7ef8          mov     di, word ptr [bp - 8]
    3633:813B  [E813B]  81e72300        and     di, 0x23
    3633:813F  [E813F]  83ff00          cmp     di, 0
    3633:8142  [E8142]  7476            je      L_E81BA  ; 0x17a
    3633:8144  [E8144]  833e4a0500      cmp     word ptr [0x54a], 0
    3633:8149  [E8149]  7e72            jle     L_E81BD  ; 0x17d
    3633:814B  [E814B]  8b7ef8          mov     di, word ptr [bp - 8]
    3633:814E  [E814E]  81e70200        and     di, 2
    3633:8152  [E8152]  83ff00          cmp     di, 0
    3633:8155  [E8155]  7469            je      L_E81C0  ; 0x180
    3633:8157  [E8157]  a08c01          mov     al, byte ptr [0x18c]
    3633:815A  [E815A]  2401            and     al, 1
    3633:815C  [E815C]  3c00            cmp     al, 0
    3633:815E  [E815E]  7463            je      L_E81C3  ; 0x183
    3633:8160  [E8160]  833e4c0500      cmp     word ptr [0x54c], 0
    3633:8165  [E8165]  7518            jne     L_E817F  ; 0x13f
    3633:8167  [E8167]  c7064c050100    mov     word ptr [0x54c], 1
    3633:816D  [E816D]  a15207          mov     ax, word ptr [0x752]
    3633:8170  [E8170]  a34405          mov     word ptr [0x544], ax
    3633:8173  [E8173]  a14405          mov     ax, word ptr [0x544]
    3633:8176  [E8176]  058307          add     ax, 0x783
    3633:8179  [E8179]  a34605          mov     word ptr [0x546], ax
    3633:817C  [E817C]  e93002          jmp     L_E83AF  ; 0x36f
L_E817F:
    3633:817F  [E817F]  c7064c050000    mov     word ptr [0x54c], 0
    3633:8185  [E8185]  bf0100          mov     di, 1
    3633:8188  [E8188]  57              push    di
    3633:8189  [E8189]  9a0a00c2f0      lcall   SUB_F0C2A  ; 0xf0c2, 0xa
    3633:818E  [E818E]  3d0000          cmp     ax, 0
    3633:8191  [E8191]  754e            jne     L_E81E1  ; 0x1a1
    3633:8193  [E8193]  bf0400          mov     di, 4
    3633:8196  [E8196]  57              push    di
    3633:8197  [E8197]  bf0100          mov     di, 1
    3633:819A  [E819A]  57              push    di
    3633:819B  [E819B]  2bd2            sub     dx, dx
    3633:819D  [E819D]  52              push    dx
    3633:819E  [E819E]  9a0e0006f7      lcall   update_display_mode_flags  ; 0xf706, 0xe
    3633:81A3  [E81A3]  83c404          add     sp, 4
    3633:81A6  [E81A6]  bf0200          mov     di, 2
    3633:81A9  [E81A9]  57              push    di
    3633:81AA  [E81AA]  9a940308f0      lcall   print_and_reset_acq_buffers  ; 0xf008, 0x394
    3633:81AF  [E81AF]  bf0300          mov     di, 3
    3633:81B2  [E81B2]  57              push    di
    3633:81B3  [E81B3]  9a940308f0      lcall   print_and_reset_acq_buffers  ; 0xf008, 0x394
    3633:81B8  [E81B8]  eb0c            jmp     L_E81C6  ; 0x186
L_E81BA:
    3633:81BA  [E81BA]  e9f201          jmp     L_E83AF  ; 0x36f
L_E81BD:
    3633:81BD  [E81BD]  e91d01          jmp     L_E82DD  ; 0x29d
L_E81C0:
    3633:81C0  [E81C0]  e95500          jmp     L_E8218  ; 0x1d8
L_E81C3:
    3633:81C3  [E81C3]  e92300          jmp     L_E81E9  ; 0x1a9
L_E81C6:
    3633:81C6  [E81C6]  bf0200          mov     di, 2
    3633:81C9  [E81C9]  57              push    di
    3633:81CA  [E81CA]  9ac400e6f8      lcall   disable_item_pair  ; 0xf8e6, 0xc4
    3633:81CF  [E81CF]  bf0300          mov     di, 3
    3633:81D2  [E81D2]  57              push    di
    3633:81D3  [E81D3]  9ac400e6f8      lcall   disable_item_pair  ; 0xf8e6, 0xc4
    3633:81D8  [E81D8]  bf0100          mov     di, 1
    3633:81DB  [E81DB]  57              push    di
    3633:81DC  [E81DC]  9a6100c2f0      lcall   reset_plot_home_or_acq  ; 0xf0c2, 0x61
L_E81E1:
    3633:81E1  [E81E1]  9a740308f0      lcall   reset_acq_buffers_stub  ; 0xf008, 0x374
    3633:81E6  [E81E6]  e9c601          jmp     L_E83AF  ; 0x36f
L_E81E9:
    3633:81E9  [E81E9]  bf0100          mov     di, 1
    3633:81EC  [E81EC]  57              push    di
    3633:81ED  [E81ED]  9a0a00c2f0      lcall   SUB_F0C2A  ; 0xf0c2, 0xa
    3633:81F2  [E81F2]  3d0000          cmp     ax, 0
    3633:81F5  [E81F5]  7519            jne     L_E8210  ; 0x1d0
    3633:81F7  [E81F7]  bf0100          mov     di, 1
    3633:81FA  [E81FA]  57              push    di
    3633:81FB  [E81FB]  57              push    di
    3633:81FC  [E81FC]  2bff            sub     di, di
    3633:81FE  [E81FE]  57              push    di
    3633:81FF  [E81FF]  9a0e0006f7      lcall   update_display_mode_flags  ; 0xf706, 0xe
    3633:8204  [E8204]  83c404          add     sp, 4
    3633:8207  [E8207]  bf0100          mov     di, 1
    3633:820A  [E820A]  57              push    di
    3633:820B  [E820B]  9a6100c2f0      lcall   reset_plot_home_or_acq  ; 0xf0c2, 0x61
L_E8210:
    3633:8210  [E8210]  9a740308f0      lcall   reset_acq_buffers_stub  ; 0xf008, 0x374
    3633:8215  [E8215]  e99701          jmp     L_E83AF  ; 0x36f
L_E8218:
    3633:8218  [E8218]  8b7ef8          mov     di, word ptr [bp - 8]
    3633:821B  [E821B]  81e72000        and     di, 0x20
    3633:821F  [E821F]  83ff00          cmp     di, 0
    3633:8222  [E8222]  7473            je      L_E8297  ; 0x257
    3633:8224  [E8224]  833e4c0500      cmp     word ptr [0x54c], 0
    3633:8229  [E8229]  7537            jne     L_E8262  ; 0x222
    3633:822B  [E822B]  9ac60308f0      lcall   reset_all_channel_plot_caches  ; 0xf008, 0x3c6
    3633:8230  [E8230]  bf0100          mov     di, 1
    3633:8233  [E8233]  57              push    di
    3633:8234  [E8234]  9a0a00c2f0      lcall   SUB_F0C2A  ; 0xf0c2, 0xa
    3633:8239  [E8239]  3d0000          cmp     ax, 0
    3633:823C  [E823C]  751c            jne     L_E825A  ; 0x21a
    3633:823E  [E823E]  bf0100          mov     di, 1
    3633:8241  [E8241]  57              push    di
    3633:8242  [E8242]  bf0200          mov     di, 2
    3633:8245  [E8245]  57              push    di
    3633:8246  [E8246]  2bff            sub     di, di
    3633:8248  [E8248]  57              push    di
    3633:8249  [E8249]  9a0e0006f7      lcall   update_display_mode_flags  ; 0xf706, 0xe
    3633:824E  [E824E]  83c404          add     sp, 4
    3633:8251  [E8251]  bf0100          mov     di, 1
    3633:8254  [E8254]  57              push    di
    3633:8255  [E8255]  9a6100c2f0      lcall   reset_plot_home_or_acq  ; 0xf0c2, 0x61
L_E825A:
    3633:825A  [E825A]  9a740308f0      lcall   reset_acq_buffers_stub  ; 0xf008, 0x374
    3633:825F  [E825F]  e93200          jmp     L_E8294  ; 0x254
L_E8262:
    3633:8262  [E8262]  bf0100          mov     di, 1
    3633:8265  [E8265]  57              push    di
    3633:8266  [E8266]  9a0a00c2f0      lcall   SUB_F0C2A  ; 0xf0c2, 0xa
    3633:826B  [E826B]  3d0000          cmp     ax, 0
    3633:826E  [E826E]  7519            jne     L_E8289  ; 0x249
    3633:8270  [E8270]  bf0100          mov     di, 1
    3633:8273  [E8273]  57              push    di
    3633:8274  [E8274]  57              push    di
    3633:8275  [E8275]  2bff            sub     di, di
    3633:8277  [E8277]  57              push    di
    3633:8278  [E8278]  9a0e0006f7      lcall   update_display_mode_flags  ; 0xf706, 0xe
    3633:827D  [E827D]  83c404          add     sp, 4
    3633:8280  [E8280]  bf0100          mov     di, 1
    3633:8283  [E8283]  57              push    di
    3633:8284  [E8284]  9a6100c2f0      lcall   reset_plot_home_or_acq  ; 0xf0c2, 0x61
L_E8289:
    3633:8289  [E8289]  9a740308f0      lcall   reset_acq_buffers_stub  ; 0xf008, 0x374
    3633:828E  [E828E]  c7064c050000    mov     word ptr [0x54c], 0
L_E8294:
    3633:8294  [E8294]  e91801          jmp     L_E83AF  ; 0x36f
L_E8297:
    3633:8297  [E8297]  e90000          jmp     L_E829A  ; 0x25a
L_E829A:
    3633:829A  [E829A]  8b7ef8          mov     di, word ptr [bp - 8]
    3633:829D  [E829D]  81e70100        and     di, 1
    3633:82A1  [E82A1]  83ff00          cmp     di, 0
    3633:82A4  [E82A4]  7434            je      L_E82DA  ; 0x29a
    3633:82A6  [E82A6]  9ac60308f0      lcall   reset_all_channel_plot_caches  ; 0xf008, 0x3c6
    3633:82AB  [E82AB]  bf0100          mov     di, 1
    3633:82AE  [E82AE]  57              push    di
    3633:82AF  [E82AF]  9a0a00c2f0      lcall   SUB_F0C2A  ; 0xf0c2, 0xa
    3633:82B4  [E82B4]  3d0000          cmp     ax, 0
    3633:82B7  [E82B7]  751c            jne     L_E82D5  ; 0x295
    3633:82B9  [E82B9]  bf0100          mov     di, 1
    3633:82BC  [E82BC]  57              push    di
    3633:82BD  [E82BD]  bf0300          mov     di, 3
    3633:82C0  [E82C0]  57              push    di
    3633:82C1  [E82C1]  2bd2            sub     dx, dx
    3633:82C3  [E82C3]  52              push    dx
    3633:82C4  [E82C4]  9a0e0006f7      lcall   update_display_mode_flags  ; 0xf706, 0xe
    3633:82C9  [E82C9]  83c404          add     sp, 4
    3633:82CC  [E82CC]  bf0100          mov     di, 1
    3633:82CF  [E82CF]  57              push    di
    3633:82D0  [E82D0]  9a6100c2f0      lcall   reset_plot_home_or_acq  ; 0xf0c2, 0x61
L_E82D5:
    3633:82D5  [E82D5]  9a740308f0      lcall   reset_acq_buffers_stub  ; 0xf008, 0x374
L_E82DA:
    3633:82DA  [E82DA]  e9d200          jmp     L_E83AF  ; 0x36f
L_E82DD:
    3633:82DD  [E82DD]  8b7ef8          mov     di, word ptr [bp - 8]
    3633:82E0  [E82E0]  81e70200        and     di, 2
    3633:82E4  [E82E4]  83ff00          cmp     di, 0
    3633:82E7  [E82E7]  743a            je      L_E8323  ; 0x2e3
    3633:82E9  [E82E9]  a0e51b          mov     al, byte ptr [0x1be5]
    3633:82EC  [E82EC]  2ae4            sub     ah, ah
    3633:82EE  [E82EE]  8a16e41b        mov     dl, byte ptr [0x1be4]
    3633:82F2  [E82F2]  2af6            sub     dh, dh
    3633:82F4  [E82F4]  0bd0            or      dx, ax
    3633:82F6  [E82F6]  81e20100        and     dx, 1
    3633:82FA  [E82FA]  83fa00          cmp     dx, 0
    3633:82FD  [E82FD]  741b            je      L_E831A  ; 0x2da
    3633:82FF  [E82FF]  833e700501      cmp     word ptr [0x570], 1
    3633:8304  [E8304]  7508            jne     L_E830E  ; 0x2ce
    3633:8306  [E8306]  2bff            sub     di, di
    3633:8308  [E8308]  57              push    di
    3633:8309  [E8309]  9a1b07a2ed      lcall   write_hw_shift_register  ; 0xeda2, 0x71b
L_E830E:
    3633:830E  [E830E]  bf0100          mov     di, 1
    3633:8311  [E8311]  57              push    di
    3633:8312  [E8312]  9a940308f0      lcall   print_and_reset_acq_buffers  ; 0xf008, 0x394
    3633:8317  [E8317]  e90900          jmp     L_E8323  ; 0x2e3
L_E831A:
    3633:831A  [E831A]  bf0100          mov     di, 1
    3633:831D  [E831D]  57              push    di
    3633:831E  [E831E]  9a0600e6f8      lcall   set_item_pair_active  ; 0xf8e6, 6
L_E8323:
    3633:8323  [E8323]  8b7ef8          mov     di, word ptr [bp - 8]
    3633:8326  [E8326]  81e72000        and     di, 0x20
    3633:832A  [E832A]  83ff00          cmp     di, 0
    3633:832D  [E832D]  743a            je      L_E8369  ; 0x329
    3633:832F  [E832F]  a0e71b          mov     al, byte ptr [0x1be7]
    3633:8332  [E8332]  2ae4            sub     ah, ah
    3633:8334  [E8334]  8a16e61b        mov     dl, byte ptr [0x1be6]
    3633:8338  [E8338]  2af6            sub     dh, dh
    3633:833A  [E833A]  0bd0            or      dx, ax
    3633:833C  [E833C]  81e20100        and     dx, 1
    3633:8340  [E8340]  83fa00          cmp     dx, 0
    3633:8343  [E8343]  741b            je      L_E8360  ; 0x320
    3633:8345  [E8345]  833e700502      cmp     word ptr [0x570], 2
    3633:834A  [E834A]  7508            jne     L_E8354  ; 0x314
    3633:834C  [E834C]  2bff            sub     di, di
    3633:834E  [E834E]  57              push    di
    3633:834F  [E834F]  9a1b07a2ed      lcall   write_hw_shift_register  ; 0xeda2, 0x71b
L_E8354:
    3633:8354  [E8354]  bf0200          mov     di, 2
    3633:8357  [E8357]  57              push    di
    3633:8358  [E8358]  9a940308f0      lcall   print_and_reset_acq_buffers  ; 0xf008, 0x394
    3633:835D  [E835D]  e90900          jmp     L_E8369  ; 0x329
L_E8360:
    3633:8360  [E8360]  bf0200          mov     di, 2
    3633:8363  [E8363]  57              push    di
    3633:8364  [E8364]  9a0600e6f8      lcall   set_item_pair_active  ; 0xf8e6, 6
L_E8369:
    3633:8369  [E8369]  8b7ef8          mov     di, word ptr [bp - 8]
    3633:836C  [E836C]  81e70100        and     di, 1
    3633:8370  [E8370]  83ff00          cmp     di, 0
    3633:8373  [E8373]  743a            je      L_E83AF  ; 0x36f
    3633:8375  [E8375]  a0e91b          mov     al, byte ptr [0x1be9]
    3633:8378  [E8378]  2ae4            sub     ah, ah
    3633:837A  [E837A]  8a16e81b        mov     dl, byte ptr [0x1be8]
    3633:837E  [E837E]  2af6            sub     dh, dh
    3633:8380  [E8380]  0bd0            or      dx, ax
    3633:8382  [E8382]  81e20100        and     dx, 1
    3633:8386  [E8386]  83fa00          cmp     dx, 0
    3633:8389  [E8389]  741b            je      L_E83A6  ; 0x366
    3633:838B  [E838B]  833e700503      cmp     word ptr [0x570], 3
    3633:8390  [E8390]  7508            jne     L_E839A  ; 0x35a
    3633:8392  [E8392]  2bff            sub     di, di
    3633:8394  [E8394]  57              push    di
    3633:8395  [E8395]  9a1b07a2ed      lcall   write_hw_shift_register  ; 0xeda2, 0x71b
L_E839A:
    3633:839A  [E839A]  bf0300          mov     di, 3
    3633:839D  [E839D]  57              push    di
    3633:839E  [E839E]  9a940308f0      lcall   print_and_reset_acq_buffers  ; 0xf008, 0x394
    3633:83A3  [E83A3]  e90900          jmp     L_E83AF  ; 0x36f
L_E83A6:
    3633:83A6  [E83A6]  bf0300          mov     di, 3
    3633:83A9  [E83A9]  57              push    di
    3633:83AA  [E83AA]  9a0600e6f8      lcall   set_item_pair_active  ; 0xf8e6, 6
L_E83AF:
    3633:83AF  [E83AF]  833e4a0501      cmp     word ptr [0x54a], 1
    3633:83B4  [E83B4]  7e3a            jle     L_E83F0  ; 0x3b0
    3633:83B6  [E83B6]  a14405          mov     ax, word ptr [0x544]
    3633:83B9  [E83B9]  39064605        cmp     word ptr [0x546], ax
    3633:83BD  [E83BD]  761a            jbe     L_E83D9  ; 0x399
    3633:83BF  [E83BF]  a14605          mov     ax, word ptr [0x546]
    3633:83C2  [E83C2]  39065207        cmp     word ptr [0x752], ax
    3633:83C6  [E83C6]  7709            ja      L_E83D1  ; 0x391
    3633:83C8  [E83C8]  a14405          mov     ax, word ptr [0x544]
    3633:83CB  [E83CB]  39065207        cmp     word ptr [0x752], ax
    3633:83CF  [E83CF]  731f            jae     L_E83F0  ; 0x3b0
L_E83D1:
    3633:83D1  [E83D1]  9a740308f0      lcall   reset_acq_buffers_stub  ; 0xf008, 0x374
    3633:83D6  [E83D6]  e91700          jmp     L_E83F0  ; 0x3b0
L_E83D9:
    3633:83D9  [E83D9]  a14605          mov     ax, word ptr [0x546]
    3633:83DC  [E83DC]  39065207        cmp     word ptr [0x752], ax
    3633:83E0  [E83E0]  760e            jbe     L_E83F0  ; 0x3b0
    3633:83E2  [E83E2]  a14405          mov     ax, word ptr [0x544]
    3633:83E5  [E83E5]  39065207        cmp     word ptr [0x752], ax
    3633:83E9  [E83E9]  7305            jae     L_E83F0  ; 0x3b0
    3633:83EB  [E83EB]  9a740308f0      lcall   reset_acq_buffers_stub  ; 0xf008, 0x374
L_E83F0:
    3633:83F0  [E83F0]  8be5            mov     sp, bp
    3633:83F2  [E83F2]  5d              pop     bp
    3633:83F3  [E83F3]  cb              retf    

SUB_E8E03:
    3633:8E03  [E8E03]  12a0e804        adc     ah, byte ptr [bx + si + 0x4e8]
    3633:8E07  [E8E07]  2ae4            sub     ah, ah
    3633:8E09  [E8E09]  258000          and     ax, 0x80
    3633:8E0C  [E8E0C]  3d8000          cmp     ax, 0x80
    3633:8E0F  [E8E0F]  7505            jne     L_E8E16  ; 0x176
    3633:8E11  [E8E11]  9a000044ef      lcall   SUB_EF440  ; 0xef44, 0
L_E8E16:
    3633:8E16  [E8E16]  9a060034ef      lcall   SUB_EF346  ; 0xef34, 6
    3633:8E1B  [E8E1B]  9a530034ef      lcall   SUB_EF393  ; 0xef34, 0x53
    3633:8E20  [E8E20]  9a0800a5ee      lcall   SUB_EEA58  ; 0xeea5, 8
    3633:8E25  [E8E25]  803ef91b00      cmp     byte ptr [0x1bf9], 0

SUB_E8E29:
    3633:8E29  [E8E29]  007415          add     byte ptr [si + 0x15], dh

    3633:8E2A  [E8E2A]  7415            je      L_E8E41  ; 0x1a1
    3633:8E2C  [E8E2C]  803e860600      cmp     byte ptr [0x686], 0
    3633:8E31  [E8E31]  740e            je      L_E8E41  ; 0x1a1
    3633:8E33  [E8E33]  a0e804          mov     al, byte ptr [0x4e8]
    3633:8E36  [E8E36]  2473            and     al, 0x73
    3633:8E38  [E8E38]  3c00            cmp     al, 0
    3633:8E3A  [E8E3A]  7405            je      L_E8E41  ; 0x1a1
    3633:8E3C  [E8E3C]  9af6041e91      lcall   handle_gpib_device_clear  ; 0x911e, 0x4f6
L_E8E41:
    3633:8E41  [E8E41]  9a060008f0      lcall   scale_and_plot_point  ; 0xf008, 6
    3633:8E46  [E8E46]  9a0400b6ef      lcall   SUB_EFB64  ; 0xefb6, 4
    3633:8E4B  [E8E4B]  c746f80000      mov     word ptr [bp - 8], 0
    3633:8E50  [E8E50]  e91d00          jmp     L_E8E70  ; 0x1d0
L_E8E53:
    3633:8E53  [E8E53]  8b7ef8          mov     di, word ptr [bp - 8]
    3633:8E56  [E8E56]  d1e7            shl     di, 1
    3633:8E58  [E8E58]  83bd500500      cmp     word ptr [di + 0x550], 0
    3633:8E5D  [E8E5D]  740e            je      L_E8E6D  ; 0x1cd
    3633:8E5F  [E8E5F]  8b955005        mov     dx, word ptr [di + 0x550]
    3633:8E63  [E8E63]  09955a05        or      word ptr [di + 0x55a], dx
    3633:8E67  [E8E67]  c78550050000    mov     word ptr [di + 0x550], 0
L_E8E6D:
    3633:8E6D  [E8E6D]  ff46f8          inc     word ptr [bp - 8]
L_E8E70:
    3633:8E70  [E8E70]  837ef805        cmp     word ptr [bp - 8], 5
    3633:8E74  [E8E74]  7cdd            jl      L_E8E53  ; 0x1b3
    3633:8E76  [E8E76]  c746f80000      mov     word ptr [bp - 8], 0
    3633:8E7B  [E8E7B]  e90f00          jmp     L_E8E8D  ; 0x1ed
L_E8E7E:
    3633:8E7E  [E8E7E]  8b7ef8          mov     di, word ptr [bp - 8]
    3633:8E81  [E8E81]  d1e7            shl     di, 1
    3633:8E83  [E8E83]  d1e7            shl     di, 1
    3633:8E85  [E8E85]  c685e80400      mov     byte ptr [di + 0x4e8], 0
    3633:8E8A  [E8E8A]  ff46f8          inc     word ptr [bp - 8]
L_E8E8D:
    3633:8E8D  [E8E8D]  837ef804        cmp     word ptr [bp - 8], 4
    3633:8E91  [E8E91]  7ceb            jl      L_E8E7E  ; 0x1de
    3633:8E93  [E8E93]  c746f80500      mov     word ptr [bp - 8], 5
    3633:8E98  [E8E98]  e91600          jmp     L_E8EB1  ; 0x211
L_E8E9B:
    3633:8E9B  [E8E9B]  8b46f8          mov     ax, word ptr [bp - 8]
    3633:8E9E  [E8E9E]  ba0600          mov     dx, 6
    3633:8EA1  [E8EA1]  f7ea            imul    dx
    3633:8EA3  [E8EA3]  c43e1c1d        les     di, ptr [0x1d1c]
    3633:8EA7  [E8EA7]  8bd8            mov     bx, ax
    3633:8EA9  [E8EA9]  26c6410400      mov     byte ptr es:[bx + di + 4], 0
    3633:8EAE  [E8EAE]  ff46f8          inc     word ptr [bp - 8]
L_E8EB1:
    3633:8EB1  [E8EB1]  837ef810        cmp     word ptr [bp - 8], 0x10
    3633:8EB5  [E8EB5]  7ce4            jl      L_E8E9B  ; 0x1fb
    3633:8EB7  [E8EB7]  8be5            mov     sp, bp
    3633:8EB9  [E8EB9]  5d              pop     bp
    3633:8EBA  [E8EBA]  cb              retf    

SUB_E90A5:
    3633:90A5  [E90A5]  1f              pop     ds
    3633:90A6  [E90A6]  00579a          add     byte ptr [bx - 0x66], dl
    3633:90A9  [E90A9]  51              push    cx
    3633:90AA  [E90AA]  01eb            add     bx, bp

assert_and_halt:
    3633:9255  [E9255]  8bec            mov     bp, sp
    3633:9257  [E9257]  83ec0a          sub     sp, 0xa
    3633:925A  [E925A]  bf3d00          mov     di, 0x3d
    3633:925D  [E925D]  57              push    di
    3633:925E  [E925E]  9a5101ebf0      lcall   convert_sample_value  ; 0xf0eb, 0x151
    3633:9263  [E9263]  8946f6          mov     word ptr [bp - 0xa], ax
    3633:9266  [E9266]  bf0b00          mov     di, 0xb
    3633:9269  [E9269]  57              push    di
    3633:926A  [E926A]  50              push    ax
    3633:926B  [E926B]  9a010061f1      lcall   halt_cpu  ; 0xf161, 1
    3633:9270  [E9270]  83c402          add     sp, 2
    3633:9273  [E9273]  8946f8          mov     word ptr [bp - 8], ax
    3633:9276  [E9276]  bf9d00          mov     di, 0x9d
    3633:9279  [E9279]  57              push    di
    3633:927A  [E927A]  9a5101ebf0      lcall   convert_sample_value  ; 0xf0eb, 0x151
    3633:927F  [E927F]  8946f6          mov     word ptr [bp - 0xa], ax
    3633:9282  [E9282]  bf0c00          mov     di, 0xc
    3633:9285  [E9285]  57              push    di
    3633:9286  [E9286]  50              push    ax
    3633:9287  [E9287]  9a010061f1      lcall   halt_cpu  ; 0xf161, 1
    3633:928C  [E928C]  83c402          add     sp, 2
    3633:928F  [E928F]  0946f8          or      word ptr [bp - 8], ax
    3633:9292  [E9292]  bf9f00          mov     di, 0x9f
    3633:9295  [E9295]  57              push    di
    3633:9296  [E9296]  9a5101ebf0      lcall   convert_sample_value  ; 0xf0eb, 0x151
    3633:929B  [E929B]  8946f6          mov     word ptr [bp - 0xa], ax
    3633:929E  [E929E]  bf0200          mov     di, 2
    3633:92A1  [E92A1]  57              push    di
    3633:92A2  [E92A2]  50              push    ax
    3633:92A3  [E92A3]  9a010061f1      lcall   halt_cpu  ; 0xf161, 1
    3633:92A8  [E92A8]  83c402          add     sp, 2
    3633:92AB  [E92AB]  0946f8          or      word ptr [bp - 8], ax
    3633:92AE  [E92AE]  bfbf00          mov     di, 0xbf

SUB_E92B0:
    3633:92B0  [E92B0]  00579a          add     byte ptr [bx - 0x66], dl

    3633:92B1  [E92B1]  57              push    di
    3633:92B2  [E92B2]  9a5101ebf0      lcall   convert_sample_value  ; 0xf0eb, 0x151

    3633:92B3  [E92B3]  51              push    cx
    3633:92B4  [E92B4]  01eb            add     bx, bp

    3633:92B7  [E92B7]  8946f6          mov     word ptr [bp - 0xa], ax
    3633:92BA  [E92BA]  bf0300          mov     di, 3
    3633:92BD  [E92BD]  57              push    di
    3633:92BE  [E92BE]  50              push    ax
    3633:92BF  [E92BF]  9a010061f1      lcall   halt_cpu  ; 0xf161, 1
    3633:92C4  [E92C4]  83c402          add     sp, 2
    3633:92C7  [E92C7]  0946f8          or      word ptr [bp - 8], ax
    3633:92CA  [E92CA]  8b46f8          mov     ax, word ptr [bp - 8]
    3633:92CD  [E92CD]  8be5            mov     sp, bp
    3633:92CF  [E92CF]  5d              pop     bp
    3633:92D0  [E92D0]  cb              retf    

SUB_E97DC:
    3633:97DC  [E97DC]  a5              movsw   word ptr es:[di], word ptr [si]
    3633:97DD  [E97DD]  83c604          add     si, 4
    3633:97E0  [E97E0]  e203            loop    0x2d5
    3633:97E2  [E97E2]  eb16            jmp     L_E97FA  ; 0x2ea

L_E97FA:
    3633:97FA  [E97FA]  8b46fe          mov     ax, word ptr [bp - 2]
    3633:97FD  [E97FD]  1f              pop     ds
    3633:97FE  [E97FE]  5f              pop     di
    3633:97FF  [E97FF]  5e              pop     si
    3633:9800  [E9800]  59              pop     cx
    3633:9801  [E9801]  83c402          add     sp, 2
    3633:9804  [E9804]  5d              pop     bp
    3633:9805  [E9805]  ca0400          retf    4

SUB_E9858:
    3633:9858  [E9858]  007555          add     byte ptr [di + 0x55], dh
L_E985B:
    3633:985B  [E985B]  b90800          mov     cx, 8
    3633:985E  [E985E]  ac              lodsb   al, byte ptr [si]
    3633:985F  [E985F]  8ad8            mov     bl, al
    3633:9861  [E9861]  8af8            mov     bh, al
    3633:9863  [E9863]  eb02            jmp     L_E9867  ; 0x357

L_E9867:
    3633:9867  [E9867]  3ac3            cmp     al, bl
    3633:9869  [E9869]  7306            jae     L_E9871  ; 0x361
    3633:986B  [E986B]  8ad8            mov     bl, al
    3633:986D  [E986D]  c646fa01        mov     byte ptr [bp - 6], 1
L_E9871:
    3633:9871  [E9871]  3ac7            cmp     al, bh
    3633:9873  [E9873]  7606            jbe     L_E987B  ; 0x36b
    3633:9875  [E9875]  8af8            mov     bh, al
    3633:9877  [E9877]  c646fa00        mov     byte ptr [bp - 6], 0
L_E987B:
    3633:987B  [E987B]  e2e9            loop    0x356
    3633:987D  [E987D]  807efa00        cmp     byte ptr [bp - 6], 0
    3633:9881  [E9881]  7515            jne     L_E9898  ; 0x388
    3633:9883  [E9883]  8ac3            mov     al, bl
    3633:9885  [E9885]  aa              stosb   byte ptr es:[di], al
    3633:9886  [E9886]  8ac7            mov     al, bh
    3633:9888  [E9888]  3a04            cmp     al, byte ptr [si]
    3633:988A  [E988A]  7308            jae     L_E9894  ; 0x384
    3633:988C  [E988C]  02c3            add     al, bl
    3633:988E  [E988E]  d0d8            rcr     al, 1
    3633:9890  [E9890]  aa              stosb   byte ptr es:[di], al
    3633:9891  [E9891]  eb17            jmp     L_E98AA  ; 0x39a

L_E9894:
    3633:9894  [E9894]  aa              stosb   byte ptr es:[di], al
    3633:9895  [E9895]  eb13            jmp     L_E98AA  ; 0x39a

L_E9898:
    3633:9898  [E9898]  8ac7            mov     al, bh
    3633:989A  [E989A]  aa              stosb   byte ptr es:[di], al
    3633:989B  [E989B]  8ac3            mov     al, bl
    3633:989D  [E989D]  3a04            cmp     al, byte ptr [si]
    3633:989F  [E989F]  7608            jbe     L_E98A9  ; 0x399
    3633:98A1  [E98A1]  02c7            add     al, bh
    3633:98A3  [E98A3]  d0d8            rcr     al, 1
    3633:98A5  [E98A5]  aa              stosb   byte ptr es:[di], al
    3633:98A6  [E98A6]  eb02            jmp     L_E98AA  ; 0x39a

L_E98A9:
    3633:98A9  [E98A9]  aa              stosb   byte ptr es:[di], al
L_E98AA:
    3633:98AA  [E98AA]  4a              dec     dx
    3633:98AB  [E98AB]  75ae            jne     L_E985B  ; 0x34b
    3633:98AD  [E98AD]  eb5b            jmp     L_E990A  ; 0x3fa

L_E990A:
    3633:990A  [E990A]  8b4614          mov     ax, word ptr [bp + 0x14]
    3633:990D  [E990D]  3d0000          cmp     ax, 0
    3633:9910  [E9910]  7403            je      L_E9915  ; 0x405
    3633:9912  [E9912]  eb7c            jmp     L_E9990  ; 0x480

L_E9915:
    3633:9915  [E9915]  c57606          lds     si, ptr [bp + 6]
    3633:9918  [E9918]  c47e0c          les     di, ptr [bp + 0xc]
    3633:991B  [E991B]  8b4e0a          mov     cx, word ptr [bp + 0xa]
    3633:991E  [E991E]  368b1e021c      mov     bx, word ptr ss:[0x1c02]
    3633:9923  [E9923]  837e1200        cmp     word ptr [bp + 0x12], 0
    3633:9927  [E9927]  7533            jne     L_E995C  ; 0x44c
L_E9929:
    3633:9929  [E9929]  8a00            mov     al, byte ptr [bx + si]
    3633:992B  [E992B]  2403            and     al, 3
    3633:992D  [E992D]  3c03            cmp     al, 3
    3633:992F  [E992F]  7402            je      L_E9933  ; 0x423
    3633:9931  [E9931]  b001            mov     al, 1
L_E9933:
    3633:9933  [E9933]  268a21          mov     ah, byte ptr es:[bx + di]
    3633:9936  [E9936]  80fc08          cmp     ah, 8
    3633:9939  [E9939]  7413            je      L_E994E  ; 0x43e
    3633:993B  [E993B]  80e403          and     ah, 3
    3633:993E  [E993E]  80fc02          cmp     ah, 2
    3633:9941  [E9941]  740b            je      L_E994E  ; 0x43e
    3633:9943  [E9943]  268a21          mov     ah, byte ptr es:[bx + di]
    3633:9946  [E9946]  80e4fc          and     ah, 0xfc
    3633:9949  [E9949]  0ae0            or      ah, al
    3633:994B  [E994B]  268821          mov     byte ptr es:[bx + di], ah
L_E994E:
    3633:994E  [E994E]  83c604          add     si, 4
    3633:9951  [E9951]  83c701          add     di, 1
    3633:9954  [E9954]  83e904          sub     cx, 4
    3633:9957  [E9957]  7fd0            jg      L_E9929  ; 0x419
    3633:9959  [E9959]  eb35            jmp     L_E9990  ; 0x480

L_E995C:
    3633:995C  [E995C]  8b10            mov     dx, word ptr [bx + si]
    3633:995E  [E995E]  80e603          and     dh, 3
    3633:9961  [E9961]  80fe03          cmp     dh, 3
    3633:9964  [E9964]  7402            je      L_E9968  ; 0x458
    3633:9966  [E9966]  b601            mov     dh, 1
L_E9968:
    3633:9968  [E9968]  268b01          mov     ax, word ptr es:[bx + di]
    3633:996B  [E996B]  80fc08          cmp     ah, 8
    3633:996E  [E996E]  7415            je      L_E9985  ; 0x475
    3633:9970  [E9970]  80e403          and     ah, 3
    3633:9973  [E9973]  80fc02          cmp     ah, 2
    3633:9976  [E9976]  740d            je      L_E9985  ; 0x475
    3633:9978  [E9978]  268b01          mov     ax, word ptr es:[bx + di]
    3633:997B  [E997B]  80e4fc          and     ah, 0xfc
    3633:997E  [E997E]  0ae6            or      ah, dh
    3633:9980  [E9980]  8ac4            mov     al, ah
    3633:9982  [E9982]  268901          mov     word ptr es:[bx + di], ax
L_E9985:
    3633:9985  [E9985]  83c608          add     si, 8
    3633:9988  [E9988]  83c702          add     di, 2
    3633:998B  [E998B]  83e904          sub     cx, 4
    3633:998E  [E998E]  7fcc            jg      L_E995C  ; 0x44c
L_E9990:
    3633:9990  [E9990]  8b46fe          mov     ax, word ptr [bp - 2]
    3633:9993  [E9993]  1f              pop     ds
    3633:9994  [E9994]  5f              pop     di
    3633:9995  [E9995]  5e              pop     si
    3633:9996  [E9996]  59              pop     cx
    3633:9997  [E9997]  83c408          add     sp, 8
    3633:999A  [E999A]  5d              pop     bp
    3633:999B  [E999B]  ca0400          retf    4

SUB_E99DF:
    3633:99DF  [E99DF]  f1              int1    
    3633:99E0  [E99E0]  00d1            add     cl, dl
    3633:99E2  [E99E2]  ea89560a83      ljmp    L_88729  ; 0x830a:0x5689

SUB_EAC86:
    3633:AC86  [EAC86]  02d8            add     bl, al
    3633:AC88  [EAC88]  f1              int1    
    3633:AC89  [EAC89]  006b02          add     byte ptr [bp + di + 2], ch
    3633:AC8C  [EAC8C]  0020            add     byte ptr [bx + si], ah
    3633:AC8E  [EAC8E]  e220            loop    0x970
    3633:AC90  [EAC90]  08d8            or      al, bl
    3633:AC92  [EAC92]  f1              int1    
    3633:AC93  [EAC93]  2100            and     word ptr [bx + si], ax
    3633:AC95  [EAC95]  a5              movsw   word ptr es:[di], word ptr [si]
    3633:AC96  [EAC96]  02d8            add     bl, al
    3633:AC98  [EAC98]  f1              int1    
    3633:AC99  [EAC99]  006c78          add     byte ptr [si + 0x78], ch
    3633:AC9C  [EAC9C]  00e8            add     al, ch
    3633:AC9E  [EAC9E]  e000            loopne  0x960
    3633:ACA0  [EACA0]  0000            add     byte ptr [bx + si], al
    3633:ACA2  [EACA2]  0021            add     byte ptr [bx + di], ah
    3633:ACA4  [EACA4]  00b102d8        add     byte ptr [bx + di - 0x27fe], dh
    3633:ACA8  [EACA8]  f1              int1    
    3633:ACA9  [EACA9]  006de4          add     byte ptr [di - 0x1c], ch
    3633:ACAC  [EACAC]  00e8            add     al, ch
    3633:ACAE  [EACAE]  e000            loopne  0x970
    3633:ACB0  [EACB0]  0000            add     byte ptr [bx + si], al
    3633:ACB2  [EACB2]  0021            add     byte ptr [bx + di], ah
    3633:ACB4  [EACB4]  00b802d8        add     byte ptr [bx + si - 0x27fe], bh
    3633:ACB8  [EACB8]  f1              int1    
    3633:ACB9  [EACB9]  0000            add     byte ptr [bx + si], al
    3633:ACBB  [EACBB]  0c02            or      al, 2
    3633:ACBD  [EACBD]  e8e000          call    SUB_EADA0  ; 0xa60
    3633:ACC0  [EACC0]  0000            add     byte ptr [bx + si], al
    3633:ACC2  [EACC2]  0021            add     byte ptr [bx + di], ah
    3633:ACC4  [EACC4]  00c2            add     dl, al
    3633:ACC6  [EACC6]  02d8            add     bl, al
    3633:ACC8  [EACC8]  f1              int1    
    3633:ACC9  [EACC9]  6f              outsw   dx, word ptr [si]
    3633:ACCA  [EACCA]  7200            jb      L_EACCC  ; 0x98c
L_EACCC:
    3633:ACCC  [EACCC]  0000            add     byte ptr [bx + si], al
    3633:ACCE  [EACCE]  0000            add     byte ptr [bx + si], al
    3633:ACD0  [EACD0]  0000            add     byte ptr [bx + si], al
    3633:ACD2  [EACD2]  0000            add     byte ptr [bx + si], al
    3633:ACD4  [EACD4]  00cb            add     bl, cl
    3633:ACD6  [EACD6]  02d8            add     bl, al
    3633:ACD8  [EACD8]  f1              int1    
    3633:ACD9  [EACD9]  00706b          add     byte ptr [bx + si + 0x6b], dh
    3633:ACDC  [EACDC]  0f5de4          minps   xmm4, xmm4
    3633:ACDF  [EACDF]  0000            add     byte ptr [bx + si], al
    3633:ACE1  [EACE1]  0000            add     byte ptr [bx + si], al
    3633:ACE3  [EACE3]  0400            add     al, 0
    3633:ACE5  [EACE5]  cf              iret    

SUB_EADA0:
    3633:ADA0  [EADA0]  0302            add     ax, word ptr [bp + si]
    3633:ADA2  [EADA2]  0401            add     al, 1
    3633:ADA4  [EADA4]  050006          add     ax, 0x600
    3633:ADA7  [EADA7]  0107            add     word ptr [bx], ax
    3633:ADA9  [EADA9]  0208            add     cl, byte ptr [bx + si]
    3633:ADAB  [EADAB]  0309            add     cx, word ptr [bx + di]
    3633:ADAD  [EADAD]  040a            add     al, 0xa
    3633:ADAF  [EADAF]  05858a          add     ax, 0x8a85
    3633:ADB2  [EADB2]  050905          add     ax, 0x509
    3633:ADB5  [EADB5]  0805            or      byte ptr [di], al
    3633:ADB7  [EADB7]  07              pop     es
    3633:ADB8  [EADB8]  050605          add     ax, 0x506
    3633:ADBB  [EADBB]  050504          add     ax, 0x405
    3633:ADBE  [EADBE]  050305          add     ax, 0x503
    3633:ADC1  [EADC1]  0205            add     al, byte ptr [di]
    3633:ADC3  [EADC3]  0105            add     word ptr [di], ax
    3633:ADC5  [EADC5]  00ff            add     bh, bh
    3633:ADC7  [EADC7]  ff808580        inc     word ptr [bx + si - 0x7f7b]
    3633:ADCB  [EADCB]  8501            test    word ptr [bx + di], ax
    3633:ADCD  [EADCD]  06              push    es
    3633:ADCE  [EADCE]  0207            add     al, byte ptr [bx]
    3633:ADD0  [EADD0]  0308            add     cx, word ptr [bx + si]
    3633:ADD2  [EADD2]  0409            add     al, 9
    3633:ADD4  [EADD4]  050a06          add     ax, 0x60a
    3633:ADD7  [EADD7]  0907            or      word ptr [bx], ax
    3633:ADD9  [EADD9]  0808            or      byte ptr [bx + si], cl
    3633:ADDB  [EADDB]  07              pop     es
    3633:ADDC  [EADDC]  09060a05        or      word ptr [0x50a], ax
    3633:ADE0  [EADE0]  858a0509        test    word ptr [bp + si + 0x905], cx
    3633:ADE4  [EADE4]  050805          add     ax, 0x508
    3633:ADE7  [EADE7]  07              pop     es
    3633:ADE8  [EADE8]  050605          add     ax, 0x506
    3633:ADEB  [EADEB]  050504          add     ax, 0x405
    3633:ADEE  [EADEE]  050305          add     ax, 0x503
    3633:ADF1  [EADF1]  0205            add     al, byte ptr [di]
    3633:ADF3  [EADF3]  0105            add     word ptr [di], ax
    3633:ADF5  [EADF5]  00ff            add     bh, bh
    3633:ADF7  [EADF7]  ff808a80        inc     word ptr [bx + si - 0x7f76]
    3633:ADFB  [EADFB]  8a02            mov     al, byte ptr [bp + si]
    3633:ADFD  [EADFD]  0a04            or      al, byte ptr [si]
    3633:ADFF  [EADFF]  0a060a08        or      al, byte ptr [0x80a]
    3633:AE03  [EAE03]  0a0a            or      cl, byte ptr [bp + si]
    3633:AE05  [EAE05]  0a858a05        or      al, byte ptr [di + 0x58a]
    3633:AE09  [EAE09]  0805            or      byte ptr [di], al
    3633:AE0B  [EAE0B]  06              push    es
    3633:AE0C  [EAE0C]  050405          add     ax, 0x504
    3633:AE0F  [EAE0F]  0205            add     al, byte ptr [di]
    3633:AE11  [EAE11]  00ff            add     bh, bh
    3633:AE13  [EAE13]  ff808001        inc     word ptr [bx + si + 0x180]
    3633:AE17  [EAE17]  0002            add     byte ptr [bp + si], al
    3633:AE19  [EAE19]  0003            add     byte ptr [bp + di], al
    3633:AE1B  [EAE1B]  0004            add     byte ptr [si], al
    3633:AE1D  [EAE1D]  0005            add     byte ptr [di], al
    3633:AE1F  [EAE1F]  00060007        add     byte ptr [0x700], al
    3633:AE23  [EAE23]  0008            add     byte ptr [bx + si], cl
    3633:AE25  [EAE25]  0009            add     byte ptr [bx + di], cl
    3633:AE27  [EAE27]  000a            add     byte ptr [bp + si], cl
    3633:AE29  [EAE29]  000b            add     byte ptr [bp + di], cl
    3633:AE2B  [EAE2B]  000c            add     byte ptr [si], cl
    3633:AE2D  [EAE2D]  000d            add     byte ptr [di], cl
    3633:AE2F  [EAE2F]  000e000f        add     byte ptr [0xf00], cl
    3633:AE33  [EAE33]  0010            add     byte ptr [bx + si], dl
    3633:AE35  [EAE35]  0011            add     byte ptr [bx + di], dl
    3633:AE37  [EAE37]  0012            add     byte ptr [bp + si], dl
    3633:AE39  [EAE39]  0013            add     byte ptr [bp + di], dl
    3633:AE3B  [EAE3B]  0014            add     byte ptr [si], dl
    3633:AE3D  [EAE3D]  0014            add     byte ptr [si], dl
    3633:AE3F  [EAE3F]  0114            add     word ptr [si], dx
    3633:AE41  [EAE41]  0214            add     dl, byte ptr [si]
    3633:AE43  [EAE43]  0314            add     dx, word ptr [si]
    3633:AE45  [EAE45]  0414            add     al, 0x14
    3633:AE47  [EAE47]  051406          add     ax, 0x614
    3633:AE4A  [EAE4A]  1407            adc     al, 7
    3633:AE4C  [EAE4C]  1408            adc     al, 8
    3633:AE4E  [EAE4E]  1409            adc     al, 9
    3633:AE50  [EAE50]  140a            adc     al, 0xa
    3633:AE52  [EAE52]  140b            adc     al, 0xb
    3633:AE54  [EAE54]  140c            adc     al, 0xc
    3633:AE56  [EAE56]  140d            adc     al, 0xd
    3633:AE58  [EAE58]  140e            adc     al, 0xe
    3633:AE5A  [EAE5A]  140f            adc     al, 0xf
    3633:AE5C  [EAE5C]  130f            adc     cx, word ptr [bx]
    3633:AE5E  [EAE5E]  120f            adc     cl, byte ptr [bx]
    3633:AE60  [EAE60]  110f            adc     word ptr [bx], cx
    3633:AE62  [EAE62]  100f            adc     byte ptr [bx], cl

SUB_ED0AE:
    3633:D0AE  [ED0AE]  a16404          mov     ax, word ptr [0x464]
    3633:D0B1  [ED0B1]  a36c04          mov     word ptr [0x46c], ax
    3633:D0B4  [ED0B4]  9aa404cef4      lcall   SUB_F5184  ; 0xf4ce, 0x4a4
    3633:D0B9  [ED0B9]  e90a00          jmp     L_ED0C6  ; 0x23c6

L_ED0C6:
    3633:D0C6  [ED0C6]  8be5            mov     sp, bp
    3633:D0C8  [ED0C8]  5d              pop     bp
    3633:D0C9  [ED0C9]  cb              retf    

SUB_ED7DF:
    3633:D7DF  [ED7DF]  22f5            and     dh, ch
    3633:D7E1  [ED7E1]  83c402          add     sp, 2
    3633:D7E4  [ED7E4]  8346eece        add     word ptr [bp - 0x12], -0x32
    3633:D7E8  [ED7E8]  ff76ee          push    word ptr [bp - 0x12]
    3633:D7EB  [ED7EB]  c43ee41c        les     di, ptr [0x1ce4]
    3633:D7EF  [ED7EF]  06              push    es
    3633:D7F0  [ED7F0]  57              push    di
    3633:D7F1  [ED7F1]  9a780622f5      lcall   SUB_F5898  ; 0xf522, 0x678
    3633:D7F6  [ED7F6]  83c402          add     sp, 2
    3633:D7F9  [ED7F9]  c47e0a          les     di, ptr [bp + 0xa]
    3633:D7FC  [ED7FC]  26803d00        cmp     byte ptr es:[di], 0
    3633:D800  [ED800]  7440            je      L_ED842  ; 0x2b42
    3633:D802  [ED802]  26c60500        mov     byte ptr es:[di], 0
    3633:D806  [ED806]  ba0400          mov     dx, 4
    3633:D809  [ED809]  2b16c203        sub     dx, word ptr [0x3c2]
    3633:D80D  [ED80D]  8bc2            mov     ax, dx
    3633:D80F  [ED80F]  ba8000          mov     dx, 0x80
    3633:D812  [ED812]  f7ea            imul    dx
    3633:D814  [ED814]  053101          add     ax, 0x131
    3633:D817  [ED817]  8946f0          mov     word ptr [bp - 0x10], ax
    3633:D81A  [ED81A]  a1c603          mov     ax, word ptr [0x3c6]
    3633:D81D  [ED81D]  050600          add     ax, 6
    3633:D820  [ED820]  ba3200          mov     dx, 0x32
    3633:D823  [ED823]  f7ea            imul    dx
    3633:D825  [ED825]  ba3903          mov     dx, 0x339
    3633:D828  [ED828]  2bd0            sub     dx, ax
    3633:D82A  [ED82A]  83c2f6          add     dx, -0xa
    3633:D82D  [ED82D]  8956ee          mov     word ptr [bp - 0x12], dx
    3633:D830  [ED830]  52              push    dx
    3633:D831  [ED831]  ff76f0          push    word ptr [bp - 0x10]
    3633:D834  [ED834]  c41efc1c        les     bx, ptr [0x1cfc]
    3633:D838  [ED838]  06              push    es
    3633:D839  [ED839]  53              push    bx
    3633:D83A  [ED83A]  9a020038f6      lcall   SUB_F6382  ; 0xf638, 2
    3633:D83F  [ED83F]  83c404          add     sp, 4
L_ED842:
    3633:D842  [ED842]  8be5            mov     sp, bp
    3633:D844  [ED844]  5d              pop     bp
    3633:D845  [ED845]  ca0400          retf    4

SUB_ED9BC:
    3633:D9BC  [ED9BC]  01c6            add     si, ax
    3633:D9BE  [ED9BE]  06              push    es
    3633:D9BF  [ED9BF]  680401          push    0x104
    3633:D9C2  [ED9C2]  833e2a0500      cmp     word ptr [0x52a], 0
    3633:D9C7  [ED9C7]  7519            jne     L_ED9E2  ; 0x32
    3633:D9C9  [ED9C9]  803e680400      cmp     byte ptr [0x468], 0
    3633:D9CE  [ED9CE]  7512            jne     L_ED9E2  ; 0x32
    3633:D9D0  [ED9D0]  a0e804          mov     al, byte ptr [0x4e8]
    3633:D9D3  [ED9D3]  2408            and     al, 8
    3633:D9D5  [ED9D5]  3c00            cmp     al, 0
    3633:D9D7  [ED9D7]  7509            jne     L_ED9E2  ; 0x32
    3633:D9D9  [ED9D9]  a0ec04          mov     al, byte ptr [0x4ec]
    3633:D9DC  [ED9DC]  2402            and     al, 2
    3633:D9DE  [ED9DE]  3c00            cmp     al, 0
    3633:D9E0  [ED9E0]  7466            je      L_EDA48  ; 0x98
L_ED9E2:
    3633:D9E2  [ED9E2]  803e821b00      cmp     byte ptr [0x1b82], 0
    3633:D9E7  [ED9E7]  750d            jne     L_ED9F6  ; 0x46
    3633:D9E9  [ED9E9]  a1ec1b          mov     ax, word ptr [0x1bec]
    3633:D9EC  [ED9EC]  03062a05        add     ax, word ptr [0x52a]
    3633:D9F0  [ED9F0]  8946f8          mov     word ptr [bp - 8], ax
    3633:D9F3  [ED9F3]  e90c00          jmp     L_EDA02  ; 0x52
L_ED9F6:
    3633:D9F6  [ED9F6]  a12a05          mov     ax, word ptr [0x52a]
    3633:D9F9  [ED9F9]  8b3eec1b        mov     di, word ptr [0x1bec]
    3633:D9FD  [ED9FD]  2bf8            sub     di, ax
    3633:D9FF  [ED9FF]  897ef8          mov     word ptr [bp - 8], di
L_EDA02:
    3633:DA02  [EDA02]  837ef820        cmp     word ptr [bp - 8], 0x20
    3633:DA06  [EDA06]  7d09            jge     L_EDA11  ; 0x61
    3633:DA08  [EDA08]  c706ec1b2000    mov     word ptr [0x1bec], 0x20

L_EDA0A:
    3633:DA0A  [EDA0A]  ec              in      al, dx

    3633:DA0E  [EDA0E]  e91700          jmp     L_EDA28  ; 0x78
L_EDA11:
    3633:DA11  [EDA11]  817ef80010      cmp     word ptr [bp - 8], 0x1000
    3633:DA16  [EDA16]  7e09            jle     L_EDA21  ; 0x71
    3633:DA18  [EDA18]  c706ec1b0010    mov     word ptr [0x1bec], 0x1000
    3633:DA1E  [EDA1E]  e90700          jmp     L_EDA28  ; 0x78
L_EDA21:
    3633:DA21  [EDA21]  8b7ef8          mov     di, word ptr [bp - 8]
    3633:DA24  [EDA24]  893eec1b        mov     word ptr [0x1bec], di
L_EDA28:
    3633:DA28  [EDA28]  803e701b01      cmp     byte ptr [0x1b70], 1
    3633:DA2D  [EDA2D]  7538            jne     L_EDA67  ; 0xb7
    3633:DA2F  [EDA2F]  803e821b00      cmp     byte ptr [0x1b82], 0
    3633:DA34  [EDA34]  7515            jne     L_EDA4B  ; 0x9b
    3633:DA36  [EDA36]  a1ec1b          mov     ax, word ptr [0x1bec]
    3633:DA39  [EDA39]  d1f8            sar     ax, 1
    3633:DA3B  [EDA3B]  d1f8            sar     ax, 1
    3633:DA3D  [EDA3D]  d1f8            sar     ax, 1
    3633:DA3F  [EDA3F]  25fcff          and     ax, 0xfffc
    3633:DA42  [EDA42]  8946f6          mov     word ptr [bp - 0xa], ax
    3633:DA45  [EDA45]  e91700          jmp     L_EDA5F  ; 0xaf
L_EDA48:
    3633:DA48  [EDA48]  e90a01          jmp     L_EDB55  ; 0x1a5
L_EDA4B:
    3633:DA4B  [EDA4B]  a1ec1b          mov     ax, word ptr [0x1bec]
    3633:DA4E  [EDA4E]  d1f8            sar     ax, 1
    3633:DA50  [EDA50]  d1f8            sar     ax, 1
    3633:DA52  [EDA52]  d1f8            sar     ax, 1
    3633:DA54  [EDA54]  25fcff          and     ax, 0xfffc
    3633:DA57  [EDA57]  bf0004          mov     di, 0x400
    3633:DA5A  [EDA5A]  2bf8            sub     di, ax
    3633:DA5C  [EDA5C]  897ef6          mov     word ptr [bp - 0xa], di
L_EDA5F:
    3633:DA5F  [EDA5F]  c746f40004      mov     word ptr [bp - 0xc], 0x400
    3633:DA64  [EDA64]  e93400          jmp     L_EDA9B  ; 0xeb
L_EDA67:
    3633:DA67  [EDA67]  803e821b00      cmp     byte ptr [0x1b82], 0
    3633:DA6C  [EDA6C]  7513            jne     L_EDA81  ; 0xd1
    3633:DA6E  [EDA6E]  a1ec1b          mov     ax, word ptr [0x1bec]
    3633:DA71  [EDA71]  d1f8            sar     ax, 1
    3633:DA73  [EDA73]  d1f8            sar     ax, 1
    3633:DA75  [EDA75]  d1f8            sar     ax, 1
    3633:DA77  [EDA77]  d1e0            shl     ax, 1
    3633:DA79  [EDA79]  d1e0            shl     ax, 1
    3633:DA7B  [EDA7B]  8946f6          mov     word ptr [bp - 0xa], ax
    3633:DA7E  [EDA7E]  e91500          jmp     L_EDA96  ; 0xe6
L_EDA81:
    3633:DA81  [EDA81]  a1ec1b          mov     ax, word ptr [0x1bec]
    3633:DA84  [EDA84]  d1f8            sar     ax, 1
    3633:DA86  [EDA86]  d1f8            sar     ax, 1
    3633:DA88  [EDA88]  d1f8            sar     ax, 1
    3633:DA8A  [EDA8A]  d1e0            shl     ax, 1
    3633:DA8C  [EDA8C]  d1e0            shl     ax, 1
    3633:DA8E  [EDA8E]  bf0010          mov     di, 0x1000
    3633:DA91  [EDA91]  2bf8            sub     di, ax
    3633:DA93  [EDA93]  897ef6          mov     word ptr [bp - 0xa], di
L_EDA96:
    3633:DA96  [EDA96]  c746f40010      mov     word ptr [bp - 0xc], 0x1000
L_EDA9B:
    3633:DA9B  [EDA9B]  1e              push    ds
    3633:DA9C  [EDA9C]  bf7604          mov     di, 0x476
    3633:DA9F  [EDA9F]  57              push    di
    3633:DAA0  [EDAA0]  ff76f6          push    word ptr [bp - 0xa]
    3633:DAA3  [EDAA3]  9ad9039bf5      lcall   SUB_F5D89  ; 0xf59b, 0x3d9
    3633:DAA8  [EDAA8]  83c404          add     sp, 4
    3633:DAAB  [EDAAB]  8946f2          mov     word ptr [bp - 0xe], ax
    3633:DAAE  [EDAAE]  8bf8            mov     di, ax
    3633:DAB0  [EDAB0]  c68576042f      mov     byte ptr [di + 0x476], 0x2f
    3633:DAB5  [EDAB5]  817ef40004      cmp     word ptr [bp - 0xc], 0x400
    3633:DABA  [EDABA]  7508            jne     L_EDAC4  ; 0x114
    3633:DABC  [EDABC]  c685770431      mov     byte ptr [di + 0x477], 0x31
    3633:DAC1  [EDAC1]  e90800          jmp     L_EDACC  ; 0x11c
L_EDAC4:
    3633:DAC4  [EDAC4]  8b7ef2          mov     di, word ptr [bp - 0xe]
    3633:DAC7  [EDAC7]  c685770434      mov     byte ptr [di + 0x477], 0x34
L_EDACC:
    3633:DACC  [EDACC]  8b7ef2          mov     di, word ptr [bp - 0xe]
    3633:DACF  [EDACF]  c68578044b      mov     byte ptr [di + 0x478], 0x4b
    3633:DAD4  [EDAD4]  c685790400      mov     byte ptr [di + 0x479], 0
    3633:DAD9  [EDAD9]  803e821b00      cmp     byte ptr [0x1b82], 0
    3633:DADE  [EDADE]  7525            jne     L_EDB05  ; 0x155
    3633:DAE0  [EDAE0]  a1ec1b          mov     ax, word ptr [0x1bec]
    3633:DAE3  [EDAE3]  d1f8            sar     ax, 1
    3633:DAE5  [EDAE5]  d1f8            sar     ax, 1
    3633:DAE7  [EDAE7]  d1f8            sar     ax, 1
    3633:DAE9  [EDAE9]  05ecff          add     ax, 0xffec
    3633:DAEC  [EDAEC]  8946f0          mov     word ptr [bp - 0x10], ax
    3633:DAEF  [EDAEF]  bff401          mov     di, 0x1f4
    3633:DAF2  [EDAF2]  57              push    di
    3633:DAF3  [EDAF3]  50              push    ax
    3633:DAF4  [EDAF4]  c43e001d        les     di, ptr [0x1d00]
    3633:DAF8  [EDAF8]  06              push    es
    3633:DAF9  [EDAF9]  57              push    di
    3633:DAFA  [EDAFA]  9a020038f6      lcall   SUB_F6382  ; 0xf638, 2
    3633:DAFF  [EDAFF]  83c404          add     sp, 4
    3633:DB02  [EDB02]  e92700          jmp     L_EDB2C  ; 0x17c
L_EDB05:
    3633:DB05  [EDB05]  a1ec1b          mov     ax, word ptr [0x1bec]
    3633:DB08  [EDB08]  d1f8            sar     ax, 1
    3633:DB0A  [EDB0A]  d1f8            sar     ax, 1
    3633:DB0C  [EDB0C]  d1f8            sar     ax, 1
    3633:DB0E  [EDB0E]  bf0004          mov     di, 0x400
    3633:DB11  [EDB11]  2bf8            sub     di, ax
    3633:DB13  [EDB13]  8d55ec          lea     dx, [di - 0x14]
    3633:DB16  [EDB16]  8956f0          mov     word ptr [bp - 0x10], dx
    3633:DB19  [EDB19]  bbf401          mov     bx, 0x1f4
    3633:DB1C  [EDB1C]  53              push    bx
    3633:DB1D  [EDB1D]  52              push    dx
    3633:DB1E  [EDB1E]  c41e001d        les     bx, ptr [0x1d00]
    3633:DB22  [EDB22]  06              push    es
    3633:DB23  [EDB23]  53              push    bx
    3633:DB24  [EDB24]  9a020038f6      lcall   SUB_F6382  ; 0xf638, 2
    3633:DB29  [EDB29]  83c404          add     sp, 4
L_EDB2C:
    3633:DB2C  [EDB2C]  e92600          jmp     L_EDB55  ; 0x1a5

L_EDB55:
    3633:DB55  [EDB55]  8be5            mov     sp, bp
    3633:DB57  [EDB57]  5d              pop     bp
    3633:DB58  [EDB58]  ca0200          retf    2

SUB_EDFFD:
    3633:DFFD  [EDFFD]  2b07            sub     ax, word ptr [bx]
    3633:DFFF  [EDFFF]  08f4            or      ah, dh
    3633:E001  [EE001]  83c402          add     sp, 2
    3633:E004  [EE004]  a16404          mov     ax, word ptr [0x464]
    3633:E007  [EE007]  d1e0            shl     ax, 1
    3633:E009  [EE009]  d1e0            shl     ax, 1
    3633:E00B  [EE00B]  d1e0            shl     ax, 1
    3633:E00D  [EE00D]  d1e0            shl     ax, 1
    3633:E00F  [EE00F]  c43e101d        les     di, ptr [0x1d10]
    3633:E013  [EE013]  8bd8            mov     bx, ax
    3633:E015  [EE015]  268b5106        mov     dx, word ptr es:[bx + di + 6]
    3633:E019  [EE019]  260b5108        or      dx, word ptr es:[bx + di + 8]
    3633:E01D  [EE01D]  7478            je      L_EE097  ; 0x677
    3633:E01F  [EE01F]  a06604          mov     al, byte ptr [0x466]
    3633:E022  [EE022]  2480            and     al, 0x80
    3633:E024  [EE024]  3c00            cmp     al, 0
    3633:E026  [EE026]  746f            je      L_EE097  ; 0x677
    3633:E028  [EE028]  ba0400          mov     dx, 4
    3633:E02B  [EE02B]  52              push    dx
    3633:E02C  [EE02C]  a16404          mov     ax, word ptr [0x464]
    3633:E02F  [EE02F]  d1e0            shl     ax, 1
    3633:E031  [EE031]  d1e0            shl     ax, 1
    3633:E033  [EE033]  d1e0            shl     ax, 1
    3633:E035  [EE035]  d1e0            shl     ax, 1
    3633:E037  [EE037]  c43e101d        les     di, ptr [0x1d10]
    3633:E03B  [EE03B]  eb06            jmp     L_EE043  ; 0x623

L_EE043:
    3633:E043  [EE043]  8bd8            mov     bx, ax
    3633:E045  [EE045]  26ff5906        lcall   es:[bx + di + 6]
    3633:E049  [EE049]  e94b00          jmp     L_EE097  ; 0x677

L_EE097:
    3633:E097  [EE097]  e91d00          jmp     L_EE0B7  ; 0x697

L_EE0B7:
    3633:E0B7  [EE0B7]  8be5            mov     sp, bp
    3633:E0B9  [EE0B9]  5d              pop     bp
    3633:E0BA  [EE0BA]  cb              retf    

L_EE139:
    3633:E139  [EE139]  8b7ef6          mov     di, word ptr [bp - 0xa]

write_hw_shift_register:
    3633:E13B  [EE13B]  f6d1            not     cl

    3633:E13C  [EE13C]  d1e7            shl     di, 1

    3633:E13D  [EE13D]  e7d1            out     0xd1, ax

    3633:E13E  [EE13E]  d1e7            shl     di, 1

    3633:E13F  [EE13F]  e7d1            out     0xd1, ax

    3633:E140  [EE140]  d1e7            shl     di, 1

    3633:E141  [EE141]  e7d1            out     0xd1, ax

    3633:E142  [EE142]  d1e7            shl     di, 1

    3633:E143  [EE143]  e7c4            out     0xc4, ax

    3633:E144  [EE144]  c41e101d        les     bx, ptr [0x1d10]

    3633:E145  [EE145]  1e              push    ds
    3633:E146  [EE146]  101d            adc     byte ptr [di], bl
    3633:E148  [EE148]  268a5105        mov     dl, byte ptr es:[bx + di + 5]
    3633:E14C  [EE14C]  2af6            sub     dh, dh
    3633:E14E  [EE14E]  8956f6          mov     word ptr [bp - 0xa], dx
    3633:E151  [EE151]  ff46f8          inc     word ptr [bp - 8]
    3633:E154  [EE154]  8b7ef8          mov     di, word ptr [bp - 8]
    3633:E157  [EE157]  8b5e06          mov     bx, word ptr [bp + 6]
    3633:E15A  [EE15A]  8a97e303        mov     dl, byte ptr [bx + 0x3e3]
    3633:E15E  [EE15E]  2af6            sub     dh, dh
    3633:E160  [EE160]  3bfa            cmp     di, dx
    3633:E162  [EE162]  7cd5            jl      L_EE139  ; 0x719
    3633:E164  [EE164]  b80100          mov     ax, 1
    3633:E167  [EE167]  50              push    ax
    3633:E168  [EE168]  ff7608          push    word ptr [bp + 8]
    3633:E16B  [EE16B]  ff76f6          push    word ptr [bp - 0xa]
    3633:E16E  [EE16E]  9ad00008f4      lcall   SUB_F4150  ; 0xf408, 0xd0
    3633:E173  [EE173]  83c404          add     sp, 4
    3633:E176  [EE176]  ff460a          inc     word ptr [bp + 0xa]
    3633:E179  [EE179]  ff760a          push    word ptr [bp + 0xa]
    3633:E17C  [EE17C]  8b7e08          mov     di, word ptr [bp + 8]
    3633:E17F  [EE17F]  47              inc     di
    3633:E180  [EE180]  57              push    di
    3633:E181  [EE181]  ff76f6          push    word ptr [bp - 0xa]
    3633:E184  [EE184]  9aa701f5f5      lcall   SUB_F60F7  ; 0xf5f5, 0x1a7
    3633:E189  [EE189]  83c404          add     sp, 4
    3633:E18C  [EE18C]  89460a          mov     word ptr [bp + 0xa], ax
    3633:E18F  [EE18F]  e9c301          jmp     L_EE355  ; 0x935

L_EE355:
    3633:E355  [EE355]  8b460a          mov     ax, word ptr [bp + 0xa]
    3633:E358  [EE358]  8be5            mov     sp, bp
    3633:E35A  [EE35A]  5d              pop     bp
    3633:E35B  [EE35B]  ca0200          retf    2

SUB_EEA58:
    3633:EA58  [EEA58]  0800            or      byte ptr [bx + si], al
    3633:EA5A  [EEA5A]  80f183          xor     cl, 0x83
    3633:EA5D  [EEA5D]  c40c            les     cx, ptr [si]
    3633:EA5F  [EEA5F]  e98900          jmp     L_EEAEB  ; 0x9b

L_EEAEB:
    3633:EAEB  [EEAEB]  c43e3600        les     di, ptr [0x36]
    3633:EAEF  [EEAEF]  8b5608          mov     dx, word ptr [bp + 8]
    3633:EAF2  [EEAF2]  d1e2            shl     dx, 1
    3633:EAF4  [EEAF4]  d1e2            shl     dx, 1
    3633:EAF6  [EEAF6]  8bda            mov     bx, dx
    3633:EAF8  [EEAF8]  8bc7            mov     ax, di
    3633:EAFA  [EEAFA]  03873c00        add     ax, word ptr [bx + 0x3c]
    3633:EAFE  [EEAFE]  8946f6          mov     word ptr [bp - 0xa], ax
    3633:EB01  [EEB01]  8c46f8          mov     word ptr [bp - 8], es
    3633:EB04  [EEB04]  a03302          mov     al, byte ptr [0x233]
    3633:EB07  [EEB07]  2401            and     al, 1
    3633:EB09  [EEB09]  3c00            cmp     al, 0
    3633:EB0B  [EEB0B]  7506            jne     L_EEB13  ; 0xc3
    3633:EB0D  [EEB0D]  837e0600        cmp     word ptr [bp + 6], 0
    3633:EB11  [EEB11]  740f            je      L_EEB22  ; 0xd2
L_EEB13:
    3633:EB13  [EEB13]  a03302          mov     al, byte ptr [0x233]
    3633:EB16  [EEB16]  2402            and     al, 2
    3633:EB18  [EEB18]  3c00            cmp     al, 0
    3633:EB1A  [EEB1A]  7540            jne     L_EEB5C  ; 0x10c
    3633:EB1C  [EEB1C]  837e0601        cmp     word ptr [bp + 6], 1
    3633:EB20  [EEB20]  753a            jne     L_EEB5C  ; 0x10c
L_EEB22:
    3633:EB22  [EEB22]  a0cc01          mov     al, byte ptr [0x1cc]
    3633:EB25  [EEB25]  2410            and     al, 0x10
    3633:EB27  [EEB27]  3c00            cmp     al, 0
    3633:EB29  [EEB29]  7407            je      L_EEB32  ; 0xe2
    3633:EB2B  [EEB2B]  c646eb01        mov     byte ptr [bp - 0x15], 1
    3633:EB2F  [EEB2F]  e91400          jmp     L_EEB46  ; 0xf6
L_EEB32:
    3633:EB32  [EEB32]  a0cc01          mov     al, byte ptr [0x1cc]
    3633:EB35  [EEB35]  2420            and     al, 0x20
    3633:EB37  [EEB37]  3c00            cmp     al, 0
    3633:EB39  [EEB39]  7407            je      L_EEB42  ; 0xf2
    3633:EB3B  [EEB3B]  c646eb00        mov     byte ptr [bp - 0x15], 0
    3633:EB3F  [EEB3F]  e90400          jmp     L_EEB46  ; 0xf6
L_EEB42:
    3633:EB42  [EEB42]  c646eb02        mov     byte ptr [bp - 0x15], 2
L_EEB46:
    3633:EB46  [EEB46]  8a46eb          mov     al, byte ptr [bp - 0x15]
    3633:EB49  [EEB49]  98              cwde    
    3633:EB4A  [EEB4A]  50              push    ax
    3633:EB4B  [EEB4B]  ff36d401        push    word ptr [0x1d4]
    3633:EB4F  [EEB4F]  c47eee          les     di, ptr [bp - 0x12]
    3633:EB52  [EEB52]  06              push    es
    3633:EB53  [EEB53]  57              push    di
    3633:EB54  [EEB54]  9a0600d8fb      lcall   SUB_FBD86  ; 0xfbd8, 6
    3633:EB59  [EEB59]  83c404          add     sp, 4
L_EEB5C:
    3633:EB5C  [EEB5C]  8be5            mov     sp, bp
    3633:EB5E  [EEB5E]  5d              pop     bp
    3633:EB5F  [EEB5F]  ca0200          retf    2

SUB_EF346:
    3633:F346  [EF346]  56              push    si

L_EF359:
    3633:F359  [EF359]  7e06            jle     L_EF361  ; 0x21
    3633:F35B  [EF35B]  09750a          or      word ptr [di + 0xa], si
    3633:F35E  [EF35E]  a17200          mov     ax, word ptr [0x72]
L_EF361:
    3633:F361  [EF361]  d1f8            sar     ax, 1
    3633:F363  [EF363]  d1f8            sar     ax, 1
    3633:F365  [EF365]  8946f0          mov     word ptr [bp - 0x10], ax
    3633:F368  [EF368]  c746e0ff10      mov     word ptr [bp - 0x20], 0x10ff
    3633:F36D  [EF36D]  837e0608        cmp     word ptr [bp + 6], 8
    3633:F371  [EF371]  7c06            jl      L_EF379  ; 0x39
    3633:F373  [EF373]  b90200          mov     cx, 2

L_EF375:
    3633:F375  [EF375]  00d3            add     bl, dl

    3633:F376  [EF376]  d37ee0          sar     word ptr [bp - 0x20], cl

    3633:F377  [EF377]  7ee0            jle     L_EF359  ; 0x19
L_EF379:
    3633:F379  [EF379]  8b7e06          mov     di, word ptr [bp + 6]
    3633:F37C  [EF37C]  d1ff            sar     di, 1
    3633:F37E  [EF37E]  d1e7            shl     di, 1
    3633:F380  [EF380]  d1e7            shl     di, 1
    3633:F382  [EF382]  d1e7            shl     di, 1
    3633:F384  [EF384]  d1e7            shl     di, 1
    3633:F386  [EF386]  8a958c01        mov     dl, byte ptr [di + 0x18c]
    3633:F38A  [EF38A]  80e204          and     dl, 4
    3633:F38D  [EF38D]  80fa00          cmp     dl, 0
    3633:F390  [EF390]  7403            je      L_EF395  ; 0x55
    3633:F392  [EF392]  d17ee0          sar     word ptr [bp - 0x20], 1

SUB_EF393:
    3633:F393  [EF393]  7ee0            jle     L_EF375  ; 0x35
L_EF395:
    3633:F395  [EF395]  8b7ef0          mov     di, word ptr [bp - 0x10]
    3633:F398  [EF398]  2b7ede          sub     di, word ptr [bp - 0x22]
    3633:F39B  [EF39B]  037e0a          add     di, word ptr [bp + 0xa]
    3633:F39E  [EF39E]  8b56e0          mov     dx, word ptr [bp - 0x20]
    3633:F3A1  [EF3A1]  3bfa            cmp     di, dx
    3633:F3A3  [EF3A3]  7e17            jle     L_EF3BC  ; 0x7c
    3633:F3A5  [EF3A5]  8b4ef0          mov     cx, word ptr [bp - 0x10]
    3633:F3A8  [EF3A8]  2b4ede          sub     cx, word ptr [bp - 0x22]
    3633:F3AB  [EF3AB]  eb03            jmp     L_EF3B0  ; 0x70

L_EF3B0:
    3633:F3B0  [EF3B0]  034e0a          add     cx, word ptr [bp + 0xa]
    3633:F3B3  [EF3B3]  2bca            sub     cx, dx
    3633:F3B5  [EF3B5]  49              dec     cx
    3633:F3B6  [EF3B6]  894e0a          mov     word ptr [bp + 0xa], cx
    3633:F3B9  [EF3B9]  e92d00          jmp     L_EF3E9  ; 0xa9
L_EF3BC:
    3633:F3BC  [EF3BC]  8b7ef0          mov     di, word ptr [bp - 0x10]
    3633:F3BF  [EF3BF]  2b7ede          sub     di, word ptr [bp - 0x22]
    3633:F3C2  [EF3C2]  037e0a          add     di, word ptr [bp + 0xa]
    3633:F3C5  [EF3C5]  83ff00          cmp     di, 0
    3633:F3C8  [EF3C8]  7d13            jge     L_EF3DD  ; 0x9d
    3633:F3CA  [EF3CA]  8b56f0          mov     dx, word ptr [bp - 0x10]
    3633:F3CD  [EF3CD]  2b56de          sub     dx, word ptr [bp - 0x22]
    3633:F3D0  [EF3D0]  03560a          add     dx, word ptr [bp + 0xa]
    3633:F3D3  [EF3D3]  0356e0          add     dx, word ptr [bp - 0x20]
    3633:F3D6  [EF3D6]  42              inc     dx
    3633:F3D7  [EF3D7]  89560a          mov     word ptr [bp + 0xa], dx
    3633:F3DA  [EF3DA]  e90c00          jmp     L_EF3E9  ; 0xa9
L_EF3DD:
    3633:F3DD  [EF3DD]  8b7ef0          mov     di, word ptr [bp - 0x10]
    3633:F3E0  [EF3E0]  2b7ede          sub     di, word ptr [bp - 0x22]
    3633:F3E3  [EF3E3]  037e0a          add     di, word ptr [bp + 0xa]
    3633:F3E6  [EF3E6]  897e0a          mov     word ptr [bp + 0xa], di
L_EF3E9:
    3633:F3E9  [EF3E9]  a02000          mov     al, byte ptr [0x20]
    3633:F3EC  [EF3EC]  2404            and     al, 4
    3633:F3EE  [EF3EE]  3c00            cmp     al, 0
    3633:F3F0  [EF3F0]  7411            je      L_EF403  ; 0xc3
    3633:F3F2  [EF3F2]  803e8b1b00      cmp     byte ptr [0x1b8b], 0
    3633:F3F7  [EF3F7]  750a            jne     L_EF403  ; 0xc3
    3633:F3F9  [EF3F9]  8b7e0a          mov     di, word ptr [bp + 0xa]
    3633:F3FC  [EF3FC]  81e7feff        and     di, 0xfffe
    3633:F400  [EF400]  897e0a          mov     word ptr [bp + 0xa], di
L_EF403:
    3633:F403  [EF403]  c47ef2          les     di, ptr [bp - 0xe]
    3633:F406  [EF406]  268b15          mov     dx, word ptr es:[di]
    3633:F409  [EF409]  03560a          add     dx, word ptr [bp + 0xa]
    3633:F40C  [EF40C]  8956ee          mov     word ptr [bp - 0x12], dx
    3633:F40F  [EF40F]  a03400          mov     al, byte ptr [0x34]
    3633:F412  [EF412]  2ae4            sub     ah, ah
    3633:F414  [EF414]  50              push    ax
    3633:F415  [EF415]  8b4608          mov     ax, word ptr [bp + 8]
    3633:F418  [EF418]  ba0a00          mov     dx, 0xa
    3633:F41B  [EF41B]  f7ea            imul    dx
    3633:F41D  [EF41D]  ba141c          mov     dx, 0x1c14
    3633:F420  [EF420]  03d0            add     dx, ax
    3633:F422  [EF422]  1e              push    ds
    3633:F423  [EF423]  52              push    dx
    3633:F424  [EF424]  8b4606          mov     ax, word ptr [bp + 6]
    3633:F427  [EF427]  ba0a00          mov     dx, 0xa
    3633:F42A  [EF42A]  f7ea            imul    dx
    3633:F42C  [EF42C]  ba141c          mov     dx, 0x1c14
    3633:F42F  [EF42F]  03d0            add     dx, ax
    3633:F431  [EF431]  1e              push    ds
    3633:F432  [EF432]  52              push    dx
    3633:F433  [EF433]  9a2900befb      lcall   memcpy_far  ; 0xfbbe, 0x29
    3633:F438  [EF438]  83c406          add     sp, 6
    3633:F43B  [EF43B]  8b7e06          mov     di, word ptr [bp + 6]
    3633:F43E  [EF43E]  d1ff            sar     di, 1
SUB_EF440:
    3633:F440  [EF440]  d1e7            shl     di, 1
    3633:F442  [EF442]  d1e7            shl     di, 1
    3633:F444  [EF444]  d1e7            shl     di, 1
    3633:F446  [EF446]  d1e7            shl     di, 1
    3633:F448  [EF448]  8a958f01        mov     dl, byte ptr [di + 0x18f]
    3633:F44C  [EF44C]  2af6            sub     dh, dh
    3633:F44E  [EF44E]  81e20f00        and     dx, 0xf
    3633:F452  [EF452]  8956e2          mov     word ptr [bp - 0x1e], dx
    3633:F455  [EF455]  81e20800        and     dx, 8
    3633:F459  [EF459]  83fa08          cmp     dx, 8
    3633:F45C  [EF45C]  7406            je      L_EF464  ; 0x124
    3633:F45E  [EF45E]  837ee200        cmp     word ptr [bp - 0x1e], 0
    3633:F462  [EF462]  7532            jne     L_EF496  ; 0x156
L_EF464:
    3633:F464  [EF464]  a03400          mov     al, byte ptr [0x34]
    3633:F467  [EF467]  2ae4            sub     ah, ah
    3633:F469  [EF469]  50              push    ax
    3633:F46A  [EF46A]  8b7e08          mov     di, word ptr [bp + 8]
    3633:F46D  [EF46D]  47              inc     di
    3633:F46E  [EF46E]  8bc7            mov     ax, di
    3633:F470  [EF470]  ba0a00          mov     dx, 0xa
    3633:F473  [EF473]  f7ea            imul    dx
    3633:F475  [EF475]  ba141c          mov     dx, 0x1c14
    3633:F478  [EF478]  03d0            add     dx, ax
    3633:F47A  [EF47A]  1e              push    ds
    3633:F47B  [EF47B]  52              push    dx
    3633:F47C  [EF47C]  8b4e06          mov     cx, word ptr [bp + 6]
    3633:F47F  [EF47F]  41              inc     cx
    3633:F480  [EF480]  8bc1            mov     ax, cx
    3633:F482  [EF482]  ba0a00          mov     dx, 0xa
    3633:F485  [EF485]  f7ea            imul    dx
    3633:F487  [EF487]  ba141c          mov     dx, 0x1c14
    3633:F48A  [EF48A]  03d0            add     dx, ax
    3633:F48C  [EF48C]  1e              push    ds
    3633:F48D  [EF48D]  52              push    dx
    3633:F48E  [EF48E]  9a2900befb      lcall   memcpy_far  ; 0xfbbe, 0x29
    3633:F493  [EF493]  83c406          add     sp, 6
L_EF496:
    3633:F496  [EF496]  c47ee4          les     di, ptr [bp - 0x1c]
    3633:F499  [EF499]  06              push    es
    3633:F49A  [EF49A]  57              push    di
    3633:F49B  [EF49B]  2bd2            sub     dx, dx
    3633:F49D  [EF49D]  52              push    dx
    3633:F49E  [EF49E]  ff7608          push    word ptr [bp + 8]
    3633:F4A1  [EF4A1]  ff7606          push    word ptr [bp + 6]
    3633:F4A4  [EF4A4]  9aaa0406f7      lcall   SUB_F750A  ; 0xf706, 0x4aa
    3633:F4A9  [EF4A9]  83c408          add     sp, 8
    3633:F4AC  [EF4AC]  8b7e08          mov     di, word ptr [bp + 8]
    3633:F4AF  [EF4AF]  d1ff            sar     di, 1
    3633:F4B1  [EF4B1]  83ff04          cmp     di, 4
    3633:F4B4  [EF4B4]  744d            je      L_EF503  ; 0x1c3
    3633:F4B6  [EF4B6]  803e831b1e      cmp     byte ptr [0x1b83], 0x1e
    3633:F4BB  [EF4BB]  7414            je      L_EF4D1  ; 0x191
    3633:F4BD  [EF4BD]  8b7e06          mov     di, word ptr [bp + 6]
    3633:F4C0  [EF4C0]  d1ff            sar     di, 1
    3633:F4C2  [EF4C2]  83ff01          cmp     di, 1
    3633:F4C5  [EF4C5]  750a            jne     L_EF4D1  ; 0x191
    3633:F4C7  [EF4C7]  8b7e08          mov     di, word ptr [bp + 8]
    3633:F4CA  [EF4CA]  d1ff            sar     di, 1
    3633:F4CC  [EF4CC]  83ff03          cmp     di, 3
    3633:F4CF  [EF4CF]  7432            je      L_EF503  ; 0x1c3
L_EF4D1:
    3633:F4D1  [EF4D1]  ff76e8          push    word ptr [bp - 0x18]
    3633:F4D4  [EF4D4]  8b7eea          mov     di, word ptr [bp - 0x16]
    3633:F4D7  [EF4D7]  c416801c        les     dx, ptr [0x1c80]
    3633:F4DB  [EF4DB]  8bca            mov     cx, dx
    3633:F4DD  [EF4DD]  03cf            add     cx, di
    3633:F4DF  [EF4DF]  06              push    es
    3633:F4E0  [EF4E0]  51              push    cx
    3633:F4E1  [EF4E1]  8b5eec          mov     bx, word ptr [bp - 0x14]
    3633:F4E4  [EF4E4]  c406801c        les     ax, ptr [0x1c80]
    3633:F4E8  [EF4E8]  8bc8            mov     cx, ax
    3633:F4EA  [EF4EA]  03cb            add     cx, bx
    3633:F4EC  [EF4EC]  06              push    es
    3633:F4ED  [EF4ED]  51              push    cx
    3633:F4EE  [EF4EE]  8b7eee          mov     di, word ptr [bp - 0x12]
    3633:F4F1  [EF4F1]  c416801c        les     dx, ptr [0x1c80]
    3633:F4F5  [EF4F5]  8bca            mov     cx, dx
    3633:F4F7  [EF4F7]  03cf            add     cx, di
    3633:F4F9  [EF4F9]  06              push    es
    3633:F4FA  [EF4FA]  51              push    cx
    3633:F4FB  [EF4FB]  9aa30506f7      lcall   SUB_F7603  ; 0xf706, 0x5a3
    3633:F500  [EF500]  83c40a          add     sp, 0xa
L_EF503:
    3633:F503  [EF503]  59              pop     cx
    3633:F504  [EF504]  8be5            mov     sp, bp
    3633:F506  [EF506]  5d              pop     bp
    3633:F507  [EF507]  ca0200          retf    2

SUB_EFB64:
    3633:FB64  [EFB64]  f6d1            not     cl
    3633:FB66  [EFB66]  e288            loop    0xffffff90
    3633:FB68  [EFB68]  56              push    si
    3633:FB69  [EFB69]  f1              int1    
    3633:FB6A  [EFB6A]  2af6            sub     dh, dh
    3633:FB6C  [EFB6C]  8bc2            mov     ax, dx
    3633:FB6E  [EFB6E]  ba1400          mov     dx, 0x14
    3633:FB71  [EFB71]  f7ea            imul    dx
    3633:FB73  [EFB73]  bfa600          mov     di, 0xa6
    3633:FB76  [EFB76]  03f8            add     di, ax
    3633:FB78  [EFB78]  897ef6          mov     word ptr [bp - 0xa], di
    3633:FB7B  [EFB7B]  8c5ef8          mov     word ptr [bp - 8], ds
    3633:FB7E  [EFB7E]  8a56f1          mov     dl, byte ptr [bp - 0xf]
    3633:FB81  [EFB81]  2af6            sub     dh, dh
    3633:FB83  [EFB83]  8bda            mov     bx, dx
    3633:FB85  [EFB85]  8a97e21b        mov     dl, byte ptr [bx + 0x1be2]
    3633:FB89  [EFB89]  80e202          and     dl, 2
    3633:FB8C  [EFB8C]  80fa00          cmp     dl, 0
    3633:FB8F  [EFB8F]  741f            je      L_EFBB0  ; 0x50
    3633:FB91  [EFB91]  8a56f0          mov     dl, byte ptr [bp - 0x10]
    3633:FB94  [EFB94]  2af6            sub     dh, dh
    3633:FB96  [EFB96]  52              push    dx
    3633:FB97  [EFB97]  c446f6          les     ax, ptr [bp - 0xa]
    3633:FB9A  [EFB9A]  8bd8            mov     bx, ax
    3633:FB9C  [EFB9C]  83c30d          add     bx, 0xd
    3633:FB9F  [EFB9F]  06              push    es
    3633:FBA0  [EFBA0]  53              push    bx
    3633:FBA1  [EFBA1]  9a4900c2fb      lcall   pack_low5_bits  ; 0xfbc2, 0x49

SUB_EFBA5:
    3633:FBA5  [EFBA5]  fb              sti     
    3633:FBA6  [EFBA6]  83c402          add     sp, 2
    3633:FBA9  [EFBA9]  c47ef6          les     di, ptr [bp - 0xa]
    3633:FBAC  [EFBAC]  26800d04        or      byte ptr es:[di], 4
L_EFBB0:
    3633:FBB0  [EFBB0]  8346f614        add     word ptr [bp - 0xa], 0x14
    3633:FBB4  [EFBB4]  fe46f1          inc     byte ptr [bp - 0xf]
    3633:FBB7  [EFBB7]  8a56f1          mov     dl, byte ptr [bp - 0xf]
    3633:FBBA  [EFBBA]  2af6            sub     dh, dh
    3633:FBBC  [EFBBC]  8bfa            mov     di, dx
    3633:FBBE  [EFBBE]  8a9de21b        mov     bl, byte ptr [di + 0x1be2]
    3633:FBC2  [EFBC2]  80e302          and     bl, 2
    3633:FBC5  [EFBC5]  80fb00          cmp     bl, 0
    3633:FBC8  [EFBC8]  741f            je      L_EFBE9  ; 0x89
    3633:FBCA  [EFBCA]  8a5ef0          mov     bl, byte ptr [bp - 0x10]
    3633:FBCD  [EFBCD]  2aff            sub     bh, bh
    3633:FBCF  [EFBCF]  53              push    bx
    3633:FBD0  [EFBD0]  c446f6          les     ax, ptr [bp - 0xa]
    3633:FBD3  [EFBD3]  8bd0            mov     dx, ax
    3633:FBD5  [EFBD5]  83c20d          add     dx, 0xd
    3633:FBD8  [EFBD8]  06              push    es
    3633:FBD9  [EFBD9]  52              push    dx
    3633:FBDA  [EFBDA]  9a4900c2fb      lcall   pack_low5_bits  ; 0xfbc2, 0x49
    3633:FBDF  [EFBDF]  83c402          add     sp, 2
    3633:FBE2  [EFBE2]  c47ef6          les     di, ptr [bp - 0xa]
    3633:FBE5  [EFBE5]  26800d04        or      byte ptr es:[di], 4
L_EFBE9:
    3633:FBE9  [EFBE9]  8be5            mov     sp, bp
    3633:FBEB  [EFBEB]  5d              pop     bp
    3633:FBEC  [EFBEC]  ca0200          retf    2

scale_and_plot_point_default:
    3532:0078  [F0078]  44              inc     sp
    3532:0079  [F0079]  0072e7          add     byte ptr [bp + si - 0x19], dh
    3532:007C  [F007C]  8946f2          mov     word ptr [bp - 0xe], ax
    3532:007F  [F007F]  8956f4          mov     word ptr [bp - 0xc], dx
    3532:0082  [F0082]  a1d206          mov     ax, word ptr [0x6d2]
    3532:0085  [F0085]  99              cdq     
scale_and_plot_point:
    3532:0086  [F0086]  52              push    dx
    3532:0087  [F0087]  50              push    ax
    3532:0088  [F0088]  8b4608          mov     ax, word ptr [bp + 8]
    3532:008B  [F008B]  99              cdq     
    3532:008C  [F008C]  9a5d0072e7      lcall   mul32  ; 0xe772, 0x5d
    3532:0091  [F0091]  8946ee          mov     word ptr [bp - 0x12], ax
    3532:0094  [F0094]  8956f0          mov     word ptr [bp - 0x10], dx
    3532:0097  [F0097]  2bff            sub     di, di
    3532:0099  [F0099]  57              push    di
    3532:009A  [F009A]  ba0600          mov     dx, 6
    3532:009D  [F009D]  52              push    dx
    3532:009E  [F009E]  8b46ee          mov     ax, word ptr [bp - 0x12]
    3532:00A1  [F00A1]  8b56f0          mov     dx, word ptr [bp - 0x10]
    3532:00A4  [F00A4]  9a440072e7      lcall   ashr32  ; 0xe772, 0x44
    3532:00A9  [F00A9]  8946ee          mov     word ptr [bp - 0x12], ax
    3532:00AC  [F00AC]  8956f0          mov     word ptr [bp - 0x10], dx
    3532:00AF  [F00AF]  8b5ef2          mov     bx, word ptr [bp - 0xe]
    3532:00B2  [F00B2]  895ef8          mov     word ptr [bp - 8], bx
    3532:00B5  [F00B5]  8bd0            mov     dx, ax
    3532:00B7  [F00B7]  8956f6          mov     word ptr [bp - 0xa], dx
    3532:00BA  [F00BA]  bf0100          mov     di, 1
    3532:00BD  [F00BD]  57              push    di
    3532:00BE  [F00BE]  52              push    dx
    3532:00BF  [F00BF]  53              push    bx
    3532:00C0  [F00C0]  ff36e806        push    word ptr [0x6e8]
    3532:00C4  [F00C4]  ff36e606        push    word ptr [0x6e6]
    3532:00C8  [F00C8]  9a0900f3e7      lcall   plot_scaled_point  ; 0xe7f3, 9
    3532:00CD  [F00CD]  83c408          add     sp, 8
    3532:00D0  [F00D0]  8b7ef8          mov     di, word ptr [bp - 8]
    3532:00D3  [F00D3]  893ee606        mov     word ptr [0x6e6], di
    3532:00D7  [F00D7]  8b56f6          mov     dx, word ptr [bp - 0xa]
    3532:00DA  [F00DA]  8916e806        mov     word ptr [0x6e8], dx
    3532:00DE  [F00DE]  8be5            mov     sp, bp
    3532:00E0  [F00E0]  5d              pop     bp
    3532:00E1  [F00E1]  ca0200          retf    2

reset_acq_buffers_stub:
    3532:03F4  [F03F4]  0020            add     byte ptr [bx + si], ah
    3532:03F6  [F03F6]  e97f02          jmp     L_F0678  ; 0x5f8

print_and_reset_acq_buffers:
    3532:0414  [F0414]  83c404          add     sp, 4
    3532:0417  [F0417]  bf0b00          mov     di, 0xb
    3532:041A  [F041A]  57              push    di
    3532:041B  [F041B]  2bff            sub     di, di
    3532:041D  [F041D]  57              push    di
    3532:041E  [F041E]  ba1b00          mov     dx, 0x1b
    3532:0421  [F0421]  52              push    dx
    3532:0422  [F0422]  ba7bff          mov     dx, 0xff7b
    3532:0425  [F0425]  52              push    dx
    3532:0426  [F0426]  bb6203          mov     bx, 0x362
    3532:0429  [F0429]  53              push    bx
    3532:042A  [F042A]  9a010091e7      lcall   format_string_va  ; 0xe791, 1
    3532:042F  [F042F]  83c406          add     sp, 6
    3532:0432  [F0432]  b8ff1f          mov     ax, 0x1fff
    3532:0435  [F0435]  99              cdq     
    3532:0436  [F0436]  f73ecc06        idiv    word ptr [0x6cc]
    3532:043A  [F043A]  8bf8            mov     di, ax
    3532:043C  [F043C]  a1d406          mov     ax, word ptr [0x6d4]
    3532:043F  [F043F]  f7ef            imul    di
    3532:0441  [F0441]  25f0ff          and     ax, 0xfff0
    3532:0444  [F0444]  a3d606          mov     word ptr [0x6d6], ax

reset_all_channel_plot_caches:
    3532:0446  [F0446]  06              push    es
    3532:0447  [F0447]  e92e02          jmp     L_F0678  ; 0x5f8

L_F0678:
    3532:0678  [F0678]  c706f8060008    mov     word ptr [0x6f8], 0x800
    3532:067E  [F067E]  c706f6060008    mov     word ptr [0x6f6], 0x800
    3532:0684  [F0684]  c706f4060008    mov     word ptr [0x6f4], 0x800
    3532:068A  [F068A]  c706f2060008    mov     word ptr [0x6f2], 0x800
    3532:0690  [F0690]  c43efa06        les     di, ptr [0x6fa]
    3532:0694  [F0694]  26c605d5        mov     byte ptr es:[di], 0xd5
    3532:0698  [F0698]  c70600070000    mov     word ptr [0x700], 0
    3532:069E  [F069E]  c70602070000    mov     word ptr [0x702], 0
    3532:06A4  [F06A4]  c70604071400    mov     word ptr [0x704], 0x14
    3532:06AA  [F06AA]  c706e8060008    mov     word ptr [0x6e8], 0x800
    3532:06B0  [F06B0]  c706e6060008    mov     word ptr [0x6e6], 0x800
    3532:06B6  [F06B6]  c706b4060008    mov     word ptr [0x6b4], 0x800
    3532:06BC  [F06BC]  c706b2060008    mov     word ptr [0x6b2], 0x800
    3532:06C2  [F06C2]  c7060e070000    mov     word ptr [0x70e], 0
    3532:06C8  [F06C8]  bf0002          mov     di, 0x200
    3532:06CB  [F06CB]  57              push    di
    3532:06CC  [F06CC]  57              push    di
    3532:06CD  [F06CD]  9a0d00d7e7      lcall   update_plot_position  ; 0xe7d7, 0xd
    3532:06D2  [F06D2]  83c402          add     sp, 2
    3532:06D5  [F06D5]  8be5            mov     sp, bp
    3532:06D7  [F06D7]  5d              pop     bp
    3532:06D8  [F06D8]  ca0200          retf    2

L_F08E4:
    3532:08E4  [F08E4]  8b7ef8          mov     di, word ptr [bp - 8]

L_F0A70:
    3532:0A70  [F0A70]  a0c106          mov     al, byte ptr [0x6c1]

SUB_F0C2A:
    3532:0C2A  [F0C2A]  8811            mov     byte ptr [bx + di], dl
    3532:0C2C  [F0C2C]  a0c006          mov     al, byte ptr [0x6c0]
    3532:0C2F  [F0C2F]  2ae4            sub     ah, ah
    3532:0C31  [F0C31]  251000          and     ax, 0x10
    3532:0C34  [F0C34]  3d0000          cmp     ax, 0
    3532:0C37  [F0C37]  7510            jne     L_F0C49  ; 0x29
    3532:0C39  [F0C39]  ff36be06        push    word ptr [0x6be]
    3532:0C3D  [F0C3D]  ff36bc06        push    word ptr [0x6bc]
    3532:0C41  [F0C41]  9a0d00d7e7      lcall   update_plot_position  ; 0xe7d7, 0xd
    3532:0C46  [F0C46]  83c402          add     sp, 2
L_F0C49:
    3532:0C49  [F0C49]  ff36be06        push    word ptr [0x6be]
    3532:0C4D  [F0C4D]  ff36bc06        push    word ptr [0x6bc]
    3532:0C51  [F0C51]  9a9d00d7e7      lcall   plot_line_to  ; 0xe7d7, 0x9d
    3532:0C56  [F0C56]  83c402          add     sp, 2
    3532:0C59  [F0C59]  e91000          jmp     L_F0C6C  ; 0x4c

L_F0C6C:
    3532:0C6C  [F0C6C]  a0c106          mov     al, byte ptr [0x6c1]
    3532:0C6F  [F0C6F]  2ae4            sub     ah, ah
    3532:0C71  [F0C71]  250300          and     ax, 3
    3532:0C74  [F0C74]  3d0200          cmp     ax, 2
    3532:0C77  [F0C77]  7403            je      L_F0C7C  ; 0x5c
    3532:0C79  [F0C79]  e9f4fd          jmp     L_F0A70  ; 0xfffffe50
L_F0C7C:
    3532:0C7C  [F0C7C]  ff46f0          inc     word ptr [bp - 0x10]
    3532:0C7F  [F0C7F]  8346f809        add     word ptr [bp - 8], 9

reset_plot_home_or_acq:
    3532:0C81  [F0C81]  f8              clc     
    3532:0C82  [F0C82]  09a0c006        or      word ptr [bx + si + 0x6c0], sp

    3532:0C83  [F0C83]  a0c006          mov     al, byte ptr [0x6c0]
    3532:0C86  [F0C86]  2480            and     al, 0x80
    3532:0C88  [F0C88]  3c00            cmp     al, 0
    3532:0C8A  [F0C8A]  7503            jne     L_F0C8F  ; 0x6f
    3532:0C8C  [F0C8C]  e955fc          jmp     L_F08E4  ; 0xfffffcc4
L_F0C8F:
    3532:0C8F  [F0C8F]  2bff            sub     di, di
    3532:0C91  [F0C91]  57              push    di
    3532:0C92  [F0C92]  57              push    di
    3532:0C93  [F0C93]  9a0d00d7e7      lcall   update_plot_position  ; 0xe7d7, 0xd
    3532:0C98  [F0C98]  83c402          add     sp, 2
    3532:0C9B  [F0C9B]  8be5            mov     sp, bp
    3532:0C9D  [F0C9D]  5d              pop     bp
    3532:0C9E  [F0C9E]  ca0200          retf    2

start_plot_output_task:
    3532:0CCC  [F0CCC]  0100            add     word ptr [bx + si], ax
    3532:0CCE  [F0CCE]  91              xchg    cx, ax
    3532:0CCF  [F0CCF]  e783            out     0x83, ax
    3532:0CD1  [F0CD1]  c402            les     ax, ptr [bp + si]
    3532:0CD3  [F0CD3]  bf0200          mov     di, 2
    3532:0CD6  [F0CD6]  57              push    di
    3532:0CD7  [F0CD7]  9a6301cae8      lcall   SUB_E8E03  ; 0xe8ca, 0x163
    3532:0CDC  [F0CDC]  bf4000          mov     di, 0x40
    3532:0CDF  [F0CDF]  57              push    di
    3532:0CE0  [F0CE0]  bf1b00          mov     di, 0x1b
    3532:0CE3  [F0CE3]  57              push    di
    3532:0CE4  [F0CE4]  bf7bff          mov     di, 0xff7b
    3532:0CE7  [F0CE7]  57              push    di
    3532:0CE8  [F0CE8]  ba2903          mov     dx, 0x329
    3532:0CEB  [F0CEB]  52              push    dx
    3532:0CEC  [F0CEC]  9a010091e7      lcall   format_string_va  ; 0xe791, 1
    3532:0CF1  [F0CF1]  83c404          add     sp, 4
    3532:0CF4  [F0CF4]  e9f200          jmp     L_F0DE9  ; 0x129

L_F0DE9:
    3532:0DE9  [F0DE9]  c706ca060000    mov     word ptr [0x6ca], 0
    3532:0DEF  [F0DEF]  c70692076400    mov     word ptr [0x792], 0x64
    3532:0DF5  [F0DF5]  c6068d0701      mov     byte ptr [0x78d], 1
    3532:0DFA  [F0DFA]  9a74010be6      lcall   create_task  ; 0xe60b, 0x174
    3532:0DFF  [F0DFF]  8be5            mov     sp, bp
    3532:0E01  [F0E01]  5d              pop     bp
    3532:0E02  [F0E02]  cb              retf    

L_F0E50:
    3532:0E50  [F0E50]  ff7610          push    word ptr [bp + 0x10]

convert_sample_value:
    3532:1001  [F1001]  dc8b46e4        fmul    qword ptr [bp + di - 0x1bba]
    3532:1005  [F1005]  8b56e6          mov     dx, word ptr [bp - 0x1a]
    3532:1008  [F1008]  9a5d0072e7      lcall   mul32  ; 0xe772, 0x5d
    3532:100D  [F100D]  9a8e0072e7      lcall   sdiv32  ; 0xe772, 0x8e
    3532:1012  [F1012]  8bf8            mov     di, ax
    3532:1014  [F1014]  017e08          add     word ptr [bp + 8], di
    3532:1017  [F1017]  c746060000      mov     word ptr [bp + 6], 0
    3532:101C  [F101C]  837ef401        cmp     word ptr [bp - 0xc], 1
    3532:1020  [F1020]  751c            jne     L_F103E  ; 0x18e
    3532:1022  [F1022]  ff7608          push    word ptr [bp + 8]
    3532:1025  [F1025]  ff7606          push    word ptr [bp + 6]
    3532:1028  [F1028]  9aa40004e8      lcall   handle_acq_mode_change  ; 0xe804, 0xa4
    3532:102D  [F102D]  83c402          add     sp, 2
    3532:1030  [F1030]  ff760c          push    word ptr [bp + 0xc]
    3532:1033  [F1033]  ff760a          push    word ptr [bp + 0xa]
    3532:1036  [F1036]  9a0f0004e8      lcall   SUB_E804F  ; 0xe804, 0xf
    3532:103B  [F103B]  83c402          add     sp, 2
L_F103E:
    3532:103E  [F103E]  837ef200        cmp     word ptr [bp - 0xe], 0
    3532:1042  [F1042]  7503            jne     L_F1047  ; 0x197
    3532:1044  [F1044]  e909fe          jmp     L_F0E50  ; 0xffffffa0
L_F1047:
    3532:1047  [F1047]  8be5            mov     sp, bp
    3532:1049  [F1049]  5d              pop     bp
    3532:104A  [F104A]  ca0200          retf    2

SUB_F156E:
    3532:156E  [F156E]  e95100          jmp     L_F15C2  ; 0x62

SUB_F1581:
    3532:1581  [F1581]  680251          push    0x5102
    3532:1584  [F1584]  e983c4          jmp     L_EDA0A  ; 0xffffc48a

L_F15C2:
    3532:15C2  [F15C2]  8be5            mov     sp, bp
    3532:15C4  [F15C4]  5d              pop     bp
    3532:15C5  [F15C5]  ca0400          retf    4

halt_cpu:
    3532:1611  [F1611]  f4              hlt     

SUB_F4150:
    3532:4150  [F4150]  97              xchg    di, ax
    3532:4151  [F4151]  00e9            add     cl, ch
    3532:4153  [F4153]  7701            ja      L_F4156  ; 0xd6
    3532:4155  [F4155]  e98a01          jmp     L_F42E2  ; 0x262

L_F4156:
    3532:4156  [F4156]  8a01            mov     al, byte ptr [bx + di]
    3532:4158  [F4158]  e90000          jmp     L_F415B  ; 0xdb
L_F415B:
    3532:415B  [F415B]  a17005          mov     ax, word ptr [0x570]
    3532:415E  [F415E]  d1e0            shl     ax, 1
    3532:4160  [F4160]  d1e0            shl     ax, 1
    3532:4162  [F4162]  d1e0            shl     ax, 1
    3532:4164  [F4164]  d1e0            shl     ax, 1
    3532:4166  [F4166]  8bf8            mov     di, ax
    3532:4168  [F4168]  8a958c01        mov     dl, byte ptr [di + 0x18c]
    3532:416C  [F416C]  80e220          and     dl, 0x20
    3532:416F  [F416F]  80fa00          cmp     dl, 0
    3532:4172  [F4172]  743e            je      L_F41B2  ; 0x132
    3532:4174  [F4174]  c45eec          les     bx, ptr [bp - 0x14]
    3532:4177  [F4177]  26ff7706        push    word ptr es:[bx + 6]
    3532:417B  [F417B]  8b56f6          mov     dx, word ptr [bp - 0xa]
    3532:417E  [F417E]  42              inc     dx
    3532:417F  [F417F]  52              push    dx
    3532:4180  [F4180]  c41e801c        les     bx, ptr [0x1c80]
    3532:4184  [F4184]  06              push    es
    3532:4185  [F4185]  53              push    bx
    3532:4186  [F4186]  9a6e020af8      lcall   SUB_F830E  ; 0xf80a, 0x26e
    3532:418B  [F418B]  83c404          add     sp, 4
    3532:418E  [F418E]  50              push    ax
    3532:418F  [F418F]  c47ef0          les     di, ptr [bp - 0x10]
    3532:4192  [F4192]  26ff7506        push    word ptr es:[di + 6]
    3532:4196  [F4196]  8b56f6          mov     dx, word ptr [bp - 0xa]
    3532:4199  [F4199]  42              inc     dx
    3532:419A  [F419A]  52              push    dx
    3532:419B  [F419B]  c41e801c        les     bx, ptr [0x1c80]
    3532:419F  [F419F]  06              push    es
    3532:41A0  [F41A0]  53              push    bx
    3532:41A1  [F41A1]  9a6e020af8      lcall   SUB_F830E  ; 0xf80a, 0x26e
    3532:41A6  [F41A6]  83c404          add     sp, 4
    3532:41A9  [F41A9]  5f              pop     di
    3532:41AA  [F41AA]  2bc7            sub     ax, di
    3532:41AC  [F41AC]  8946f8          mov     word ptr [bp - 8], ax
    3532:41AF  [F41AF]  e93700          jmp     L_F41E9  ; 0x169
L_F41B2:
    3532:41B2  [F41B2]  c47eec          les     di, ptr [bp - 0x14]
    3532:41B5  [F41B5]  26ff7506        push    word ptr es:[di + 6]
    3532:41B9  [F41B9]  ff76f6          push    word ptr [bp - 0xa]
    3532:41BC  [F41BC]  c416801c        les     dx, ptr [0x1c80]
    3532:41C0  [F41C0]  06              push    es
    3532:41C1  [F41C1]  52              push    dx
    3532:41C2  [F41C2]  9a6e020af8      lcall   SUB_F830E  ; 0xf80a, 0x26e
    3532:41C7  [F41C7]  83c404          add     sp, 4
    3532:41CA  [F41CA]  50              push    ax
    3532:41CB  [F41CB]  c47ef0          les     di, ptr [bp - 0x10]
    3532:41CE  [F41CE]  26ff7506        push    word ptr es:[di + 6]
    3532:41D2  [F41D2]  ff76f6          push    word ptr [bp - 0xa]
    3532:41D5  [F41D5]  c416801c        les     dx, ptr [0x1c80]
    3532:41D9  [F41D9]  06              push    es
    3532:41DA  [F41DA]  52              push    dx
    3532:41DB  [F41DB]  9a6e020af8      lcall   SUB_F830E  ; 0xf80a, 0x26e
    3532:41E0  [F41E0]  83c404          add     sp, 4
    3532:41E3  [F41E3]  5f              pop     di
    3532:41E4  [F41E4]  2bc7            sub     ax, di
    3532:41E6  [F41E6]  8946f8          mov     word ptr [bp - 8], ax
L_F41E9:
    3532:41E9  [F41E9]  c746e20000      mov     word ptr [bp - 0x1e], 0
    3532:41EE  [F41EE]  837ef800        cmp     word ptr [bp - 8], 0
    3532:41F2  [F41F2]  7d35            jge     L_F4229  ; 0x1a9
    3532:41F4  [F41F4]  8b7ef8          mov     di, word ptr [bp - 8]
    3532:41F7  [F41F7]  f7df            neg     di
    3532:41F9  [F41F9]  897ef8          mov     word ptr [bp - 8], di
    3532:41FC  [F41FC]  803e7d0600      cmp     byte ptr [0x67d], 0
    3532:4201  [F4201]  7550            jne     L_F4253  ; 0x1d3
    3532:4203  [F4203]  a17005          mov     ax, word ptr [0x570]
    3532:4206  [F4206]  d1e0            shl     ax, 1
    3532:4208  [F4208]  d1e0            shl     ax, 1
    3532:420A  [F420A]  d1e0            shl     ax, 1
    3532:420C  [F420C]  d1e0            shl     ax, 1
    3532:420E  [F420E]  8bd8            mov     bx, ax
    3532:4210  [F4210]  8a978c01        mov     dl, byte ptr [bx + 0x18c]
    3532:4214  [F4214]  80e280          and     dl, 0x80
    3532:4217  [F4217]  80fa00          cmp     dl, 0
    3532:421A  [F421A]  7537            jne     L_F4253  ; 0x1d3
    3532:421C  [F421C]  c6065e062d      mov     byte ptr [0x65e], 0x2d
    3532:4221  [F4221]  c746e20100      mov     word ptr [bp - 0x1e], 1
    3532:4226  [F4226]  e92a00          jmp     L_F4253  ; 0x1d3
L_F4229:
    3532:4229  [F4229]  803e7d0600      cmp     byte ptr [0x67d], 0
    3532:422E  [F422E]  7523            jne     L_F4253  ; 0x1d3
    3532:4230  [F4230]  a17005          mov     ax, word ptr [0x570]
    3532:4233  [F4233]  d1e0            shl     ax, 1
    3532:4235  [F4235]  d1e0            shl     ax, 1
    3532:4237  [F4237]  d1e0            shl     ax, 1
    3532:4239  [F4239]  d1e0            shl     ax, 1
    3532:423B  [F423B]  8bf8            mov     di, ax
    3532:423D  [F423D]  8a958c01        mov     dl, byte ptr [di + 0x18c]
    3532:4241  [F4241]  80e280          and     dl, 0x80
    3532:4244  [F4244]  80fa00          cmp     dl, 0
    3532:4247  [F4247]  740a            je      L_F4253  ; 0x1d3
    3532:4249  [F4249]  c6065e062d      mov     byte ptr [0x65e], 0x2d
    3532:424E  [F424E]  c746e20100      mov     word ptr [bp - 0x1e], 1
L_F4253:
    3532:4253  [F4253]  a17606          mov     ax, word ptr [0x676]
    3532:4256  [F4256]  250800          and     ax, 8
    3532:4259  [F4259]  3d0000          cmp     ax, 0
    3532:425C  [F425C]  7509            jne     L_F4267  ; 0x1e7
    3532:425E  [F425E]  8b7ef8          mov     di, word ptr [bp - 8]
    3532:4261  [F4261]  393e8406        cmp     word ptr [0x684], di
    3532:4265  [F4265]  7462            je      L_F42C9  ; 0x249
L_F4267:
    3532:4267  [F4267]  8b7ef8          mov     di, word ptr [bp - 8]
    3532:426A  [F426A]  893e8406        mov     word ptr [0x684], di
    3532:426E  [F426E]  8b56e2          mov     dx, word ptr [bp - 0x1e]
    3532:4271  [F4271]  bb5e06          mov     bx, 0x65e
    3532:4274  [F4274]  03da            add     bx, dx
    3532:4276  [F4276]  1e              push    ds
    3532:4277  [F4277]  53              push    bx
    3532:4278  [F4278]  b80100          mov     ax, 1
    3532:427B  [F427B]  50              push    ax
    3532:427C  [F427C]  57              push    di
    3532:427D  [F427D]  9aae23d0ea      lcall   SUB_ED0AE  ; 0xead0, 0x23ae
    3532:4282  [F4282]  83c406          add     sp, 6
    3532:4285  [F4285]  803e860600      cmp     byte ptr [0x686], 0
    3532:428A  [F428A]  752d            jne     L_F42B9  ; 0x239
    3532:428C  [F428C]  bf2c00          mov     di, 0x2c
    3532:428F  [F428F]  57              push    di
    3532:4290  [F4290]  bf1100          mov     di, 0x11
    3532:4293  [F4293]  57              push    di
    3532:4294  [F4294]  9acc0251e9      lcall   SUB_E97DC  ; 0xe951, 0x2cc
    3532:4299  [F4299]  83c402          add     sp, 2
    3532:429C  [F429C]  c70678061c00    mov     word ptr [0x678], 0x1c
    3532:42A2  [F42A2]  2bff            sub     di, di
    3532:42A4  [F42A4]  57              push    di
    3532:42A5  [F42A5]  c416a206        les     dx, ptr [0x6a2]
    3532:42A9  [F42A9]  06              push    es
    3532:42AA  [F42AA]  52              push    dx
    3532:42AB  [F42AB]  9acf0451e9      lcall   SUB_E99DF  ; 0xe951, 0x4cf
    3532:42B0  [F42B0]  83c402          add     sp, 2
    3532:42B3  [F42B3]  c70678060000    mov     word ptr [0x678], 0
L_F42B9:
    3532:42B9  [F42B9]  803ef91b00      cmp     byte ptr [0x1bf9], 0
    3532:42BE  [F42BE]  7409            je      L_F42C9  ; 0x249
    3532:42C0  [F42C0]  bf0200          mov     di, 2
    3532:42C3  [F42C3]  57              push    di
    3532:42C4  [F42C4]  9a3209ba91      lcall   build_comm_status_message  ; 0x91ba, 0x932
L_F42C9:
    3532:42C9  [F42C9]  e91600          jmp     L_F42E2  ; 0x262

L_F42E2:
    3532:42E2  [F42E2]  8be5            mov     sp, bp
    3532:42E4  [F42E4]  5d              pop     bp
    3532:42E5  [F42E5]  cb              retf    

L_F50FA:
    3532:50FA  [F50FA]  8b4608          mov     ax, word ptr [bp + 8]
    3532:50FD  [F50FD]  ba0600          mov     dx, 6
    3532:5100  [F5100]  f7ea            imul    dx
    3532:5102  [F5102]  8b7ef8          mov     di, word ptr [bp - 8]
    3532:5105  [F5105]  8bd8            mov     bx, ax
    3532:5107  [F5107]  39bf3a06        cmp     word ptr [bx + 0x63a], di
    3532:510B  [F510B]  750a            jne     L_F5117  ; 0x437
    3532:510D  [F510D]  c47e0a          les     di, ptr [bp + 0xa]
    3532:5110  [F5110]  26c6052e        mov     byte ptr es:[di], 0x2e
    3532:5114  [F5114]  ff460a          inc     word ptr [bp + 0xa]
L_F5117:
    3532:5117  [F5117]  8b46f6          mov     ax, word ptr [bp - 0xa]
    3532:511A  [F511A]  99              cdq     
    3532:511B  [F511B]  f77ef4          idiv    word ptr [bp - 0xc]
    3532:511E  [F511E]  8946f2          mov     word ptr [bp - 0xe], ax
    3532:5121  [F5121]  8b7ef4          mov     di, word ptr [bp - 0xc]
    3532:5124  [F5124]  8b46f6          mov     ax, word ptr [bp - 0xa]
    3532:5127  [F5127]  99              cdq     
    3532:5128  [F5128]  f7ff            idiv    di
    3532:512A  [F512A]  8956f6          mov     word ptr [bp - 0xa], dx
    3532:512D  [F512D]  8bc7            mov     ax, di
    3532:512F  [F512F]  99              cdq     
    3532:5130  [F5130]  bb0a00          mov     bx, 0xa
    3532:5133  [F5133]  f7fb            idiv    bx
    3532:5135  [F5135]  8946f4          mov     word ptr [bp - 0xc], ax
    3532:5138  [F5138]  837ef200        cmp     word ptr [bp - 0xe], 0
    3532:513C  [F513C]  7537            jne     L_F5175  ; 0x495
    3532:513E  [F513E]  837ef000        cmp     word ptr [bp - 0x10], 0
    3532:5142  [F5142]  7418            je      L_F515C  ; 0x47c
    3532:5144  [F5144]  8b7ef8          mov     di, word ptr [bp - 8]
    3532:5147  [F5147]  8b4608          mov     ax, word ptr [bp + 8]
    3532:514A  [F514A]  ba0600          mov     dx, 6
    3532:514D  [F514D]  f7ea            imul    dx
    3532:514F  [F514F]  8bd8            mov     bx, ax
    3532:5151  [F5151]  8b973a06        mov     dx, word ptr [bx + 0x63a]
    3532:5155  [F5155]  83c2fe          add     dx, -2
    3532:5158  [F5158]  3bfa            cmp     di, dx
    3532:515A  [F515A]  7e2f            jle     L_F518B  ; 0x4ab
L_F515C:
    3532:515C  [F515C]  8b7ef2          mov     di, word ptr [bp - 0xe]
    3532:515F  [F515F]  83c730          add     di, 0x30
    3532:5162  [F5162]  c45e0a          les     bx, ptr [bp + 0xa]
    3532:5165  [F5165]  8bd7            mov     dx, di
    3532:5167  [F5167]  268817          mov     byte ptr es:[bx], dl
    3532:516A  [F516A]  ff460a          inc     word ptr [bp + 0xa]
    3532:516D  [F516D]  c746f00000      mov     word ptr [bp - 0x10], 0
    3532:5172  [F5172]  e91600          jmp     L_F518B  ; 0x4ab
L_F5175:
    3532:5175  [F5175]  8b7ef2          mov     di, word ptr [bp - 0xe]
    3532:5178  [F5178]  83c730          add     di, 0x30
    3532:517B  [F517B]  c45e0a          les     bx, ptr [bp + 0xa]
    3532:517E  [F517E]  8bd7            mov     dx, di
    3532:5180  [F5180]  268817          mov     byte ptr es:[bx], dl
    3532:5183  [F5183]  ff460a          inc     word ptr [bp + 0xa]

SUB_F5184:
    3532:5184  [F5184]  46              inc     si
    3532:5185  [F5185]  0ac7            or      al, bh

    3532:5186  [F5186]  c746f00000      mov     word ptr [bp - 0x10], 0

    3532:5187  [F5187]  46              inc     si
    3532:5188  [F5188]  f00000          lock add byte ptr [bx + si], al
L_F518B:
    3532:518B  [F518B]  ff46f8          inc     word ptr [bp - 8]
    3532:518E  [F518E]  837ef805        cmp     word ptr [bp - 8], 5
    3532:5192  [F5192]  7d03            jge     L_F5197  ; 0x4b7
    3532:5194  [F5194]  e963ff          jmp     L_F50FA  ; 0x41a
L_F5197:
    3532:5197  [F5197]  8b4608          mov     ax, word ptr [bp + 8]
    3532:519A  [F519A]  ba0600          mov     dx, 6
    3532:519D  [F519D]  f7ea            imul    dx
    3532:519F  [F519F]  8bf8            mov     di, ax
    3532:51A1  [F51A1]  80bd3d0600      cmp     byte ptr [di + 0x63d], 0
    3532:51A6  [F51A6]  740d            je      L_F51B5  ; 0x4d5
    3532:51A8  [F51A8]  c45e0a          les     bx, ptr [bp + 0xa]
    3532:51AB  [F51AB]  8a953d06        mov     dl, byte ptr [di + 0x63d]
    3532:51AF  [F51AF]  268817          mov     byte ptr es:[bx], dl
    3532:51B2  [F51B2]  ff460a          inc     word ptr [bp + 0xa]
L_F51B5:
    3532:51B5  [F51B5]  8b4608          mov     ax, word ptr [bp + 8]
    3532:51B8  [F51B8]  ba0600          mov     dx, 6
    3532:51BB  [F51BB]  f7ea            imul    dx
    3532:51BD  [F51BD]  c47e0a          les     di, ptr [bp + 0xa]
    3532:51C0  [F51C0]  8bd8            mov     bx, ax
    3532:51C2  [F51C2]  8a973c06        mov     dl, byte ptr [bx + 0x63c]
    3532:51C6  [F51C6]  268815          mov     byte ptr es:[di], dl
    3532:51C9  [F51C9]  ff460a          inc     word ptr [bp + 0xa]
    3532:51CC  [F51CC]  c47e0a          les     di, ptr [bp + 0xa]
    3532:51CF  [F51CF]  26c60500        mov     byte ptr es:[di], 0
    3532:51D3  [F51D3]  8be5            mov     sp, bp
    3532:51D5  [F51D5]  5d              pop     bp
    3532:51D6  [F51D6]  ca0200          retf    2

SUB_F5898:
    3532:5898  [F5898]  c404            les     ax, ptr [si]
    3532:589A  [F589A]  a1021c          mov     ax, word ptr [0x1c02]
    3532:589D  [F589D]  0346f4          add     ax, word ptr [bp - 0xc]
    3532:58A0  [F58A0]  c47ef6          les     di, ptr [bp - 0xa]
    3532:58A3  [F58A3]  8bd7            mov     dx, di
    3532:58A5  [F58A5]  03d0            add     dx, ax
    3532:58A7  [F58A7]  06              push    es
    3532:58A8  [F58A8]  52              push    dx
    3532:58A9  [F58A9]  bb7bff          mov     bx, 0xff7b
    3532:58AC  [F58AC]  53              push    bx
    3532:58AD  [F58AD]  ba0f02          mov     dx, 0x20f
    3532:58B0  [F58B0]  52              push    dx
    3532:58B1  [F58B1]  9a460934ea      lcall   SUB_EAC86  ; 0xea34, 0x946
    3532:58B6  [F58B6]  83c404          add     sp, 4
    3532:58B9  [F58B9]  8346f40e        add     word ptr [bp - 0xc], 0xe
    3532:58BD  [F58BD]  a0fb1b          mov     al, byte ptr [0x1bfb]
    3532:58C0  [F58C0]  2401            and     al, 1
    3532:58C2  [F58C2]  3c00            cmp     al, 0
    3532:58C4  [F58C4]  743b            je      L_F5901  ; 0x6e1
    3532:58C6  [F58C6]  8b7ef4          mov     di, word ptr [bp - 0xc]
    3532:58C9  [F58C9]  c456f6          les     dx, ptr [bp - 0xa]
    3532:58CC  [F58CC]  8bda            mov     bx, dx
    3532:58CE  [F58CE]  03df            add     bx, di
    3532:58D0  [F58D0]  06              push    es
    3532:58D1  [F58D1]  53              push    bx
    3532:58D2  [F58D2]  b87bff          mov     ax, 0xff7b
    3532:58D5  [F58D5]  50              push    ax
    3532:58D6  [F58D6]  bb2102          mov     bx, 0x221
    3532:58D9  [F58D9]  53              push    bx
    3532:58DA  [F58DA]  9a460934ea      lcall   SUB_EAC86  ; 0xea34, 0x946
    3532:58DF  [F58DF]  83c404          add     sp, 4
    3532:58E2  [F58E2]  a1021c          mov     ax, word ptr [0x1c02]
    3532:58E5  [F58E5]  0346f4          add     ax, word ptr [bp - 0xc]
    3532:58E8  [F58E8]  c47ef6          les     di, ptr [bp - 0xa]
    3532:58EB  [F58EB]  8bd7            mov     dx, di
    3532:58ED  [F58ED]  03d0            add     dx, ax
    3532:58EF  [F58EF]  06              push    es
    3532:58F0  [F58F0]  52              push    dx
    3532:58F1  [F58F1]  bb7bff          mov     bx, 0xff7b
    3532:58F4  [F58F4]  53              push    bx
    3532:58F5  [F58F5]  ba3302          mov     dx, 0x233
    3532:58F8  [F58F8]  52              push    dx
    3532:58F9  [F58F9]  9a460934ea      lcall   SUB_EAC86  ; 0xea34, 0x946
    3532:58FE  [F58FE]  83c404          add     sp, 4
L_F5901:
    3532:5901  [F5901]  bf2900          mov     di, 0x29
    3532:5904  [F5904]  57              push    di
    3532:5905  [F5905]  ba1100          mov     dx, 0x11
    3532:5908  [F5908]  52              push    dx
    3532:5909  [F5909]  9acc0251e9      lcall   SUB_E97DC  ; 0xe951, 0x2cc
    3532:590E  [F590E]  83c402          add     sp, 2
    3532:5911  [F5911]  8be5            mov     sp, bp
    3532:5913  [F5913]  5d              pop     bp
    3532:5914  [F5914]  cb              retf    

SUB_F5D89:
    3532:5D89  [F5D89]  0e              push    cs
    3532:5D8A  [F5D8A]  48              dec     ax
    3532:5D8B  [F5D8B]  050001          add     ax, 0x100
    3532:5D8E  [F5D8E]  8a56f9          mov     dl, byte ptr [bp - 7]
    3532:5D91  [F5D91]  c47ef4          les     di, ptr [bp - 0xc]
    3532:5D94  [F5D94]  2688550c        mov     byte ptr es:[di + 0xc], dl
    3532:5D98  [F5D98]  2688551a        mov     byte ptr es:[di + 0x1a], dl
    3532:5D9C  [F5D9C]  c45ef4          les     bx, ptr [bp - 0xc]
    3532:5D9F  [F5D9F]  268b07          mov     ax, word ptr es:[bx]
    3532:5DA2  [F5DA2]  268b7f02        mov     di, word ptr es:[bx + 2]
    3532:5DA6  [F5DA6]  3bc7            cmp     ax, di
    3532:5DA8  [F5DA8]  740b            je      L_F5DB5  ; 0x405
    3532:5DAA  [F5DAA]  ff7606          push    word ptr [bp + 6]
    3532:5DAD  [F5DAD]  9add05a2ed      lcall   SUB_EDFFD  ; 0xeda2, 0x5dd
    3532:5DB2  [F5DB2]  094608          or      word ptr [bp + 8], ax
L_F5DB5:
    3532:5DB5  [F5DB5]  8b7e08          mov     di, word ptr [bp + 8]
    3532:5DB8  [F5DB8]  81e70001        and     di, 0x100
    3532:5DBC  [F5DBC]  83ff00          cmp     di, 0
    3532:5DBF  [F5DBF]  7406            je      L_F5DC7  ; 0x417
    3532:5DC1  [F5DC1]  810e48050100    or      word ptr [0x548], 1
L_F5DC7:
    3532:5DC7  [F5DC7]  8b7e08          mov     di, word ptr [bp + 8]
    3532:5DCA  [F5DCA]  81e70002        and     di, 0x200
    3532:5DCE  [F5DCE]  83ff00          cmp     di, 0
    3532:5DD1  [F5DD1]  7406            je      L_F5DD9  ; 0x429
    3532:5DD3  [F5DD3]  810e48050200    or      word ptr [0x548], 2
L_F5DD9:
    3532:5DD9  [F5DD9]  8b4608          mov     ax, word ptr [bp + 8]
    3532:5DDC  [F5DDC]  8be5            mov     sp, bp
    3532:5DDE  [F5DDE]  5d              pop     bp
    3532:5DDF  [F5DDF]  ca0200          retf    2

SUB_F60F7:
    3532:60F7  [F60F7]  007d06          add     byte ptr [di + 6], bh
    3532:60FA  [F60FA]  26c745040000    mov     word ptr es:[di + 4], 0
    3532:6100  [F6100]  c47ef0          les     di, ptr [bp - 0x10]
    3532:6103  [F6103]  268b5502        mov     dx, word ptr es:[di + 2]
    3532:6107  [F6107]  c45ef4          les     bx, ptr [bp - 0xc]
    3532:610A  [F610A]  268b4704        mov     ax, word ptr es:[bx + 4]
    3532:610E  [F610E]  3bd0            cmp     dx, ax
    3532:6110  [F6110]  7e20            jle     L_F6132  ; 0x1e2
    3532:6112  [F6112]  c47ef0          les     di, ptr [bp - 0x10]
    3532:6115  [F6115]  268b5502        mov     dx, word ptr es:[di + 2]
    3532:6119  [F6119]  c45ef4          les     bx, ptr [bp - 0xc]
    3532:611C  [F611C]  268b4704        mov     ax, word ptr es:[bx + 4]
    3532:6120  [F6120]  0346ee          add     ax, word ptr [bp - 0x12]
    3532:6123  [F6123]  3bd0            cmp     dx, ax
    3532:6125  [F6125]  7d0b            jge     L_F6132  ; 0x1e2
    3532:6127  [F6127]  268b7f04        mov     di, word ptr es:[bx + 4]
    3532:612B  [F612B]  c45ef0          les     bx, ptr [bp - 0x10]
    3532:612E  [F612E]  26897f04        mov     word ptr es:[bx + 4], di
L_F6132:
    3532:6132  [F6132]  8b46e8          mov     ax, word ptr [bp - 0x18]
    3532:6135  [F6135]  8be5            mov     sp, bp
    3532:6137  [F6137]  5d              pop     bp
    3532:6138  [F6138]  ca0200          retf    2

SUB_F635E:
    3532:635E  [F635E]  831b14          sbb     word ptr [bp + di], 0x14
    3532:6361  [F6361]  7544            jne     L_F63A7  ; 0x457
    3532:6363  [F6363]  8b7ef6          mov     di, word ptr [bp - 0xa]
    3532:6366  [F6366]  81c7ff01        add     di, 0x1ff
    3532:636A  [F636A]  c45e06          les     bx, ptr [bp + 6]
    3532:636D  [F636D]  26893f          mov     word ptr es:[bx], di
    3532:6370  [F6370]  8b56f6          mov     dx, word ptr [bp - 0xa]
    3532:6373  [F6373]  81c2ff01        add     dx, 0x1ff
    3532:6377  [F6377]  26895702        mov     word ptr es:[bx + 2], dx
    3532:637B  [F637B]  e92900          jmp     L_F63A7  ; 0x457

SUB_F6382:
    3532:6382  [F6382]  0f7e05          movd    dword ptr [di], mm0
    3532:6385  [F6385]  c746f69a0f      mov     word ptr [bp - 0xa], 0xf9a
    3532:638A  [F638A]  803e831b14      cmp     byte ptr [0x1b83], 0x14
    3532:638F  [F638F]  7516            jne     L_F63A7  ; 0x27
    3532:6391  [F6391]  8b7ef6          mov     di, word ptr [bp - 0xa]
    3532:6394  [F6394]  83c732          add     di, 0x32
    3532:6397  [F6397]  c45e06          les     bx, ptr [bp + 6]
    3532:639A  [F639A]  26893f          mov     word ptr es:[bx], di
    3532:639D  [F639D]  8b56f6          mov     dx, word ptr [bp - 0xa]
    3532:63A0  [F63A0]  83c232          add     dx, 0x32
    3532:63A3  [F63A3]  26895702        mov     word ptr es:[bx + 2], dx
L_F63A7:
    3532:63A7  [F63A7]  803e831b14      cmp     byte ptr [0x1b83], 0x14
    3532:63AC  [F63AC]  752a            jne     L_F63D8  ; 0x488
    3532:63AE  [F63AE]  c47e06          les     di, ptr [bp + 6]
    3532:63B1  [F63B1]  268b5502        mov     dx, word ptr es:[di + 2]
    3532:63B5  [F63B5]  a17605          mov     ax, word ptr [0x576]
    3532:63B8  [F63B8]  3bd0            cmp     dx, ax
    3532:63BA  [F63BA]  751c            jne     L_F63D8  ; 0x488
    3532:63BC  [F63BC]  268b5502        mov     dx, word ptr es:[di + 2]
    3532:63C0  [F63C0]  8916c805        mov     word ptr [0x5c8], dx
    3532:63C4  [F63C4]  810e60050001    or      word ptr [0x560], 0x100
    3532:63CA  [F63CA]  268b5d02        mov     bx, word ptr es:[di + 2]
    3532:63CE  [F63CE]  891e9005        mov     word ptr [0x590], bx
    3532:63D2  [F63D2]  810e5c050001    or      word ptr [0x55c], 0x100
L_F63D8:
    3532:63D8  [F63D8]  8b7ef6          mov     di, word ptr [bp - 0xa]
    3532:63DB  [F63DB]  c45e06          les     bx, ptr [bp + 6]
    3532:63DE  [F63DE]  26897f04        mov     word ptr es:[bx + 4], di
    3532:63E2  [F63E2]  2680670cfd      and     byte ptr es:[bx + 0xc], 0xfd
    3532:63E7  [F63E7]  8be5            mov     sp, bp
    3532:63E9  [F63E9]  5d              pop     bp
    3532:63EA  [F63EA]  ca0400          retf    4

update_display_mode_flags:
    3532:706E  [F706E]  2bff            sub     di, di
    3532:7070  [F7070]  5a              pop     dx
    3532:7071  [F7071]  0bfa            or      di, dx
    3532:7073  [F7073]  57              push    di
    3532:7074  [F7074]  8b56f8          mov     dx, word ptr [bp - 8]
    3532:7077  [F7077]  81e20800        and     dx, 8
    3532:707B  [F707B]  83fa00          cmp     dx, 0
    3532:707E  [F707E]  7406            je      L_F7086  ; 0x26
    3532:7080  [F7080]  ba2000          mov     dx, 0x20
    3532:7083  [F7083]  e90200          jmp     L_F7088  ; 0x28
L_F7086:
    3532:7086  [F7086]  2bd2            sub     dx, dx
L_F7088:
    3532:7088  [F7088]  5f              pop     di
    3532:7089  [F7089]  0bd7            or      dx, di
    3532:708B  [F708B]  8856f7          mov     byte ptr [bp - 9], dl
    3532:708E  [F708E]  3816721b        cmp     byte ptr [0x1b72], dl
    3532:7092  [F7092]  740a            je      L_F709E  ; 0x3e
    3532:7094  [F7094]  8816721b        mov     byte ptr [0x1b72], dl
    3532:7098  [F7098]  810e3a053000    or      word ptr [0x53a], 0x30
L_F709E:
    3532:709E  [F709E]  a0fc04          mov     al, byte ptr [0x4fc]
    3532:70A1  [F70A1]  2412            and     al, 0x12
    3532:70A3  [F70A3]  3c00            cmp     al, 0
    3532:70A5  [F70A5]  745c            je      L_F7103  ; 0xa3
    3532:70A7  [F70A7]  8b7ef8          mov     di, word ptr [bp - 8]
    3532:70AA  [F70AA]  81e70200        and     di, 2
    3532:70AE  [F70AE]  83ff00          cmp     di, 0
    3532:70B1  [F70B1]  741a            je      L_F70CD  ; 0x6d
    3532:70B3  [F70B3]  8b7ef8          mov     di, word ptr [bp - 8]
    3532:70B6  [F70B6]  81e71000        and     di, 0x10
    3532:70BA  [F70BA]  83ff00          cmp     di, 0
    3532:70BD  [F70BD]  750e            jne     L_F70CD  ; 0x6d
    3532:70BF  [F70BF]  c606821b00      mov     byte ptr [0x1b82], 0
    3532:70C4  [F70C4]  c706ec1b0004    mov     word ptr [0x1bec], 0x400
    3532:70CA  [F70CA]  e93100          jmp     L_F70FE  ; 0x9e
L_F70CD:
    3532:70CD  [F70CD]  8b7ef8          mov     di, word ptr [bp - 8]
    3532:70D0  [F70D0]  81e70200        and     di, 2
    3532:70D4  [F70D4]  83ff00          cmp     di, 0
    3532:70D7  [F70D7]  751a            jne     L_F70F3  ; 0x93
    3532:70D9  [F70D9]  8b7ef8          mov     di, word ptr [bp - 8]
    3532:70DC  [F70DC]  81e71000        and     di, 0x10
    3532:70E0  [F70E0]  83ff00          cmp     di, 0
    3532:70E3  [F70E3]  740e            je      L_F70F3  ; 0x93
    3532:70E5  [F70E5]  c606821b01      mov     byte ptr [0x1b82], 1
    3532:70EA  [F70EA]  c706ec1b0004    mov     word ptr [0x1bec], 0x400
    3532:70F0  [F70F0]  e90b00          jmp     L_F70FE  ; 0x9e
L_F70F3:
    3532:70F3  [F70F3]  c606821b01      mov     byte ptr [0x1b82], 1
    3532:70F8  [F70F8]  c706ec1b0010    mov     word ptr [0x1bec], 0x1000
L_F70FE:
    3532:70FE  [F70FE]  9a0c00ccf0      lcall   start_plot_output_task  ; 0xf0cc, 0xc
L_F7103:
    3532:7103  [F7103]  a0fc04          mov     al, byte ptr [0x4fc]
    3532:7106  [F7106]  2420            and     al, 0x20
    3532:7108  [F7108]  3c00            cmp     al, 0
    3532:710A  [F710A]  7445            je      L_F7151  ; 0xf1
    3532:710C  [F710C]  8b7ef8          mov     di, word ptr [bp - 8]
    3532:710F  [F710F]  81e72000        and     di, 0x20
    3532:7113  [F7113]  83ff20          cmp     di, 0x20
    3532:7116  [F7116]  7506            jne     L_F711E  ; 0xbe
    3532:7118  [F7118]  bf0100          mov     di, 1
    3532:711B  [F711B]  e90200          jmp     L_F7120  ; 0xc0
L_F711E:
    3532:711E  [F711E]  2bff            sub     di, di
L_F7120:
    3532:7120  [F7120]  8bd7            mov     dx, di
    3532:7122  [F7122]  8816791b        mov     byte ptr [0x1b79], dl
    3532:7126  [F7126]  80fa00          cmp     dl, 0
    3532:7129  [F7129]  741c            je      L_F7147  ; 0xe7
    3532:712B  [F712B]  803e761b00      cmp     byte ptr [0x1b76], 0
    3532:7130  [F7130]  750d            jne     L_F713F  ; 0xdf
    3532:7132  [F7132]  800e761b02      or      byte ptr [0x1b76], 2
    3532:7137  [F7137]  9a6802a8e6      lcall   finish_acq_reset_and_clear_mode  ; 0xe6a8, 0x268
    3532:713C  [F713C]  e91200          jmp     L_F7151  ; 0xf1
L_F713F:
    3532:713F  [F713F]  800e761b02      or      byte ptr [0x1b76], 2
    3532:7144  [F7144]  e90a00          jmp     L_F7151  ; 0xf1
L_F7147:
    3532:7147  [F7147]  8026761bfd      and     byte ptr [0x1b76], 0xfd
    3532:714C  [F714C]  9a8402a8e6      lcall   reset_display_if_idle  ; 0xe6a8, 0x284
L_F7151:
    3532:7151  [F7151]  a0fc04          mov     al, byte ptr [0x4fc]
    3532:7154  [F7154]  2480            and     al, 0x80
    3532:7156  [F7156]  3c00            cmp     al, 0
    3532:7158  [F7158]  744d            je      L_F71A7  ; 0x147
    3532:715A  [F715A]  8b7ef8          mov     di, word ptr [bp - 8]
    3532:715D  [F715D]  81e78000        and     di, 0x80
    3532:7161  [F7161]  81ff8000        cmp     di, 0x80
    3532:7165  [F7165]  7506            jne     L_F716D  ; 0x10d
    3532:7167  [F7167]  bf0100          mov     di, 1
    3532:716A  [F716A]  e90200          jmp     L_F716F  ; 0x10f
L_F716D:
    3532:716D  [F716D]  2bff            sub     di, di
L_F716F:
    3532:716F  [F716F]  8bd7            mov     dx, di
    3532:7171  [F7171]  8816781b        mov     byte ptr [0x1b78], dl
    3532:7175  [F7175]  803e781b00      cmp     byte ptr [0x1b78], 0
    3532:717A  [F717A]  751c            jne     L_F7198  ; 0x138
    3532:717C  [F717C]  803e761b00      cmp     byte ptr [0x1b76], 0
    3532:7181  [F7181]  750d            jne     L_F7190  ; 0x130
    3532:7183  [F7183]  800e761b01      or      byte ptr [0x1b76], 1
    3532:7188  [F7188]  9a6802a8e6      lcall   finish_acq_reset_and_clear_mode  ; 0xe6a8, 0x268
    3532:718D  [F718D]  e91200          jmp     L_F71A2  ; 0x142
L_F7190:
    3532:7190  [F7190]  800e761b01      or      byte ptr [0x1b76], 1
    3532:7195  [F7195]  e90a00          jmp     L_F71A2  ; 0x142
L_F7198:
    3532:7198  [F7198]  8026761bfe      and     byte ptr [0x1b76], 0xfe
    3532:719D  [F719D]  9a8402a8e6      lcall   reset_display_if_idle  ; 0xe6a8, 0x284
L_F71A2:
    3532:71A2  [F71A2]  9a0c00ccf0      lcall   start_plot_output_task  ; 0xf0cc, 0xc
L_F71A7:
    3532:71A7  [F71A7]  a0f704          mov     al, byte ptr [0x4f7]
    3532:71AA  [F71AA]  2ae4            sub     ah, ah
    3532:71AC  [F71AC]  8946f8          mov     word ptr [bp - 8], ax
    3532:71AF  [F71AF]  c606701b04      mov     byte ptr [0x1b70], 4
    3532:71B4  [F71B4]  c606661b04      mov     byte ptr [0x1b66], 4
    3532:71B9  [F71B9]  c606771b00      mov     byte ptr [0x1b77], 0
    3532:71BE  [F71BE]  8b7ef8          mov     di, word ptr [bp - 8]
    3532:71C1  [F71C1]  81e70200        and     di, 2
    3532:71C5  [F71C5]  83ff02          cmp     di, 2
    3532:71C8  [F71C8]  7532            jne     L_F71FC  ; 0x19c
    3532:71CA  [F71CA]  803e781b00      cmp     byte ptr [0x1b78], 0
    3532:71CF  [F71CF]  742b            je      L_F71FC  ; 0x19c
    3532:71D1  [F71D1]  803ef71b00      cmp     byte ptr [0x1bf7], 0
    3532:71D6  [F71D6]  7512            jne     L_F71EA  ; 0x18a
    3532:71D8  [F71D8]  9a600025e9      lcall   SUB_E92B0  ; 0xe925, 0x60
    3532:71DD  [F71DD]  c606b60601      mov     byte ptr [0x6b6], 1
    3532:71E2  [F71E2]  c606f71b01      mov     byte ptr [0x1bf7], 1
    3532:71E7  [F71E7]  e91200          jmp     L_F71FC  ; 0x19c
L_F71EA:
    3532:71EA  [F71EA]  8306e003c0      add     word ptr [0x3e0], -0x40
    3532:71EF  [F71EF]  833ee00300      cmp     word ptr [0x3e0], 0
    3532:71F4  [F71F4]  7d06            jge     L_F71FC  ; 0x19c
    3532:71F6  [F71F6]  c706e0035f02    mov     word ptr [0x3e0], 0x25f
L_F71FC:
    3532:71FC  [F71FC]  8b7ef8          mov     di, word ptr [bp - 8]
    3532:71FF  [F71FF]  81e71000        and     di, 0x10
    3532:7203  [F7203]  83ff00          cmp     di, 0
    3532:7206  [F7206]  7505            jne     L_F720D  ; 0x1ad
    3532:7208  [F7208]  c606e00400      mov     byte ptr [0x4e0], 0
L_F720D:
    3532:720D  [F720D]  803ee00400      cmp     byte ptr [0x4e0], 0
    3532:7212  [F7212]  7530            jne     L_F7244  ; 0x1e4
    3532:7214  [F7214]  8b7ef8          mov     di, word ptr [bp - 8]
    3532:7217  [F7217]  81e71000        and     di, 0x10
    3532:721B  [F721B]  83ff10          cmp     di, 0x10
    3532:721E  [F721E]  7506            jne     L_F7226  ; 0x1c6
    3532:7220  [F7220]  bf0100          mov     di, 1
    3532:7223  [F7223]  e90200          jmp     L_F7228  ; 0x1c8
L_F7226:
    3532:7226  [F7226]  2bff            sub     di, di
L_F7228:
    3532:7228  [F7228]  8bd7            mov     dx, di
    3532:722A  [F722A]  8816f81b        mov     byte ptr [0x1bf8], dl
    3532:722E  [F722E]  8b7ef8          mov     di, word ptr [bp - 8]
    3532:7231  [F7231]  81e71000        and     di, 0x10
    3532:7235  [F7235]  83ff10          cmp     di, 0x10
    3532:7238  [F7238]  750a            jne     L_F7244  ; 0x1e4
    3532:723A  [F723A]  c606fd0301      mov     byte ptr [0x3fd], 1
    3532:723F  [F723F]  c606080601      mov     byte ptr [0x608], 1
L_F7244:
    3532:7244  [F7244]  a0f804          mov     al, byte ptr [0x4f8]
    3532:7247  [F7247]  2420            and     al, 0x20
    3532:7249  [F7249]  3c00            cmp     al, 0
    3532:724B  [F724B]  7422            je      L_F726F  ; 0x20f
    3532:724D  [F724D]  a0f704          mov     al, byte ptr [0x4f7]
    3532:7250  [F7250]  2420            and     al, 0x20
    3532:7252  [F7252]  3c00            cmp     al, 0
    3532:7254  [F7254]  7419            je      L_F726F  ; 0x20f
    3532:7256  [F7256]  803eed0301      cmp     byte ptr [0x3ed], 1
    3532:725B  [F725B]  7508            jne     L_F7265  ; 0x205
    3532:725D  [F725D]  c606ed0300      mov     byte ptr [0x3ed], 0
    3532:7262  [F7262]  e90500          jmp     L_F726A  ; 0x20a
L_F7265:
    3532:7265  [F7265]  c606ed0301      mov     byte ptr [0x3ed], 1
L_F726A:
    3532:726A  [F726A]  9a0c00ccf0      lcall   start_plot_output_task  ; 0xf0cc, 0xc
L_F726F:
    3532:726F  [F726F]  8be5            mov     sp, bp
    3532:7271  [F7271]  5d              pop     bp
    3532:7272  [F7272]  cb              retf    

L_F7504:
    3532:7504  [F7504]  8346f802        add     word ptr [bp - 8], 2
    3532:7508  [F7508]  837ef806        cmp     word ptr [bp - 8], 6

SUB_F750A:
    3532:750A  [F750A]  f8              clc     
    3532:750B  [F750B]  06              push    es
    3532:750C  [F750C]  7e05            jle     L_F7513  ; 0x4b3
    3532:750E  [F750E]  c746f80000      mov     word ptr [bp - 8], 0
L_F7513:
    3532:7513  [F7513]  8b7ef8          mov     di, word ptr [bp - 8]
    3532:7516  [F7516]  8a95e31b        mov     dl, byte ptr [di + 0x1be3]
    3532:751A  [F751A]  8a9de21b        mov     bl, byte ptr [di + 0x1be2]
    3532:751E  [F751E]  0ada            or      bl, dl
    3532:7520  [F7520]  80e301          and     bl, 1
    3532:7523  [F7523]  80fb00          cmp     bl, 0
    3532:7526  [F7526]  7507            jne     L_F752F  ; 0x4cf
    3532:7528  [F7528]  8b5ef6          mov     bx, word ptr [bp - 0xa]
    3532:752B  [F752B]  3bfb            cmp     di, bx
    3532:752D  [F752D]  75d5            jne     L_F7504  ; 0x4a4
L_F752F:
    3532:752F  [F752F]  8b7ef6          mov     di, word ptr [bp - 0xa]
    3532:7532  [F7532]  397ef8          cmp     word ptr [bp - 8], di
    3532:7535  [F7535]  7509            jne     L_F7540  ; 0x4e0
    3532:7537  [F7537]  c70670050000    mov     word ptr [0x570], 0
    3532:753D  [F753D]  e90900          jmp     L_F7549  ; 0x4e9
L_F7540:
    3532:7540  [F7540]  8b7ef8          mov     di, word ptr [bp - 8]
    3532:7543  [F7543]  d1ff            sar     di, 1
    3532:7545  [F7545]  893e7005        mov     word ptr [0x570], di
L_F7549:
    3532:7549  [F7549]  c7066e050000    mov     word ptr [0x56e], 0
    3532:754F  [F754F]  ff367005        push    word ptr [0x570]
    3532:7553  [F7553]  9a1b07a2ed      lcall   write_hw_shift_register  ; 0xeda2, 0x71b
    3532:7558  [F7558]  8b7ef4          mov     di, word ptr [bp - 0xc]
    3532:755B  [F755B]  d1e7            shl     di, 1
    3532:755D  [F755D]  818d50050008    or      word ptr [di + 0x550], 0x800
    3532:7563  [F7563]  8be5            mov     sp, bp
    3532:7565  [F7565]  5d              pop     bp
    3532:7566  [F7566]  cb              retf    

SUB_F7603:
    3532:7603  [F7603]  833e2c0500      cmp     word ptr [0x52c], 0
    3532:7608  [F7608]  7d10            jge     L_F761A  ; 0x5ba
    3532:760A  [F760A]  c746eeffff      mov     word ptr [bp - 0x12], 0xffff
    3532:760F  [F760F]  a12c05          mov     ax, word ptr [0x52c]
    3532:7612  [F7612]  f7d8            neg     ax
    3532:7614  [F7614]  8946f2          mov     word ptr [bp - 0xe], ax
    3532:7617  [F7617]  e90b00          jmp     L_F7625  ; 0x5c5
L_F761A:
    3532:761A  [F761A]  c746ee0100      mov     word ptr [bp - 0x12], 1
    3532:761F  [F761F]  a12c05          mov     ax, word ptr [0x52c]
    3532:7622  [F7622]  8946f2          mov     word ptr [bp - 0xe], ax
L_F7625:
    3532:7625  [F7625]  837ef214        cmp     word ptr [bp - 0xe], 0x14
    3532:7629  [F7629]  7c77            jl      L_F76A2  ; 0x642
    3532:762B  [F762B]  837ef21e        cmp     word ptr [bp - 0xe], 0x1e
    3532:762F  [F762F]  7d08            jge     L_F7639  ; 0x5d9
    3532:7631  [F7631]  c746f20100      mov     word ptr [bp - 0xe], 1
    3532:7636  [F7636]  e91f00          jmp     L_F7658  ; 0x5f8
L_F7639:
    3532:7639  [F7639]  837ef246        cmp     word ptr [bp - 0xe], 0x46
    3532:763D  [F763D]  7d07            jge     L_F7646  ; 0x5e6
    3532:763F  [F763F]  8346f2e3        add     word ptr [bp - 0xe], -0x1d
    3532:7643  [F7643]  e91200          jmp     L_F7658  ; 0x5f8
L_F7646:
    3532:7646  [F7646]  837ef278        cmp     word ptr [bp - 0xe], 0x78
    3532:764A  [F764A]  7e0c            jle     L_F7658  ; 0x5f8
    3532:764C  [F764C]  8b7ef2          mov     di, word ptr [bp - 0xe]
    3532:764F  [F764F]  8bd7            mov     dx, di
    3532:7651  [F7651]  d1fa            sar     dx, 1
    3532:7653  [F7653]  03fa            add     di, dx
    3532:7655  [F7655]  897ef2          mov     word ptr [bp - 0xe], di
L_F7658:
    3532:7658  [F7658]  c7062c050000    mov     word ptr [0x52c], 0
    3532:765E  [F765E]  837eeeff        cmp     word ptr [bp - 0x12], -1
    3532:7662  [F7662]  7508            jne     L_F766C  ; 0x60c
    3532:7664  [F7664]  8b7ef2          mov     di, word ptr [bp - 0xe]
    3532:7667  [F7667]  f7df            neg     di
    3532:7669  [F7669]  897ef2          mov     word ptr [bp - 0xe], di
L_F766C:
    3532:766C  [F766C]  c47ef4          les     di, ptr [bp - 0xc]
    3532:766F  [F766F]  268b15          mov     dx, word ptr es:[di]
    3532:7672  [F7672]  0356f2          add     dx, word ptr [bp - 0xe]
    3532:7675  [F7675]  8956f8          mov     word ptr [bp - 8], dx
    3532:7678  [F7678]  83fa00          cmp     dx, 0
    3532:767B  [F767B]  7d05            jge     L_F7682  ; 0x622
    3532:767D  [F767D]  c746f80000      mov     word ptr [bp - 8], 0
L_F7682:
    3532:7682  [F7682]  817ef8ff0f      cmp     word ptr [bp - 8], 0xfff
    3532:7687  [F7687]  7e05            jle     L_F768E  ; 0x62e
    3532:7689  [F7689]  c746f8ff0f      mov     word ptr [bp - 8], 0xfff
L_F768E:
    3532:768E  [F768E]  c47ef4          les     di, ptr [bp - 0xc]
    3532:7691  [F7691]  8b56f8          mov     dx, word ptr [bp - 8]
    3532:7694  [F7694]  262b15          sub     dx, word ptr es:[di]
    3532:7697  [F7697]  8956f0          mov     word ptr [bp - 0x10], dx
    3532:769A  [F769A]  8b56f8          mov     dx, word ptr [bp - 8]
    3532:769D  [F769D]  268915          mov     word ptr es:[di], dx
    3532:76A0  [F76A0]  eb03            jmp     L_F76A5  ; 0x645
L_F76A2:
    3532:76A2  [F76A2]  e91300          jmp     L_F76B8  ; 0x658
L_F76A5:
    3532:76A5  [F76A5]  837ef000        cmp     word ptr [bp - 0x10], 0
    3532:76A9  [F76A9]  740d            je      L_F76B8  ; 0x658
    3532:76AB  [F76AB]  a17005          mov     ax, word ptr [0x570]
    3532:76AE  [F76AE]  d1e0            shl     ax, 1
    3532:76B0  [F76B0]  8bd8            mov     bx, ax
    3532:76B2  [F76B2]  818f50050001    or      word ptr [bx + 0x550], 0x100
L_F76B8:
    3532:76B8  [F76B8]  8be5            mov     sp, bp
    3532:76BA  [F76BA]  5d              pop     bp
    3532:76BB  [F76BB]  cb              retf    

SUB_F80A6:
    3532:80A6  [F80A6]  55              push    bp
    3532:80A7  [F80A7]  8bec            mov     bp, sp
    3532:80A9  [F80A9]  83ec10          sub     sp, 0x10
    3532:80AC  [F80AC]  c43edc1d        les     di, ptr [0x1ddc]
    3532:80B0  [F80B0]  8d555a          lea     dx, [di + 0x5a]
    3532:80B3  [F80B3]  8956f6          mov     word ptr [bp - 0xa], dx
    3532:80B6  [F80B6]  8c46f8          mov     word ptr [bp - 8], es
    3532:80B9  [F80B9]  bb1000          mov     bx, 0x10
    3532:80BC  [F80BC]  53              push    bx
    3532:80BD  [F80BD]  53              push    bx
    3532:80BE  [F80BE]  2bc0            sub     ax, ax
    3532:80C0  [F80C0]  50              push    ax
    3532:80C1  [F80C1]  50              push    ax
    3532:80C2  [F80C2]  ba3000          mov     dx, 0x30
    3532:80C5  [F80C5]  52              push    dx
    3532:80C6  [F80C6]  c416e801        les     dx, ptr [0x1e8]
    3532:80CA  [F80CA]  06              push    es
    3532:80CB  [F80CB]  52              push    dx
    3532:80CC  [F80CC]  c45ef6          les     bx, ptr [bp - 0xa]
    3532:80CF  [F80CF]  06              push    es
    3532:80D0  [F80D0]  53              push    bx
    3532:80D1  [F80D1]  9ad2010af8      lcall   build_print_record_3532  ; 0xf80a, 0x1d2
    3532:80D6  [F80D6]  83c40e          add     sp, 0xe
    3532:80D9  [F80D9]  8346f609        add     word ptr [bp - 0xa], 9
    3532:80DD  [F80DD]  bf1000          mov     di, 0x10
    3532:80E0  [F80E0]  57              push    di
    3532:80E1  [F80E1]  57              push    di
    3532:80E2  [F80E2]  2bd2            sub     dx, dx
    3532:80E4  [F80E4]  52              push    dx
    3532:80E5  [F80E5]  52              push    dx
    3532:80E6  [F80E6]  bb3000          mov     bx, 0x30
    3532:80E9  [F80E9]  53              push    bx
    3532:80EA  [F80EA]  c406e801        les     ax, ptr [0x1e8]
    3532:80EE  [F80EE]  8bf8            mov     di, ax
    3532:80F0  [F80F0]  83c722          add     di, 0x22
    3532:80F3  [F80F3]  06              push    es
    3532:80F4  [F80F4]  57              push    di
    3532:80F5  [F80F5]  c45ef6          les     bx, ptr [bp - 0xa]
    3532:80F8  [F80F8]  06              push    es
    3532:80F9  [F80F9]  53              push    bx
    3532:80FA  [F80FA]  9ad2010af8      lcall   build_print_record_3532  ; 0xf80a, 0x1d2
    3532:80FF  [F80FF]  83c40e          add     sp, 0xe
    3532:8102  [F8102]  8346f609        add     word ptr [bp - 0xa], 9
    3532:8106  [F8106]  bf1000          mov     di, 0x10
    3532:8109  [F8109]  57              push    di
    3532:810A  [F810A]  57              push    di
    3532:810B  [F810B]  2bd2            sub     dx, dx
    3532:810D  [F810D]  52              push    dx
    3532:810E  [F810E]  52              push    dx
    3532:810F  [F810F]  bf3000          mov     di, 0x30
    3532:8112  [F8112]  57              push    di
    3532:8113  [F8113]  c43ee801        les     di, ptr [0x1e8]
    3532:8117  [F8117]  06              push    es
    3532:8118  [F8118]  57              push    di
    3532:8119  [F8119]  c45ef6          les     bx, ptr [bp - 0xa]
    3532:811C  [F811C]  06              push    es
    3532:811D  [F811D]  53              push    bx
    3532:811E  [F811E]  9ad2010af8      lcall   build_print_record_3532  ; 0xf80a, 0x1d2
    3532:8123  [F8123]  83c40e          add     sp, 0xe
    3532:8126  [F8126]  8346f609        add     word ptr [bp - 0xa], 9
    3532:812A  [F812A]  bf1000          mov     di, 0x10
    3532:812D  [F812D]  57              push    di
    3532:812E  [F812E]  57              push    di
    3532:812F  [F812F]  2bd2            sub     dx, dx
    3532:8131  [F8131]  52              push    dx
    3532:8132  [F8132]  52              push    dx
    3532:8133  [F8133]  bb3000          mov     bx, 0x30
    3532:8136  [F8136]  53              push    bx
    3532:8137  [F8137]  c406e801        les     ax, ptr [0x1e8]
    3532:813B  [F813B]  8bf8            mov     di, ax
    3532:813D  [F813D]  83c722          add     di, 0x22
    3532:8140  [F8140]  06              push    es
    3532:8141  [F8141]  57              push    di
    3532:8142  [F8142]  c45ef6          les     bx, ptr [bp - 0xa]
    3532:8145  [F8145]  06              push    es
    3532:8146  [F8146]  53              push    bx
    3532:8147  [F8147]  9ad2010af8      lcall   build_print_record_3532  ; 0xf80a, 0x1d2
    3532:814C  [F814C]  83c40e          add     sp, 0xe
    3532:814F  [F814F]  c746f2f101      mov     word ptr [bp - 0xe], 0x1f1
    3532:8154  [F8154]  8c5ef4          mov     word ptr [bp - 0xc], ds
    3532:8157  [F8157]  c746f00000      mov     word ptr [bp - 0x10], 0
    3532:815C  [F815C]  e92300          jmp     L_F8182  ; 0xe2
L_F815F:
    3532:815F  [F815F]  bf0400          mov     di, 4
    3532:8162  [F8162]  57              push    di
    3532:8163  [F8163]  c47ef2          les     di, ptr [bp - 0xe]
    3532:8166  [F8166]  8d5502          lea     dx, [di + 2]
    3532:8169  [F8169]  06              push    es
    3532:816A  [F816A]  52              push    dx
    3532:816B  [F816B]  c45ef6          les     bx, ptr [bp - 0xa]
    3532:816E  [F816E]  8d4701          lea     ax, [bx + 1]
    3532:8171  [F8171]  06              push    es
    3532:8172  [F8172]  50              push    ax
    3532:8173  [F8173]  9a2900befb      lcall   memcpy_far  ; 0xfbbe, 0x29
    3532:8178  [F8178]  83c406          add     sp, 6
    3532:817B  [F817B]  8346f206        add     word ptr [bp - 0xe], 6
    3532:817F  [F817F]  ff46f0          inc     word ptr [bp - 0x10]
L_F8182:
    3532:8182  [F8182]  837ef007        cmp     word ptr [bp - 0x10], 7
    3532:8186  [F8186]  7ed7            jle     L_F815F  ; 0xbf
    3532:8188  [F8188]  c43edc1d        les     di, ptr [0x1ddc]
    3532:818C  [F818C]  8d557e          lea     dx, [di + 0x7e]
    3532:818F  [F818F]  8956f6          mov     word ptr [bp - 0xa], dx
    3532:8192  [F8192]  8c46f8          mov     word ptr [bp - 8], es
    3532:8195  [F8195]  bb1000          mov     bx, 0x10
    3532:8198  [F8198]  53              push    bx
    3532:8199  [F8199]  53              push    bx
    3532:819A  [F819A]  2bdb            sub     bx, bx
    3532:819C  [F819C]  53              push    bx
    3532:819D  [F819D]  53              push    bx
    3532:819E  [F819E]  b83000          mov     ax, 0x30
    3532:81A1  [F81A1]  50              push    ax
    3532:81A2  [F81A2]  c406e801        les     ax, ptr [0x1e8]
    3532:81A6  [F81A6]  8bd0            mov     dx, ax
    3532:81A8  [F81A8]  83c244          add     dx, 0x44
    3532:81AB  [F81AB]  06              push    es
    3532:81AC  [F81AC]  52              push    dx
    3532:81AD  [F81AD]  c456f6          les     dx, ptr [bp - 0xa]
    3532:81B0  [F81B0]  06              push    es
    3532:81B1  [F81B1]  52              push    dx
    3532:81B2  [F81B2]  9ad2010af8      lcall   build_print_record_3532  ; 0xf80a, 0x1d2
    3532:81B7  [F81B7]  83c40e          add     sp, 0xe
    3532:81BA  [F81BA]  8346f609        add     word ptr [bp - 0xa], 9
    3532:81BE  [F81BE]  bf1000          mov     di, 0x10
    3532:81C1  [F81C1]  57              push    di
    3532:81C2  [F81C2]  57              push    di
    3532:81C3  [F81C3]  2bd2            sub     dx, dx
    3532:81C5  [F81C5]  52              push    dx
    3532:81C6  [F81C6]  52              push    dx
    3532:81C7  [F81C7]  bf3000          mov     di, 0x30
    3532:81CA  [F81CA]  57              push    di
    3532:81CB  [F81CB]  c43ee801        les     di, ptr [0x1e8]
    3532:81CF  [F81CF]  8d5d66          lea     bx, [di + 0x66]
    3532:81D2  [F81D2]  06              push    es
    3532:81D3  [F81D3]  53              push    bx
    3532:81D4  [F81D4]  c446f6          les     ax, ptr [bp - 0xa]
    3532:81D7  [F81D7]  06              push    es
    3532:81D8  [F81D8]  50              push    ax
    3532:81D9  [F81D9]  9ad2010af8      lcall   build_print_record_3532  ; 0xf80a, 0x1d2
    3532:81DE  [F81DE]  83c40e          add     sp, 0xe
    3532:81E1  [F81E1]  8346f609        add     word ptr [bp - 0xa], 9
    3532:81E5  [F81E5]  bf1000          mov     di, 0x10
    3532:81E8  [F81E8]  57              push    di
    3532:81E9  [F81E9]  57              push    di
    3532:81EA  [F81EA]  2bd2            sub     dx, dx
    3532:81EC  [F81EC]  52              push    dx
    3532:81ED  [F81ED]  52              push    dx
    3532:81EE  [F81EE]  bf3000          mov     di, 0x30
    3532:81F1  [F81F1]  57              push    di
    3532:81F2  [F81F2]  c43ee801        les     di, ptr [0x1e8]
    3532:81F6  [F81F6]  8d5d44          lea     bx, [di + 0x44]
    3532:81F9  [F81F9]  06              push    es
    3532:81FA  [F81FA]  53              push    bx
    3532:81FB  [F81FB]  c446f6          les     ax, ptr [bp - 0xa]
    3532:81FE  [F81FE]  06              push    es
    3532:81FF  [F81FF]  50              push    ax
    3532:8200  [F8200]  9ad2010af8      lcall   build_print_record_3532  ; 0xf80a, 0x1d2
    3532:8205  [F8205]  83c40e          add     sp, 0xe
    3532:8208  [F8208]  8346f609        add     word ptr [bp - 0xa], 9
    3532:820C  [F820C]  bf1000          mov     di, 0x10
    3532:820F  [F820F]  57              push    di
    3532:8210  [F8210]  57              push    di
    3532:8211  [F8211]  2bd2            sub     dx, dx
    3532:8213  [F8213]  52              push    dx
    3532:8214  [F8214]  52              push    dx
    3532:8215  [F8215]  bf3000          mov     di, 0x30
    3532:8218  [F8218]  57              push    di
    3532:8219  [F8219]  c43ee801        les     di, ptr [0x1e8]
    3532:821D  [F821D]  8d9d8800        lea     bx, [di + 0x88]
    3532:8221  [F8221]  06              push    es
    3532:8222  [F8222]  53              push    bx
    3532:8223  [F8223]  c446f6          les     ax, ptr [bp - 0xa]
    3532:8226  [F8226]  06              push    es
    3532:8227  [F8227]  50              push    ax
    3532:8228  [F8228]  9ad2010af8      lcall   build_print_record_3532  ; 0xf80a, 0x1d2
    3532:822D  [F822D]  83c40e          add     sp, 0xe
    3532:8230  [F8230]  8be5            mov     sp, bp
    3532:8232  [F8232]  5d              pop     bp
    3532:8233  [F8233]  cb              retf    
SUB_F8234:
    3532:8234  [F8234]  55              push    bp
    3532:8235  [F8235]  8bec            mov     bp, sp
    3532:8237  [F8237]  83ec08          sub     sp, 8
    3532:823A  [F823A]  c746f8aa00      mov     word ptr [bp - 8], 0xaa
    3532:823F  [F823F]  bfaa00          mov     di, 0xaa
    3532:8242  [F8242]  57              push    di
    3532:8243  [F8243]  c416e801        les     dx, ptr [0x1e8]
    3532:8247  [F8247]  06              push    es
    3532:8248  [F8248]  52              push    dx
    3532:8249  [F8249]  c41e9c1c        les     bx, ptr [0x1c9c]
    3532:824D  [F824D]  06              push    es
    3532:824E  [F824E]  53              push    bx
    3532:824F  [F824F]  9a2900befb      lcall   memcpy_far  ; 0xfbbe, 0x29
    3532:8254  [F8254]  83c406          add     sp, 6
    3532:8257  [F8257]  ff76f8          push    word ptr [bp - 8]
    3532:825A  [F825A]  c43eec01        les     di, ptr [0x1ec]
    3532:825E  [F825E]  06              push    es
    3532:825F  [F825F]  57              push    di
    3532:8260  [F8260]  c416a01c        les     dx, ptr [0x1ca0]
    3532:8264  [F8264]  06              push    es
    3532:8265  [F8265]  52              push    dx
    3532:8266  [F8266]  9a2900befb      lcall   memcpy_far  ; 0xfbbe, 0x29
    3532:826B  [F826B]  83c406          add     sp, 6
    3532:826E  [F826E]  8be5            mov     sp, bp
    3532:8270  [F8270]  5d              pop     bp
    3532:8271  [F8271]  cb              retf    
build_print_record_3532:
    3532:8272  [F8272]  55              push    bp
    3532:8273  [F8273]  8bec            mov     bp, sp
    3532:8275  [F8275]  83ec08          sub     sp, 8
    3532:8278  [F8278]  c47e06          les     di, ptr [bp + 6]
    3532:827B  [F827B]  8a560e          mov     dl, byte ptr [bp + 0xe]
    3532:827E  [F827E]  268815          mov     byte ptr es:[di], dl
    3532:8281  [F8281]  8a5e16          mov     bl, byte ptr [bp + 0x16]
    3532:8284  [F8284]  2aff            sub     bh, bh
    3532:8286  [F8286]  53              push    bx
    3532:8287  [F8287]  8d4501          lea     ax, [di + 1]
    3532:828A  [F828A]  06              push    es
    3532:828B  [F828B]  50              push    ax
    3532:828C  [F828C]  9a4900c2fb      lcall   pack_low5_bits  ; 0xfbc2, 0x49
    3532:8291  [F8291]  83c402          add     sp, 2
    3532:8294  [F8294]  8a5614          mov     dl, byte ptr [bp + 0x14]
    3532:8297  [F8297]  2af6            sub     dh, dh
    3532:8299  [F8299]  52              push    dx
    3532:829A  [F829A]  c47e06          les     di, ptr [bp + 6]
    3532:829D  [F829D]  8d5d03          lea     bx, [di + 3]
    3532:82A0  [F82A0]  06              push    es
    3532:82A1  [F82A1]  53              push    bx
    3532:82A2  [F82A2]  9a4900c2fb      lcall   pack_low5_bits  ; 0xfbc2, 0x49
    3532:82A7  [F82A7]  83c402          add     sp, 2
    3532:82AA  [F82AA]  ff7610          push    word ptr [bp + 0x10]
    3532:82AD  [F82AD]  c47e06          les     di, ptr [bp + 6]
    3532:82B0  [F82B0]  8d5504          lea     dx, [di + 4]
    3532:82B3  [F82B3]  06              push    es
    3532:82B4  [F82B4]  52              push    dx
    3532:82B5  [F82B5]  9a6400c2fb      lcall   set_position_record_3532  ; 0xfbc2, 0x64
    3532:82BA  [F82BA]  83c402          add     sp, 2
    3532:82BD  [F82BD]  ff7612          push    word ptr [bp + 0x12]
    3532:82C0  [F82C0]  c47e06          les     di, ptr [bp + 6]
    3532:82C3  [F82C3]  8d5502          lea     dx, [di + 2]
    3532:82C6  [F82C6]  06              push    es
    3532:82C7  [F82C7]  52              push    dx
    3532:82C8  [F82C8]  9a6400c2fb      lcall   set_position_record_3532  ; 0xfbc2, 0x64
    3532:82CD  [F82CD]  83c402          add     sp, 2
    3532:82D0  [F82D0]  c47e0a          les     di, ptr [bp + 0xa]
    3532:82D3  [F82D3]  06              push    es
    3532:82D4  [F82D4]  57              push    di
    3532:82D5  [F82D5]  9a0f00c2fb      lcall   array_index_16  ; 0xfbc2, 0xf
    3532:82DA  [F82DA]  8946f8          mov     word ptr [bp - 8], ax
    3532:82DD  [F82DD]  c47e06          les     di, ptr [bp + 6]
    3532:82E0  [F82E0]  8d5505          lea     dx, [di + 5]
    3532:82E3  [F82E3]  06              push    es
    3532:82E4  [F82E4]  52              push    dx
    3532:82E5  [F82E5]  8d5ef8          lea     bx, [bp - 8]
    3532:82E8  [F82E8]  16              push    ss
    3532:82E9  [F82E9]  53              push    bx
    3532:82EA  [F82EA]  9a2d00c2fb      lcall   copy_word_far  ; 0xfbc2, 0x2d
    3532:82EF  [F82EF]  83c404          add     sp, 4
    3532:82F2  [F82F2]  c47e06          les     di, ptr [bp + 6]
    3532:82F5  [F82F5]  268a5505        mov     dl, byte ptr es:[di + 5]
    3532:82F9  [F82F9]  26885507        mov     byte ptr es:[di + 7], dl
    3532:82FD  [F82FD]  c45e06          les     bx, ptr [bp + 6]
    3532:8300  [F8300]  268a4706        mov     al, byte ptr es:[bx + 6]
    3532:8304  [F8304]  26884708        mov     byte ptr es:[bx + 8], al
    3532:8308  [F8308]  8be5            mov     sp, bp
    3532:830A  [F830A]  5d              pop     bp
    3532:830B  [F830B]  ca0400          retf    4
SUB_F830E:
    3532:830E  [F830E]  55              push    bp
    3532:830F  [F830F]  8bec            mov     bp, sp
    3532:8311  [F8311]  83ec12          sub     sp, 0x12
    3532:8314  [F8314]  51              push    cx
    3532:8315  [F8315]  8b7e0a          mov     di, word ptr [bp + 0xa]
    3532:8318  [F8318]  d1ff            sar     di, 1
    3532:831A  [F831A]  897ef4          mov     word ptr [bp - 0xc], di
    3532:831D  [F831D]  8b460a          mov     ax, word ptr [bp + 0xa]
    3532:8320  [F8320]  ba1400          mov     dx, 0x14
    3532:8323  [F8323]  f7ea            imul    dx
    3532:8325  [F8325]  8bd8            mov     bx, ax
    3532:8327  [F8327]  8a97a700        mov     dl, byte ptr [bx + 0xa7]
    3532:832B  [F832B]  80e201          and     dl, 1
    3532:832E  [F832E]  80fa00          cmp     dl, 0
    3532:8331  [F8331]  7475            je      L_F83A8  ; 0x308
    3532:8333  [F8333]  d1e7            shl     di, 1
    3532:8335  [F8335]  d1e7            shl     di, 1
    3532:8337  [F8337]  d1e7            shl     di, 1
    3532:8339  [F8339]  d1e7            shl     di, 1
    3532:833B  [F833B]  8b959401        mov     dx, word ptr [di + 0x194]
    3532:833F  [F833F]  8956f8          mov     word ptr [bp - 8], dx
    3532:8342  [F8342]  837ef400        cmp     word ptr [bp - 0xc], 0
    3532:8346  [F8346]  7563            jne     L_F83AB  ; 0x30b
    3532:8348  [F8348]  8b460a          mov     ax, word ptr [bp + 0xa]
    3532:834B  [F834B]  8bfa            mov     di, dx
    3532:834D  [F834D]  ba0a00          mov     dx, 0xa
    3532:8350  [F8350]  f7ea            imul    dx
    3532:8352  [F8352]  8bd8            mov     bx, ax
    3532:8354  [F8354]  8b976800        mov     dx, word ptr [bx + 0x68]
    3532:8358  [F8358]  2bd7            sub     dx, di
    3532:835A  [F835A]  03560c          add     dx, word ptr [bp + 0xc]
    3532:835D  [F835D]  a12a00          mov     ax, word ptr [0x2a]
    3532:8360  [F8360]  3bd0            cmp     dx, ax
    3532:8362  [F8362]  7e15            jle     L_F8379  ; 0x2d9
    3532:8364  [F8364]  a12a00          mov     ax, word ptr [0x2a]
    3532:8367  [F8367]  8b976800        mov     dx, word ptr [bx + 0x68]
    3532:836B  [F836B]  2bd7            sub     dx, di
    3532:836D  [F836D]  03560c          add     dx, word ptr [bp + 0xc]
    3532:8370  [F8370]  2bd0            sub     dx, ax
    3532:8372  [F8372]  4a              dec     dx
    3532:8373  [F8373]  89560c          mov     word ptr [bp + 0xc], dx
    3532:8376  [F8376]  e9cb00          jmp     L_F8444  ; 0x3a4
L_F8379:
    3532:8379  [F8379]  8b7ef8          mov     di, word ptr [bp - 8]
    3532:837C  [F837C]  8b460a          mov     ax, word ptr [bp + 0xa]
    3532:837F  [F837F]  ba0a00          mov     dx, 0xa
    3532:8382  [F8382]  f7ea            imul    dx
    3532:8384  [F8384]  8bd8            mov     bx, ax
    3532:8386  [F8386]  8b976800        mov     dx, word ptr [bx + 0x68]
    3532:838A  [F838A]  2bd7            sub     dx, di
    3532:838C  [F838C]  03560c          add     dx, word ptr [bp + 0xc]
    3532:838F  [F838F]  83fa00          cmp     dx, 0
    3532:8392  [F8392]  7d1a            jge     L_F83AE  ; 0x30e
    3532:8394  [F8394]  8b876800        mov     ax, word ptr [bx + 0x68]
    3532:8398  [F8398]  2bc7            sub     ax, di
    3532:839A  [F839A]  03460c          add     ax, word ptr [bp + 0xc]
    3532:839D  [F839D]  03062a00        add     ax, word ptr [0x2a]
    3532:83A1  [F83A1]  40              inc     ax
    3532:83A2  [F83A2]  89460c          mov     word ptr [bp + 0xc], ax
    3532:83A5  [F83A5]  e99c00          jmp     L_F8444  ; 0x3a4
L_F83A8:
    3532:83A8  [F83A8]  e99900          jmp     L_F8444  ; 0x3a4
L_F83AB:
    3532:83AB  [F83AB]  e91c00          jmp     L_F83CA  ; 0x32a
L_F83AE:
    3532:83AE  [F83AE]  8b7ef8          mov     di, word ptr [bp - 8]
    3532:83B1  [F83B1]  8b460a          mov     ax, word ptr [bp + 0xa]
    3532:83B4  [F83B4]  ba0a00          mov     dx, 0xa
    3532:83B7  [F83B7]  f7ea            imul    dx
    3532:83B9  [F83B9]  8bd8            mov     bx, ax
    3532:83BB  [F83BB]  8b976800        mov     dx, word ptr [bx + 0x68]
    3532:83BF  [F83BF]  2bd7            sub     dx, di
    3532:83C1  [F83C1]  03560c          add     dx, word ptr [bp + 0xc]
    3532:83C4  [F83C4]  89560c          mov     word ptr [bp + 0xc], dx
    3532:83C7  [F83C7]  e97a00          jmp     L_F8444  ; 0x3a4
L_F83CA:
    3532:83CA  [F83CA]  837ef404        cmp     word ptr [bp - 0xc], 4
    3532:83CE  [F83CE]  7565            jne     L_F8435  ; 0x395
    3532:83D0  [F83D0]  837e0a08        cmp     word ptr [bp + 0xa], 8
    3532:83D4  [F83D4]  750d            jne     L_F83E3  ; 0x343
    3532:83D6  [F83D6]  a16800          mov     ax, word ptr [0x68]
    3532:83D9  [F83D9]  d1f8            sar     ax, 1
    3532:83DB  [F83DB]  d1f8            sar     ax, 1
    3532:83DD  [F83DD]  8946ee          mov     word ptr [bp - 0x12], ax
    3532:83E0  [F83E0]  e90a00          jmp     L_F83ED  ; 0x34d
L_F83E3:
    3532:83E3  [F83E3]  a17200          mov     ax, word ptr [0x72]
    3532:83E6  [F83E6]  d1f8            sar     ax, 1
    3532:83E8  [F83E8]  d1f8            sar     ax, 1
    3532:83EA  [F83EA]  8946ee          mov     word ptr [bp - 0x12], ax
L_F83ED:
    3532:83ED  [F83ED]  8b7eee          mov     di, word ptr [bp - 0x12]
    3532:83F0  [F83F0]  2b7ef8          sub     di, word ptr [bp - 8]
    3532:83F3  [F83F3]  037e0c          add     di, word ptr [bp + 0xc]
    3532:83F6  [F83F6]  a17601          mov     ax, word ptr [0x176]
    3532:83F9  [F83F9]  40              inc     ax
    3532:83FA  [F83FA]  3bf8            cmp     di, ax
    3532:83FC  [F83FC]  7e13            jle     L_F8411  ; 0x371
    3532:83FE  [F83FE]  8b56ee          mov     dx, word ptr [bp - 0x12]
    3532:8401  [F8401]  2b56f8          sub     dx, word ptr [bp - 8]
    3532:8404  [F8404]  03560c          add     dx, word ptr [bp + 0xc]
    3532:8407  [F8407]  2b167601        sub     dx, word ptr [0x176]
    3532:840B  [F840B]  89560c          mov     word ptr [bp + 0xc], dx
    3532:840E  [F840E]  e93300          jmp     L_F8444  ; 0x3a4
L_F8411:
    3532:8411  [F8411]  8b7eee          mov     di, word ptr [bp - 0x12]
    3532:8414  [F8414]  2b7ef8          sub     di, word ptr [bp - 8]
    3532:8417  [F8417]  037e0c          add     di, word ptr [bp + 0xc]
    3532:841A  [F841A]  83ff00          cmp     di, 0
    3532:841D  [F841D]  7d19            jge     L_F8438  ; 0x398
    3532:841F  [F841F]  8b56ee          mov     dx, word ptr [bp - 0x12]
    3532:8422  [F8422]  2b56f8          sub     dx, word ptr [bp - 8]
    3532:8425  [F8425]  03560c          add     dx, word ptr [bp + 0xc]
    3532:8428  [F8428]  03167601        add     dx, word ptr [0x176]
    3532:842C  [F842C]  83c202          add     dx, 2
    3532:842F  [F842F]  89560c          mov     word ptr [bp + 0xc], dx
    3532:8432  [F8432]  e90f00          jmp     L_F8444  ; 0x3a4
L_F8435:
    3532:8435  [F8435]  e90c00          jmp     L_F8444  ; 0x3a4
L_F8438:
    3532:8438  [F8438]  8b7eee          mov     di, word ptr [bp - 0x12]
    3532:843B  [F843B]  2b7ef8          sub     di, word ptr [bp - 8]
    3532:843E  [F843E]  037e0c          add     di, word ptr [bp + 0xc]
    3532:8441  [F8441]  897e0c          mov     word ptr [bp + 0xc], di
L_F8444:
    3532:8444  [F8444]  837e0c00        cmp     word ptr [bp + 0xc], 0
    3532:8448  [F8448]  7c07            jl      L_F8451  ; 0x3b1
    3532:844A  [F844A]  817e0c0020      cmp     word ptr [bp + 0xc], 0x2000
    3532:844F  [F844F]  7e0a            jle     L_F845B  ; 0x3bb
L_F8451:
    3532:8451  [F8451]  c606b00301      mov     byte ptr [0x3b0], 1
    3532:8456  [F8456]  2bc0            sub     ax, ax
    3532:8458  [F8458]  e98000          jmp     L_F84DB  ; 0x43b
L_F845B:
    3532:845B  [F845B]  8b7e0c          mov     di, word ptr [bp + 0xc]
    3532:845E  [F845E]  c45606          les     dx, ptr [bp + 6]
    3532:8461  [F8461]  8b5e0a          mov     bx, word ptr [bp + 0xa]
    3532:8464  [F8464]  d1e3            shl     bx, 1
    3532:8466  [F8466]  d1e3            shl     bx, 1
    3532:8468  [F8468]  03bf3c00        add     di, word ptr [bx + 0x3c]
    3532:846C  [F846C]  8bc2            mov     ax, dx
    3532:846E  [F846E]  03c7            add     ax, di
    3532:8470  [F8470]  8946f0          mov     word ptr [bp - 0x10], ax
    3532:8473  [F8473]  8c46f2          mov     word ptr [bp - 0xe], es
    3532:8476  [F8476]  8b460a          mov     ax, word ptr [bp + 0xa]
    3532:8479  [F8479]  d1f8            sar     ax, 1
    3532:847B  [F847B]  d1e0            shl     ax, 1
    3532:847D  [F847D]  d1e0            shl     ax, 1
    3532:847F  [F847F]  d1e0            shl     ax, 1
    3532:8481  [F8481]  d1e0            shl     ax, 1
    3532:8483  [F8483]  8bf8            mov     di, ax
    3532:8485  [F8485]  8a858c01        mov     al, byte ptr [di + 0x18c]
    3532:8489  [F8489]  2410            and     al, 0x10
    3532:848B  [F848B]  3c00            cmp     al, 0
    3532:848D  [F848D]  742e            je      L_F84BD  ; 0x41d
    3532:848F  [F848F]  c47ef0          les     di, ptr [bp - 0x10]
    3532:8492  [F8492]  268a4501        mov     al, byte ptr es:[di + 1]
    3532:8496  [F8496]  2ae4            sub     ah, ah
    3532:8498  [F8498]  25ff00          and     ax, 0xff
    3532:849B  [F849B]  d1e0            shl     ax, 1
    3532:849D  [F849D]  d1e0            shl     ax, 1
    3532:849F  [F849F]  d1e0            shl     ax, 1
    3532:84A1  [F84A1]  d1e0            shl     ax, 1
    3532:84A3  [F84A3]  8946f6          mov     word ptr [bp - 0xa], ax
    3532:84A6  [F84A6]  268a15          mov     dl, byte ptr es:[di]
    3532:84A9  [F84A9]  2af6            sub     dh, dh
    3532:84AB  [F84AB]  d1fa            sar     dx, 1
    3532:84AD  [F84AD]  d1fa            sar     dx, 1
    3532:84AF  [F84AF]  d1fa            sar     dx, 1
    3532:84B1  [F84B1]  d1fa            sar     dx, 1
    3532:84B3  [F84B3]  81e2ff00        and     dx, 0xff
    3532:84B7  [F84B7]  0956f6          or      word ptr [bp - 0xa], dx
    3532:84BA  [F84BA]  e91500          jmp     L_F84D2  ; 0x432
L_F84BD:
    3532:84BD  [F84BD]  c47ef0          les     di, ptr [bp - 0x10]
    3532:84C0  [F84C0]  268a15          mov     dl, byte ptr es:[di]
    3532:84C3  [F84C3]  2af6            sub     dh, dh
    3532:84C5  [F84C5]  81e2ff00        and     dx, 0xff
    3532:84C9  [F84C9]  8956f6          mov     word ptr [bp - 0xa], dx
    3532:84CC  [F84CC]  b90400          mov     cx, 4
    3532:84CF  [F84CF]  d366f6          shl     word ptr [bp - 0xa], cl
L_F84D2:
    3532:84D2  [F84D2]  b90200          mov     cx, 2
    3532:84D5  [F84D5]  d37ef6          sar     word ptr [bp - 0xa], cl
    3532:84D8  [F84D8]  8b46f6          mov     ax, word ptr [bp - 0xa]
L_F84DB:
    3532:84DB  [F84DB]  59              pop     cx
    3532:84DC  [F84DC]  8be5            mov     sp, bp
    3532:84DE  [F84DE]  5d              pop     bp
    3532:84DF  [F84DF]  ca0400          retf    4

set_item_pair_active:
    3532:8E66  [F8E66]  55              push    bp
    3532:8E67  [F8E67]  8bec            mov     bp, sp
    3532:8E69  [F8E69]  83ec08          sub     sp, 8
    3532:8E6C  [F8E6C]  8b7e06          mov     di, word ptr [bp + 6]
    3532:8E6F  [F8E6F]  d1e7            shl     di, 1
    3532:8E71  [F8E71]  897ef8          mov     word ptr [bp - 8], di
    3532:8E74  [F8E74]  ba0100          mov     dx, 1
    3532:8E77  [F8E77]  52              push    dx
    3532:8E78  [F8E78]  57              push    di
    3532:8E79  [F8E79]  9a6800e6f8      lcall   set_item_active_flag  ; 0xf8e6, 0x68
    3532:8E7E  [F8E7E]  83c402          add     sp, 2
    3532:8E81  [F8E81]  bf0100          mov     di, 1
    3532:8E84  [F8E84]  57              push    di
    3532:8E85  [F8E85]  8b56f8          mov     dx, word ptr [bp - 8]
    3532:8E88  [F8E88]  42              inc     dx
    3532:8E89  [F8E89]  52              push    dx
    3532:8E8A  [F8E8A]  9a6800e6f8      lcall   set_item_active_flag  ; 0xf8e6, 0x68
    3532:8E8F  [F8E8F]  83c402          add     sp, 2
    3532:8E92  [F8E92]  8be5            mov     sp, bp
    3532:8E94  [F8E94]  5d              pop     bp
    3532:8E95  [F8E95]  ca0200          retf    2
deselect_item_pair:
    3532:8E98  [F8E98]  55              push    bp
    3532:8E99  [F8E99]  8bec            mov     bp, sp
    3532:8E9B  [F8E9B]  83ec08          sub     sp, 8
    3532:8E9E  [F8E9E]  8b7e06          mov     di, word ptr [bp + 6]
    3532:8EA1  [F8EA1]  d1e7            shl     di, 1
    3532:8EA3  [F8EA3]  897ef8          mov     word ptr [bp - 8], di
    3532:8EA6  [F8EA6]  2bd2            sub     dx, dx
    3532:8EA8  [F8EA8]  52              push    dx
    3532:8EA9  [F8EA9]  57              push    di
    3532:8EAA  [F8EAA]  9a6800e6f8      lcall   set_item_active_flag  ; 0xf8e6, 0x68
    3532:8EAF  [F8EAF]  83c402          add     sp, 2
    3532:8EB2  [F8EB2]  2bff            sub     di, di
    3532:8EB4  [F8EB4]  57              push    di
    3532:8EB5  [F8EB5]  8b56f8          mov     dx, word ptr [bp - 8]
    3532:8EB8  [F8EB8]  42              inc     dx
    3532:8EB9  [F8EB9]  52              push    dx
    3532:8EBA  [F8EBA]  9a6800e6f8      lcall   set_item_active_flag  ; 0xf8e6, 0x68
    3532:8EBF  [F8EBF]  83c402          add     sp, 2
    3532:8EC2  [F8EC2]  8be5            mov     sp, bp
    3532:8EC4  [F8EC4]  5d              pop     bp
    3532:8EC5  [F8EC5]  ca0200          retf    2
set_item_active_flag:
    3532:8EC8  [F8EC8]  55              push    bp
    3532:8EC9  [F8EC9]  8bec            mov     bp, sp
    3532:8ECB  [F8ECB]  83ec06          sub     sp, 6
    3532:8ECE  [F8ECE]  807e0800        cmp     byte ptr [bp + 8], 0
    3532:8ED2  [F8ED2]  7425            je      L_F8EF9  ; 0x99
    3532:8ED4  [F8ED4]  8b7e06          mov     di, word ptr [bp + 6]
    3532:8ED7  [F8ED7]  8a95e21b        mov     dl, byte ptr [di + 0x1be2]
    3532:8EDB  [F8EDB]  80e202          and     dl, 2
    3532:8EDE  [F8EDE]  80fa00          cmp     dl, 0
    3532:8EE1  [F8EE1]  743b            je      L_F8F1E  ; 0xbe
    3532:8EE3  [F8EE3]  808de21b01      or      byte ptr [di + 0x1be2], 1
    3532:8EE8  [F8EE8]  8bc7            mov     ax, di
    3532:8EEA  [F8EEA]  ba1400          mov     dx, 0x14
    3532:8EED  [F8EED]  f7ea            imul    dx
    3532:8EEF  [F8EEF]  8bd8            mov     bx, ax
    3532:8EF1  [F8EF1]  808fb00001      or      byte ptr [bx + 0xb0], 1
    3532:8EF6  [F8EF6]  e91600          jmp     L_F8F0F  ; 0xaf
L_F8EF9:
    3532:8EF9  [F8EF9]  8b7e06          mov     di, word ptr [bp + 6]
    3532:8EFC  [F8EFC]  80a5e21bfe      and     byte ptr [di + 0x1be2], 0xfe
    3532:8F01  [F8F01]  8bc7            mov     ax, di
    3532:8F03  [F8F03]  ba1400          mov     dx, 0x14
    3532:8F06  [F8F06]  f7ea            imul    dx
    3532:8F08  [F8F08]  8bd8            mov     bx, ax
    3532:8F0A  [F8F0A]  80a7b000fe      and     byte ptr [bx + 0xb0], 0xfe
L_F8F0F:
    3532:8F0F  [F8F0F]  8b4606          mov     ax, word ptr [bp + 6]
    3532:8F12  [F8F12]  ba1400          mov     dx, 0x14
    3532:8F15  [F8F15]  f7ea            imul    dx
    3532:8F17  [F8F17]  8bf8            mov     di, ax
    3532:8F19  [F8F19]  808da60001      or      byte ptr [di + 0xa6], 1
L_F8F1E:
    3532:8F1E  [F8F1E]  8be5            mov     sp, bp
    3532:8F20  [F8F20]  5d              pop     bp
    3532:8F21  [F8F21]  ca0200          retf    2
disable_item_pair:
    3532:8F24  [F8F24]  55              push    bp
    3532:8F25  [F8F25]  8bec            mov     bp, sp
    3532:8F27  [F8F27]  83ec08          sub     sp, 8
    3532:8F2A  [F8F2A]  ff7606          push    word ptr [bp + 6]
    3532:8F2D  [F8F2D]  9a3800e6f8      lcall   deselect_item_pair  ; 0xf8e6, 0x38
    3532:8F32  [F8F32]  8b7e06          mov     di, word ptr [bp + 6]
    3532:8F35  [F8F35]  d1e7            shl     di, 1
    3532:8F37  [F8F37]  897ef8          mov     word ptr [bp - 8], di
    3532:8F3A  [F8F3A]  80a5e21bfd      and     byte ptr [di + 0x1be2], 0xfd
    3532:8F3F  [F8F3F]  ff46f8          inc     word ptr [bp - 8]
    3532:8F42  [F8F42]  8b5ef8          mov     bx, word ptr [bp - 8]
    3532:8F45  [F8F45]  80a7e21bfd      and     byte ptr [bx + 0x1be2], 0xfd
    3532:8F4A  [F8F4A]  8be5            mov     sp, bp
    3532:8F4C  [F8F4C]  5d              pop     bp
    3532:8F4D  [F8F4D]  ca0200          retf    2

SUB_F911C:
    3532:911C  [F911C]  55              push    bp
    3532:911D  [F911D]  8bec            mov     bp, sp
    3532:911F  [F911F]  83ec06          sub     sp, 6
    3532:9122  [F9122]  c43e801c        les     di, ptr [0x1c80]
    3532:9126  [F9126]  8d955148        lea     dx, [di + 0x4851]
    3532:912A  [F912A]  8916e801        mov     word ptr [0x1e8], dx
    3532:912E  [F912E]  8c06ea01        mov     word ptr [0x1ea], es
    3532:9132  [F9132]  c41e801c        les     bx, ptr [0x1c80]
    3532:9136  [F9136]  8d8751c8        lea     ax, [bx - 0x37af]
    3532:913A  [F913A]  a3ec01          mov     word ptr [0x1ec], ax
    3532:913D  [F913D]  8c06ee01        mov     word ptr [0x1ee], es
    3532:9141  [F9141]  9a94010af8      lcall   SUB_F8234  ; 0xf80a, 0x194
    3532:9146  [F9146]  9a06000af8      lcall   SUB_F80A6  ; 0xf80a, 6
    3532:914B  [F914B]  bf0100          mov     di, 1
    3532:914E  [F914E]  57              push    di
    3532:914F  [F914F]  57              push    di
    3532:9150  [F9150]  bf0048          mov     di, 0x4800
    3532:9153  [F9153]  57              push    di
    3532:9154  [F9154]  c43e3600        les     di, ptr [0x36]
    3532:9158  [F9158]  06              push    es
    3532:9159  [F9159]  57              push    di
    3532:915A  [F915A]  9a0900befb      lcall   SUB_FBBE9  ; 0xfbbe, 9
    3532:915F  [F915F]  83c406          add     sp, 6
    3532:9162  [F9162]  8be5            mov     sp, bp
    3532:9164  [F9164]  5d              pop     bp
    3532:9165  [F9165]  cb              retf    

clear_channel2_status:
    3532:9FEE  [F9FEE]  55              push    bp
    3532:9FEF  [F9FEF]  8bec            mov     bp, sp
    3532:9FF1  [F9FF1]  83ec0a          sub     sp, 0xa
    3532:9FF4  [F9FF4]  b80020          mov     ax, 0x2000
    3532:9FF7  [F9FF7]  ba0040          mov     dx, 0x4000
    3532:9FFA  [F9FFA]  8946f6          mov     word ptr [bp - 0xa], ax
    3532:9FFD  [F9FFD]  8956f8          mov     word ptr [bp - 8], dx
    3532:A000  [FA000]  8bf8            mov     di, ax
    3532:A002  [FA002]  8ec2            mov     es, dx
    3532:A004  [FA004]  26c60500        mov     byte ptr es:[di], 0
    3532:A008  [FA008]  8be5            mov     sp, bp
    3532:A00A  [FA00A]  5d              pop     bp
    3532:A00B  [FA00B]  cb              retf    
clear_channel1_status:
    3532:A00C  [FA00C]  55              push    bp
    3532:A00D  [FA00D]  8bec            mov     bp, sp
    3532:A00F  [FA00F]  83ec0a          sub     sp, 0xa
    3532:A012  [FA012]  b80010          mov     ax, 0x1000
    3532:A015  [FA015]  ba0040          mov     dx, 0x4000
    3532:A018  [FA018]  8946f6          mov     word ptr [bp - 0xa], ax
    3532:A01B  [FA01B]  8956f8          mov     word ptr [bp - 8], dx
    3532:A01E  [FA01E]  8bf8            mov     di, ax
    3532:A020  [FA020]  8ec2            mov     es, dx
    3532:A022  [FA022]  26c60500        mov     byte ptr es:[di], 0
    3532:A026  [FA026]  8be5            mov     sp, bp
    3532:A028  [FA028]  5d              pop     bp
    3532:A029  [FA029]  cb              retf    

SUB_FB8E8:
    3532:B8E8  [FB8E8]  55              push    bp
    3532:B8E9  [FB8E9]  8bec            mov     bp, sp
    3532:B8EB  [FB8EB]  83ec0c          sub     sp, 0xc
    3532:B8EE  [FB8EE]  c746f68c01      mov     word ptr [bp - 0xa], 0x18c
    3532:B8F3  [FB8F3]  8c5ef8          mov     word ptr [bp - 8], ds
    3532:B8F6  [FB8F6]  837e0600        cmp     word ptr [bp + 6], 0
    3532:B8FA  [FB8FA]  7569            jne     L_FB965  ; 0x3d5
    3532:B8FC  [FB8FC]  a08c01          mov     al, byte ptr [0x18c]
    3532:B8FF  [FB8FF]  2410            and     al, 0x10
    3532:B901  [FB901]  3c00            cmp     al, 0
    3532:B903  [FB903]  7408            je      L_FB90D  ; 0x37d
    3532:B905  [FB905]  c746f40100      mov     word ptr [bp - 0xc], 1
    3532:B90A  [FB90A]  e91b00          jmp     L_FB928  ; 0x398
L_FB90D:
    3532:B90D  [FB90D]  c47ef6          les     di, ptr [bp - 0xa]
    3532:B910  [FB910]  268a15          mov     dl, byte ptr es:[di]
    3532:B913  [FB913]  80e220          and     dl, 0x20
    3532:B916  [FB916]  80fa00          cmp     dl, 0
    3532:B919  [FB919]  7408            je      L_FB923  ; 0x393
    3532:B91B  [FB91B]  c746f40000      mov     word ptr [bp - 0xc], 0
    3532:B920  [FB920]  e90500          jmp     L_FB928  ; 0x398
L_FB923:
    3532:B923  [FB923]  c746f40200      mov     word ptr [bp - 0xc], 2
L_FB928:
    3532:B928  [FB928]  ff76f4          push    word ptr [bp - 0xc]
    3532:B92B  [FB92B]  bf0020          mov     di, 0x2000
    3532:B92E  [FB92E]  57              push    di
    3532:B92F  [FB92F]  c43e801c        les     di, ptr [0x1c80]
    3532:B933  [FB933]  06              push    es
    3532:B934  [FB934]  57              push    di
    3532:B935  [FB935]  9a0600d8fb      lcall   SUB_FBD86  ; 0xfbd8, 6
    3532:B93A  [FB93A]  83c404          add     sp, 4
    3532:B93D  [FB93D]  ff76f4          push    word ptr [bp - 0xc]
    3532:B940  [FB940]  bf0008          mov     di, 0x800
    3532:B943  [FB943]  57              push    di
    3532:B944  [FB944]  c43e801c        les     di, ptr [0x1c80]
    3532:B948  [FB948]  8cc2            mov     dx, es
    3532:B94A  [FB94A]  c41e941c        les     bx, ptr [0x1c94]
    3532:B94E  [FB94E]  268b4740        mov     ax, word ptr es:[bx + 0x40]
    3532:B952  [FB952]  8ec2            mov     es, dx
    3532:B954  [FB954]  8bd7            mov     dx, di
    3532:B956  [FB956]  03d0            add     dx, ax
    3532:B958  [FB958]  06              push    es
    3532:B959  [FB959]  52              push    dx
    3532:B95A  [FB95A]  9a0600d8fb      lcall   SUB_FBD86  ; 0xfbd8, 6
    3532:B95F  [FB95F]  83c404          add     sp, 4
    3532:B962  [FB962]  e90900          jmp     L_FB96E  ; 0x3de
L_FB965:
    3532:B965  [FB965]  e90000          jmp     L_FB968  ; 0x3d8
L_FB968:
    3532:B968  [FB968]  810e22000010    or      word ptr [0x22], 0x1000
L_FB96E:
    3532:B96E  [FB96E]  8be5            mov     sp, bp
    3532:B970  [FB970]  5d              pop     bp
    3532:B971  [FB971]  ca0200          retf    2

SUB_FBBE9:
    3532:BBE9  [FBBE9]  55              push    bp
    3532:BBEA  [FBBEA]  8bec            mov     bp, sp
    3532:BBEC  [FBBEC]  1e              push    ds
    3532:BBED  [FBBED]  51              push    cx
    3532:BBEE  [FBBEE]  9c              pushf   
    3532:BBEF  [FBBEF]  fc              cld     
    3532:BBF0  [FBBF0]  c47e06          les     di, ptr [bp + 6]
    3532:BBF3  [FBBF3]  8b4e0a          mov     cx, word ptr [bp + 0xa]
    3532:BBF6  [FBBF6]  d1e9            shr     cx, 1
    3532:BBF8  [FBBF8]  8a460c          mov     al, byte ptr [bp + 0xc]
    3532:BBFB  [FBBFB]  8a660e          mov     ah, byte ptr [bp + 0xe]
    3532:BBFE  [FBBFE]  f3ab            rep stosw word ptr es:[di], ax
    3532:BC00  [FBC00]  9d              popf    
    3532:BC01  [FBC01]  59              pop     cx
    3532:BC02  [FBC02]  1f              pop     ds
    3532:BC03  [FBC03]  8be5            mov     sp, bp
    3532:BC05  [FBC05]  5d              pop     bp
    3532:BC06  [FBC06]  ca0400          retf    4
memcpy_far:
    3532:BC09  [FBC09]  55              push    bp
    3532:BC0A  [FBC0A]  8bec            mov     bp, sp
    3532:BC0C  [FBC0C]  1e              push    ds
    3532:BC0D  [FBC0D]  51              push    cx
    3532:BC0E  [FBC0E]  9c              pushf   
    3532:BC0F  [FBC0F]  fc              cld     
    3532:BC10  [FBC10]  c57606          lds     si, ptr [bp + 6]
    3532:BC13  [FBC13]  c47e0a          les     di, ptr [bp + 0xa]
    3532:BC16  [FBC16]  8b4e0e          mov     cx, word ptr [bp + 0xe]
    3532:BC19  [FBC19]  d1e9            shr     cx, 1
    3532:BC1B  [FBC1B]  f3a5            rep movsw word ptr es:[di], word ptr [si]
    3532:BC1D  [FBC1D]  8b4e0e          mov     cx, word ptr [bp + 0xe]
    3532:BC20  [FBC20]  81e10100        and     cx, 1
    3532:BC24  [FBC24]  f3a4            rep movsb byte ptr es:[di], byte ptr [si]
    3532:BC26  [FBC26]  9d              popf    
    3532:BC27  [FBC27]  59              pop     cx
    3532:BC28  [FBC28]  1f              pop     ds
    3532:BC29  [FBC29]  8be5            mov     sp, bp
    3532:BC2B  [FBC2B]  5d              pop     bp
    3532:BC2C  [FBC2C]  ca0400          retf    4
array_index_16:
    3532:BC2F  [FBC2F]  55              push    bp
    3532:BC30  [FBC30]  8bec            mov     bp, sp
    3532:BC32  [FBC32]  83ec06          sub     sp, 6
    3532:BC35  [FBC35]  8b7e06          mov     di, word ptr [bp + 6]
    3532:BC38  [FBC38]  8b5608          mov     dx, word ptr [bp + 8]
    3532:BC3B  [FBC3B]  d1e2            shl     dx, 1
    3532:BC3D  [FBC3D]  d1e2            shl     dx, 1
    3532:BC3F  [FBC3F]  d1e2            shl     dx, 1
    3532:BC41  [FBC41]  d1e2            shl     dx, 1
    3532:BC43  [FBC43]  03fa            add     di, dx
    3532:BC45  [FBC45]  8bc7            mov     ax, di
    3532:BC47  [FBC47]  8be5            mov     sp, bp
    3532:BC49  [FBC49]  5d              pop     bp
    3532:BC4A  [FBC4A]  ca0400          retf    4
copy_word_far:
    3532:BC4D  [FBC4D]  55              push    bp
    3532:BC4E  [FBC4E]  8bec            mov     bp, sp
    3532:BC50  [FBC50]  83ec06          sub     sp, 6
    3532:BC53  [FBC53]  c47e0a          les     di, ptr [bp + 0xa]
    3532:BC56  [FBC56]  8cc2            mov     dx, es
    3532:BC58  [FBC58]  c45e06          les     bx, ptr [bp + 6]
    3532:BC5B  [FBC5B]  268b07          mov     ax, word ptr es:[bx]
    3532:BC5E  [FBC5E]  8ec2            mov     es, dx
    3532:BC60  [FBC60]  268905          mov     word ptr es:[di], ax
    3532:BC63  [FBC63]  8be5            mov     sp, bp
    3532:BC65  [FBC65]  5d              pop     bp
    3532:BC66  [FBC66]  ca0400          retf    4
pack_low5_bits:
    3532:BC69  [FBC69]  55              push    bp
    3532:BC6A  [FBC6A]  8bec            mov     bp, sp
    3532:BC6C  [FBC6C]  83ec06          sub     sp, 6
    3532:BC6F  [FBC6F]  c47e06          les     di, ptr [bp + 6]
    3532:BC72  [FBC72]  268a15          mov     dl, byte ptr es:[di]
    3532:BC75  [FBC75]  80e2e0          and     dl, 0xe0
    3532:BC78  [FBC78]  0a560a          or      dl, byte ptr [bp + 0xa]
    3532:BC7B  [FBC7B]  268815          mov     byte ptr es:[di], dl
    3532:BC7E  [FBC7E]  8be5            mov     sp, bp
    3532:BC80  [FBC80]  5d              pop     bp
    3532:BC81  [FBC81]  ca0400          retf    4
set_position_record_3532:
    3532:BC84  [FBC84]  55              push    bp
    3532:BC85  [FBC85]  8bec            mov     bp, sp
    3532:BC87  [FBC87]  83ec06          sub     sp, 6
    3532:BC8A  [FBC8A]  8b7e0a          mov     di, word ptr [bp + 0xa]
    3532:BC8D  [FBC8D]  d1ff            sar     di, 1
    3532:BC8F  [FBC8F]  d1ff            sar     di, 1
    3532:BC91  [FBC91]  d1ff            sar     di, 1
    3532:BC93  [FBC93]  c45e06          les     bx, ptr [bp + 6]
    3532:BC96  [FBC96]  ff4e06          dec     word ptr [bp + 6]
    3532:BC99  [FBC99]  8bd7            mov     dx, di
    3532:BC9B  [FBC9B]  268817          mov     byte ptr es:[bx], dl
    3532:BC9E  [FBC9E]  c47e06          les     di, ptr [bp + 6]
    3532:BCA1  [FBCA1]  2680251f        and     byte ptr es:[di], 0x1f
    3532:BCA5  [FBCA5]  8b560a          mov     dx, word ptr [bp + 0xa]
    3532:BCA8  [FBCA8]  81e20700        and     dx, 7
    3532:BCAC  [FBCAC]  d1e2            shl     dx, 1
    3532:BCAE  [FBCAE]  d1e2            shl     dx, 1
    3532:BCB0  [FBCB0]  d1e2            shl     dx, 1
    3532:BCB2  [FBCB2]  d1e2            shl     dx, 1
    3532:BCB4  [FBCB4]  d1e2            shl     dx, 1
    3532:BCB6  [FBCB6]  c45e06          les     bx, ptr [bp + 6]
    3532:BCB9  [FBCB9]  260817          or      byte ptr es:[bx], dl
    3532:BCBC  [FBCBC]  8be5            mov     sp, bp
    3532:BCBE  [FBCBE]  5d              pop     bp
    3532:BCBF  [FBCBF]  ca0400          retf    4

SUB_FBCCF:
    3532:BCCF  [FBCCF]  55              push    bp
    3532:BCD0  [FBCD0]  8bec            mov     bp, sp
    3532:BCD2  [FBCD2]  83ec06          sub     sp, 6
    3532:BCD5  [FBCD5]  c606300009      mov     byte ptr [0x30], 9
    3532:BCDA  [FBCDA]  c60631000a      mov     byte ptr [0x31], 0xa
    3532:BCDF  [FBCDF]  c606330014      mov     byte ptr [0x33], 0x14
    3532:BCE4  [FBCE4]  c606320010      mov     byte ptr [0x32], 0x10
    3532:BCE9  [FBCE9]  c60634000a      mov     byte ptr [0x34], 0xa
    3532:BCEE  [FBCEE]  8be5            mov     sp, bp
    3532:BCF0  [FBCF0]  5d              pop     bp
    3532:BCF1  [FBCF1]  cb              retf    

SUB_FBCF3:
    3532:BCF3  [FBCF3]  55              push    bp
    3532:BCF4  [FBCF4]  8bec            mov     bp, sp
    3532:BCF6  [FBCF6]  83ec06          sub     sp, 6
    3532:BCF9  [FBCF9]  c43e801c        les     di, ptr [0x1c80]
    3532:BCFD  [FBCFD]  06              push    es
    3532:BCFE  [FBCFE]  57              push    di
    3532:BCFF  [FBCFF]  9aaf02a8e6      lcall   seg_off_to_linear  ; 0xe6a8, 0x2af
    3532:BD04  [FBD04]  50              push    ax
    3532:BD05  [FBD05]  c43e841c        les     di, ptr [0x1c84]
    3532:BD09  [FBD09]  06              push    es
    3532:BD0A  [FBD0A]  57              push    di
    3532:BD0B  [FBD0B]  9aaf02a8e6      lcall   seg_off_to_linear  ; 0xe6a8, 0x2af
    3532:BD10  [FBD10]  5f              pop     di
    3532:BD11  [FBD11]  2bc7            sub     ax, di
    3532:BD13  [FBD13]  a3021c          mov     word ptr [0x1c02], ax
    3532:BD16  [FBD16]  c43e801c        les     di, ptr [0x1c80]
    3532:BD1A  [FBD1A]  8bd7            mov     dx, di
    3532:BD1C  [FBD1C]  0316021c        add     dx, word ptr [0x1c02]
    3532:BD20  [FBD20]  89163600        mov     word ptr [0x36], dx
    3532:BD24  [FBD24]  8c063800        mov     word ptr [0x38], es
    3532:BD28  [FBD28]  9a0f00ccfb      lcall   SUB_FBCCF  ; 0xfbcc, 0xf
    3532:BD2D  [FBD2D]  810e22000020    or      word ptr [0x22], 0x2000
    3532:BD33  [FBD33]  9a0c0011f9      lcall   SUB_F911C  ; 0xf911, 0xc
    3532:BD38  [FBD38]  8be5            mov     sp, bp
    3532:BD3A  [FBD3A]  5d              pop     bp
    3532:BD3B  [FBD3B]  cb              retf    

SUB_FBD86:
    3532:BD86  [FBD86]  55              push    bp
    3532:BD87  [FBD87]  8bec            mov     bp, sp
    3532:BD89  [FBD89]  1e              push    ds
    3532:BD8A  [FBD8A]  50              push    ax
    3532:BD8B  [FBD8B]  53              push    bx
    3532:BD8C  [FBD8C]  51              push    cx
    3532:BD8D  [FBD8D]  52              push    dx
    3532:BD8E  [FBD8E]  8b5e06          mov     bx, word ptr [bp + 6]
    3532:BD91  [FBD91]  8e5e08          mov     ds, word ptr [bp + 8]
    3532:BD94  [FBD94]  8cd8            mov     ax, ds
    3532:BD96  [FBD96]  050008          add     ax, 0x800
    3532:BD99  [FBD99]  8ec0            mov     es, ax
    3532:BD9B  [FBD9B]  8b760a          mov     si, word ptr [bp + 0xa]
    3532:BD9E  [FBD9E]  807e0c00        cmp     byte ptr [bp + 0xc], 0
    3532:BDA2  [FBDA2]  7520            jne     L_FBDC4  ; 0x44
L_FBDA4:
    3532:BDA4  [FBDA4]  83ee01          sub     si, 1
    3532:BDA7  [FBDA7]  7218            jb      L_FBDC1  ; 0x41
    3532:BDA9  [FBDA9]  8a10            mov     dl, byte ptr [bx + si]
    3532:BDAB  [FBDAB]  80fa00          cmp     dl, 0
    3532:BDAE  [FBDAE]  7405            je      L_FBDB5  ; 0x35
    3532:BDB0  [FBDB0]  80faff          cmp     dl, 0xff
    3532:BDB3  [FBDB3]  75ef            jne     L_FBDA4  ; 0x24
L_FBDB5:
    3532:BDB5  [FBDB5]  26f60001        test    byte ptr es:[bx + si], 1
    3532:BDB9  [FBDB9]  74e9            je      L_FBDA4  ; 0x24
    3532:BDBB  [FBDBB]  268020fc        and     byte ptr es:[bx + si], 0xfc
    3532:BDBF  [FBDBF]  ebe3            jmp     L_FBDA4  ; 0x24
L_FBDC1:
    3532:BDC1  [FBDC1]  e99500          jmp     L_FBE59  ; 0xd9
L_FBDC4:
    3532:BDC4  [FBDC4]  807e0c01        cmp     byte ptr [bp + 0xc], 1
    3532:BDC8  [FBDC8]  7525            jne     L_FBDEF  ; 0x6f
    3532:BDCA  [FBDCA]  81e3feff        and     bx, 0xfffe
L_FBDCE:
    3532:BDCE  [FBDCE]  83ee02          sub     si, 2
    3532:BDD1  [FBDD1]  721a            jb      L_FBDED  ; 0x6d
    3532:BDD3  [FBDD3]  80780100        cmp     byte ptr [bx + si + 1], 0
    3532:BDD7  [FBDD7]  7406            je      L_FBDDF  ; 0x5f
    3532:BDD9  [FBDD9]  807801ff        cmp     byte ptr [bx + si + 1], 0xff
    3532:BDDD  [FBDDD]  75ef            jne     L_FBDCE  ; 0x4e
L_FBDDF:
    3532:BDDF  [FBDDF]  26f6400101      test    byte ptr es:[bx + si + 1], 1
    3532:BDE4  [FBDE4]  74e8            je      L_FBDCE  ; 0x4e
    3532:BDE6  [FBDE6]  26806001fc      and     byte ptr es:[bx + si + 1], 0xfc
    3532:BDEB  [FBDEB]  ebe1            jmp     L_FBDCE  ; 0x4e
L_FBDED:
    3532:BDED  [FBDED]  756a            jne     L_FBE59  ; 0xd9
L_FBDEF:
    3532:BDEF  [FBDEF]  83ee02          sub     si, 2
    3532:BDF2  [FBDF2]  81e3feff        and     bx, 0xfffe
L_FBDF6:
    3532:BDF6  [FBDF6]  83ee02          sub     si, 2
    3532:BDF9  [FBDF9]  723c            jb      L_FBE37  ; 0xb7
    3532:BDFB  [FBDFB]  803800          cmp     byte ptr [bx + si], 0
    3532:BDFE  [FBDFE]  7506            jne     L_FBE06  ; 0x86
    3532:BE00  [FBE00]  80780200        cmp     byte ptr [bx + si + 2], 0
    3532:BE04  [FBE04]  7423            je      L_FBE29  ; 0xa9
L_FBE06:
    3532:BE06  [FBE06]  8038ff          cmp     byte ptr [bx + si], 0xff
    3532:BE09  [FBE09]  7506            jne     L_FBE11  ; 0x91
    3532:BE0B  [FBE0B]  807802ff        cmp     byte ptr [bx + si + 2], 0xff
    3532:BE0F  [FBE0F]  7418            je      L_FBE29  ; 0xa9
L_FBE11:
    3532:BE11  [FBE11]  80780100        cmp     byte ptr [bx + si + 1], 0
    3532:BE15  [FBE15]  7506            jne     L_FBE1D  ; 0x9d
    3532:BE17  [FBE17]  80780300        cmp     byte ptr [bx + si + 3], 0
    3532:BE1B  [FBE1B]  740c            je      L_FBE29  ; 0xa9
L_FBE1D:
    3532:BE1D  [FBE1D]  807801ff        cmp     byte ptr [bx + si + 1], 0xff
    3532:BE21  [FBE21]  75d3            jne     L_FBDF6  ; 0x76
    3532:BE23  [FBE23]  807803ff        cmp     byte ptr [bx + si + 3], 0xff
    3532:BE27  [FBE27]  75cd            jne     L_FBDF6  ; 0x76
L_FBE29:
    3532:BE29  [FBE29]  26f6400301      test    byte ptr es:[bx + si + 3], 1
    3532:BE2E  [FBE2E]  74c6            je      L_FBDF6  ; 0x76
    3532:BE30  [FBE30]  26806003fc      and     byte ptr es:[bx + si + 3], 0xfc
    3532:BE35  [FBE35]  ebbf            jmp     L_FBDF6  ; 0x76
L_FBE37:
    3532:BE37  [FBE37]  803f00          cmp     byte ptr [bx], 0
    3532:BE3A  [FBE3A]  7411            je      L_FBE4D  ; 0xcd
    3532:BE3C  [FBE3C]  803fff          cmp     byte ptr [bx], 0xff
    3532:BE3F  [FBE3F]  740c            je      L_FBE4D  ; 0xcd
    3532:BE41  [FBE41]  807f0100        cmp     byte ptr [bx + 1], 0
    3532:BE45  [FBE45]  7406            je      L_FBE4D  ; 0xcd
    3532:BE47  [FBE47]  807f01ff        cmp     byte ptr [bx + 1], 0xff
    3532:BE4B  [FBE4B]  750c            jne     L_FBE59  ; 0xd9
L_FBE4D:
    3532:BE4D  [FBE4D]  26f6470101      test    byte ptr es:[bx + 1], 1
    3532:BE52  [FBE52]  7405            je      L_FBE59  ; 0xd9
    3532:BE54  [FBE54]  26806701fc      and     byte ptr es:[bx + 1], 0xfc
L_FBE59:
    3532:BE59  [FBE59]  5a              pop     dx
    3532:BE5A  [FBE5A]  59              pop     cx
    3532:BE5B  [FBE5B]  5b              pop     bx
    3532:BE5C  [FBE5C]  58              pop     ax
    3532:BE5D  [FBE5D]  1f              pop     ds
    3532:BE5E  [FBE5E]  8be5            mov     sp, bp
    3532:BE60  [FBE60]  5d              pop     bp
    3532:BE61  [FBE61]  ca0400          retf    4

ack_comm_hw_status_bits:
    3532:C624  [FC624]  55              push    bp
    3532:C625  [FC625]  8bec            mov     bp, sp
    3532:C627  [FC627]  b80040          mov     ax, 0x4000
    3532:C62A  [FC62A]  8ec0            mov     es, ax
    3532:C62C  [FC62C]  bf7e37          mov     di, 0x377e
    3532:C62F  [FC62F]  268b1d          mov     bx, word ptr es:[di]
    3532:C632  [FC632]  8b7e0a          mov     di, word ptr [bp + 0xa]
    3532:C635  [FC635]  891d            mov     word ptr [di], bx
    3532:C637  [FC637]  bede07          mov     si, 0x7de
    3532:C63A  [FC63A]  8b7e06          mov     di, word ptr [bp + 6]
    3532:C63D  [FC63D]  8a15            mov     dl, byte ptr [di]
    3532:C63F  [FC63F]  b80000          mov     ax, 0
    3532:C642  [FC642]  f6c280          test    dl, 0x80
    3532:C645  [FC645]  740d            je      L_FC654  ; 0x34
    3532:C647  [FC647]  f6c780          test    bh, 0x80
    3532:C64A  [FC64A]  7508            jne     L_FC654  ; 0x34
    3532:C64C  [FC64C]  80e27f          and     dl, 0x7f
    3532:C64F  [FC64F]  268814          mov     byte ptr es:[si], dl
    3532:C652  [FC652]  0c01            or      al, 1
L_FC654:
    3532:C654  [FC654]  f6c220          test    dl, 0x20
    3532:C657  [FC657]  740d            je      L_FC666  ; 0x46
    3532:C659  [FC659]  f6c720          test    bh, 0x20
    3532:C65C  [FC65C]  7408            je      L_FC666  ; 0x46
    3532:C65E  [FC65E]  80e2df          and     dl, 0xdf
    3532:C661  [FC661]  268814          mov     byte ptr es:[si], dl
    3532:C664  [FC664]  0c04            or      al, 4
L_FC666:
    3532:C666  [FC666]  f6c240          test    dl, 0x40
    3532:C669  [FC669]  740d            je      L_FC678  ; 0x58
    3532:C66B  [FC66B]  f6c740          test    bh, 0x40
    3532:C66E  [FC66E]  7408            je      L_FC678  ; 0x58
    3532:C670  [FC670]  80e2bf          and     dl, 0xbf
    3532:C673  [FC673]  268814          mov     byte ptr es:[si], dl
    3532:C676  [FC676]  0c02            or      al, 2
L_FC678:
    3532:C678  [FC678]  8815            mov     byte ptr [di], dl
    3532:C67A  [FC67A]  8be5            mov     sp, bp
    3532:C67C  [FC67C]  5d              pop     bp
    3532:C67D  [FC67D]  ca0400          retf    4

    3532:DA0B  [FDA0B]  00067509        add     byte ptr [0x975], al
    3532:DA0F  [FDA0F]  bf0100          mov     di, 1
    3532:DA12  [FDA12]  57              push    di
    3532:DA13  [FDA13]  9aa9003cff      lcall   SUB_FF469  ; 0xff3c, 0xa9
    3532:DA18  [FDA18]  a00006          mov     al, byte ptr [0x600]
    3532:DA1B  [FDA1B]  2402            and     al, 2
    3532:DA1D  [FDA1D]  3c00            cmp     al, 0
    3532:DA1F  [FDA1F]  741b            je      L_FDA3C  ; 0xc4bc
    3532:DA21  [FDA21]  80260006fd      and     byte ptr [0x600], 0xfd
    3532:DA26  [FDA26]  800e781c02      or      byte ptr [0x1c78], 2
    3532:DA2B  [FDA2B]  a1861b          mov     ax, word ptr [0x1b86]
    3532:DA2E  [FDA2E]  a31e1c          mov     word ptr [0x1c1e], ax
    3532:DA31  [FDA31]  a1861b          mov     ax, word ptr [0x1b86]
    3532:DA34  [FDA34]  a3201c          mov     word ptr [0x1c20], ax
    3532:DA37  [FDA37]  800e6c0301      or      byte ptr [0x36c], 1
L_FDA3C:
    3532:DA3C  [FDA3C]  8be5            mov     sp, bp
    3532:DA3E  [FDA3E]  5d              pop     bp
    3532:DA3F  [FDA3F]  cb              retf    

clear_measurement_mode_bit:
    3532:DB3E  [FDB3E]  55              push    bp
    3532:DB3F  [FDB3F]  8bec            mov     bp, sp
    3532:DB41  [FDB41]  83ec06          sub     sp, 6
    3532:DB44  [FDB44]  a05802          mov     al, byte ptr [0x258]
    3532:DB47  [FDB47]  24ef            and     al, 0xef
    3532:DB49  [FDB49]  a25802          mov     byte ptr [0x258], al
    3532:DB4C  [FDB4C]  a05802          mov     al, byte ptr [0x258]
    3532:DB4F  [FDB4F]  c43e3603        les     di, ptr [0x336]
    3532:DB53  [FDB53]  268805          mov     byte ptr es:[di], al
    3532:DB56  [FDB56]  80262100fe      and     byte ptr [0x21], 0xfe
    3532:DB5B  [FDB5B]  81262200feff    and     word ptr [0x22], 0xfffe
    3532:DB61  [FDB61]  8be5            mov     sp, bp
    3532:DB63  [FDB63]  5d              pop     bp
    3532:DB64  [FDB64]  cb              retf    
SUB_FDB65:
    3532:DB65  [FDB65]  55              push    bp
    3532:DB66  [FDB66]  8bec            mov     bp, sp
    3532:DB68  [FDB68]  83ec08          sub     sp, 8
    3532:DB6B  [FDB6B]  a05802          mov     al, byte ptr [0x258]
    3532:DB6E  [FDB6E]  24ef            and     al, 0xef
    3532:DB70  [FDB70]  0c02            or      al, 2
    3532:DB72  [FDB72]  a25802          mov     byte ptr [0x258], al
    3532:DB75  [FDB75]  a05802          mov     al, byte ptr [0x258]
    3532:DB78  [FDB78]  c43e3603        les     di, ptr [0x336]
    3532:DB7C  [FDB7C]  268805          mov     byte ptr es:[di], al
    3532:DB7F  [FDB7F]  c41e1e03        les     bx, ptr [0x31e]
    3532:DB83  [FDB83]  268a970010      mov     dl, byte ptr es:[bx + 0x1000]
    3532:DB88  [FDB88]  8856f9          mov     byte ptr [bp - 7], dl
    3532:DB8B  [FDB8B]  8be5            mov     sp, bp
    3532:DB8D  [FDB8D]  5d              pop     bp
    3532:DB8E  [FDB8E]  cb              retf    
SUB_FDB8F:
    3532:DB8F  [FDB8F]  55              push    bp
    3532:DB90  [FDB90]  8bec            mov     bp, sp
    3532:DB92  [FDB92]  83ec08          sub     sp, 8
    3532:DB95  [FDB95]  a05802          mov     al, byte ptr [0x258]
    3532:DB98  [FDB98]  2410            and     al, 0x10
    3532:DB9A  [FDB9A]  3c00            cmp     al, 0
    3532:DB9C  [FDB9C]  7477            je      L_FDC15  ; 0xe5
    3532:DB9E  [FDB9E]  bf5602          mov     di, 0x256
    3532:DBA1  [FDBA1]  83c70c          add     di, 0xc
    3532:DBA4  [FDBA4]  1e              push    ds
    3532:DBA5  [FDBA5]  57              push    di
    3532:DBA6  [FDBA6]  ba5602          mov     dx, 0x256
    3532:DBA9  [FDBA9]  83c202          add     dx, 2
    3532:DBAC  [FDBAC]  1e              push    ds
    3532:DBAD  [FDBAD]  52              push    dx
    3532:DBAE  [FDBAE]  9a040062fc      lcall   ack_comm_hw_status_bits  ; 0xfc62, 4
    3532:DBB3  [FDBB3]  83c404          add     sp, 4
    3532:DBB6  [FDBB6]  8946f8          mov     word ptr [bp - 8], ax
    3532:DBB9  [FDBB9]  3d0000          cmp     ax, 0
    3532:DBBC  [FDBBC]  7431            je      L_FDBEF  ; 0xbf
    3532:DBBE  [FDBBE]  e91b00          jmp     L_FDBDC  ; 0xac
L_FDBC1:
    3532:DBC1  [FDBC1]  bf5602          mov     di, 0x256
    3532:DBC4  [FDBC4]  83c70c          add     di, 0xc
    3532:DBC7  [FDBC7]  1e              push    ds
    3532:DBC8  [FDBC8]  57              push    di
    3532:DBC9  [FDBC9]  ba5602          mov     dx, 0x256
    3532:DBCC  [FDBCC]  83c202          add     dx, 2
    3532:DBCF  [FDBCF]  1e              push    ds
    3532:DBD0  [FDBD0]  52              push    dx
    3532:DBD1  [FDBD1]  9a040062fc      lcall   ack_comm_hw_status_bits  ; 0xfc62, 4
    3532:DBD6  [FDBD6]  83c404          add     sp, 4
    3532:DBD9  [FDBD9]  0946f8          or      word ptr [bp - 8], ax
L_FDBDC:
    3532:DBDC  [FDBDC]  b87e37          mov     ax, 0x377e
    3532:DBDF  [FDBDF]  ba0040          mov     dx, 0x4000
    3532:DBE2  [FDBE2]  8bf8            mov     di, ax
    3532:DBE4  [FDBE4]  8ec2            mov     es, dx
    3532:DBE6  [FDBE6]  268b1d          mov     bx, word ptr es:[di]
    3532:DBE9  [FDBE9]  391e6202        cmp     word ptr [0x262], bx
    3532:DBED  [FDBED]  75d2            jne     L_FDBC1  ; 0x91
L_FDBEF:
    3532:DBEF  [FDBEF]  8b7ef8          mov     di, word ptr [bp - 8]
    3532:DBF2  [FDBF2]  81e70400        and     di, 4
    3532:DBF6  [FDBF6]  83ff00          cmp     di, 0
    3532:DBF9  [FDBF9]  7406            je      L_FDC01  ; 0xd1
    3532:DBFB  [FDBFB]  a16202          mov     ax, word ptr [0x262]
    3532:DBFE  [FDBFE]  a36602          mov     word ptr [0x266], ax
L_FDC01:
    3532:DC01  [FDC01]  8b7ef8          mov     di, word ptr [bp - 8]
    3532:DC04  [FDC04]  893e1a00        mov     word ptr [0x1a], di
    3532:DC08  [FDC08]  a0761b          mov     al, byte ptr [0x1b76]
    3532:DC0B  [FDC0B]  2404            and     al, 4
    3532:DC0D  [FDC0D]  3c00            cmp     al, 0
    3532:DC0F  [FDC0F]  740a            je      L_FDC1B  ; 0xeb
    3532:DC11  [FDC11]  2bc0            sub     ax, ax
    3532:DC13  [FDC13]  eb03            jmp     L_FDC18  ; 0xe8
L_FDC15:
    3532:DC15  [FDC15]  e90900          jmp     L_FDC21  ; 0xf1
L_FDC18:
    3532:DC18  [FDC18]  e90800          jmp     L_FDC23  ; 0xf3
L_FDC1B:
    3532:DC1B  [FDC1B]  8b46f8          mov     ax, word ptr [bp - 8]
    3532:DC1E  [FDC1E]  e90200          jmp     L_FDC23  ; 0xf3
L_FDC21:
    3532:DC21  [FDC21]  2bc0            sub     ax, ax
L_FDC23:
    3532:DC23  [FDC23]  8be5            mov     sp, bp
    3532:DC25  [FDC25]  5d              pop     bp
    3532:DC26  [FDC26]  cb              retf    

sync_status_byte_to_hw:
    3532:DC73  [FDC73]  55              push    bp
    3532:DC74  [FDC74]  8bec            mov     bp, sp
    3532:DC76  [FDC76]  83ec06          sub     sp, 6
    3532:DC79  [FDC79]  a05802          mov     al, byte ptr [0x258]
    3532:DC7C  [FDC7C]  c43e3603        les     di, ptr [0x336]
    3532:DC80  [FDC80]  268805          mov     byte ptr es:[di], al
    3532:DC83  [FDC83]  8be5            mov     sp, bp
    3532:DC85  [FDC85]  5d              pop     bp
    3532:DC86  [FDC86]  cb              retf    

SUB_FF469:
    3532:F469  [FF469]  55              push    bp
    3532:F46A  [FF46A]  8bec            mov     bp, sp
    3532:F46C  [FF46C]  83ec0a          sub     sp, 0xa
    3532:F46F  [FF46F]  837e0600        cmp     word ptr [bp + 6], 0
    3532:F473  [FF473]  7507            jne     L_FF47C  ; 0xbc
    3532:F475  [FF475]  c646f9fe        mov     byte ptr [bp - 7], 0xfe
    3532:F479  [FF479]  e90400          jmp     L_FF480  ; 0xc0
L_FF47C:
    3532:F47C  [FF47C]  c646f9fd        mov     byte ptr [bp - 7], 0xfd
L_FF480:
    3532:F480  [FF480]  c746f60000      mov     word ptr [bp - 0xa], 0
    3532:F485  [FF485]  e90d00          jmp     L_FF495  ; 0xd5
L_FF488:
    3532:F488  [FF488]  8a56f9          mov     dl, byte ptr [bp - 7]
    3532:F48B  [FF48B]  8b7ef6          mov     di, word ptr [bp - 0xa]
    3532:F48E  [FF48E]  20956802        and     byte ptr [di + 0x268], dl
    3532:F492  [FF492]  ff46f6          inc     word ptr [bp - 0xa]
L_FF495:
    3532:F495  [FF495]  817ef6a400      cmp     word ptr [bp - 0xa], 0xa4
    3532:F49A  [FF49A]  7eec            jle     L_FF488  ; 0xc8
    3532:F49C  [FF49C]  8be5            mov     sp, bp
    3532:F49E  [FF49E]  5d              pop     bp
    3532:F49F  [FF49F]  ca0200          retf    2

RESET:
    3532:FFF0  [FFFF0]  ea01000be0      ljmp    boot_init  ; 0xe00b:1
